VISITOR_ID,FIRST_REVENUE_SESSION_TIMESTAMP,SESSION_COUNT_TO_REVENUE_SESSION,SESSION_COUNT_GROUP
4795764855587336001,2016-12-15 00:56:52.000,2,MULTI_SESSION
2637714150350706913,2017-07-19 05:21:18.000,1,SINGLE_SESSION
8000036903991844307,2016-11-22 21:57:28.000,1,SINGLE_SESSION
5914563242509482274,2017-04-12 18:57:14.000,1,SINGLE_SESSION
6078308498520521159,2017-03-15 05:36:18.000,1,SINGLE_SESSION
7054841030151887299,2016-08-29 02:27:58.000,2,MULTI_SESSION
4244168838002740731,2016-10-18 20:17:37.000,1,SINGLE_SESSION
9089132392240687728,2016-10-13 01:06:58.000,1,SINGLE_SESSION
2702626484466818969,2017-01-06 15:01:42.000,1,SINGLE_SESSION
1644471510299169992,2017-01-13 01:57:29.000,1,SINGLE_SESSION
5563123334052007578,2016-12-07 14:47:15.000,1,SINGLE_SESSION
0024932550342595467,2017-07-22 17:26:29.000,2,MULTI_SESSION
6817220325980493863,2016-08-19 17:22:08.000,1,SINGLE_SESSION
0840608732692239910,2017-01-13 15:20:17.000,2,MULTI_SESSION
3671059772883764833,2017-02-28 00:45:08.000,1,SINGLE_SESSION
5840491569007518848,2017-05-24 13:34:40.000,1,SINGLE_SESSION
9138559110728352408,2016-12-19 01:53:39.000,1,SINGLE_SESSION
3635499460732949691,2017-06-29 18:17:06.000,1,SINGLE_SESSION
0881711197149312621,2016-12-18 01:24:21.000,2,MULTI_SESSION
7838650270550176403,2016-12-31 01:44:56.000,2,MULTI_SESSION
9130367396705369382,2017-05-11 22:54:31.000,1,SINGLE_SESSION
5025697082538917996,2016-12-13 17:58:38.000,1,SINGLE_SESSION
1862546724568841127,2017-05-01 19:52:45.000,1,SINGLE_SESSION
9310312423239347353,2017-03-04 17:05:15.000,1,SINGLE_SESSION
1081973235804015948,2016-10-12 19:10:23.000,1,SINGLE_SESSION
3573113591289892546,2017-02-18 20:10:40.000,1,SINGLE_SESSION
8927403881471391262,2017-06-06 21:22:43.000,1,SINGLE_SESSION
8652257213131315139,2017-05-13 15:12:09.000,1,SINGLE_SESSION
2176646646506183832,2017-03-05 04:20:14.000,1,SINGLE_SESSION
067586620214837441,2017-03-02 19:39:46.000,1,SINGLE_SESSION
9776803566040829876,2016-09-28 13:25:37.000,1,SINGLE_SESSION
9583857723785815226,2016-10-10 02:54:07.000,1,SINGLE_SESSION
3638533281784175478,2016-11-11 05:17:24.000,1,SINGLE_SESSION
8811442991664814256,2016-10-11 20:37:08.000,1,SINGLE_SESSION
0157592049434831040,2017-05-26 15:17:55.000,1,SINGLE_SESSION
9584769989000380816,2017-04-09 02:11:04.000,1,SINGLE_SESSION
3780112882694926970,2016-08-23 03:42:11.000,1,SINGLE_SESSION
15618322761092379,2017-07-31 02:26:43.000,1,SINGLE_SESSION
2914078983041273853,2016-08-07 15:19:39.000,1,SINGLE_SESSION
7517997316226476864,2016-12-06 05:21:25.000,2,MULTI_SESSION
4649260019813877434,2017-03-18 20:56:29.000,1,SINGLE_SESSION
8771657580630576008,2016-12-17 03:09:53.000,1,SINGLE_SESSION
5711731489189820466,2017-06-27 02:15:44.000,1,SINGLE_SESSION
1349807768089700904,2016-08-08 23:41:08.000,1,SINGLE_SESSION
9679444214215496163,2017-02-17 22:06:29.000,1,SINGLE_SESSION
303295591639486135,2016-08-16 18:31:33.000,1,SINGLE_SESSION
6861503307168230520,2016-11-11 23:20:12.000,1,SINGLE_SESSION
9841406679261096518,2017-04-27 00:35:36.000,1,SINGLE_SESSION
0150031486512354806,2016-10-07 15:23:18.000,1,SINGLE_SESSION
2087880022078046202,2017-01-25 21:20:13.000,1,SINGLE_SESSION
3925916036744376109,2016-08-08 18:02:20.000,1,SINGLE_SESSION
5293894557415373112,2017-05-14 15:49:53.000,1,SINGLE_SESSION
7044912465703715804,2016-08-05 18:36:57.000,1,SINGLE_SESSION
411216216330611461,2017-06-30 23:31:47.000,1,SINGLE_SESSION
1247282406356396417,2017-07-26 17:25:14.000,1,SINGLE_SESSION
7082731874084361787,2016-09-19 22:09:30.000,1,SINGLE_SESSION
8417202623298662742,2016-12-30 01:38:42.000,1,SINGLE_SESSION
8049773876871004000,2016-08-06 04:16:15.000,1,SINGLE_SESSION
8076486872734382011,2016-10-02 17:01:37.000,1,SINGLE_SESSION
3232963301544561128,2016-09-09 01:28:48.000,1,SINGLE_SESSION
0195229052670476258,2017-04-18 20:54:29.000,1,SINGLE_SESSION
5133756446972235146,2017-03-29 23:00:05.000,1,SINGLE_SESSION
5579426587709014317,2016-12-05 18:58:33.000,1,SINGLE_SESSION
0403029217967321711,2016-08-30 23:35:11.000,1,SINGLE_SESSION
515770511624914543,2017-05-02 04:36:59.000,1,SINGLE_SESSION
4391405793651473419,2016-12-16 21:52:37.000,1,SINGLE_SESSION
9668596499730980627,2017-06-06 01:31:25.000,1,SINGLE_SESSION
8192111433963330892,2017-02-17 23:56:49.000,1,SINGLE_SESSION
9725725636158347694,2016-10-27 21:01:18.000,1,SINGLE_SESSION
5739401273525680834,2016-10-15 20:44:23.000,1,SINGLE_SESSION
6942066477559245785,2016-10-11 20:18:20.000,1,SINGLE_SESSION
28984301129433960,2016-08-16 18:16:30.000,1,SINGLE_SESSION
3551066677390608620,2017-07-13 16:29:34.000,1,SINGLE_SESSION
9363688388068627633,2016-08-09 13:52:05.000,1,SINGLE_SESSION
2938490191342735172,2017-03-02 16:49:15.000,1,SINGLE_SESSION
5384999715597179184,2016-08-23 22:27:21.000,1,SINGLE_SESSION
7238957550100913049,2016-08-19 01:35:08.000,1,SINGLE_SESSION
4527278298555506420,2017-02-20 23:08:40.000,1,SINGLE_SESSION
379584412519217754,2016-11-14 03:12:13.000,1,SINGLE_SESSION
5507236446971002525,2016-11-02 16:47:03.000,1,SINGLE_SESSION
5235512449832105588,2017-03-26 13:31:27.000,1,SINGLE_SESSION
3397475696574281386,2017-02-25 06:05:23.000,1,SINGLE_SESSION
3682908334360088382,2016-08-26 22:41:15.000,1,SINGLE_SESSION
5412295266438507399,2017-05-18 14:36:12.000,1,SINGLE_SESSION
2857205495437639716,2017-02-17 22:45:35.000,1,SINGLE_SESSION
6438773915538733905,2016-08-09 18:02:26.000,1,SINGLE_SESSION
9257707423255469457,2016-12-17 23:44:14.000,1,SINGLE_SESSION
4803266942840717797,2016-10-23 20:27:03.000,1,SINGLE_SESSION
1680034700682349362,2017-02-15 17:19:14.000,1,SINGLE_SESSION
160507326253742421,2017-02-04 18:01:26.000,1,SINGLE_SESSION
7797161228996458724,2017-07-21 23:47:05.000,1,SINGLE_SESSION
9680451704023510043,2017-07-13 11:58:10.000,1,SINGLE_SESSION
0488047684682615330,2017-02-25 02:06:51.000,1,SINGLE_SESSION
3735766969872016810,2016-09-28 18:22:08.000,1,SINGLE_SESSION
0105953259825061684,2017-02-17 22:38:11.000,1,SINGLE_SESSION
4525480404637930448,2016-12-14 17:30:24.000,1,SINGLE_SESSION
597489337358394308,2017-06-14 02:39:28.000,1,SINGLE_SESSION
1799218307967476916,2016-10-13 19:25:40.000,1,SINGLE_SESSION
3725072130314093392,2017-02-18 00:16:02.000,1,SINGLE_SESSION
0796318880123219460,2016-12-13 14:54:53.000,1,SINGLE_SESSION
9944396671447365394,2016-08-15 20:23:39.000,1,SINGLE_SESSION
5257317776210702713,2016-11-09 05:08:50.000,1,SINGLE_SESSION
5348412778794343164,2016-10-06 19:14:00.000,1,SINGLE_SESSION
8355420463503976615,2016-12-15 19:18:21.000,1,SINGLE_SESSION
2094695043796060837,2016-08-11 05:56:58.000,1,SINGLE_SESSION
6915770645189353635,2017-05-12 20:32:47.000,1,SINGLE_SESSION
6116213157558708109,2017-03-10 03:16:00.000,1,SINGLE_SESSION
9658269809829788524,2017-04-13 02:47:14.000,1,SINGLE_SESSION
6782351669941022457,2016-08-10 21:01:25.000,1,SINGLE_SESSION
1102143761289282826,2016-10-03 19:58:26.000,1,SINGLE_SESSION
7657672545443379106,2016-12-16 23:06:10.000,1,SINGLE_SESSION
6803256328892941875,2017-07-12 21:25:55.000,1,SINGLE_SESSION
3410954577195057515,2016-12-18 20:52:47.000,1,SINGLE_SESSION
6703621215961449720,2017-06-13 00:53:25.000,1,SINGLE_SESSION
6413810286769822051,2017-06-27 22:04:37.000,1,SINGLE_SESSION
7185167966299243790,2016-10-11 14:13:08.000,1,SINGLE_SESSION
5478724114712597508,2016-08-05 17:41:03.000,1,SINGLE_SESSION
0793177103535535517,2016-08-12 22:11:54.000,1,SINGLE_SESSION
7818622582367990484,2017-01-09 13:33:01.000,1,SINGLE_SESSION
3213792540886957239,2016-12-21 03:36:08.000,1,SINGLE_SESSION
2431935968474229557,2017-06-26 21:10:14.000,1,SINGLE_SESSION
4986158717302530099,2017-03-09 13:11:50.000,1,SINGLE_SESSION
4072923826675534025,2017-04-21 04:13:04.000,1,SINGLE_SESSION
7741904137426649634,2017-07-14 17:43:42.000,1,SINGLE_SESSION
4097823333127434031,2017-04-13 17:51:54.000,1,SINGLE_SESSION
344338099914658416,2017-07-20 04:43:02.000,1,SINGLE_SESSION
3685287394686697592,2016-08-12 06:23:34.000,1,SINGLE_SESSION
6898863270294328062,2016-12-03 03:15:10.000,1,SINGLE_SESSION
6715636871396897050,2016-12-17 20:07:29.000,1,SINGLE_SESSION
8983752580423023317,2017-04-22 16:43:49.000,1,SINGLE_SESSION
4051794783067941843,2016-10-22 15:19:32.000,1,SINGLE_SESSION
5205547777184804145,2017-04-07 23:31:07.000,2,MULTI_SESSION
0175697895967494517,2016-12-16 22:44:37.000,1,SINGLE_SESSION
0131875932724045086,2016-11-25 21:59:38.000,1,SINGLE_SESSION
340785498701794891,2016-08-11 17:46:27.000,1,SINGLE_SESSION
813207140579582070,2017-07-31 23:09:05.000,1,SINGLE_SESSION
4098817556176018848,2016-10-27 15:42:43.000,1,SINGLE_SESSION
7937009225076356808,2016-08-17 18:42:15.000,1,SINGLE_SESSION
2620614855835258214,2017-01-30 17:40:49.000,2,MULTI_SESSION
1973770164859106217,2017-07-05 18:39:33.000,2,MULTI_SESSION
5991914528247415327,2016-08-21 17:26:24.000,2,MULTI_SESSION
8923902094377758912,2017-07-12 01:19:22.000,1,SINGLE_SESSION
1073725472178818721,2016-08-23 19:05:34.000,2,MULTI_SESSION
6523039845529938938,2017-04-12 15:43:14.000,1,SINGLE_SESSION
7242769996237605248,2016-11-16 22:47:00.000,1,SINGLE_SESSION
283777721763173267,2017-05-09 21:02:45.000,1,SINGLE_SESSION
1729268530542917241,2016-08-22 18:53:58.000,1,SINGLE_SESSION
0685890158319889343,2017-04-28 23:59:38.000,1,SINGLE_SESSION
5159223899895327618,2017-02-23 01:50:54.000,1,SINGLE_SESSION
8537734257593507372,2016-08-29 13:10:51.000,1,SINGLE_SESSION
9970378027479686216,2017-02-26 23:33:10.000,1,SINGLE_SESSION
5292537032296989599,2016-09-23 22:25:00.000,1,SINGLE_SESSION
341351070942762610,2016-12-18 17:06:09.000,1,SINGLE_SESSION
7232030663207265797,2017-07-17 20:08:53.000,1,SINGLE_SESSION
9352955759477478024,2017-04-28 22:51:30.000,1,SINGLE_SESSION
1713847086511016991,2017-07-05 16:47:54.000,1,SINGLE_SESSION
9006674589877323297,2017-02-11 20:34:12.000,1,SINGLE_SESSION
0924691897668681538,2016-11-30 23:04:01.000,1,SINGLE_SESSION
8167811292026269962,2016-12-15 07:20:22.000,1,SINGLE_SESSION
6314971062232350467,2016-08-19 23:33:28.000,1,SINGLE_SESSION
5102519341834861025,2017-01-18 01:36:58.000,1,SINGLE_SESSION
7505999967306814340,2017-06-12 08:07:27.000,1,SINGLE_SESSION
648777904915125343,2017-01-24 23:23:59.000,1,SINGLE_SESSION
1260618609056502343,2016-10-29 00:07:04.000,1,SINGLE_SESSION
3205470611252051738,2017-04-05 22:11:59.000,2,MULTI_SESSION
5845571367223986195,2016-11-02 16:52:33.000,1,SINGLE_SESSION
0127755228974756313,2017-04-28 23:01:42.000,1,SINGLE_SESSION
5713958052491086700,2017-05-01 13:56:56.000,1,SINGLE_SESSION
9114472211309183696,2016-09-20 14:16:38.000,1,SINGLE_SESSION
3519741939483828661,2017-02-14 21:28:15.000,1,SINGLE_SESSION
8070491504211007857,2017-05-18 02:48:33.000,1,SINGLE_SESSION
7147112211830167925,2016-09-02 21:55:32.000,1,SINGLE_SESSION
2375804711007415878,2017-01-17 19:19:36.000,1,SINGLE_SESSION
1599573902620912792,2016-11-16 22:37:41.000,1,SINGLE_SESSION
6433831291444208598,2017-06-30 03:56:40.000,1,SINGLE_SESSION
2075444661051129697,2017-07-04 12:24:15.000,1,SINGLE_SESSION
9977123823906435841,2016-10-09 20:03:20.000,1,SINGLE_SESSION
651435875392157361,2016-12-02 12:41:54.000,1,SINGLE_SESSION
737231467560931346,2016-08-12 20:22:41.000,1,SINGLE_SESSION
5494046638667244775,2016-11-15 17:11:23.000,1,SINGLE_SESSION
636983386776288406,2016-11-07 21:24:52.000,1,SINGLE_SESSION
8100569458779902192,2017-05-25 16:05:21.000,1,SINGLE_SESSION
394838067178638501,2016-12-20 23:44:57.000,1,SINGLE_SESSION
6933058408282272884,2017-06-10 23:54:44.000,1,SINGLE_SESSION
3036628579786441672,2016-09-29 17:57:50.000,1,SINGLE_SESSION
7211816795921364108,2016-12-13 04:15:03.000,1,SINGLE_SESSION
9192050658112953220,2016-08-13 20:12:02.000,1,SINGLE_SESSION
8689086948227235663,2016-09-29 15:34:25.000,1,SINGLE_SESSION
1511822374866725842,2016-10-14 18:58:34.000,1,SINGLE_SESSION
2944941333058773825,2017-03-17 17:39:16.000,1,SINGLE_SESSION
2682367463648643791,2016-08-22 15:12:47.000,1,SINGLE_SESSION
5953491515740495847,2016-12-16 04:07:13.000,1,SINGLE_SESSION
5961512277421237379,2017-05-17 00:13:01.000,1,SINGLE_SESSION
8314880454483296591,2017-04-14 15:06:12.000,1,SINGLE_SESSION
1917703421889337205,2016-12-08 19:57:10.000,1,SINGLE_SESSION
0733219058385493693,2016-12-01 04:07:50.000,1,SINGLE_SESSION
3891062223801208797,2016-09-09 22:56:53.000,1,SINGLE_SESSION
6152097881625473469,2017-03-29 18:01:27.000,1,SINGLE_SESSION
1700609130289534908,2016-11-27 14:53:56.000,1,SINGLE_SESSION
6493013869237663411,2016-09-20 13:44:02.000,1,SINGLE_SESSION
0117526410729664708,2017-05-18 20:11:51.000,1,SINGLE_SESSION
1350820772322277766,2017-04-27 13:48:37.000,1,SINGLE_SESSION
6049426563900129061,2017-03-28 02:25:37.000,1,SINGLE_SESSION
7184569784224376022,2016-09-27 16:51:43.000,1,SINGLE_SESSION
9247058840665682249,2016-09-16 23:18:26.000,1,SINGLE_SESSION
2839647101049263045,2016-10-19 19:33:07.000,1,SINGLE_SESSION
1508794680190064090,2016-12-14 23:27:29.000,1,SINGLE_SESSION
7638336411447332495,2016-12-08 17:15:43.000,1,SINGLE_SESSION
6754217124682616244,2017-03-16 00:33:33.000,1,SINGLE_SESSION
1292690271020897036,2017-01-30 04:54:44.000,1,SINGLE_SESSION
0903826386266908789,2017-04-12 23:11:23.000,1,SINGLE_SESSION
7496201674620418944,2017-05-11 23:04:06.000,1,SINGLE_SESSION
8049218142229066555,2017-05-12 12:12:42.000,1,SINGLE_SESSION
9361412188151560825,2017-06-07 23:20:24.000,1,SINGLE_SESSION
5876856454861855594,2016-08-18 19:06:06.000,1,SINGLE_SESSION
0007933257389091624,2017-05-01 18:45:33.000,1,SINGLE_SESSION
1323672990415209613,2016-12-31 16:14:10.000,1,SINGLE_SESSION
4422460864147269736,2016-08-09 16:39:12.000,1,SINGLE_SESSION
6841461972455474576,2017-01-31 19:55:14.000,1,SINGLE_SESSION
0353184725767379430,2017-04-04 03:51:39.000,1,SINGLE_SESSION
6189137290295727859,2017-07-12 18:54:42.000,1,SINGLE_SESSION
9493021416478611124,2016-12-18 14:13:57.000,1,SINGLE_SESSION
4644922004575301985,2017-02-15 20:35:12.000,1,SINGLE_SESSION
7709768845264385801,2016-09-21 17:14:15.000,1,SINGLE_SESSION
9804471949887866440,2017-02-23 18:49:44.000,1,SINGLE_SESSION
5223607251994179242,2016-08-19 17:52:45.000,1,SINGLE_SESSION
2495704533414117222,2017-05-30 19:58:24.000,1,SINGLE_SESSION
9469314136392123821,2017-05-08 17:12:37.000,1,SINGLE_SESSION
8560007205901017606,2016-09-25 17:24:11.000,1,SINGLE_SESSION
2571951630476198714,2016-08-25 06:15:45.000,1,SINGLE_SESSION
0032288790526152703,2016-09-30 16:22:00.000,1,SINGLE_SESSION
1235024616645642362,2016-08-31 20:06:47.000,1,SINGLE_SESSION
5216295436197840308,2016-12-17 18:37:48.000,1,SINGLE_SESSION
7771656628828873351,2016-12-20 16:30:36.000,1,SINGLE_SESSION
2640118849316353391,2016-12-05 06:47:43.000,1,SINGLE_SESSION
067516997967648879,2016-08-29 23:11:02.000,1,SINGLE_SESSION
719626868021451011,2017-05-08 17:21:04.000,1,SINGLE_SESSION
9982700667464896535,2017-05-12 16:39:25.000,1,SINGLE_SESSION
0148919186298580226,2017-05-20 20:40:12.000,1,SINGLE_SESSION
5571134167525612078,2016-12-07 03:58:53.000,1,SINGLE_SESSION
631883605401031518,2017-05-04 22:28:16.000,1,SINGLE_SESSION
4061971552460255356,2016-08-13 02:49:07.000,1,SINGLE_SESSION
6254480260491626923,2017-04-03 18:14:19.000,1,SINGLE_SESSION
1860043119343068169,2017-03-11 14:12:22.000,1,SINGLE_SESSION
5272459334252827422,2016-09-29 21:09:01.000,1,SINGLE_SESSION
4700663332941210567,2016-08-26 17:39:24.000,1,SINGLE_SESSION
3660362924082650418,2017-06-01 17:14:27.000,1,SINGLE_SESSION
2996634924605422083,2016-12-09 21:53:16.000,1,SINGLE_SESSION
2178459566193458788,2017-07-07 05:17:17.000,1,SINGLE_SESSION
7227131899750346684,2017-03-25 02:47:18.000,1,SINGLE_SESSION
3074873425598115853,2016-12-17 03:23:09.000,1,SINGLE_SESSION
8895070637038003269,2017-04-14 15:27:26.000,1,SINGLE_SESSION
1716654206018570028,2016-12-20 16:04:43.000,1,SINGLE_SESSION
9954291757269899812,2017-07-27 23:35:50.000,1,SINGLE_SESSION
5359997497493583219,2016-12-05 19:46:17.000,1,SINGLE_SESSION
1191806581069633765,2017-06-14 16:28:42.000,1,SINGLE_SESSION
7830750206267475882,2016-10-05 16:13:54.000,1,SINGLE_SESSION
8094760238858385378,2016-12-16 20:22:27.000,1,SINGLE_SESSION
1720622772821071507,2017-04-06 00:05:54.000,1,SINGLE_SESSION
6948798381192392858,2017-05-05 18:17:00.000,1,SINGLE_SESSION
6564923719218813325,2016-09-08 15:58:40.000,1,SINGLE_SESSION
3060859705659472596,2017-06-07 18:25:06.000,1,SINGLE_SESSION
1671489519986365799,2017-06-29 14:57:52.000,1,SINGLE_SESSION
0880816614925318447,2017-01-09 02:17:31.000,1,SINGLE_SESSION
1997401331704594416,2017-04-14 16:57:34.000,1,SINGLE_SESSION
6307220164561637913,2017-03-04 07:34:17.000,1,SINGLE_SESSION
0403377724115575972,2017-02-08 16:38:28.000,1,SINGLE_SESSION
4548268602116445081,2017-04-18 22:32:08.000,1,SINGLE_SESSION
5264936572592547766,2016-11-24 05:24:22.000,1,SINGLE_SESSION
4052263114492038188,2017-06-26 18:06:47.000,1,SINGLE_SESSION
5509634145014116132,2017-05-23 17:57:35.000,1,SINGLE_SESSION
4874080819213788945,2016-09-15 17:25:33.000,1,SINGLE_SESSION
280571682929338005,2016-08-01 11:26:23.000,1,SINGLE_SESSION
8856909534295344708,2017-06-29 18:50:31.000,1,SINGLE_SESSION
0568624962920879221,2016-08-22 05:26:47.000,1,SINGLE_SESSION
9359260991266226539,2017-04-06 20:09:47.000,1,SINGLE_SESSION
5889911900700312712,2016-11-03 17:20:59.000,1,SINGLE_SESSION
4661056240589055665,2017-05-03 20:53:32.000,1,SINGLE_SESSION
4021545903221768345,2017-04-04 20:47:59.000,1,SINGLE_SESSION
6295250003347725316,2017-04-14 23:53:45.000,2,MULTI_SESSION
051312971389642254,2017-05-05 20:13:24.000,1,SINGLE_SESSION
5230800631136876455,2017-01-18 03:29:41.000,1,SINGLE_SESSION
8487665150986176710,2017-05-12 13:36:23.000,1,SINGLE_SESSION
3525762171058783974,2016-11-11 20:34:11.000,1,SINGLE_SESSION
9124070353088429794,2017-02-03 07:46:39.000,1,SINGLE_SESSION
9904739620314056122,2016-11-08 04:41:27.000,1,SINGLE_SESSION
1817311646985254835,2016-11-22 23:35:54.000,1,SINGLE_SESSION
2166438591525900148,2016-11-28 17:40:03.000,1,SINGLE_SESSION
5349155616428631188,2017-02-16 19:31:33.000,1,SINGLE_SESSION
0014253006455543633,2017-02-19 23:01:20.000,1,SINGLE_SESSION
0152778576197288117,2017-01-31 05:31:00.000,1,SINGLE_SESSION
2371906231211457127,2017-02-16 22:01:09.000,1,SINGLE_SESSION
928831772321012455,2016-10-21 00:24:18.000,1,SINGLE_SESSION
0515583444261228947,2016-08-27 19:47:30.000,1,SINGLE_SESSION
7040970537292451675,2017-05-13 03:27:32.000,1,SINGLE_SESSION
7777403200539516342,2016-08-13 13:55:25.000,1,SINGLE_SESSION
7113011772090059658,2017-05-18 05:02:18.000,1,SINGLE_SESSION
8342494724781210773,2017-03-22 18:23:10.000,1,SINGLE_SESSION
2262018521556676288,2017-01-24 21:09:40.000,1,SINGLE_SESSION
679645045413988495,2016-12-20 18:22:56.000,1,SINGLE_SESSION
5448576624239001417,2017-06-10 05:23:37.000,1,SINGLE_SESSION
5058838630495923334,2016-12-12 20:48:12.000,1,SINGLE_SESSION
2932968952415068282,2016-11-03 00:32:20.000,1,SINGLE_SESSION
7723283988655524549,2017-05-02 23:48:00.000,1,SINGLE_SESSION
988058428052485271,2017-05-02 18:19:19.000,1,SINGLE_SESSION
3122295275432356222,2016-11-10 21:28:56.000,1,SINGLE_SESSION
3984114857404571747,2016-10-09 05:58:48.000,1,SINGLE_SESSION
6965694497277122070,2017-06-19 22:32:05.000,1,SINGLE_SESSION
743304229594707435,2016-09-08 17:32:38.000,1,SINGLE_SESSION
1036690457275487671,2017-04-21 01:10:36.000,3,MULTI_SESSION
550660948694018203,2016-10-12 17:32:17.000,2,MULTI_SESSION
6528190156383151299,2016-12-10 13:10:22.000,1,SINGLE_SESSION
2123537530251583440,2016-09-26 22:40:58.000,1,SINGLE_SESSION
3159050604918463196,2016-12-30 23:07:01.000,1,SINGLE_SESSION
4032905532111677207,2017-03-30 18:11:13.000,1,SINGLE_SESSION
1644386614096076703,2017-04-12 19:27:52.000,1,SINGLE_SESSION
7148873648621416097,2016-11-14 04:33:48.000,1,SINGLE_SESSION
5313430409302737602,2017-06-20 02:33:53.000,1,SINGLE_SESSION
6746192651658038483,2016-09-30 21:50:33.000,1,SINGLE_SESSION
308402457029592335,2017-01-25 18:42:54.000,1,SINGLE_SESSION
4995606827430436569,2017-02-26 21:17:49.000,1,SINGLE_SESSION
2799516265543613982,2017-06-07 15:53:25.000,1,SINGLE_SESSION
2757346803050165711,2017-06-01 18:54:46.000,1,SINGLE_SESSION
0735968675616410716,2017-02-14 21:28:45.000,1,SINGLE_SESSION
042122995088591617,2016-08-10 06:28:01.000,1,SINGLE_SESSION
6571994191266464601,2017-03-25 02:33:25.000,1,SINGLE_SESSION
2337327787747858943,2017-04-05 23:28:19.000,1,SINGLE_SESSION
3572331587418147063,2016-12-01 18:31:57.000,1,SINGLE_SESSION
566055411938639598,2017-02-01 18:46:01.000,1,SINGLE_SESSION
9389853808320852799,2017-01-11 19:14:08.000,1,SINGLE_SESSION
0769891055069398469,2016-10-03 00:20:49.000,2,MULTI_SESSION
7469641396207188649,2017-04-05 16:39:08.000,1,SINGLE_SESSION
1237157156860743048,2017-03-16 20:41:42.000,1,SINGLE_SESSION
703628343876693893,2017-07-16 02:12:45.000,1,SINGLE_SESSION
7234178212893913418,2017-03-07 01:13:38.000,1,SINGLE_SESSION
5523134434912624925,2017-03-08 17:15:47.000,1,SINGLE_SESSION
1193560579647206164,2017-02-09 15:42:33.000,1,SINGLE_SESSION
42872006688710090,2017-07-18 16:55:01.000,1,SINGLE_SESSION
8714444733243039474,2017-06-15 20:17:23.000,1,SINGLE_SESSION
048002411086393228,2016-08-13 17:21:24.000,1,SINGLE_SESSION
2439011587487738686,2017-07-14 18:06:40.000,1,SINGLE_SESSION
0879808925375777623,2016-08-13 22:23:21.000,1,SINGLE_SESSION
4688218153840595469,2017-07-31 22:04:52.000,1,SINGLE_SESSION
4633246963360830872,2017-03-03 20:15:24.000,1,SINGLE_SESSION
766927729457298247,2016-08-17 04:28:51.000,1,SINGLE_SESSION
9903092874460609398,2016-10-17 18:13:03.000,1,SINGLE_SESSION
3818637526754889697,2016-09-15 04:10:08.000,1,SINGLE_SESSION
244535803596038100,2016-08-08 18:57:46.000,1,SINGLE_SESSION
9517876334933975316,2016-09-10 22:03:07.000,2,MULTI_SESSION
4033167138991049828,2017-02-03 18:40:43.000,1,SINGLE_SESSION
3741407379008310018,2017-06-25 22:16:07.000,1,SINGLE_SESSION
8502947184347760637,2016-11-24 00:23:59.000,1,SINGLE_SESSION
0333033833560922860,2016-11-22 08:44:06.000,1,SINGLE_SESSION
4719180322983333316,2016-09-15 17:55:46.000,1,SINGLE_SESSION
7911172514249336913,2016-10-20 14:20:54.000,1,SINGLE_SESSION
0614324104402254023,2017-06-20 05:30:34.000,1,SINGLE_SESSION
2571702649159032063,2017-05-02 16:05:54.000,1,SINGLE_SESSION
9677631416486425032,2016-08-16 17:45:32.000,1,SINGLE_SESSION
1419312945460679931,2017-04-21 21:18:22.000,1,SINGLE_SESSION
5909453901829885037,2016-08-29 18:31:10.000,1,SINGLE_SESSION
8863430724995588001,2016-11-07 20:39:27.000,1,SINGLE_SESSION
7470318193219952463,2016-11-16 01:29:53.000,1,SINGLE_SESSION
5687201440185842310,2017-06-26 20:50:41.000,1,SINGLE_SESSION
3839596841653772572,2017-07-10 19:25:04.000,1,SINGLE_SESSION
2141032560407740130,2017-07-25 19:46:02.000,1,SINGLE_SESSION
2315247548521028492,2017-06-19 19:05:02.000,1,SINGLE_SESSION
6176203092937961614,2017-03-21 18:58:42.000,1,SINGLE_SESSION
6119780463983531301,2016-09-25 16:09:25.000,1,SINGLE_SESSION
2885831716084435366,2016-11-04 11:11:46.000,1,SINGLE_SESSION
1070119518621634705,2017-05-27 18:50:32.000,1,SINGLE_SESSION
7908307514083563203,2017-02-28 18:51:11.000,1,SINGLE_SESSION
6917105928775421626,2016-10-08 03:51:49.000,1,SINGLE_SESSION
3524455307595402736,2017-05-21 22:07:27.000,1,SINGLE_SESSION
0366995018749053135,2017-06-22 15:35:17.000,1,SINGLE_SESSION
9405485680580115481,2016-12-01 14:47:13.000,1,SINGLE_SESSION
5810160543155445886,2016-10-18 14:44:02.000,1,SINGLE_SESSION
7522971304903482159,2017-05-04 19:27:54.000,1,SINGLE_SESSION
7350727860294658830,2017-05-07 08:18:07.000,1,SINGLE_SESSION
5513418547926815153,2017-02-06 02:39:28.000,1,SINGLE_SESSION
2364782563241908647,2017-07-13 05:18:56.000,1,SINGLE_SESSION
5050263480914174678,2017-04-14 18:43:04.000,1,SINGLE_SESSION
3550975436361582700,2016-10-05 20:32:12.000,1,SINGLE_SESSION
859841055771352512,2016-10-25 22:34:38.000,1,SINGLE_SESSION
6773346222137141343,2016-10-20 13:35:42.000,1,SINGLE_SESSION
5044031393629737352,2017-01-29 21:03:01.000,1,SINGLE_SESSION
3320285544783092205,2016-08-19 04:28:11.000,1,SINGLE_SESSION
20712449954637118,2016-12-13 04:26:36.000,1,SINGLE_SESSION
6026865008041115729,2017-07-24 14:46:50.000,1,SINGLE_SESSION
9375786706418760163,2017-04-28 22:46:05.000,1,SINGLE_SESSION
6539518527897980356,2017-01-09 22:18:52.000,1,SINGLE_SESSION
4242172639873299272,2016-12-02 18:37:00.000,1,SINGLE_SESSION
2543746275330325435,2016-08-13 00:20:32.000,1,SINGLE_SESSION
3488988288066583080,2017-02-17 22:09:10.000,1,SINGLE_SESSION
2354405029601095288,2017-06-07 21:36:39.000,1,SINGLE_SESSION
4139848480858316330,2017-03-01 15:34:35.000,1,SINGLE_SESSION
4000482243627957608,2017-06-12 18:22:11.000,1,SINGLE_SESSION
5852177506011549938,2017-06-30 18:52:07.000,1,SINGLE_SESSION
4989274933392395231,2017-02-22 14:17:39.000,1,SINGLE_SESSION
176005021706950083,2017-01-25 23:22:52.000,1,SINGLE_SESSION
1924849965126842610,2016-08-31 00:09:39.000,1,SINGLE_SESSION
3854579461029873656,2017-07-27 03:04:24.000,1,SINGLE_SESSION
0777922178356486144,2016-08-07 02:44:46.000,1,SINGLE_SESSION
3939966046509655464,2017-03-08 00:22:37.000,1,SINGLE_SESSION
5136575351603788061,2017-01-26 02:10:58.000,1,SINGLE_SESSION
8021812938751479108,2017-06-27 18:09:17.000,1,SINGLE_SESSION
6726943481630703491,2016-08-23 23:16:06.000,1,SINGLE_SESSION
2440774884535248016,2017-07-12 14:31:53.000,1,SINGLE_SESSION
6689703929781725667,2017-05-16 19:49:48.000,1,SINGLE_SESSION
7985615137097388464,2017-02-11 22:42:44.000,1,SINGLE_SESSION
7345128727363764298,2017-02-17 22:27:41.000,1,SINGLE_SESSION
3400412339480337298,2017-06-06 06:24:46.000,1,SINGLE_SESSION
8183717083474081265,2016-10-11 02:22:41.000,1,SINGLE_SESSION
9008243837280281377,2017-08-01 21:50:52.000,1,SINGLE_SESSION
0952854276280472579,2016-09-05 21:04:02.000,1,SINGLE_SESSION
6641857110835940627,2016-12-31 00:42:09.000,1,SINGLE_SESSION
7639125894732167820,2016-12-01 01:46:07.000,1,SINGLE_SESSION
8767013027861401709,2017-05-27 18:20:09.000,1,SINGLE_SESSION
557267724728292293,2017-07-30 21:58:24.000,1,SINGLE_SESSION
4284396737660409428,2016-12-04 18:45:07.000,1,SINGLE_SESSION
5560738691178582099,2017-03-21 15:29:33.000,1,SINGLE_SESSION
195434588004709231,2017-07-19 14:36:36.000,1,SINGLE_SESSION
2778873072021640403,2017-04-13 23:01:37.000,1,SINGLE_SESSION
3061154222126395175,2017-07-12 15:39:39.000,1,SINGLE_SESSION
8793581808559142208,2017-06-24 10:23:59.000,1,SINGLE_SESSION
9797076878073373768,2017-04-25 22:46:01.000,1,SINGLE_SESSION
8388229339863885796,2016-08-16 16:59:37.000,1,SINGLE_SESSION
995099802538471008,2016-08-21 03:07:53.000,1,SINGLE_SESSION
5201260022301343178,2016-10-20 23:15:08.000,1,SINGLE_SESSION
2081649072154766710,2016-10-04 20:21:39.000,1,SINGLE_SESSION
4919130510250676831,2017-06-21 20:45:04.000,1,SINGLE_SESSION
5023592935923551604,2016-11-28 15:14:33.000,1,SINGLE_SESSION
0514253309422836642,2017-06-12 11:15:44.000,1,SINGLE_SESSION
3156235512146749592,2017-07-17 00:46:03.000,1,SINGLE_SESSION
5012787443903024401,2016-11-07 16:36:02.000,1,SINGLE_SESSION
7579284721829818358,2017-03-29 18:09:15.000,1,SINGLE_SESSION
9376652341885109410,2017-07-13 17:24:59.000,1,SINGLE_SESSION
8778563943491859628,2017-02-28 02:15:47.000,1,SINGLE_SESSION
3700684409504471842,2017-04-15 21:20:20.000,1,SINGLE_SESSION
0861638712901120319,2016-11-28 13:12:04.000,1,SINGLE_SESSION
7183166419038940327,2017-07-13 19:36:19.000,1,SINGLE_SESSION
4974254351327528783,2016-08-21 20:59:19.000,1,SINGLE_SESSION
0133153998054254261,2016-10-20 03:04:54.000,1,SINGLE_SESSION
4241593452068990292,2017-06-01 11:39:33.000,1,SINGLE_SESSION
138687086866157685,2017-04-04 20:40:00.000,1,SINGLE_SESSION
5887797695052226909,2016-08-19 05:30:45.000,1,SINGLE_SESSION
4357414011161520512,2017-01-27 02:26:46.000,1,SINGLE_SESSION
2091880224910053980,2017-05-30 21:40:45.000,1,SINGLE_SESSION
183237071516128923,2017-03-20 11:00:52.000,1,SINGLE_SESSION
9229825766007048797,2017-02-24 03:36:02.000,1,SINGLE_SESSION
8841197329105123740,2017-08-01 20:48:06.000,1,SINGLE_SESSION
3742368203315546493,2017-03-22 20:06:13.000,1,SINGLE_SESSION
4056519069919299079,2016-10-05 19:18:50.000,1,SINGLE_SESSION
439986574557559228,2016-09-17 03:42:32.000,1,SINGLE_SESSION
6232735730122462618,2016-08-22 03:57:42.000,1,SINGLE_SESSION
5674996555424761668,2017-03-22 23:23:08.000,1,SINGLE_SESSION
2854340718680170523,2017-04-07 13:59:48.000,1,SINGLE_SESSION
8988109274209001218,2017-04-04 15:11:39.000,1,SINGLE_SESSION
9059252837997508617,2017-01-25 04:28:13.000,1,SINGLE_SESSION
5063074873295543663,2017-07-06 05:39:31.000,1,SINGLE_SESSION
4653450181499930693,2017-04-21 02:52:04.000,1,SINGLE_SESSION
2503290167672073365,2016-10-21 21:55:45.000,1,SINGLE_SESSION
1255802320193690482,2017-03-03 00:49:10.000,1,SINGLE_SESSION
0889975005002719963,2017-06-21 02:25:22.000,1,SINGLE_SESSION
9566773033271495002,2017-04-05 20:42:13.000,1,SINGLE_SESSION
393755544087774339,2016-08-12 19:55:50.000,1,SINGLE_SESSION
3894103929344760120,2017-06-12 17:29:51.000,1,SINGLE_SESSION
1160655632139723710,2017-04-24 02:59:48.000,1,SINGLE_SESSION
1814166460229302850,2016-10-13 00:53:41.000,1,SINGLE_SESSION
717933109761615736,2016-10-24 19:21:10.000,1,SINGLE_SESSION
5179406468603236023,2016-09-09 07:00:50.000,1,SINGLE_SESSION
9687331249457582509,2017-02-17 22:12:12.000,1,SINGLE_SESSION
4662880478046439018,2016-11-01 16:01:08.000,1,SINGLE_SESSION
958472619245730769,2016-12-10 08:06:08.000,1,SINGLE_SESSION
0172081148860791358,2017-04-06 13:34:58.000,2,MULTI_SESSION
1788821557612068875,2016-11-02 11:10:11.000,1,SINGLE_SESSION
980669450547078608,2016-11-07 00:10:16.000,1,SINGLE_SESSION
1516955943724404614,2016-08-09 15:12:46.000,2,MULTI_SESSION
7656154866854274850,2017-06-13 21:34:50.000,1,SINGLE_SESSION
6644000525957644121,2017-04-18 19:28:08.000,1,SINGLE_SESSION
457044505102305564,2017-04-18 13:26:05.000,1,SINGLE_SESSION
2256968435490294758,2017-07-09 13:26:07.000,1,SINGLE_SESSION
4683498388367209057,2017-07-29 18:00:34.000,1,SINGLE_SESSION
8726963264231955599,2017-03-10 19:49:34.000,1,SINGLE_SESSION
0388540104773034683,2016-10-20 15:20:52.000,1,SINGLE_SESSION
4456701336321472765,2017-06-16 00:14:04.000,1,SINGLE_SESSION
9373231378984131987,2017-02-26 11:34:13.000,1,SINGLE_SESSION
2827573509242310141,2016-10-20 18:11:47.000,1,SINGLE_SESSION
5716994513150474293,2016-12-14 03:04:47.000,2,MULTI_SESSION
6207352053882165053,2017-04-23 18:27:12.000,1,SINGLE_SESSION
633420224856417225,2016-12-04 05:09:48.000,1,SINGLE_SESSION
4531006492297832379,2017-05-01 16:11:51.000,1,SINGLE_SESSION
9566536237552821183,2016-12-11 18:39:24.000,1,SINGLE_SESSION
0141333337786935920,2017-05-09 20:04:26.000,1,SINGLE_SESSION
1841706161179042539,2017-04-28 22:36:26.000,1,SINGLE_SESSION
1833888103682137596,2016-11-25 17:17:44.000,1,SINGLE_SESSION
5872995235410179138,2017-05-18 14:18:07.000,1,SINGLE_SESSION
1900898927258752827,2016-12-09 21:33:36.000,1,SINGLE_SESSION
4013826819302935041,2016-12-20 21:18:32.000,1,SINGLE_SESSION
0962996931279982608,2016-10-03 05:54:12.000,1,SINGLE_SESSION
3637738484583635278,2017-03-06 20:25:49.000,1,SINGLE_SESSION
2638377830326163737,2017-07-06 15:40:12.000,1,SINGLE_SESSION
6824514473807635978,2017-01-31 21:17:55.000,1,SINGLE_SESSION
6068549707669437692,2016-11-17 18:11:54.000,1,SINGLE_SESSION
6331750669650879322,2016-11-17 14:48:11.000,1,SINGLE_SESSION
9469111554165256569,2017-07-14 21:40:58.000,1,SINGLE_SESSION
539032312488458869,2017-02-06 05:32:41.000,1,SINGLE_SESSION
253232075861039593,2017-05-30 17:45:17.000,1,SINGLE_SESSION
1054036165578048274,2017-05-08 09:18:39.000,1,SINGLE_SESSION
8530723892127582602,2017-07-31 21:46:21.000,1,SINGLE_SESSION
1154591179135966046,2016-12-20 23:34:53.000,1,SINGLE_SESSION
7703634562564929325,2017-01-14 14:28:58.000,1,SINGLE_SESSION
3026421208569347766,2016-08-20 00:13:35.000,1,SINGLE_SESSION
6635291657972521810,2016-12-27 17:37:32.000,1,SINGLE_SESSION
9462748099855919289,2017-06-21 05:40:35.000,1,SINGLE_SESSION
5358347730935302771,2016-12-03 06:08:38.000,1,SINGLE_SESSION
2290248185384827567,2017-06-28 03:30:13.000,1,SINGLE_SESSION
4804098608346140493,2016-12-08 21:39:48.000,1,SINGLE_SESSION
5983670989967326017,2016-09-01 16:10:08.000,2,MULTI_SESSION
7623081080262005718,2016-11-14 15:23:20.000,1,SINGLE_SESSION
9947771382967630972,2016-11-25 20:42:14.000,1,SINGLE_SESSION
8106330885742872677,2016-08-25 18:27:58.000,1,SINGLE_SESSION
2456900971869384659,2017-05-02 17:25:54.000,1,SINGLE_SESSION
3975716470387468561,2016-11-08 20:09:16.000,1,SINGLE_SESSION
4664485260834992023,2017-05-31 18:48:08.000,1,SINGLE_SESSION
6721464699754089230,2016-11-05 06:00:29.000,1,SINGLE_SESSION
684933840850165946,2017-06-22 20:38:03.000,1,SINGLE_SESSION
6821563086634127791,2016-08-05 03:05:09.000,1,SINGLE_SESSION
2424840844499220729,2016-11-18 15:28:24.000,2,MULTI_SESSION
7179885704608750434,2017-05-09 16:13:05.000,1,SINGLE_SESSION
4830493627866275666,2016-08-08 17:18:35.000,1,SINGLE_SESSION
9020293433767026152,2016-12-16 22:54:48.000,1,SINGLE_SESSION
8638210956990977839,2017-05-06 22:17:34.000,1,SINGLE_SESSION
7356917361593137850,2017-04-18 20:28:03.000,1,SINGLE_SESSION
2487472362348320358,2016-09-07 16:44:33.000,2,MULTI_SESSION
8708692061686223002,2017-02-03 19:54:36.000,1,SINGLE_SESSION
5567725052045754529,2016-08-10 17:38:26.000,1,SINGLE_SESSION
3155077520115597648,2016-10-10 16:48:01.000,1,SINGLE_SESSION
664683919239436389,2017-03-13 00:41:26.000,1,SINGLE_SESSION
32604353961096725,2016-08-15 21:56:26.000,1,SINGLE_SESSION
3260223890399727411,2016-10-11 21:45:36.000,1,SINGLE_SESSION
8878494571203388231,2017-06-27 18:08:15.000,1,SINGLE_SESSION
5604878405590079298,2016-09-20 14:15:23.000,1,SINGLE_SESSION
085319952392271706,2017-07-28 22:47:45.000,1,SINGLE_SESSION
6343638699706107057,2017-02-09 16:14:12.000,1,SINGLE_SESSION
939859150591422942,2017-03-01 21:54:21.000,1,SINGLE_SESSION
1704269846042149545,2016-08-31 22:15:04.000,1,SINGLE_SESSION
8516882506529991379,2017-02-17 22:07:35.000,1,SINGLE_SESSION
0549958621872674126,2016-12-08 20:18:30.000,1,SINGLE_SESSION
1833474884498014374,2017-02-17 22:58:48.000,1,SINGLE_SESSION
2430938506817988626,2016-12-08 20:16:34.000,1,SINGLE_SESSION
1321742489378656590,2017-04-29 15:02:52.000,1,SINGLE_SESSION
9100527044322435522,2016-10-25 03:56:33.000,1,SINGLE_SESSION
3538702271871560672,2016-12-19 02:38:22.000,1,SINGLE_SESSION
9049250229691904708,2017-01-24 17:47:34.000,1,SINGLE_SESSION
405802957777196055,2016-10-16 16:53:26.000,1,SINGLE_SESSION
4559937413688663213,2017-06-14 17:32:16.000,1,SINGLE_SESSION
6870007734084119438,2017-03-17 01:27:15.000,1,SINGLE_SESSION
5450370391820188732,2017-02-14 06:48:18.000,1,SINGLE_SESSION
1083022042511644980,2016-11-09 16:49:49.000,1,SINGLE_SESSION
3379024149365496688,2016-08-25 15:31:46.000,1,SINGLE_SESSION
6408592838060313017,2016-08-18 16:05:36.000,1,SINGLE_SESSION
6475001167263353107,2016-10-12 11:38:24.000,1,SINGLE_SESSION
7101537945987041306,2016-10-06 21:03:09.000,1,SINGLE_SESSION
4099954209864807255,2017-05-19 03:51:11.000,1,SINGLE_SESSION
9412934606338965915,2016-11-09 19:20:44.000,1,SINGLE_SESSION
7864177582545842880,2017-04-21 15:36:53.000,1,SINGLE_SESSION
2422180165069305822,2017-01-11 02:48:37.000,1,SINGLE_SESSION
6796252004847324374,2016-08-23 22:25:31.000,1,SINGLE_SESSION
3811054203560571366,2017-06-29 00:04:16.000,1,SINGLE_SESSION
7079911698410660094,2016-08-05 19:03:09.000,1,SINGLE_SESSION
352600760122668518,2016-11-27 00:05:15.000,1,SINGLE_SESSION
1194645338506308474,2017-05-12 20:11:39.000,1,SINGLE_SESSION
5488842804207914661,2016-11-11 03:46:28.000,1,SINGLE_SESSION
9803059849568954404,2016-08-20 22:46:05.000,1,SINGLE_SESSION
7227600795388913830,2017-04-03 16:28:03.000,1,SINGLE_SESSION
4432170800264031771,2017-02-22 01:24:15.000,1,SINGLE_SESSION
6908387488019906910,2017-01-04 19:47:06.000,1,SINGLE_SESSION
7127403930925257863,2017-02-08 21:37:23.000,1,SINGLE_SESSION
6708775225272351859,2016-08-20 23:42:01.000,1,SINGLE_SESSION
5632994425337545327,2017-04-13 15:20:23.000,1,SINGLE_SESSION
0301972032250850193,2017-03-04 21:08:40.000,1,SINGLE_SESSION
7787440954328108933,2017-05-10 14:43:45.000,1,SINGLE_SESSION
8403832218630129304,2016-10-19 02:03:36.000,1,SINGLE_SESSION
3363669103170861963,2016-11-14 19:39:48.000,1,SINGLE_SESSION
2188006650672514912,2016-08-11 04:04:14.000,1,SINGLE_SESSION
3921649958751416379,2016-10-17 19:34:21.000,1,SINGLE_SESSION
2599676173769413395,2016-11-11 22:31:29.000,2,MULTI_SESSION
4177916265915368824,2017-06-02 22:26:36.000,2,MULTI_SESSION
574546672447624856,2017-02-07 18:27:16.000,3,MULTI_SESSION
1590294463633434388,2017-01-15 22:16:10.000,1,SINGLE_SESSION
3574986658908976754,2017-03-29 00:01:58.000,1,SINGLE_SESSION
2327809759534404336,2017-04-18 19:06:21.000,2,MULTI_SESSION
397440133393463294,2017-07-26 18:58:10.000,1,SINGLE_SESSION
1627208831212925916,2017-01-27 00:46:13.000,1,SINGLE_SESSION
4855673784399652593,2017-07-02 03:12:38.000,1,SINGLE_SESSION
0744375349082544405,2016-09-21 19:56:40.000,1,SINGLE_SESSION
8216610377778696054,2016-08-12 16:31:48.000,1,SINGLE_SESSION
8527647041260806312,2016-12-26 04:09:15.000,1,SINGLE_SESSION
5262771322194198136,2016-08-22 22:48:27.000,1,SINGLE_SESSION
8757627980689319217,2017-05-15 02:13:55.000,1,SINGLE_SESSION
5689475961693395998,2016-09-27 19:25:07.000,1,SINGLE_SESSION
7563368779850101640,2016-12-10 19:53:48.000,2,MULTI_SESSION
4031311251122718376,2016-11-16 22:59:35.000,1,SINGLE_SESSION
5519565952610799337,2016-12-14 14:40:30.000,1,SINGLE_SESSION
9574549721552883119,2017-06-19 20:22:48.000,1,SINGLE_SESSION
6419238664399930209,2017-02-28 17:18:17.000,1,SINGLE_SESSION
4345770444854846870,2016-08-11 23:47:29.000,1,SINGLE_SESSION
3468138784701552288,2016-12-23 07:17:25.000,1,SINGLE_SESSION
566709157525308339,2016-10-25 01:43:55.000,1,SINGLE_SESSION
4631387008230942901,2016-12-19 04:51:26.000,1,SINGLE_SESSION
6968847130507530971,2016-08-25 23:39:18.000,1,SINGLE_SESSION
444821471625212420,2017-07-20 03:58:38.000,1,SINGLE_SESSION
5719637398048239955,2017-02-06 18:22:17.000,1,SINGLE_SESSION
3575272597943168955,2016-12-08 20:54:57.000,1,SINGLE_SESSION
7510366323696167693,2016-08-12 17:04:49.000,2,MULTI_SESSION
7422291256198709098,2017-02-09 22:27:35.000,1,SINGLE_SESSION
2728484397720314035,2017-07-16 08:15:32.000,1,SINGLE_SESSION
7495862194798259656,2017-05-05 00:28:25.000,1,SINGLE_SESSION
4981679382824177253,2017-07-30 18:01:50.000,1,SINGLE_SESSION
9465622574731169620,2016-12-14 18:05:34.000,1,SINGLE_SESSION
7232250219554218806,2016-12-08 01:24:38.000,2,MULTI_SESSION
1417164451104634851,2016-08-26 16:43:12.000,2,MULTI_SESSION
9283837604660716391,2016-11-17 03:27:18.000,1,SINGLE_SESSION
7025060806675934744,2017-05-19 00:16:48.000,1,SINGLE_SESSION
9540801604803443114,2016-08-08 13:44:13.000,1,SINGLE_SESSION
4760104915716550241,2017-03-19 19:03:32.000,1,SINGLE_SESSION
1766574900434071803,2017-07-14 20:10:50.000,1,SINGLE_SESSION
4388070466320474204,2017-06-13 14:46:50.000,2,MULTI_SESSION
8632589593647046749,2016-09-19 17:38:13.000,1,SINGLE_SESSION
3575773830913742237,2017-07-09 04:44:50.000,1,SINGLE_SESSION
3938732013035143854,2016-12-13 16:46:12.000,1,SINGLE_SESSION
8320651005755602125,2016-12-01 09:48:38.000,1,SINGLE_SESSION
6629666456279123599,2017-04-30 23:37:32.000,1,SINGLE_SESSION
7152313806704388410,2017-05-03 14:55:51.000,1,SINGLE_SESSION
3061282390735516569,2017-05-20 18:54:10.000,1,SINGLE_SESSION
6332311978539018182,2017-06-25 18:02:52.000,1,SINGLE_SESSION
2360605988531848015,2016-12-27 17:34:19.000,2,MULTI_SESSION
0379910820910540808,2017-04-04 18:04:28.000,1,SINGLE_SESSION
5373849628631973654,2016-08-28 19:06:38.000,1,SINGLE_SESSION
948321323323223626,2017-07-15 11:06:43.000,1,SINGLE_SESSION
0508002860985321055,2016-08-16 13:39:19.000,2,MULTI_SESSION
1481233997478275239,2017-05-30 15:37:24.000,1,SINGLE_SESSION
602050736534015192,2017-05-01 14:27:01.000,1,SINGLE_SESSION
8542066801226157721,2017-03-07 03:24:05.000,1,SINGLE_SESSION
0092787485928461155,2017-05-12 20:22:16.000,1,SINGLE_SESSION
9436659411047882708,2016-10-12 14:56:18.000,1,SINGLE_SESSION
741020852959030881,2017-04-17 21:26:24.000,1,SINGLE_SESSION
9329980237636889950,2017-03-22 01:03:54.000,1,SINGLE_SESSION
5179914644892736407,2016-12-22 15:44:10.000,1,SINGLE_SESSION
5406305545135860881,2017-03-21 04:08:13.000,1,SINGLE_SESSION
9547536437145935282,2017-06-29 20:37:05.000,1,SINGLE_SESSION
5768596721940711560,2016-11-17 15:47:22.000,1,SINGLE_SESSION
6358287541607688443,2016-12-09 15:53:24.000,2,MULTI_SESSION
2584510701660360932,2017-07-11 00:57:49.000,1,SINGLE_SESSION
84372863075461291,2017-05-01 15:13:06.000,1,SINGLE_SESSION
5849605114063721610,2016-12-09 19:55:47.000,1,SINGLE_SESSION
7871426202983789446,2016-08-26 13:12:40.000,1,SINGLE_SESSION
6927502833342765895,2016-12-12 20:45:24.000,1,SINGLE_SESSION
8759765163513556904,2017-02-22 02:20:29.000,1,SINGLE_SESSION
0344842538233543056,2017-07-14 20:34:32.000,1,SINGLE_SESSION
1192017691376651949,2016-12-09 05:03:02.000,1,SINGLE_SESSION
8814021277498961876,2016-12-21 02:03:59.000,1,SINGLE_SESSION
5847358167202480960,2016-12-01 16:03:52.000,1,SINGLE_SESSION
3021411536499327035,2016-08-18 15:27:10.000,1,SINGLE_SESSION
9213584705844626996,2017-06-30 15:48:41.000,6,MULTI_SESSION
7691586922188658432,2016-09-09 05:37:39.000,12,MULTI_SESSION
4578640586284138624,2016-09-14 22:30:08.000,46,MULTI_SESSION
2003561262273243977,2016-11-03 18:18:23.000,11,MULTI_SESSION
2694014479461830065,2017-06-06 21:57:51.000,19,MULTI_SESSION
2840155464434051520,2017-02-03 17:00:46.000,8,MULTI_SESSION
097021672781707916,2016-11-18 21:17:36.000,7,MULTI_SESSION
1476938238176225678,2017-02-13 21:32:51.000,5,MULTI_SESSION
4324484121871564106,2016-12-03 01:39:52.000,11,MULTI_SESSION
0569752743034520183,2016-11-08 21:34:16.000,4,MULTI_SESSION
9591202457292182670,2017-08-01 16:32:15.000,9,MULTI_SESSION
0348759248625736228,2017-03-19 23:41:55.000,17,MULTI_SESSION
1413300845517352724,2017-01-02 10:47:46.000,17,MULTI_SESSION
2074164338647079047,2016-09-20 12:17:43.000,22,MULTI_SESSION
1720006022504089919,2016-12-10 03:18:42.000,27,MULTI_SESSION
7933171750259720017,2017-06-28 16:58:35.000,4,MULTI_SESSION
1025574386832469970,2017-07-10 20:01:27.000,5,MULTI_SESSION
5560297984999378584,2017-03-04 19:21:54.000,7,MULTI_SESSION
0361534245405505016,2017-02-12 03:31:48.000,17,MULTI_SESSION
2923583380085498492,2017-01-26 21:56:33.000,4,MULTI_SESSION
7414253814451398004,2017-03-06 22:19:59.000,3,MULTI_SESSION
1270972824994660533,2017-06-16 13:03:41.000,3,MULTI_SESSION
7730778110265788269,2017-07-21 07:41:35.000,4,MULTI_SESSION
68337214858488115,2017-04-07 15:16:54.000,3,MULTI_SESSION
0940602166699838745,2016-10-18 02:23:38.000,5,MULTI_SESSION
79455793222269162,2017-05-05 20:03:09.000,3,MULTI_SESSION
5789628268074280391,2016-12-23 20:30:13.000,5,MULTI_SESSION
419161784882208907,2016-12-17 00:23:31.000,9,MULTI_SESSION
2090316602240305671,2017-04-17 19:26:35.000,6,MULTI_SESSION
5188382236273817030,2016-11-30 18:13:58.000,8,MULTI_SESSION
7990135994432965391,2016-12-09 17:09:44.000,7,MULTI_SESSION
3557316886784013473,2016-11-29 04:00:04.000,2,MULTI_SESSION
2368551524406489641,2016-08-15 06:25:08.000,7,MULTI_SESSION
071298010648822329,2016-08-23 14:57:22.000,5,MULTI_SESSION
4708133624098231997,2017-07-05 14:51:58.000,4,MULTI_SESSION
5604492161936602744,2016-12-09 21:05:25.000,11,MULTI_SESSION
871477912823058718,2016-10-27 17:33:24.000,6,MULTI_SESSION
6707245033176905933,2016-11-23 00:22:42.000,4,MULTI_SESSION
3694234028523165868,2017-07-02 20:07:52.000,102,MULTI_SESSION
1304842977479208896,2017-04-16 05:38:22.000,13,MULTI_SESSION
728804413269267006,2016-12-26 03:11:47.000,7,MULTI_SESSION
2981325201816358942,2017-07-31 19:23:59.000,7,MULTI_SESSION
1738541796150061082,2016-08-15 00:35:13.000,5,MULTI_SESSION
4092654193706632876,2016-11-14 23:18:59.000,7,MULTI_SESSION
3374717573841647831,2017-04-15 02:03:16.000,7,MULTI_SESSION
689078233091142252,2017-03-22 20:52:13.000,8,MULTI_SESSION
9751902738681438477,2017-05-26 16:43:21.000,4,MULTI_SESSION
0232377434237234751,2017-04-27 16:03:30.000,7,MULTI_SESSION
6935939292011459030,2016-10-14 18:40:36.000,4,MULTI_SESSION
953713676730854570,2017-07-12 22:01:10.000,3,MULTI_SESSION
7755051258981673515,2017-04-02 23:59:04.000,9,MULTI_SESSION
9956296141985415749,2017-05-19 22:57:57.000,3,MULTI_SESSION
4079167367157590772,2016-08-27 16:07:08.000,6,MULTI_SESSION
3215729429198564415,2017-01-18 15:20:44.000,7,MULTI_SESSION
2928427849127448830,2017-02-10 23:22:51.000,4,MULTI_SESSION
9530011325522794445,2017-03-22 18:17:30.000,4,MULTI_SESSION
8479157276312488883,2016-12-09 19:27:21.000,7,MULTI_SESSION
67427211374180015,2017-06-30 04:16:30.000,2,MULTI_SESSION
3475663815219726995,2016-11-11 19:34:18.000,8,MULTI_SESSION
2249724102559347990,2017-07-26 17:32:05.000,5,MULTI_SESSION
1992524663355692792,2017-02-16 01:04:03.000,3,MULTI_SESSION
1902004978039013090,2016-08-22 14:35:33.000,2,MULTI_SESSION
867222691898422653,2017-01-23 23:14:35.000,7,MULTI_SESSION
2789186257470781628,2016-09-06 16:36:58.000,3,MULTI_SESSION
4205053914875923563,2017-06-26 17:09:24.000,2,MULTI_SESSION
9029794295932939024,2016-11-02 22:15:14.000,7,MULTI_SESSION
4443963979157579061,2017-01-03 17:39:25.000,3,MULTI_SESSION
2499940374406096850,2016-11-04 13:45:11.000,4,MULTI_SESSION
6068598620766435054,2016-10-05 23:08:30.000,7,MULTI_SESSION
3122819142651442122,2017-05-14 22:09:00.000,4,MULTI_SESSION
5310912563447452038,2016-10-12 20:08:04.000,14,MULTI_SESSION
8836497360273825933,2017-07-27 16:36:56.000,2,MULTI_SESSION
8221394973703658443,2016-09-09 20:40:27.000,3,MULTI_SESSION
7632150231530795841,2016-09-26 04:31:08.000,5,MULTI_SESSION
3448427623331794940,2017-03-04 23:24:00.000,7,MULTI_SESSION
7224069720026489065,2017-03-19 23:36:21.000,6,MULTI_SESSION
2319344514792111050,2016-11-28 23:08:35.000,2,MULTI_SESSION
5147300688603884511,2016-10-19 14:49:49.000,5,MULTI_SESSION
6849883907378511530,2017-06-01 19:23:05.000,5,MULTI_SESSION
8188622413153223313,2017-04-28 23:16:11.000,2,MULTI_SESSION
5749321926429914801,2016-12-14 04:29:49.000,3,MULTI_SESSION
2625954590881807574,2017-03-30 01:16:56.000,2,MULTI_SESSION
0184057760170077857,2016-09-08 00:06:30.000,5,MULTI_SESSION
4260968995177655855,2017-07-19 16:35:45.000,9,MULTI_SESSION
1057122392851131616,2016-12-22 10:04:04.000,3,MULTI_SESSION
0097371986665596420,2017-05-23 19:38:25.000,9,MULTI_SESSION
8861704144366655271,2016-12-24 01:28:26.000,7,MULTI_SESSION
6247107874762400007,2017-06-21 20:09:07.000,2,MULTI_SESSION
9867098324358727615,2016-12-07 23:25:34.000,3,MULTI_SESSION
1983590358337502597,2017-03-05 14:41:46.000,2,MULTI_SESSION
3348449424172649440,2016-12-16 18:19:41.000,7,MULTI_SESSION
0211475535612871703,2017-02-20 02:07:14.000,2,MULTI_SESSION
4478485114168698618,2016-09-29 01:16:53.000,6,MULTI_SESSION
5858408190498927717,2017-06-27 22:09:59.000,7,MULTI_SESSION
3640330441830847885,2016-10-12 01:19:39.000,3,MULTI_SESSION
5229687439187870307,2016-09-23 17:08:44.000,5,MULTI_SESSION
9642698057695067786,2017-02-10 18:30:39.000,8,MULTI_SESSION
0779199793341944056,2017-07-28 02:58:28.000,4,MULTI_SESSION
5729167288225910625,2016-08-09 19:19:51.000,9,MULTI_SESSION
0634506282991036601,2017-05-02 18:11:28.000,4,MULTI_SESSION
187116230369481128,2017-06-12 19:02:34.000,5,MULTI_SESSION
6997260560132631354,2017-07-24 15:27:31.000,12,MULTI_SESSION
0626284759664097746,2016-12-16 19:49:17.000,7,MULTI_SESSION
8986179509991315962,2017-01-20 20:15:01.000,2,MULTI_SESSION
9519453598438934808,2017-01-22 20:46:11.000,3,MULTI_SESSION
3876864671784763078,2017-06-06 15:58:26.000,3,MULTI_SESSION
8539433516671325668,2017-02-09 14:41:32.000,5,MULTI_SESSION
6022725401734649731,2017-01-26 00:16:54.000,3,MULTI_SESSION
7465611519094858811,2016-11-08 18:05:34.000,4,MULTI_SESSION
2001149638183224329,2016-10-27 15:18:18.000,3,MULTI_SESSION
173863901552294318,2017-01-12 21:27:46.000,5,MULTI_SESSION
1515533480532794253,2016-12-02 04:13:19.000,2,MULTI_SESSION
5012216957441063220,2016-12-21 02:15:27.000,2,MULTI_SESSION
5576035049116841174,2016-12-04 22:24:11.000,2,MULTI_SESSION
9880387215496431637,2017-06-01 02:14:47.000,2,MULTI_SESSION
0085057281729508802,2017-01-03 05:37:12.000,12,MULTI_SESSION
1426332006192749425,2016-12-14 04:13:37.000,3,MULTI_SESSION
8452979952112356529,2017-01-14 12:59:03.000,6,MULTI_SESSION
6288323169575819768,2016-08-23 18:36:21.000,10,MULTI_SESSION
3835534637736706073,2017-05-08 22:56:24.000,5,MULTI_SESSION
3012297793847553299,2017-07-25 03:27:37.000,2,MULTI_SESSION
791764880277338045,2016-12-06 01:48:01.000,4,MULTI_SESSION
9607694910197531314,2017-06-14 19:43:16.000,2,MULTI_SESSION
4081895043014351508,2017-05-21 02:18:50.000,6,MULTI_SESSION
8141749716169872712,2016-08-08 13:01:05.000,7,MULTI_SESSION
4017026585162229127,2016-11-28 00:24:51.000,6,MULTI_SESSION
6207999688575993846,2016-09-03 20:55:30.000,4,MULTI_SESSION
0463325773564352787,2017-01-26 22:58:26.000,3,MULTI_SESSION
4329830409734500602,2016-11-01 19:14:35.000,4,MULTI_SESSION
7785229083090323902,2016-10-19 03:17:52.000,7,MULTI_SESSION
9913613662127530897,2017-02-02 02:43:45.000,4,MULTI_SESSION
6277534179248390932,2016-11-19 19:25:16.000,4,MULTI_SESSION
3912300160509220549,2017-07-18 17:39:21.000,8,MULTI_SESSION
500926353574528949,2017-04-03 03:45:47.000,7,MULTI_SESSION
6246146960091353412,2017-07-10 18:12:28.000,10,MULTI_SESSION
6576312646375701904,2017-04-18 15:16:37.000,9,MULTI_SESSION
6396549139085874526,2016-12-15 16:52:57.000,3,MULTI_SESSION
1908025303707716232,2017-02-16 00:31:30.000,4,MULTI_SESSION
2109062345105733251,2016-09-08 16:54:09.000,3,MULTI_SESSION
8329981880354676608,2017-06-10 01:08:57.000,7,MULTI_SESSION
2513134404212328094,2017-01-13 20:56:52.000,4,MULTI_SESSION
2122547835443026286,2017-07-13 18:50:56.000,3,MULTI_SESSION
6215649527279938539,2016-08-18 23:00:29.000,7,MULTI_SESSION
2709295266531200360,2017-02-07 22:27:55.000,2,MULTI_SESSION
274035778263408429,2017-01-01 22:56:56.000,8,MULTI_SESSION
5814707242199508496,2017-05-02 22:03:32.000,3,MULTI_SESSION
7308095176976751222,2017-06-21 19:01:50.000,5,MULTI_SESSION
1685152054831161722,2017-05-05 01:31:49.000,3,MULTI_SESSION
5510313651975953337,2016-11-08 00:58:12.000,2,MULTI_SESSION
8793209921547478119,2016-12-29 21:08:54.000,5,MULTI_SESSION
5612807768965191337,2017-07-14 14:21:58.000,2,MULTI_SESSION
2964132388460265320,2016-12-12 16:05:25.000,2,MULTI_SESSION
9755564418432346621,2016-09-22 23:18:43.000,3,MULTI_SESSION
5785105569692968481,2016-10-06 01:15:27.000,2,MULTI_SESSION
1501789786482785393,2017-02-11 01:45:19.000,5,MULTI_SESSION
3099454616980621079,2016-12-09 19:48:48.000,4,MULTI_SESSION
7697599973738347494,2017-02-26 04:25:03.000,3,MULTI_SESSION
0281952976428623195,2017-05-18 17:24:00.000,6,MULTI_SESSION
6188862872478223298,2016-12-04 16:26:06.000,4,MULTI_SESSION
0014262055593378383,2017-06-27 23:15:03.000,3,MULTI_SESSION
1379398622703975756,2017-01-13 17:22:11.000,4,MULTI_SESSION
5237766343939358794,2016-12-04 19:32:56.000,4,MULTI_SESSION
5441957633456467994,2017-07-13 03:56:57.000,10,MULTI_SESSION
7412836405745272778,2017-05-04 19:29:12.000,2,MULTI_SESSION
6691771095027731329,2016-12-23 04:02:08.000,6,MULTI_SESSION
0276648651758070096,2016-08-16 04:29:15.000,4,MULTI_SESSION
7693430904622520313,2016-08-30 13:17:32.000,3,MULTI_SESSION
2567500041926407190,2016-08-09 00:11:22.000,4,MULTI_SESSION
3642532800884850314,2017-06-25 16:56:51.000,3,MULTI_SESSION
0227223667732638007,2017-01-11 14:29:51.000,4,MULTI_SESSION
6664733704830724714,2016-09-02 22:06:35.000,6,MULTI_SESSION
0348641465070077039,2017-05-12 18:15:25.000,3,MULTI_SESSION
3818441184498004752,2016-09-19 18:47:34.000,5,MULTI_SESSION
8730493892218660083,2017-08-01 22:12:41.000,2,MULTI_SESSION
000435324061339869,2016-10-21 01:33:41.000,2,MULTI_SESSION
4588796231145389827,2017-03-17 03:50:25.000,3,MULTI_SESSION
0339985125689048804,2016-08-08 23:23:19.000,3,MULTI_SESSION
2469327075513689553,2017-03-13 18:17:26.000,3,MULTI_SESSION
9007057960603042466,2017-07-16 05:38:32.000,2,MULTI_SESSION
6289042057007415577,2016-09-23 22:35:01.000,3,MULTI_SESSION
5877921283678056526,2017-01-05 22:03:05.000,2,MULTI_SESSION
377447207002641791,2017-06-28 13:47:13.000,2,MULTI_SESSION
1681975491896946073,2017-08-01 01:24:06.000,5,MULTI_SESSION
7576412479791634134,2017-05-12 19:13:28.000,3,MULTI_SESSION
4108989538863797757,2016-10-02 21:49:26.000,5,MULTI_SESSION
8261368202596858055,2017-07-17 17:37:04.000,6,MULTI_SESSION
1294302951834290508,2016-11-02 20:51:07.000,3,MULTI_SESSION
3906220352266938232,2016-12-19 04:06:10.000,2,MULTI_SESSION
2196740575816500871,2016-12-08 20:44:57.000,2,MULTI_SESSION
4322762657980853938,2016-10-07 20:06:48.000,2,MULTI_SESSION
6862866435546050671,2016-08-29 20:43:24.000,3,MULTI_SESSION
886075905083751330,2016-08-12 23:19:53.000,3,MULTI_SESSION
1651859636793476193,2016-10-05 21:35:52.000,5,MULTI_SESSION
1642230725550397951,2016-11-28 20:30:31.000,3,MULTI_SESSION
7181128763936845788,2017-07-22 16:19:31.000,3,MULTI_SESSION
148135394525872002,2017-01-18 20:18:27.000,2,MULTI_SESSION
5137390233868271533,2016-10-10 04:44:33.000,4,MULTI_SESSION
747690048733385763,2016-09-02 13:33:39.000,2,MULTI_SESSION
4698134628151668241,2017-02-23 18:43:42.000,2,MULTI_SESSION
7707232974827201453,2016-10-12 01:20:30.000,2,MULTI_SESSION
1219325807742188295,2016-09-22 15:33:42.000,5,MULTI_SESSION
1434841168498009838,2016-10-13 15:26:03.000,3,MULTI_SESSION
9277280346564018096,2017-05-09 17:24:40.000,5,MULTI_SESSION
2427288166622611520,2016-11-07 21:39:18.000,3,MULTI_SESSION
0602865033633296199,2017-04-10 14:47:57.000,3,MULTI_SESSION
8673840761390618502,2016-12-13 05:21:53.000,2,MULTI_SESSION
1888745689624472388,2016-10-05 17:26:14.000,8,MULTI_SESSION
3182137775133532420,2017-05-02 15:27:04.000,2,MULTI_SESSION
8439876649327753892,2017-02-22 20:19:15.000,3,MULTI_SESSION
6095240958469403590,2017-03-09 01:41:12.000,2,MULTI_SESSION
3349184055011438156,2016-10-12 21:56:59.000,6,MULTI_SESSION
530238188668261857,2017-03-17 22:40:35.000,3,MULTI_SESSION
983622469844382741,2017-07-11 15:05:34.000,2,MULTI_SESSION
7298179462068144853,2016-08-23 18:16:10.000,5,MULTI_SESSION
5479337178249732915,2017-01-30 04:33:55.000,3,MULTI_SESSION
5139927098906360724,2017-07-31 15:16:49.000,3,MULTI_SESSION
7138878677525256548,2016-08-30 20:37:42.000,3,MULTI_SESSION
9808994150708454013,2016-10-11 19:43:29.000,2,MULTI_SESSION
2854722262909538790,2016-09-12 18:08:57.000,2,MULTI_SESSION
2736979716085988579,2017-07-06 21:08:48.000,2,MULTI_SESSION
2444379082594823080,2016-11-14 02:44:28.000,3,MULTI_SESSION
8399546162159355177,2017-04-14 02:45:51.000,4,MULTI_SESSION
9730292256253714917,2016-11-29 01:31:12.000,2,MULTI_SESSION
7790208263336496144,2016-12-19 20:37:57.000,3,MULTI_SESSION
2336992111054994391,2017-05-02 18:13:08.000,5,MULTI_SESSION
5584411114546174652,2017-07-17 20:05:20.000,9,MULTI_SESSION
2624131748689653933,2017-07-12 18:20:56.000,5,MULTI_SESSION
5438008470160894903,2017-03-31 20:56:31.000,2,MULTI_SESSION
7565764107128651335,2017-01-05 23:05:25.000,2,MULTI_SESSION
1720310829947016346,2016-09-06 18:23:33.000,2,MULTI_SESSION
0370457166717871813,2017-04-10 21:17:42.000,2,MULTI_SESSION
3474262337199382231,2016-12-22 00:21:07.000,2,MULTI_SESSION
8617743471212010127,2017-04-15 04:03:57.000,8,MULTI_SESSION
3726347330948313659,2017-03-30 23:58:12.000,3,MULTI_SESSION
8628652903130668773,2016-12-22 14:13:24.000,5,MULTI_SESSION
196856185999787180,2016-08-19 13:59:20.000,4,MULTI_SESSION
6450328915033226096,2017-01-03 18:25:49.000,5,MULTI_SESSION
4993852637585406336,2017-05-05 16:08:10.000,4,MULTI_SESSION
4664319107970739921,2017-02-03 15:53:22.000,5,MULTI_SESSION
5700698092270325485,2017-07-09 04:46:33.000,4,MULTI_SESSION
9822492926505552185,2017-06-02 15:23:12.000,2,MULTI_SESSION
4928238772423642345,2017-03-01 22:26:26.000,5,MULTI_SESSION
6776660125553091121,2017-05-03 19:43:02.000,5,MULTI_SESSION
1119984091061621254,2017-05-03 20:05:49.000,3,MULTI_SESSION
2887608315113818426,2016-08-24 20:24:20.000,2,MULTI_SESSION
575603546892390824,2017-02-17 03:22:08.000,2,MULTI_SESSION
8478498564954638951,2017-07-19 16:22:04.000,2,MULTI_SESSION
3881794980702767092,2017-04-17 03:32:47.000,3,MULTI_SESSION
1037900960653835938,2016-10-17 20:53:53.000,3,MULTI_SESSION
770431600902969839,2016-08-15 17:55:57.000,5,MULTI_SESSION
9238751503458248415,2016-12-07 17:22:38.000,2,MULTI_SESSION
3794911148673374791,2017-05-10 04:43:02.000,4,MULTI_SESSION
6179415313155508546,2016-11-30 15:43:14.000,4,MULTI_SESSION
438364665131336868,2016-12-10 03:42:36.000,2,MULTI_SESSION
9188719261493987540,2016-09-23 20:59:39.000,2,MULTI_SESSION
2539723678842817509,2017-05-08 22:36:33.000,3,MULTI_SESSION
0696402585067597025,2017-07-20 23:50:17.000,2,MULTI_SESSION
2665204442613686910,2017-06-23 15:49:38.000,2,MULTI_SESSION
893172555107967427,2016-12-16 22:42:33.000,3,MULTI_SESSION
3510875944758249894,2016-09-23 21:44:54.000,5,MULTI_SESSION
1463636140819732503,2017-03-14 01:18:12.000,3,MULTI_SESSION
8458146080792747296,2017-06-05 14:11:50.000,2,MULTI_SESSION
650056086385776129,2017-04-04 21:06:14.000,3,MULTI_SESSION
4296109044601139440,2017-06-13 15:55:12.000,2,MULTI_SESSION
3153380067864919818,2017-04-25 20:35:55.000,2,MULTI_SESSION
5013441016621351326,2017-04-14 19:38:10.000,2,MULTI_SESSION
0998406341643073720,2017-03-30 18:50:35.000,3,MULTI_SESSION
4274511861314211339,2017-07-14 07:01:12.000,2,MULTI_SESSION
7710274785859342861,2017-05-17 23:18:57.000,3,MULTI_SESSION
328697016629947962,2016-08-17 14:22:52.000,4,MULTI_SESSION
0115940065332308119,2017-06-23 18:17:31.000,3,MULTI_SESSION
4611888827983385850,2017-01-29 00:27:13.000,2,MULTI_SESSION
3039060719981952485,2016-10-03 20:56:48.000,3,MULTI_SESSION
1681725530840871996,2017-03-28 22:06:55.000,3,MULTI_SESSION
5135901390896357467,2017-06-21 19:06:48.000,6,MULTI_SESSION
2231593693192690956,2017-05-01 17:54:27.000,2,MULTI_SESSION
4085534559120905575,2016-12-08 17:10:33.000,2,MULTI_SESSION
3066188315515723217,2016-09-27 18:42:59.000,2,MULTI_SESSION
0242463556251231215,2017-05-17 14:19:00.000,4,MULTI_SESSION
1201830545807654637,2017-01-15 04:19:08.000,2,MULTI_SESSION
0446530628716956924,2016-12-06 18:32:15.000,3,MULTI_SESSION
7567817112637547239,2017-07-13 07:00:35.000,3,MULTI_SESSION
1178415213642758789,2016-12-16 00:37:23.000,2,MULTI_SESSION
9803564384419875699,2016-09-21 13:52:13.000,3,MULTI_SESSION
5101144510494587618,2017-06-21 17:27:21.000,2,MULTI_SESSION
7400153334064056683,2016-12-31 20:14:26.000,6,MULTI_SESSION
7794703468039668930,2016-11-30 23:08:19.000,2,MULTI_SESSION
3300270774997102814,2017-07-16 23:22:47.000,2,MULTI_SESSION
7344052172589114599,2016-12-09 23:12:22.000,4,MULTI_SESSION
1913537324529991256,2016-10-04 13:20:03.000,2,MULTI_SESSION
0593564601992081966,2017-05-10 15:55:42.000,2,MULTI_SESSION
2087690429996100452,2017-06-03 22:37:13.000,2,MULTI_SESSION
7441074498173829277,2017-04-17 21:57:47.000,5,MULTI_SESSION
2972947690277479777,2016-11-30 15:26:20.000,3,MULTI_SESSION
6016345222703711048,2017-02-17 18:08:21.000,5,MULTI_SESSION
1137173963194670048,2017-05-08 20:40:06.000,2,MULTI_SESSION
8915655068975271461,2017-07-14 22:20:46.000,3,MULTI_SESSION
4561220792335536422,2017-05-16 02:48:43.000,4,MULTI_SESSION
3447003791318310120,2016-09-09 07:52:14.000,2,MULTI_SESSION
9302767552528832368,2017-07-11 20:37:24.000,2,MULTI_SESSION
9289122260423995124,2016-08-22 23:03:24.000,2,MULTI_SESSION
4451908991574636222,2016-12-17 05:09:04.000,3,MULTI_SESSION
3641621588258104680,2016-11-16 03:23:52.000,3,MULTI_SESSION
4180788491858098466,2017-03-22 20:40:23.000,2,MULTI_SESSION
725981616433523164,2017-06-14 21:45:22.000,3,MULTI_SESSION
9347594099928593114,2016-09-09 17:55:55.000,2,MULTI_SESSION
0114215561909122661,2017-03-01 07:26:13.000,2,MULTI_SESSION
7360768108223062056,2016-09-15 01:13:24.000,6,MULTI_SESSION
4382526488958111784,2017-02-22 13:57:43.000,5,MULTI_SESSION
6794948187699910130,2017-06-23 05:45:36.000,2,MULTI_SESSION
1202230602124911940,2017-04-26 21:24:52.000,2,MULTI_SESSION
3378090868516348221,2017-03-28 20:14:57.000,2,MULTI_SESSION
953107632787978757,2017-04-13 05:20:12.000,2,MULTI_SESSION
1075314772722686078,2016-11-13 02:31:08.000,3,MULTI_SESSION
4938796308846198678,2017-07-12 17:51:08.000,4,MULTI_SESSION
547013638763660090,2017-05-03 19:56:04.000,3,MULTI_SESSION
4408476978270760703,2016-11-11 03:40:59.000,2,MULTI_SESSION
2013562667442528717,2017-03-11 23:09:02.000,2,MULTI_SESSION
9938760478533661623,2016-11-23 15:50:58.000,4,MULTI_SESSION
3407395331246980159,2017-06-05 18:14:35.000,3,MULTI_SESSION
4426059530155526122,2017-01-08 06:01:54.000,3,MULTI_SESSION
8924760956022529477,2016-12-15 18:21:10.000,6,MULTI_SESSION
0429502726115959763,2017-07-10 13:37:58.000,2,MULTI_SESSION
8585031285178547027,2016-09-02 23:26:12.000,2,MULTI_SESSION
2796082769378041079,2017-06-10 20:58:48.000,3,MULTI_SESSION
1408568077869595615,2017-05-08 18:27:38.000,2,MULTI_SESSION
2587166407924109433,2016-12-21 02:00:44.000,2,MULTI_SESSION
1201752200432942161,2016-12-29 01:53:01.000,2,MULTI_SESSION
6494204056900967959,2017-07-17 07:00:33.000,3,MULTI_SESSION
939610499574900867,2016-12-14 22:20:00.000,3,MULTI_SESSION
8883600023735279403,2016-12-06 22:23:26.000,5,MULTI_SESSION
4182504636922812318,2017-05-12 21:41:58.000,4,MULTI_SESSION
7661043951104922558,2016-12-06 04:32:34.000,4,MULTI_SESSION
9641579430088545210,2016-09-27 04:28:04.000,3,MULTI_SESSION
0893919105830368772,2017-07-17 17:28:07.000,4,MULTI_SESSION
0968874458654116846,2017-04-03 14:56:05.000,2,MULTI_SESSION
9127648314670892401,2016-11-17 18:10:49.000,5,MULTI_SESSION
3978330627656387084,2017-07-31 05:55:23.000,4,MULTI_SESSION
7758585801799209122,2016-12-06 14:52:24.000,4,MULTI_SESSION
7515865863351246169,2016-11-06 01:12:24.000,4,MULTI_SESSION
1051896220301954151,2017-07-30 23:11:08.000,5,MULTI_SESSION
943037327921712050,2016-08-25 16:45:09.000,2,MULTI_SESSION
6110976865163605905,2017-01-30 17:06:59.000,2,MULTI_SESSION
6871033222959309564,2016-12-13 17:28:29.000,3,MULTI_SESSION
485196789418021564,2017-05-21 09:36:19.000,2,MULTI_SESSION
1755285075789070273,2017-03-01 00:39:25.000,3,MULTI_SESSION
0385969934087457197,2016-11-07 23:01:49.000,3,MULTI_SESSION
1582078837281421428,2017-04-27 17:15:11.000,3,MULTI_SESSION
0487480427659606163,2017-05-02 17:04:39.000,3,MULTI_SESSION
8344446393157130768,2016-12-17 02:33:33.000,3,MULTI_SESSION
274928241784014996,2016-09-23 21:43:16.000,3,MULTI_SESSION
2049749565428127211,2017-07-06 16:12:40.000,2,MULTI_SESSION
2543896097453171324,2017-05-12 05:15:39.000,2,MULTI_SESSION
2170548591309603698,2017-03-28 17:00:14.000,2,MULTI_SESSION
3541562648791714656,2017-05-01 23:04:47.000,3,MULTI_SESSION
6642261851584081073,2017-07-27 04:39:33.000,2,MULTI_SESSION
7877039778064211316,2017-04-21 03:10:32.000,7,MULTI_SESSION
6391006534663669857,2016-12-01 17:36:19.000,3,MULTI_SESSION
1722480716347032461,2017-07-12 01:50:55.000,3,MULTI_SESSION
7878351670032839098,2017-04-14 19:05:12.000,2,MULTI_SESSION
0246574639180766080,2016-12-02 23:42:49.000,2,MULTI_SESSION
1581347276539058289,2016-09-26 13:52:48.000,2,MULTI_SESSION
708033509620826351,2016-08-19 19:26:03.000,2,MULTI_SESSION
2195063960372896546,2016-08-12 15:07:57.000,4,MULTI_SESSION
1167024322256715151,2017-01-05 23:18:51.000,5,MULTI_SESSION
7109067475137212038,2017-04-29 01:30:52.000,2,MULTI_SESSION
3750480978272704589,2017-04-12 14:40:31.000,2,MULTI_SESSION
8848160643936299367,2017-06-19 15:35:31.000,3,MULTI_SESSION
8205269849536680674,2016-10-30 00:33:37.000,2,MULTI_SESSION
6196504747675152769,2016-10-26 19:02:19.000,3,MULTI_SESSION
6944407004438928008,2016-11-09 06:18:35.000,3,MULTI_SESSION
6486795623038216247,2017-07-21 19:54:15.000,2,MULTI_SESSION
9386787389707627667,2016-12-12 01:19:17.000,2,MULTI_SESSION
7344287542005288053,2016-10-17 17:32:25.000,2,MULTI_SESSION
2294678809767887639,2016-10-22 03:59:08.000,4,MULTI_SESSION
1973279275238171732,2017-07-15 23:53:19.000,2,MULTI_SESSION
0280589015308186459,2017-07-31 19:34:28.000,3,MULTI_SESSION
5100328694524368177,2016-10-12 17:20:49.000,3,MULTI_SESSION
6104963094502152821,2017-04-03 17:03:45.000,2,MULTI_SESSION
4278365513858458160,2016-08-16 19:37:42.000,4,MULTI_SESSION
7552495546342257467,2016-10-06 17:51:36.000,2,MULTI_SESSION
1174647913878447921,2017-07-27 20:57:11.000,2,MULTI_SESSION
9926655339980503224,2017-07-24 21:09:33.000,3,MULTI_SESSION
0431557134723843230,2017-06-26 04:47:52.000,2,MULTI_SESSION
6081065027477521968,2017-07-18 21:25:48.000,3,MULTI_SESSION
4256454348213820288,2016-10-10 00:37:15.000,2,MULTI_SESSION
744363211817595686,2016-09-30 17:55:03.000,2,MULTI_SESSION
426890790154936586,2017-06-01 03:02:29.000,2,MULTI_SESSION
5691228855195017010,2017-07-08 19:33:16.000,5,MULTI_SESSION
572741150050251305,2016-08-12 20:07:47.000,4,MULTI_SESSION
1338395065492103820,2016-11-10 16:06:48.000,2,MULTI_SESSION
1232482218170292968,2017-01-11 02:34:21.000,3,MULTI_SESSION
1966408168791591743,2016-10-26 18:55:00.000,3,MULTI_SESSION
866401086890399054,2017-05-03 15:04:22.000,2,MULTI_SESSION
6481113263464531302,2016-12-13 16:21:38.000,2,MULTI_SESSION
6963887866811727980,2016-12-09 17:32:53.000,2,MULTI_SESSION
8199856575540889245,2016-10-10 23:02:48.000,2,MULTI_SESSION
5084994463176065937,2016-09-26 16:33:01.000,3,MULTI_SESSION
3351538799616866750,2016-09-02 22:39:05.000,2,MULTI_SESSION
6867968025940635980,2016-09-27 08:10:26.000,2,MULTI_SESSION
3271602591909428154,2016-12-07 18:01:44.000,2,MULTI_SESSION
4061383032908254634,2016-12-12 20:15:48.000,2,MULTI_SESSION
6237874653844289432,2016-12-17 01:14:22.000,2,MULTI_SESSION
1912171696404614362,2016-12-16 20:13:26.000,2,MULTI_SESSION
1634435651836897425,2016-12-22 10:28:51.000,2,MULTI_SESSION
6995967173645019061,2017-06-16 17:25:55.000,2,MULTI_SESSION
3552628610490649880,2017-05-01 14:39:44.000,2,MULTI_SESSION
7545000103569508809,2017-05-28 17:12:15.000,2,MULTI_SESSION
3623082378035847520,2017-04-03 16:32:51.000,3,MULTI_SESSION
6215409591124058773,2017-05-02 15:43:15.000,3,MULTI_SESSION
6085954146475273490,2017-05-23 20:01:29.000,4,MULTI_SESSION
8475830242904550241,2016-08-05 17:24:43.000,2,MULTI_SESSION
8198803929635342057,2017-04-16 12:03:19.000,2,MULTI_SESSION
6289648487532029978,2017-05-03 20:35:32.000,2,MULTI_SESSION
5455606693891929152,2017-04-20 22:55:32.000,3,MULTI_SESSION
3129381702603062678,2017-04-26 00:27:28.000,5,MULTI_SESSION
1892415796758956218,2017-02-18 01:08:28.000,3,MULTI_SESSION
5021754051431260143,2016-10-05 22:30:49.000,2,MULTI_SESSION
001905118576359487,2016-10-17 16:41:36.000,2,MULTI_SESSION
9913737248744802178,2017-05-03 03:04:37.000,3,MULTI_SESSION
1533016242418481907,2017-02-07 02:35:26.000,2,MULTI_SESSION
4246239357308285366,2016-12-08 22:04:12.000,2,MULTI_SESSION
2139819648016556317,2016-09-03 14:13:53.000,4,MULTI_SESSION
1420571529363353703,2017-06-13 20:57:59.000,2,MULTI_SESSION
28714765282885780,2017-02-04 05:24:44.000,5,MULTI_SESSION
6697182263056162374,2017-03-22 19:21:08.000,3,MULTI_SESSION
2232874791267570747,2016-08-19 16:13:01.000,2,MULTI_SESSION
5715888696810396175,2016-12-01 02:05:34.000,2,MULTI_SESSION
7118031954619805826,2017-01-31 01:11:57.000,2,MULTI_SESSION
565287882698874437,2017-05-29 02:43:44.000,4,MULTI_SESSION
0591773013265200816,2016-10-10 22:40:18.000,2,MULTI_SESSION
9732592243898924812,2017-06-21 15:23:55.000,2,MULTI_SESSION
4978615078876520186,2017-07-20 16:17:42.000,2,MULTI_SESSION
1280993661204347450,2017-07-16 20:33:48.000,3,MULTI_SESSION
3187576245078798783,2017-02-20 21:53:40.000,2,MULTI_SESSION
9865389122450632094,2017-03-28 17:32:41.000,2,MULTI_SESSION
3024684683142249446,2017-03-04 00:19:41.000,4,MULTI_SESSION
9155733677303509015,2016-12-08 21:40:42.000,2,MULTI_SESSION
6103744486531866196,2016-12-05 14:35:14.000,2,MULTI_SESSION
1152177248793735167,2017-07-12 21:07:13.000,2,MULTI_SESSION
43770390702768717,2017-07-10 14:49:43.000,2,MULTI_SESSION
6110519761832647760,2017-07-17 22:14:51.000,2,MULTI_SESSION
0686296766200627569,2016-08-12 18:33:46.000,3,MULTI_SESSION
0375962687766031488,2016-08-12 05:33:24.000,2,MULTI_SESSION
0844230928212889556,2016-11-22 19:43:55.000,3,MULTI_SESSION
5250499107867802403,2017-04-21 19:55:23.000,3,MULTI_SESSION
5552453019078254306,2017-07-07 15:45:51.000,2,MULTI_SESSION
7597832944990027750,2017-04-19 22:44:40.000,2,MULTI_SESSION
3271544587307271471,2016-10-28 17:09:09.000,2,MULTI_SESSION
116147939572219012,2017-06-05 02:30:56.000,2,MULTI_SESSION
8878462912215206605,2016-10-23 01:57:56.000,2,MULTI_SESSION
0934250478833663076,2016-12-10 17:21:18.000,2,MULTI_SESSION
311720433666096854,2017-05-22 15:58:42.000,3,MULTI_SESSION
2814872551544320279,2017-01-09 22:11:48.000,2,MULTI_SESSION
0401157104421670800,2016-12-20 13:03:58.000,2,MULTI_SESSION
0616530401183877867,2017-06-06 19:47:57.000,6,MULTI_SESSION
3680806121011427493,2017-07-06 23:33:57.000,2,MULTI_SESSION
8733093827821835870,2016-09-17 11:06:28.000,4,MULTI_SESSION
7542872879801361567,2016-10-04 19:57:22.000,2,MULTI_SESSION
4222446458749632858,2017-05-19 20:51:26.000,2,MULTI_SESSION
1095886019324498043,2016-09-02 17:01:20.000,2,MULTI_SESSION
7007363634293274964,2016-09-29 17:31:19.000,4,MULTI_SESSION
6492524762666859925,2016-08-17 21:44:35.000,2,MULTI_SESSION
5426964543213202381,2017-04-11 18:32:35.000,2,MULTI_SESSION
0110237584337011595,2017-04-14 16:16:26.000,2,MULTI_SESSION
0481361866832333678,2016-08-07 15:59:55.000,2,MULTI_SESSION
4175464679743190196,2016-11-09 23:22:23.000,3,MULTI_SESSION
9733639222165329418,2016-10-06 02:43:41.000,2,MULTI_SESSION
4693483789252266944,2017-04-30 07:00:00.000,2,MULTI_SESSION
1291592657777580193,2016-10-04 14:22:02.000,2,MULTI_SESSION
9884876722285756468,2017-06-13 22:41:40.000,2,MULTI_SESSION
4566348072922735662,2016-08-12 15:20:13.000,2,MULTI_SESSION
119870259714905967,2016-10-19 16:49:41.000,2,MULTI_SESSION
5774321029448220916,2017-07-12 05:30:31.000,2,MULTI_SESSION
0123242859437730802,2017-03-09 02:54:44.000,2,MULTI_SESSION
7880167755277148359,2016-09-20 19:20:40.000,2,MULTI_SESSION
2818796658906330904,2017-07-07 21:48:16.000,4,MULTI_SESSION
262536943380332040,2016-11-03 07:22:41.000,3,MULTI_SESSION
7010415006216076512,2016-08-30 03:31:20.000,4,MULTI_SESSION
4913278259301843820,2016-08-15 17:49:33.000,2,MULTI_SESSION
7139467536826793752,2017-02-17 20:18:50.000,2,MULTI_SESSION
020153652546549774,2016-08-18 14:59:56.000,3,MULTI_SESSION
2390791639620297034,2016-08-19 00:10:48.000,2,MULTI_SESSION
0622093215836923895,2016-09-28 01:38:01.000,3,MULTI_SESSION
1996186587769697436,2017-07-14 16:40:06.000,2,MULTI_SESSION
7859759557446158559,2017-07-18 16:35:04.000,2,MULTI_SESSION
8612454810238832902,2016-12-20 16:41:16.000,2,MULTI_SESSION
9330433473613640440,2016-09-09 23:20:20.000,4,MULTI_SESSION
6108513116421518895,2017-06-29 22:51:47.000,2,MULTI_SESSION
2498790727245138194,2017-05-11 09:33:50.000,3,MULTI_SESSION
9398461133792674482,2017-05-17 15:03:43.000,2,MULTI_SESSION
6696207158105789561,2016-12-16 18:16:43.000,3,MULTI_SESSION
5446026750047012560,2017-05-15 18:04:48.000,2,MULTI_SESSION
8788548305613954215,2017-06-05 17:33:48.000,3,MULTI_SESSION
8017023262781664041,2017-06-15 17:02:58.000,2,MULTI_SESSION
3331520402601088577,2017-02-28 21:37:40.000,2,MULTI_SESSION
5810770256591004737,2016-12-29 21:44:41.000,2,MULTI_SESSION
7851653566519396144,2016-08-12 17:57:16.000,3,MULTI_SESSION
6229372461405540359,2016-12-06 14:51:50.000,2,MULTI_SESSION
9274574258402177426,2016-08-18 22:06:58.000,2,MULTI_SESSION
3748161125080071023,2016-12-03 00:25:45.000,2,MULTI_SESSION
7276513137825380307,2017-04-03 21:17:21.000,3,MULTI_SESSION
3776258872363783792,2016-08-16 14:56:48.000,2,MULTI_SESSION
8793305437694814320,2017-05-02 17:21:05.000,3,MULTI_SESSION
8582544988720326355,2016-12-20 03:09:53.000,3,MULTI_SESSION
8636734210084365159,2017-07-17 19:22:36.000,2,MULTI_SESSION
4871052832001999477,2017-05-03 20:41:29.000,2,MULTI_SESSION
8623452188249826507,2016-08-19 18:49:51.000,2,MULTI_SESSION
3645483034264563148,2016-10-05 18:28:40.000,2,MULTI_SESSION
3681004164006425285,2016-11-15 06:48:52.000,2,MULTI_SESSION
2385451684587900506,2016-08-18 20:29:23.000,2,MULTI_SESSION
0155890066027533778,2016-08-12 18:00:31.000,2,MULTI_SESSION
5483156497557634103,2017-05-03 21:46:37.000,2,MULTI_SESSION
3658549305813344156,2017-07-31 13:34:53.000,2,MULTI_SESSION
5000038412644544234,2017-07-20 21:08:08.000,2,MULTI_SESSION
9478017318518077381,2016-12-16 22:35:21.000,2,MULTI_SESSION
748349806318995156,2016-09-29 21:24:08.000,2,MULTI_SESSION
7211038241364680514,2016-08-09 17:31:34.000,3,MULTI_SESSION
3534570005343502837,2017-04-12 20:50:51.000,2,MULTI_SESSION
168621227564680642,2016-11-22 04:28:49.000,2,MULTI_SESSION
3906774598490786925,2016-08-31 19:03:39.000,4,MULTI_SESSION
367939665226673705,2017-03-06 02:52:41.000,2,MULTI_SESSION
7541337318748467634,2016-11-29 03:24:18.000,2,MULTI_SESSION
4754999393353711212,2016-12-12 00:05:07.000,4,MULTI_SESSION
6321703139771704283,2017-02-07 22:26:21.000,2,MULTI_SESSION
80317544461352905,2017-05-25 01:11:30.000,2,MULTI_SESSION
5174823732437422013,2016-12-15 02:50:46.000,3,MULTI_SESSION
6483542972874741074,2017-07-11 20:22:25.000,2,MULTI_SESSION
4744180009883384959,2017-04-28 22:47:29.000,2,MULTI_SESSION
2535875901005084868,2017-03-15 22:30:31.000,2,MULTI_SESSION
8821726080717309200,2017-07-18 22:55:34.000,2,MULTI_SESSION
8485421393652582878,2017-01-31 18:23:11.000,2,MULTI_SESSION
114291970451691046,2017-03-07 23:23:36.000,2,MULTI_SESSION
2602171406058495760,2017-05-02 15:27:35.000,3,MULTI_SESSION
4792822839185962320,2017-01-31 03:50:22.000,2,MULTI_SESSION
7651073139895028250,2017-03-18 21:16:50.000,2,MULTI_SESSION
7249775005981823793,2017-01-22 08:30:40.000,2,MULTI_SESSION
9400788889925375458,2017-04-18 04:05:41.000,2,MULTI_SESSION
039355803762628039,2017-02-26 07:16:18.000,2,MULTI_SESSION
5783843869687303136,2016-12-17 01:43:53.000,2,MULTI_SESSION
4792411607866172207,2017-02-13 22:22:43.000,2,MULTI_SESSION
4765001446497893727,2017-03-17 18:24:25.000,2,MULTI_SESSION
9605564341819923809,2016-09-20 17:44:03.000,2,MULTI_SESSION
5084365397599422550,2017-01-22 19:30:54.000,2,MULTI_SESSION
2427070933904886772,2016-10-27 21:52:36.000,3,MULTI_SESSION
8910230714986920649,2017-06-05 12:53:02.000,2,MULTI_SESSION
8259756799557639912,2017-07-16 13:43:40.000,2,MULTI_SESSION
7115504822552725751,2017-06-09 23:39:04.000,3,MULTI_SESSION
0482588777140962763,2017-04-11 15:06:35.000,2,MULTI_SESSION
0652777252868843895,2016-11-14 22:27:30.000,2,MULTI_SESSION
5772921781547143127,2017-07-06 18:35:33.000,2,MULTI_SESSION
5879037707038281515,2017-05-23 17:15:20.000,2,MULTI_SESSION
2775394985633648624,2016-12-05 20:24:07.000,2,MULTI_SESSION
9849495333412600966,2016-08-12 15:06:15.000,2,MULTI_SESSION
7964990028393230257,2017-04-22 23:44:54.000,3,MULTI_SESSION
8856514354723478027,2016-10-31 19:53:33.000,2,MULTI_SESSION
139472357811670278,2017-04-08 12:39:03.000,2,MULTI_SESSION
3756657782077054596,2016-12-13 21:18:36.000,2,MULTI_SESSION
3134386734293793643,2016-12-08 14:44:35.000,2,MULTI_SESSION
2720618835767911516,2016-08-09 20:14:56.000,2,MULTI_SESSION
4031210768119686086,2017-06-22 14:36:53.000,2,MULTI_SESSION
5720584332217047483,2017-04-18 16:18:59.000,2,MULTI_SESSION
7998818416650846708,2016-08-18 18:58:41.000,2,MULTI_SESSION
5153284426505687304,2017-04-24 15:38:50.000,2,MULTI_SESSION
4269941844937478608,2016-09-13 05:50:46.000,2,MULTI_SESSION
7857488410437380421,2017-01-28 03:52:11.000,2,MULTI_SESSION
6557047754873330077,2016-08-09 16:58:59.000,2,MULTI_SESSION
2216135722677526525,2016-11-01 22:53:20.000,2,MULTI_SESSION
6373804829064456349,2016-08-18 18:39:10.000,2,MULTI_SESSION
746996333765865062,2017-07-21 22:05:22.000,2,MULTI_SESSION
9459841378978411340,2016-09-16 02:10:56.000,2,MULTI_SESSION
908686415962464519,2016-11-23 22:06:59.000,2,MULTI_SESSION
1790630358090197146,2017-07-07 18:04:11.000,2,MULTI_SESSION
9880980015643386554,2016-12-20 23:19:38.000,2,MULTI_SESSION
4086591768623181940,2016-08-26 15:07:05.000,2,MULTI_SESSION
2136452381524374196,2017-05-14 23:34:05.000,2,MULTI_SESSION
903821245365156924,2016-12-12 00:26:20.000,2,MULTI_SESSION
9541996968314639199,2017-05-04 07:39:44.000,2,MULTI_SESSION
2158257269735455737,2017-07-08 19:44:01.000,2,MULTI_SESSION
2522954230696043073,2017-07-26 18:20:25.000,1,SINGLE_SESSION
2017847299139936256,2017-01-25 21:57:57.000,1,SINGLE_SESSION
8040137666683755877,2017-07-13 06:07:04.000,1,SINGLE_SESSION
2530900387021015168,2017-06-29 18:42:48.000,1,SINGLE_SESSION
6747257732735664599,2016-10-27 12:14:18.000,1,SINGLE_SESSION
6397047982518109428,2016-08-02 16:48:07.000,1,SINGLE_SESSION
7006877722523825276,2017-02-27 18:27:09.000,1,SINGLE_SESSION
9060309108953686961,2017-07-20 19:31:26.000,1,SINGLE_SESSION
9349364692544549739,2016-12-12 01:36:25.000,1,SINGLE_SESSION
9800325346437826374,2017-08-02 02:39:19.000,1,SINGLE_SESSION
7229076394148908578,2016-08-05 21:16:25.000,1,SINGLE_SESSION
338113462470582050,2016-08-16 16:56:51.000,1,SINGLE_SESSION
9546428836895358892,2017-06-28 15:16:48.000,1,SINGLE_SESSION
405913439928695900,2017-02-22 19:49:13.000,2,MULTI_SESSION
8149619824926013783,2017-06-14 16:14:46.000,1,SINGLE_SESSION
1479905681893527974,2017-01-07 05:46:59.000,1,SINGLE_SESSION
4210823265857640487,2017-04-19 21:18:49.000,1,SINGLE_SESSION
5565360856362837740,2016-12-06 18:48:03.000,1,SINGLE_SESSION
7467073874914897437,2017-06-15 14:39:35.000,1,SINGLE_SESSION
0884726487864103521,2017-07-09 15:59:17.000,1,SINGLE_SESSION
9972597816595372004,2016-12-09 23:42:38.000,1,SINGLE_SESSION
1824403942849017875,2016-12-22 02:01:27.000,1,SINGLE_SESSION
2868139828078411530,2016-08-23 03:11:59.000,1,SINGLE_SESSION
6197521000092572959,2017-03-28 18:22:32.000,1,SINGLE_SESSION
4883249725302903151,2017-07-26 21:25:45.000,1,SINGLE_SESSION
3672929716170838467,2016-11-05 21:53:54.000,1,SINGLE_SESSION
7486685229070363442,2017-06-12 15:28:42.000,1,SINGLE_SESSION
4013965518417405272,2017-06-14 13:25:33.000,1,SINGLE_SESSION
1138538713902258266,2016-09-15 03:30:10.000,1,SINGLE_SESSION
7628048174455037157,2016-12-05 03:45:15.000,1,SINGLE_SESSION
4431613847072004484,2017-03-20 02:42:54.000,1,SINGLE_SESSION
1490558553818530030,2017-02-10 20:54:40.000,1,SINGLE_SESSION
5002959687839673544,2016-08-05 21:27:43.000,1,SINGLE_SESSION
1108749937026114251,2017-03-01 19:00:38.000,3,MULTI_SESSION
6545782400458878065,2017-05-04 13:18:13.000,1,SINGLE_SESSION
6939779416249682537,2017-07-08 03:44:00.000,1,SINGLE_SESSION
16925875208939543,2017-06-29 15:28:59.000,1,SINGLE_SESSION
1776208883064739758,2016-10-23 20:46:23.000,1,SINGLE_SESSION
0249659095832018179,2017-07-24 21:09:45.000,1,SINGLE_SESSION
2779633414033651503,2016-11-29 00:50:39.000,1,SINGLE_SESSION
7487437966424965141,2017-07-24 18:40:13.000,1,SINGLE_SESSION
212377737904674454,2016-08-18 21:41:30.000,1,SINGLE_SESSION
5402622110310553851,2017-07-19 14:59:11.000,1,SINGLE_SESSION
1889119833894765206,2017-04-06 21:51:16.000,1,SINGLE_SESSION
0843143557737586340,2017-08-01 19:05:15.000,1,SINGLE_SESSION
6177485445701283368,2017-06-07 17:04:24.000,1,SINGLE_SESSION
5929323463037353522,2016-10-21 13:56:37.000,1,SINGLE_SESSION
6273673809581570531,2016-08-05 15:53:33.000,1,SINGLE_SESSION
9166972626679050152,2017-07-27 21:09:40.000,1,SINGLE_SESSION
2662857964839381819,2017-05-10 21:39:43.000,1,SINGLE_SESSION
0598195240627817837,2016-10-16 10:29:05.000,1,SINGLE_SESSION
555059843722195488,2016-11-30 19:47:02.000,1,SINGLE_SESSION
7616789203807782311,2017-01-01 06:11:31.000,1,SINGLE_SESSION
0223326003832256461,2016-09-20 03:17:56.000,1,SINGLE_SESSION
0457069299190177448,2017-02-16 18:42:17.000,1,SINGLE_SESSION
9923410478294660642,2017-05-16 23:27:57.000,1,SINGLE_SESSION
3412601168298155096,2017-06-24 00:14:11.000,1,SINGLE_SESSION
8841032067028596264,2016-11-04 16:21:42.000,1,SINGLE_SESSION
1805199738118049735,2017-06-12 00:22:37.000,1,SINGLE_SESSION
0533361455920078502,2016-12-01 17:13:45.000,1,SINGLE_SESSION
9705754144788625017,2016-12-11 22:55:59.000,1,SINGLE_SESSION
5477992954801999098,2016-11-29 00:24:04.000,1,SINGLE_SESSION
5553577295903148594,2016-08-23 20:27:02.000,1,SINGLE_SESSION
1139019058919826253,2017-05-01 20:23:42.000,1,SINGLE_SESSION
2224572703195879390,2017-05-04 05:38:07.000,1,SINGLE_SESSION
9360023356351962017,2017-06-13 18:41:57.000,1,SINGLE_SESSION
9480326759336957376,2016-08-18 02:40:32.000,1,SINGLE_SESSION
6521559462592776000,2017-05-16 18:42:15.000,1,SINGLE_SESSION
0640433429877929929,2017-05-19 20:31:36.000,1,SINGLE_SESSION
6187845123607693068,2017-04-24 21:59:24.000,1,SINGLE_SESSION
8474234016850664643,2016-11-13 05:57:40.000,1,SINGLE_SESSION
9737461194458412198,2017-01-23 19:26:35.000,1,SINGLE_SESSION
5268978296636589518,2016-11-19 02:11:58.000,1,SINGLE_SESSION
8651984745544066931,2016-09-20 20:12:52.000,1,SINGLE_SESSION
5584945563861944723,2016-08-17 17:13:28.000,1,SINGLE_SESSION
9940991329561445192,2016-10-06 00:47:30.000,1,SINGLE_SESSION
1915695559996088119,2017-05-05 03:24:14.000,1,SINGLE_SESSION
2693283748640225828,2017-05-18 12:51:10.000,1,SINGLE_SESSION
4499128890906609679,2016-08-24 15:51:37.000,1,SINGLE_SESSION
235043003725411619,2016-10-12 02:58:07.000,1,SINGLE_SESSION
6585154351202228572,2017-04-13 23:59:37.000,1,SINGLE_SESSION
7463172420271311409,2016-10-13 21:41:19.000,1,SINGLE_SESSION
6736342148988696892,2017-02-20 05:06:19.000,1,SINGLE_SESSION
4445678624242926919,2016-08-31 14:09:43.000,1,SINGLE_SESSION
1277222785270876004,2016-12-13 23:01:27.000,1,SINGLE_SESSION
7105658229797092867,2016-09-09 04:41:32.000,1,SINGLE_SESSION
7806543448896890229,2016-12-20 09:14:03.000,1,SINGLE_SESSION
4153704017648170071,2017-04-13 13:08:00.000,1,SINGLE_SESSION
3795540402118336665,2017-03-01 21:41:36.000,1,SINGLE_SESSION
8046522402447421999,2016-10-16 20:43:34.000,1,SINGLE_SESSION
1845281550200982748,2017-01-05 14:48:36.000,1,SINGLE_SESSION
6956884428765583506,2016-12-28 19:00:19.000,1,SINGLE_SESSION
9597957223706817135,2016-10-02 19:23:58.000,1,SINGLE_SESSION
7765852872572562365,2016-11-17 15:52:34.000,1,SINGLE_SESSION
2278010146232311473,2017-06-09 01:07:30.000,1,SINGLE_SESSION
2272979836636092591,2017-01-04 22:04:08.000,1,SINGLE_SESSION
9187801447162670683,2017-05-24 14:40:42.000,1,SINGLE_SESSION
2499234879670419046,2017-05-25 20:49:04.000,1,SINGLE_SESSION
6068721773356724228,2017-06-12 11:29:29.000,1,SINGLE_SESSION
1150675365558064618,2016-12-11 18:51:00.000,1,SINGLE_SESSION
5152933967537529701,2016-09-14 21:46:28.000,1,SINGLE_SESSION
3490941383536951175,2017-05-23 09:04:22.000,1,SINGLE_SESSION
1113340453479949203,2016-12-29 22:17:43.000,1,SINGLE_SESSION
9911451154506607743,2017-07-20 11:38:42.000,1,SINGLE_SESSION
155361204971183101,2017-05-30 19:20:36.000,1,SINGLE_SESSION
3140609844524297728,2016-11-25 16:44:10.000,1,SINGLE_SESSION
4867215343884385131,2016-12-18 18:06:26.000,1,SINGLE_SESSION
9936682614369895259,2016-08-20 19:59:09.000,1,SINGLE_SESSION
5992855371735669214,2016-10-08 18:10:00.000,2,MULTI_SESSION
651960369207538151,2016-08-19 03:34:56.000,1,SINGLE_SESSION
5652101550786394440,2017-04-18 20:11:32.000,1,SINGLE_SESSION
1004387731868322508,2017-01-23 00:52:41.000,1,SINGLE_SESSION
3073830805992104825,2016-08-23 23:52:05.000,1,SINGLE_SESSION
7589137567725941774,2016-08-01 18:23:21.000,1,SINGLE_SESSION
4433326148988100298,2016-08-14 16:31:22.000,1,SINGLE_SESSION
8428387378868441998,2017-02-27 22:39:03.000,1,SINGLE_SESSION
4548986347672972514,2017-01-17 23:34:15.000,2,MULTI_SESSION
8197492801805308758,2016-08-19 21:20:36.000,2,MULTI_SESSION
6748119640287592894,2017-06-30 06:00:53.000,1,SINGLE_SESSION
683463694449296647,2017-04-29 02:16:11.000,2,MULTI_SESSION
8985948032553964111,2016-11-16 22:11:14.000,1,SINGLE_SESSION
9495542473910378037,2017-07-19 00:50:29.000,1,SINGLE_SESSION
9941820622412680350,2016-08-30 12:43:53.000,1,SINGLE_SESSION
9546342724507949955,2016-12-08 17:16:55.000,1,SINGLE_SESSION
9218024446277360910,2016-10-07 01:43:53.000,1,SINGLE_SESSION
5451348672261739783,2017-07-31 17:03:11.000,2,MULTI_SESSION
4290831302541966980,2017-01-26 18:52:51.000,1,SINGLE_SESSION
2188014721891389633,2017-03-20 17:03:54.000,1,SINGLE_SESSION
9364595610986559397,2017-04-28 22:48:23.000,1,SINGLE_SESSION
647109355709882719,2016-12-17 00:10:57.000,1,SINGLE_SESSION
4431313163178462684,2017-01-06 22:12:07.000,1,SINGLE_SESSION
4125169582093788540,2017-04-14 18:46:14.000,1,SINGLE_SESSION
1680230246971032368,2017-03-04 00:50:25.000,1,SINGLE_SESSION
4129136216098489024,2017-03-27 00:32:47.000,1,SINGLE_SESSION
9723761653714272430,2016-12-14 13:49:07.000,2,MULTI_SESSION
4993519711854402788,2017-02-17 22:09:27.000,1,SINGLE_SESSION
2375734461566833822,2017-04-19 22:02:20.000,1,SINGLE_SESSION
4155916412734700060,2017-04-19 01:41:36.000,1,SINGLE_SESSION
2966465528641096132,2017-07-13 22:21:13.000,1,SINGLE_SESSION
6565636910376220215,2017-05-19 16:04:39.000,1,SINGLE_SESSION
9850138238904592883,2016-09-06 13:02:17.000,1,SINGLE_SESSION
7183850423980283722,2016-12-07 21:25:04.000,1,SINGLE_SESSION
2070184068182824137,2016-08-31 20:09:49.000,1,SINGLE_SESSION
3391371207605838551,2017-01-01 03:21:08.000,1,SINGLE_SESSION
3308569141773281409,2016-08-22 22:47:55.000,1,SINGLE_SESSION
574149303737191374,2016-11-29 04:55:41.000,1,SINGLE_SESSION
7527510721694637931,2016-12-06 02:53:11.000,1,SINGLE_SESSION
2418102200342405484,2017-04-01 18:48:49.000,1,SINGLE_SESSION
8145163960852754604,2016-11-04 14:31:09.000,1,SINGLE_SESSION
4350312433518754361,2017-05-16 15:33:47.000,1,SINGLE_SESSION
1178180340846951402,2017-04-03 18:53:30.000,1,SINGLE_SESSION
9593962411719065292,2016-09-01 16:27:08.000,1,SINGLE_SESSION
9701061368030628353,2016-10-10 16:50:38.000,1,SINGLE_SESSION
4921164705403021310,2017-06-15 13:53:43.000,1,SINGLE_SESSION
2325745722959450968,2016-08-12 01:21:12.000,1,SINGLE_SESSION
4329333920504195521,2017-02-24 17:06:08.000,1,SINGLE_SESSION
1554718843022291627,2016-10-19 15:03:31.000,2,MULTI_SESSION
4545152794461452964,2017-07-27 19:38:50.000,1,SINGLE_SESSION
8206950109524998366,2017-05-13 01:02:09.000,1,SINGLE_SESSION
4633732335432230842,2017-04-28 13:07:10.000,1,SINGLE_SESSION
3004372961374540128,2017-03-02 08:06:22.000,1,SINGLE_SESSION
3490620713275982342,2017-07-06 14:38:17.000,2,MULTI_SESSION
5376929534798257568,2016-09-02 01:14:30.000,1,SINGLE_SESSION
2339706083107095854,2017-03-16 20:53:04.000,1,SINGLE_SESSION
8235813332821262003,2017-04-26 21:20:59.000,1,SINGLE_SESSION
1491231904139719866,2017-04-10 19:14:48.000,1,SINGLE_SESSION
3607433621534632946,2017-05-12 17:57:17.000,1,SINGLE_SESSION
9664089506613891955,2016-08-06 19:33:32.000,1,SINGLE_SESSION
2270672806084201655,2017-06-26 21:53:07.000,1,SINGLE_SESSION
5379904968575020585,2017-06-19 00:05:54.000,1,SINGLE_SESSION
7940447523657179296,2016-12-10 16:31:14.000,1,SINGLE_SESSION
0018400544049332170,2017-03-16 05:36:32.000,1,SINGLE_SESSION
0052757360225662149,2017-04-10 20:22:17.000,1,SINGLE_SESSION
8317219000040874325,2016-09-12 13:31:13.000,1,SINGLE_SESSION
4717136695286769796,2017-07-19 04:27:41.000,1,SINGLE_SESSION
7266506425665550772,2017-01-09 18:19:04.000,1,SINGLE_SESSION
1705138501904167944,2016-08-30 21:24:20.000,1,SINGLE_SESSION
1370676865164124718,2017-06-10 01:58:10.000,1,SINGLE_SESSION
4272803504302903779,2016-10-28 03:34:34.000,1,SINGLE_SESSION
1150575182630321443,2017-04-11 03:20:44.000,1,SINGLE_SESSION
3551040750443861038,2017-07-22 00:01:20.000,1,SINGLE_SESSION
4888401942405274345,2017-01-19 22:07:31.000,1,SINGLE_SESSION
4984938517097461909,2016-12-05 03:49:09.000,1,SINGLE_SESSION
1868405397995157975,2017-07-19 00:32:53.000,1,SINGLE_SESSION
03717831825503026,2017-08-02 02:35:03.000,1,SINGLE_SESSION
8818233605702333697,2016-10-23 16:11:02.000,2,MULTI_SESSION
60637300837021971,2017-03-01 11:14:09.000,1,SINGLE_SESSION
5988082186046287943,2017-06-04 01:43:26.000,1,SINGLE_SESSION
3101662058536674321,2017-08-02 04:12:29.000,1,SINGLE_SESSION
3536855989510747054,2016-09-21 05:17:58.000,1,SINGLE_SESSION
7181633001164008604,2017-06-13 02:56:36.000,2,MULTI_SESSION
7376304169676630885,2017-01-24 17:30:54.000,1,SINGLE_SESSION
1439158050159704708,2016-12-09 18:21:10.000,1,SINGLE_SESSION
573944389511782755,2016-10-28 22:10:13.000,1,SINGLE_SESSION
9964156711625932045,2016-09-07 21:17:13.000,1,SINGLE_SESSION
0300387133164635049,2016-09-22 15:59:05.000,1,SINGLE_SESSION
7334131787094252765,2017-06-19 03:20:37.000,1,SINGLE_SESSION
2326342894526494508,2017-05-04 03:11:06.000,1,SINGLE_SESSION
4651661279125746889,2016-10-05 00:36:28.000,1,SINGLE_SESSION
1303409560162240263,2017-05-29 02:05:30.000,1,SINGLE_SESSION
7971854024765192624,2017-02-12 18:37:23.000,1,SINGLE_SESSION
3845084664510267721,2017-02-06 22:07:23.000,1,SINGLE_SESSION
8150757985945162593,2016-11-29 04:59:56.000,1,SINGLE_SESSION
0177654337280434386,2016-10-15 01:01:52.000,1,SINGLE_SESSION
301568042851919466,2017-05-23 02:35:20.000,1,SINGLE_SESSION
1859923053751186774,2016-12-09 22:58:29.000,1,SINGLE_SESSION
5610138388014426399,2017-06-28 15:21:49.000,1,SINGLE_SESSION
9814816673410517752,2017-06-29 19:25:24.000,1,SINGLE_SESSION
051516119104547275,2017-07-07 22:55:29.000,1,SINGLE_SESSION
4447376418318165565,2016-08-11 20:19:06.000,1,SINGLE_SESSION
6887277539694233275,2017-06-12 16:43:39.000,1,SINGLE_SESSION
528933380496819911,2017-01-03 18:08:20.000,1,SINGLE_SESSION
0037806222406366969,2017-06-07 19:25:40.000,1,SINGLE_SESSION
9574251971324605553,2017-03-18 01:37:09.000,1,SINGLE_SESSION
5100514931968748842,2016-09-10 01:32:49.000,1,SINGLE_SESSION
6801016533412505904,2016-10-20 21:38:09.000,1,SINGLE_SESSION
928560936983652295,2016-12-16 01:53:52.000,1,SINGLE_SESSION
4833274425620636331,2017-04-29 08:36:02.000,1,SINGLE_SESSION
4434685294441627537,2016-11-08 17:18:03.000,1,SINGLE_SESSION
8202495144218667422,2017-02-17 19:00:48.000,1,SINGLE_SESSION
4427647251308274607,2017-06-21 18:19:02.000,1,SINGLE_SESSION
4058842372773044061,2016-08-24 15:52:33.000,1,SINGLE_SESSION
7896369965230790406,2016-09-17 02:21:27.000,1,SINGLE_SESSION
2499407186380266291,2017-01-17 06:15:04.000,1,SINGLE_SESSION
9225817754546900364,2016-12-17 13:26:22.000,1,SINGLE_SESSION
5643846137033139935,2016-11-24 02:47:47.000,1,SINGLE_SESSION
7327561747023669346,2016-11-25 12:10:00.000,1,SINGLE_SESSION
7762808356071305639,2016-12-12 19:57:09.000,1,SINGLE_SESSION
4808974885561715322,2016-10-18 00:29:46.000,1,SINGLE_SESSION
45411762601202035,2016-11-15 21:11:01.000,1,SINGLE_SESSION
280088274265058989,2016-11-17 18:13:57.000,1,SINGLE_SESSION
612931240198528311,2016-10-04 21:34:27.000,1,SINGLE_SESSION
0197277329550470329,2016-09-07 15:46:05.000,1,SINGLE_SESSION
2438001988287339845,2017-07-06 19:22:28.000,1,SINGLE_SESSION
1999477392807291366,2016-08-16 18:25:43.000,1,SINGLE_SESSION
9317886250645600595,2016-08-07 00:15:31.000,1,SINGLE_SESSION
278294025625890361,2016-12-08 19:48:00.000,2,MULTI_SESSION
1853598182868352688,2017-01-19 17:21:46.000,1,SINGLE_SESSION
1113552768823939609,2017-04-25 21:13:27.000,1,SINGLE_SESSION
9991633376050115277,2017-02-18 00:12:53.000,1,SINGLE_SESSION
7950848969150459416,2016-11-26 21:37:02.000,1,SINGLE_SESSION
3238100225878296551,2017-05-01 15:08:27.000,1,SINGLE_SESSION
8199640753422534996,2017-06-13 23:02:51.000,1,SINGLE_SESSION
6318304675637687761,2016-10-17 17:10:39.000,1,SINGLE_SESSION
3803605814309337708,2016-11-16 04:22:57.000,1,SINGLE_SESSION
4904370510089389570,2016-09-10 20:47:39.000,1,SINGLE_SESSION
6332990203478940744,2017-07-05 16:34:17.000,1,SINGLE_SESSION
0071915269577377513,2016-09-21 15:03:05.000,1,SINGLE_SESSION
3756090166719377367,2016-08-07 20:04:52.000,1,SINGLE_SESSION
0106737648841708519,2017-03-31 21:52:10.000,1,SINGLE_SESSION
1579091096057417396,2016-12-14 05:25:52.000,1,SINGLE_SESSION
1515634577143113797,2017-05-27 05:58:55.000,1,SINGLE_SESSION
2341086192998604055,2016-09-22 18:51:26.000,1,SINGLE_SESSION
781232080470154469,2017-04-14 17:41:50.000,1,SINGLE_SESSION
4061992416508619194,2016-09-02 05:08:40.000,2,MULTI_SESSION
2888994662401288163,2017-07-24 19:59:08.000,1,SINGLE_SESSION
832152661091318994,2017-04-06 16:24:13.000,1,SINGLE_SESSION
3940793418850616637,2017-05-28 17:49:53.000,1,SINGLE_SESSION
4756749329689937971,2016-11-28 03:24:02.000,1,SINGLE_SESSION
354329453399627810,2016-08-05 22:56:31.000,1,SINGLE_SESSION
614194214723197176,2016-11-14 08:07:53.000,1,SINGLE_SESSION
9561553646862286320,2016-10-10 05:09:47.000,1,SINGLE_SESSION
3584235737298895551,2017-03-06 18:48:01.000,1,SINGLE_SESSION
0426743790293007914,2017-04-21 20:28:40.000,1,SINGLE_SESSION
412554141248368974,2017-04-17 15:06:05.000,1,SINGLE_SESSION
2510791568842983077,2017-04-28 23:24:29.000,1,SINGLE_SESSION
3818907842286090895,2017-06-27 18:38:18.000,1,SINGLE_SESSION
0126511061239826414,2017-06-29 02:42:09.000,1,SINGLE_SESSION
0600237702497948707,2017-07-15 00:40:38.000,1,SINGLE_SESSION
7801319347320449499,2016-12-29 17:55:45.000,1,SINGLE_SESSION
9070662269260587187,2017-04-18 16:06:07.000,3,MULTI_SESSION
477281910993120754,2016-12-15 19:15:46.000,1,SINGLE_SESSION
8031999310239628131,2017-04-21 20:03:44.000,1,SINGLE_SESSION
5822507933950727882,2016-12-12 22:37:31.000,1,SINGLE_SESSION
32658239211545930,2016-12-17 00:26:06.000,1,SINGLE_SESSION
9076855423971870982,2016-12-16 19:53:38.000,1,SINGLE_SESSION
8287454401511660857,2017-07-07 18:47:17.000,1,SINGLE_SESSION
86439549065030167,2016-12-09 17:08:33.000,1,SINGLE_SESSION
461656900049182225,2016-12-07 00:05:16.000,1,SINGLE_SESSION
0973548621648537135,2017-06-18 22:22:16.000,1,SINGLE_SESSION
0103234801488366057,2017-06-15 04:17:00.000,1,SINGLE_SESSION
3073854849237490517,2017-01-24 18:22:43.000,1,SINGLE_SESSION
6794112710771177678,2016-12-09 00:26:43.000,1,SINGLE_SESSION
7390694585389371689,2016-09-13 05:11:38.000,1,SINGLE_SESSION
0376116041887932016,2017-05-20 03:29:14.000,1,SINGLE_SESSION
6923538031077871688,2016-08-23 12:17:17.000,1,SINGLE_SESSION
0394645209696766041,2017-04-20 15:03:35.000,3,MULTI_SESSION
3229423601682163075,2016-12-20 23:22:45.000,1,SINGLE_SESSION
627462873100311863,2016-08-10 20:15:24.000,1,SINGLE_SESSION
5003837792682817049,2016-08-23 15:05:19.000,1,SINGLE_SESSION
6366599753024688365,2016-12-17 03:11:40.000,1,SINGLE_SESSION
6215086424857497145,2016-09-26 19:17:20.000,1,SINGLE_SESSION
1631675056945352864,2016-11-08 02:08:43.000,1,SINGLE_SESSION
874039896692941691,2017-04-22 22:52:16.000,1,SINGLE_SESSION
8693462511450231969,2017-06-28 23:33:29.000,3,MULTI_SESSION
4998040848366401198,2017-05-16 20:11:10.000,1,SINGLE_SESSION
8919336618754256169,2016-08-22 20:48:48.000,1,SINGLE_SESSION
5481905937199610748,2016-08-19 19:05:53.000,1,SINGLE_SESSION
5522900869566252601,2017-05-20 03:08:19.000,1,SINGLE_SESSION
6710887116660437849,2016-10-27 16:37:52.000,1,SINGLE_SESSION
5526508111832118259,2017-04-06 02:56:33.000,1,SINGLE_SESSION
902909418531010642,2016-10-05 15:36:58.000,1,SINGLE_SESSION
4186017304980916856,2016-12-11 18:57:41.000,1,SINGLE_SESSION
9218407649546437318,2017-02-04 18:12:45.000,1,SINGLE_SESSION
8923647985251251100,2016-11-02 15:30:56.000,2,MULTI_SESSION
4892436611585993575,2017-03-29 22:46:10.000,1,SINGLE_SESSION
2765600170836507620,2017-07-01 02:02:07.000,1,SINGLE_SESSION
6846751553116402578,2016-11-19 06:47:54.000,1,SINGLE_SESSION
1840851331130609869,2017-05-19 15:32:16.000,1,SINGLE_SESSION
8932337508272506639,2016-08-23 20:26:12.000,1,SINGLE_SESSION
8339039424154298019,2016-11-14 13:24:01.000,1,SINGLE_SESSION
649093489751982679,2017-01-05 19:51:49.000,1,SINGLE_SESSION
7477146057219663265,2016-12-10 14:08:07.000,1,SINGLE_SESSION
3004558103981470541,2016-08-13 13:47:24.000,1,SINGLE_SESSION
6909642805353116140,2016-11-23 03:49:28.000,1,SINGLE_SESSION
7166449056011989823,2017-07-29 01:29:55.000,1,SINGLE_SESSION
4716582509715548824,2016-12-20 22:07:34.000,1,SINGLE_SESSION
163790840341192154,2017-05-01 14:46:18.000,1,SINGLE_SESSION
2133819475658322913,2016-10-07 20:48:11.000,1,SINGLE_SESSION
6379920233928997690,2016-12-20 04:42:52.000,1,SINGLE_SESSION
4289438009757949652,2016-10-28 21:44:27.000,1,SINGLE_SESSION
770809688008689824,2016-12-05 00:48:38.000,1,SINGLE_SESSION
1600149537033335850,2017-01-12 15:56:51.000,1,SINGLE_SESSION
3651236178297413161,2016-08-04 20:05:25.000,2,MULTI_SESSION
3264354418157735832,2017-04-14 16:26:40.000,1,SINGLE_SESSION
1194057648431654895,2016-08-04 19:38:15.000,1,SINGLE_SESSION
1871702930440783292,2016-12-06 14:21:48.000,1,SINGLE_SESSION
9174179047311042433,2017-04-02 20:28:46.000,1,SINGLE_SESSION
2242104653639396503,2017-02-06 16:31:52.000,1,SINGLE_SESSION
1257490177603749708,2016-11-21 19:30:12.000,1,SINGLE_SESSION
4609004095369993884,2016-12-12 15:05:24.000,1,SINGLE_SESSION
4144610970742567505,2016-11-08 20:31:37.000,1,SINGLE_SESSION
3272999989978814432,2016-09-21 16:21:52.000,1,SINGLE_SESSION
9820981713611818804,2017-05-30 01:51:37.000,1,SINGLE_SESSION
1244801370532831083,2017-05-08 13:39:13.000,1,SINGLE_SESSION
0039541267107154262,2017-03-09 23:28:40.000,2,MULTI_SESSION
2120739286981065717,2016-08-19 23:57:54.000,1,SINGLE_SESSION
0990618717119574179,2017-03-18 10:44:45.000,1,SINGLE_SESSION
7990454624282115583,2016-08-16 17:21:20.000,1,SINGLE_SESSION
7041939324822632725,2017-02-06 10:10:30.000,2,MULTI_SESSION
054330779667294142,2017-03-01 16:35:38.000,1,SINGLE_SESSION
3943384499857599795,2016-11-06 01:09:00.000,1,SINGLE_SESSION
8432434567618305534,2016-11-17 14:33:49.000,1,SINGLE_SESSION
963477944460779466,2017-02-15 15:25:02.000,1,SINGLE_SESSION
7024887290534321436,2016-08-10 11:56:37.000,1,SINGLE_SESSION
6161008346911953801,2016-08-18 01:59:03.000,1,SINGLE_SESSION
9913050839913654697,2017-01-23 04:25:36.000,1,SINGLE_SESSION
1958192249642375634,2017-07-06 21:51:35.000,1,SINGLE_SESSION
1922068803710051901,2017-06-27 22:12:30.000,1,SINGLE_SESSION
319754919174019978,2016-10-19 04:12:14.000,1,SINGLE_SESSION
9460311742865907976,2017-07-02 16:26:56.000,1,SINGLE_SESSION
0855579681303585688,2017-01-29 00:20:29.000,1,SINGLE_SESSION
601115360451826853,2016-12-17 10:46:29.000,1,SINGLE_SESSION
1380620338132951114,2016-08-02 12:49:34.000,1,SINGLE_SESSION
3023150673904002586,2017-05-22 17:45:47.000,1,SINGLE_SESSION
1441816679922276355,2017-02-24 22:13:13.000,1,SINGLE_SESSION
6368397027577804857,2016-12-02 17:29:54.000,1,SINGLE_SESSION
2680658100741935889,2016-08-24 16:20:01.000,1,SINGLE_SESSION
3957742022679952929,2016-09-26 16:13:45.000,1,SINGLE_SESSION
6208916346647925082,2017-05-16 23:23:33.000,1,SINGLE_SESSION
4785301051218469370,2016-12-13 13:11:07.000,1,SINGLE_SESSION
029131400687020410,2016-11-16 21:59:02.000,1,SINGLE_SESSION
1478676114594382999,2017-03-28 00:02:24.000,1,SINGLE_SESSION
4738075153873011166,2017-01-09 19:33:36.000,1,SINGLE_SESSION
2411342939507401088,2016-08-10 15:47:17.000,1,SINGLE_SESSION
7888170618859992433,2016-08-24 08:13:22.000,1,SINGLE_SESSION
8943826077363330152,2017-02-11 04:23:30.000,1,SINGLE_SESSION
6797720832813064736,2017-04-28 22:28:26.000,1,SINGLE_SESSION
3158480820561583976,2016-12-05 15:52:52.000,1,SINGLE_SESSION
4248371706463587164,2016-11-17 15:24:18.000,1,SINGLE_SESSION
6434529848917019057,2016-11-01 06:41:03.000,1,SINGLE_SESSION
3541771014027462140,2017-02-15 19:27:12.000,1,SINGLE_SESSION
4070877498378566349,2017-04-17 17:24:35.000,1,SINGLE_SESSION
5033337296820390536,2016-10-23 16:21:48.000,1,SINGLE_SESSION
6350737795498436074,2017-05-08 16:23:52.000,1,SINGLE_SESSION
3978036795131267549,2017-04-18 19:18:12.000,1,SINGLE_SESSION
5849047168572245769,2017-04-17 00:03:32.000,1,SINGLE_SESSION
9450483833307402164,2017-04-26 23:21:48.000,1,SINGLE_SESSION
2459432206617896206,2017-07-30 05:37:34.000,1,SINGLE_SESSION
688220916941408964,2017-05-07 00:25:41.000,1,SINGLE_SESSION
8903811163323410238,2017-07-14 00:26:15.000,1,SINGLE_SESSION
5368975563333608262,2017-01-31 13:12:24.000,1,SINGLE_SESSION
4112758013155736648,2016-11-03 21:13:25.000,1,SINGLE_SESSION
8685842435623374798,2016-10-18 14:38:36.000,1,SINGLE_SESSION
3402015087347475217,2017-04-13 22:13:19.000,1,SINGLE_SESSION
5760490901418119265,2017-04-19 22:09:54.000,1,SINGLE_SESSION
6843021103780631500,2016-12-01 02:42:49.000,1,SINGLE_SESSION
1456483801391424106,2017-03-04 16:53:25.000,1,SINGLE_SESSION
5834707574158732098,2017-05-31 20:33:18.000,1,SINGLE_SESSION
8360090579788961221,2017-06-19 18:37:30.000,1,SINGLE_SESSION
5389570211397748919,2016-12-10 03:38:02.000,1,SINGLE_SESSION
1436571442090178657,2017-04-26 14:36:24.000,1,SINGLE_SESSION
8021466760366947417,2017-05-20 21:01:21.000,1,SINGLE_SESSION
5607760817604104979,2017-05-21 18:53:48.000,1,SINGLE_SESSION
6786029887137297772,2017-02-17 22:32:44.000,1,SINGLE_SESSION
6192520188737101553,2016-08-17 00:19:19.000,1,SINGLE_SESSION
789905443393425189,2017-01-03 00:06:51.000,1,SINGLE_SESSION
3567990823007256215,2017-03-20 15:40:38.000,1,SINGLE_SESSION
5363423256210822275,2017-02-20 15:04:31.000,1,SINGLE_SESSION
1295206490988113981,2017-05-13 22:00:20.000,2,MULTI_SESSION
476915905383539402,2016-12-13 17:00:26.000,1,SINGLE_SESSION
9237271576556447449,2017-01-23 01:54:44.000,1,SINGLE_SESSION
3189657412693012023,2016-09-03 14:58:13.000,1,SINGLE_SESSION
1936804138170458457,2017-03-17 01:42:35.000,1,SINGLE_SESSION
9891213406376337214,2016-10-31 13:22:34.000,1,SINGLE_SESSION
0129621051269020257,2016-11-10 04:41:27.000,1,SINGLE_SESSION
2420756541858063826,2017-04-28 22:46:44.000,1,SINGLE_SESSION
4267667384999270973,2017-04-03 20:28:30.000,1,SINGLE_SESSION
2561731443913596466,2017-03-05 23:07:09.000,1,SINGLE_SESSION
704373157724192220,2017-07-07 13:58:47.000,1,SINGLE_SESSION
6494770218013686289,2016-08-17 00:02:43.000,1,SINGLE_SESSION
4438771378166633435,2016-11-29 21:21:44.000,1,SINGLE_SESSION
0284098486783069978,2017-03-18 05:37:53.000,1,SINGLE_SESSION
9050596587717743130,2016-09-01 17:25:47.000,1,SINGLE_SESSION
6037412484633383293,2016-09-08 18:29:50.000,1,SINGLE_SESSION
4759981878863963838,2017-03-28 19:24:15.000,1,SINGLE_SESSION
7589140490994660050,2017-04-07 05:30:13.000,1,SINGLE_SESSION
7316841871565144800,2017-06-15 16:46:51.000,1,SINGLE_SESSION
2551061282285178751,2017-07-07 17:58:17.000,1,SINGLE_SESSION
9654758935896158776,2017-07-18 21:51:11.000,1,SINGLE_SESSION
3770077969238052019,2016-11-30 15:52:46.000,1,SINGLE_SESSION
9508544975396755922,2017-02-06 22:43:37.000,1,SINGLE_SESSION
8837556108431981384,2017-06-08 15:56:44.000,1,SINGLE_SESSION
7351811396250801209,2017-06-05 01:08:24.000,1,SINGLE_SESSION
4807930160918189094,2017-07-26 20:06:20.000,1,SINGLE_SESSION
1392760476578326953,2017-07-21 05:11:40.000,1,SINGLE_SESSION
1152996160105324502,2016-08-09 01:16:29.000,1,SINGLE_SESSION
9017088554957791620,2017-03-21 03:15:42.000,1,SINGLE_SESSION
6844624827081744430,2016-11-07 21:40:19.000,1,SINGLE_SESSION
4776093048652012381,2016-12-18 18:57:34.000,1,SINGLE_SESSION
6885840890081039756,2017-07-25 03:13:11.000,1,SINGLE_SESSION
1492792022571405239,2017-03-11 05:36:17.000,1,SINGLE_SESSION
2114561506253117840,2017-02-02 20:51:35.000,1,SINGLE_SESSION
070893140406305841,2017-01-17 17:32:02.000,1,SINGLE_SESSION
6704734820582532238,2016-09-07 00:48:32.000,1,SINGLE_SESSION
3449650648542579029,2016-11-28 18:53:45.000,1,SINGLE_SESSION
6985203880569403646,2016-12-17 18:41:24.000,1,SINGLE_SESSION
4878479233087678463,2017-06-12 13:36:29.000,1,SINGLE_SESSION
1255368394012652243,2017-07-04 00:02:37.000,1,SINGLE_SESSION
8775794095398505821,2016-12-28 15:36:22.000,1,SINGLE_SESSION
6245962080386953755,2017-07-17 22:58:15.000,1,SINGLE_SESSION
1911795501373926670,2016-09-23 08:10:44.000,1,SINGLE_SESSION
7757589561918883331,2017-07-30 17:10:57.000,1,SINGLE_SESSION
8330472429404648819,2016-12-30 00:43:43.000,1,SINGLE_SESSION
32664267931257576,2016-09-21 16:19:53.000,2,MULTI_SESSION
4343338159400542614,2017-05-19 19:22:44.000,1,SINGLE_SESSION
1864783493750770519,2016-11-15 22:35:41.000,1,SINGLE_SESSION
481908738776854721,2017-07-21 01:09:44.000,1,SINGLE_SESSION
7619394198510596551,2016-11-18 17:19:40.000,2,MULTI_SESSION
391659178324668475,2017-01-18 14:28:38.000,1,SINGLE_SESSION
4310458187512835910,2016-08-28 21:30:48.000,1,SINGLE_SESSION
0259650808338553210,2017-06-12 18:10:26.000,1,SINGLE_SESSION
0200510094584379080,2016-12-04 18:59:09.000,1,SINGLE_SESSION
2785595904293222029,2016-09-13 12:58:05.000,1,SINGLE_SESSION
5291604673691887906,2016-12-02 05:49:03.000,1,SINGLE_SESSION
072871522029318255,2017-01-25 06:57:31.000,3,MULTI_SESSION
859568085427811091,2016-08-15 19:04:53.000,1,SINGLE_SESSION
0254089780577334336,2017-04-12 23:42:35.000,1,SINGLE_SESSION
3730067279535822906,2017-04-12 12:36:26.000,1,SINGLE_SESSION
1516347018012240739,2017-05-01 15:14:42.000,1,SINGLE_SESSION
6023796381284015578,2017-05-12 14:48:39.000,1,SINGLE_SESSION
4474128110841843619,2017-06-12 18:25:00.000,1,SINGLE_SESSION
2339818672404404924,2016-12-15 16:03:37.000,2,MULTI_SESSION
6283772271551550075,2016-12-30 00:03:16.000,1,SINGLE_SESSION
9155837924786381268,2017-05-01 14:06:55.000,1,SINGLE_SESSION
2101739683956099127,2017-06-04 01:05:57.000,1,SINGLE_SESSION
1916023905118162049,2016-12-15 23:07:14.000,1,SINGLE_SESSION
9633718916074132320,2017-01-07 23:10:13.000,1,SINGLE_SESSION
292962023286659973,2016-12-11 00:13:57.000,1,SINGLE_SESSION
4923243433046835289,2016-09-15 15:53:06.000,2,MULTI_SESSION
0923541731542437040,2017-05-11 18:14:14.000,1,SINGLE_SESSION
2380682352462112558,2017-04-04 07:39:35.000,1,SINGLE_SESSION
8899113493615355633,2017-07-28 21:31:28.000,1,SINGLE_SESSION
813947615217983131,2016-08-19 21:20:39.000,1,SINGLE_SESSION
862629398621481731,2016-09-28 20:52:47.000,1,SINGLE_SESSION
8600540361187212386,2016-11-21 19:00:18.000,1,SINGLE_SESSION
1501922563642798112,2017-07-15 18:40:20.000,1,SINGLE_SESSION
1929978424426570223,2017-07-16 09:15:18.000,1,SINGLE_SESSION
5676082759933855765,2016-11-29 05:47:26.000,1,SINGLE_SESSION
8104799165934477164,2016-12-08 20:02:28.000,1,SINGLE_SESSION
8177926454449055094,2016-12-24 22:52:13.000,1,SINGLE_SESSION
1008230340188426455,2017-05-15 14:13:43.000,1,SINGLE_SESSION
094073617799666175,2016-08-16 20:53:23.000,1,SINGLE_SESSION
0783281135159334087,2016-08-30 00:06:14.000,1,SINGLE_SESSION
2801809770400921777,2017-06-18 22:55:57.000,1,SINGLE_SESSION
9321249088840780912,2016-10-14 23:25:52.000,1,SINGLE_SESSION
0592466522618439413,2017-01-10 05:45:55.000,1,SINGLE_SESSION
1220988755233243362,2017-05-16 15:30:35.000,1,SINGLE_SESSION
6564152786656423279,2017-02-17 14:57:36.000,1,SINGLE_SESSION
6667812222576375440,2016-12-12 18:34:32.000,1,SINGLE_SESSION
0343219748684366958,2017-03-18 19:55:42.000,1,SINGLE_SESSION
8521375068739461151,2016-10-25 21:33:54.000,1,SINGLE_SESSION
1521151312115546535,2016-11-08 19:13:46.000,1,SINGLE_SESSION
6486169111223038083,2017-04-24 19:44:16.000,1,SINGLE_SESSION
7900214462329441890,2017-04-26 19:23:09.000,1,SINGLE_SESSION
4373501148978271685,2016-12-06 06:23:23.000,1,SINGLE_SESSION
1958027061626351603,2016-09-16 14:55:12.000,1,SINGLE_SESSION
6752104622110349075,2017-07-26 19:51:34.000,1,SINGLE_SESSION
8083032289819495499,2016-11-06 02:20:53.000,1,SINGLE_SESSION
9216546597638935577,2017-03-25 17:53:44.000,1,SINGLE_SESSION
9800958292463692895,2017-06-15 17:46:23.000,1,SINGLE_SESSION
3395251230971763011,2016-12-06 06:14:32.000,1,SINGLE_SESSION
7727862869206137569,2016-12-30 04:49:40.000,1,SINGLE_SESSION
2509610432440596099,2016-10-07 15:32:02.000,1,SINGLE_SESSION
0783843790747551730,2017-05-01 17:37:16.000,1,SINGLE_SESSION
9596205344388090168,2016-11-04 19:53:16.000,1,SINGLE_SESSION
0459959187480356493,2017-02-07 22:59:16.000,1,SINGLE_SESSION
4596534412913426333,2016-11-29 14:36:48.000,1,SINGLE_SESSION
371943164406822128,2017-03-27 22:21:37.000,1,SINGLE_SESSION
8835920502090073411,2017-04-26 10:33:32.000,1,SINGLE_SESSION
9664379686822682449,2017-06-21 20:45:43.000,1,SINGLE_SESSION
2797925470043622325,2017-07-28 01:05:18.000,1,SINGLE_SESSION
789749143659143555,2016-09-18 20:52:36.000,1,SINGLE_SESSION
7350793045976348171,2016-12-01 17:06:23.000,1,SINGLE_SESSION
9710874505391569149,2016-10-31 19:13:13.000,1,SINGLE_SESSION
2274847560910681571,2016-10-11 15:39:03.000,1,SINGLE_SESSION
5671719199907401698,2017-05-12 20:55:34.000,1,SINGLE_SESSION
9103904807286032744,2016-12-07 04:18:33.000,1,SINGLE_SESSION
1307179574652877975,2017-05-01 14:05:45.000,1,SINGLE_SESSION
9914300408059481847,2016-12-11 21:35:13.000,1,SINGLE_SESSION
9019087328365285075,2016-11-26 01:53:15.000,1,SINGLE_SESSION
0602460866377412564,2016-08-15 07:04:48.000,1,SINGLE_SESSION
5541311886379272019,2017-01-12 21:02:44.000,1,SINGLE_SESSION
9389394020676013822,2017-04-07 04:29:22.000,1,SINGLE_SESSION
947967641100341579,2017-07-13 00:49:40.000,1,SINGLE_SESSION
4589600625729389981,2017-07-10 15:25:59.000,1,SINGLE_SESSION
9804901099323555269,2017-04-26 17:53:46.000,1,SINGLE_SESSION
4272086448869287374,2016-10-17 23:32:06.000,2,MULTI_SESSION
1066020050760729061,2016-12-03 01:28:34.000,1,SINGLE_SESSION
8232554790596957878,2016-09-09 17:43:50.000,1,SINGLE_SESSION
7445164027729340348,2017-04-03 13:56:28.000,1,SINGLE_SESSION
4345063544012377407,2016-11-05 03:08:21.000,1,SINGLE_SESSION
875793319247047495,2017-04-10 02:21:22.000,1,SINGLE_SESSION
6745703990987927625,2017-06-14 20:49:32.000,1,SINGLE_SESSION
541801617495136574,2016-10-26 17:56:07.000,1,SINGLE_SESSION
9020019480311270668,2016-08-09 19:46:54.000,1,SINGLE_SESSION
365101430299852345,2016-08-18 14:26:24.000,1,SINGLE_SESSION
0167578525300211228,2017-03-27 15:28:23.000,1,SINGLE_SESSION
0831511922986457407,2016-08-01 15:11:37.000,1,SINGLE_SESSION
349934101169965198,2017-05-18 20:50:00.000,1,SINGLE_SESSION
4801984490554009154,2016-09-06 17:36:13.000,1,SINGLE_SESSION
6116451045080877616,2016-12-09 23:20:35.000,1,SINGLE_SESSION
7140150337811297731,2016-10-25 01:08:09.000,1,SINGLE_SESSION
4184351765093293485,2016-12-19 17:54:55.000,2,MULTI_SESSION
6345608688944426965,2016-11-27 23:48:17.000,1,SINGLE_SESSION
9044996785634982792,2016-11-03 16:37:10.000,1,SINGLE_SESSION
6177876105515217779,2017-05-22 16:07:23.000,1,SINGLE_SESSION
541939415042873067,2017-04-13 11:49:42.000,1,SINGLE_SESSION
7559237002238167612,2017-05-11 20:39:37.000,1,SINGLE_SESSION
4793028201432208577,2017-05-31 23:06:34.000,1,SINGLE_SESSION
848832409381195628,2017-05-18 15:40:19.000,1,SINGLE_SESSION
402676978143600773,2016-11-08 06:06:31.000,1,SINGLE_SESSION
4384177385642210717,2016-11-18 02:35:38.000,1,SINGLE_SESSION
3290482216407456011,2016-08-12 04:55:31.000,1,SINGLE_SESSION
0069975515256019300,2016-11-07 19:48:53.000,1,SINGLE_SESSION
512988788718016553,2017-05-16 13:22:28.000,1,SINGLE_SESSION
5745951615657904968,2016-12-01 16:05:35.000,1,SINGLE_SESSION
6832732370035562735,2016-08-07 16:34:28.000,1,SINGLE_SESSION
2415225635917488900,2016-11-16 00:12:39.000,1,SINGLE_SESSION
1836393666420378947,2016-09-30 16:40:54.000,1,SINGLE_SESSION
6190196977487218557,2017-05-30 17:59:03.000,1,SINGLE_SESSION
6051565234057723830,2017-02-01 17:58:39.000,1,SINGLE_SESSION
4939724029492758194,2016-11-19 04:04:02.000,1,SINGLE_SESSION
2586807659986814314,2016-11-30 19:56:43.000,1,SINGLE_SESSION
6489080031985110076,2016-12-07 03:02:26.000,1,SINGLE_SESSION
6879713606800508023,2016-08-14 12:08:21.000,1,SINGLE_SESSION
68437640696494161,2016-12-14 17:41:55.000,1,SINGLE_SESSION
2252031469260108936,2017-05-12 15:06:31.000,1,SINGLE_SESSION
6030957980134486247,2016-08-02 00:13:37.000,1,SINGLE_SESSION
2050051246311654056,2016-12-17 15:35:09.000,1,SINGLE_SESSION
6889995809478638827,2017-03-27 17:35:18.000,1,SINGLE_SESSION
1939406125512685779,2016-08-05 18:42:01.000,1,SINGLE_SESSION
3968957980752374922,2017-06-13 09:42:40.000,1,SINGLE_SESSION
7626008159205100378,2017-03-29 20:45:50.000,1,SINGLE_SESSION
7004942470658795502,2017-05-10 03:46:40.000,1,SINGLE_SESSION
4593703173847947843,2017-02-13 19:26:19.000,1,SINGLE_SESSION
1714224568602115388,2017-02-04 18:10:27.000,1,SINGLE_SESSION
4681864752414054401,2016-08-04 22:13:50.000,1,SINGLE_SESSION
8659538857931665839,2017-04-12 16:41:50.000,1,SINGLE_SESSION
6752966524308578195,2017-07-27 01:57:15.000,1,SINGLE_SESSION
4879562471912018386,2017-06-15 02:31:00.000,1,SINGLE_SESSION
0062398744583501057,2016-08-02 14:04:23.000,1,SINGLE_SESSION
3804473994888997849,2016-11-13 00:30:44.000,2,MULTI_SESSION
7811787934602942622,2017-05-30 07:29:22.000,1,SINGLE_SESSION
3055210275041063750,2017-03-27 14:38:30.000,1,SINGLE_SESSION
3693780642505402534,2017-05-18 16:52:23.000,1,SINGLE_SESSION
1383687428379664179,2017-05-19 17:18:30.000,1,SINGLE_SESSION
3004593292265626624,2017-07-27 15:47:47.000,1,SINGLE_SESSION
5964418919606294332,2016-08-29 02:00:23.000,2,MULTI_SESSION
9731351380091791032,2017-03-29 19:28:57.000,1,SINGLE_SESSION
5704806985396166300,2016-09-20 23:24:33.000,1,SINGLE_SESSION
081556422471965129,2017-05-24 05:09:01.000,2,MULTI_SESSION
6983400713632965044,2017-02-21 21:57:20.000,1,SINGLE_SESSION
2006057472534260392,2016-10-06 06:44:00.000,1,SINGLE_SESSION
7945508458206701256,2017-03-20 15:33:07.000,1,SINGLE_SESSION
4815752337215431060,2016-12-11 17:05:37.000,1,SINGLE_SESSION
5766280637423737637,2017-01-12 19:41:47.000,1,SINGLE_SESSION
6379051489407304771,2017-01-10 01:01:44.000,1,SINGLE_SESSION
5789301250330141247,2016-10-24 02:10:44.000,1,SINGLE_SESSION
7731550683138800842,2016-10-07 21:32:32.000,1,SINGLE_SESSION
75338234785752253,2017-05-09 14:54:06.000,1,SINGLE_SESSION
9199984406158134288,2017-07-24 17:44:54.000,1,SINGLE_SESSION
466572721242688035,2017-04-11 15:05:37.000,1,SINGLE_SESSION
0654377071872368830,2017-06-10 01:06:21.000,1,SINGLE_SESSION
1725664254318126808,2017-05-18 20:58:03.000,1,SINGLE_SESSION
7171943038143298955,2017-07-21 15:37:20.000,1,SINGLE_SESSION
3213840074316400693,2016-08-01 13:13:57.000,1,SINGLE_SESSION
3756873695566365595,2017-03-20 20:23:57.000,1,SINGLE_SESSION
1781010856470588280,2017-02-02 12:20:53.000,1,SINGLE_SESSION
8951208689934718226,2016-11-05 19:59:49.000,1,SINGLE_SESSION
4859844656224235412,2017-02-17 23:11:38.000,1,SINGLE_SESSION
7637583730181533171,2017-01-23 21:07:23.000,1,SINGLE_SESSION
2811132188167803677,2017-06-20 07:13:49.000,1,SINGLE_SESSION
0415608676546432559,2017-04-04 21:17:28.000,1,SINGLE_SESSION
0220950878922124751,2016-10-17 16:02:25.000,1,SINGLE_SESSION
6053028616737271033,2016-12-14 04:47:33.000,1,SINGLE_SESSION
759713225034747479,2016-09-12 21:49:44.000,2,MULTI_SESSION
8896354517270377478,2016-09-17 20:36:43.000,2,MULTI_SESSION
0225621684999318305,2016-11-17 18:09:06.000,2,MULTI_SESSION
3028833598226517640,2017-05-02 19:08:07.000,1,SINGLE_SESSION
1828950887342366657,2017-02-10 07:26:02.000,1,SINGLE_SESSION
4174008402411981050,2017-01-31 23:03:20.000,1,SINGLE_SESSION
2704783568833269551,2017-03-02 00:16:38.000,1,SINGLE_SESSION
8737287377964426748,2017-07-19 04:22:37.000,1,SINGLE_SESSION
8612048345358957540,2017-03-06 18:57:13.000,1,SINGLE_SESSION
8951303541866316338,2016-11-25 07:41:57.000,1,SINGLE_SESSION
0461226362137454102,2017-03-22 01:24:57.000,1,SINGLE_SESSION
7135501439884721807,2016-12-16 00:41:14.000,1,SINGLE_SESSION
1807459329834754968,2016-12-12 19:17:56.000,1,SINGLE_SESSION
9775593270405443706,2016-10-04 12:53:42.000,1,SINGLE_SESSION
1261307483031357677,2016-09-20 16:09:11.000,1,SINGLE_SESSION
2863616485775419102,2017-07-17 18:12:19.000,1,SINGLE_SESSION
5902646703490529789,2016-10-16 21:59:51.000,1,SINGLE_SESSION
9979979376705372624,2017-03-29 04:33:48.000,1,SINGLE_SESSION
3448395334687442693,2017-05-02 10:39:13.000,1,SINGLE_SESSION
5950002807583748415,2017-05-31 18:44:22.000,1,SINGLE_SESSION
3853123258753692320,2016-10-01 17:20:00.000,1,SINGLE_SESSION
1187855968690092966,2017-04-10 15:18:37.000,1,SINGLE_SESSION
0733757037931594916,2017-01-18 01:21:41.000,1,SINGLE_SESSION
7549018693147139629,2017-03-20 18:54:03.000,1,SINGLE_SESSION
0664955402835707900,2016-11-07 15:37:10.000,1,SINGLE_SESSION
5414778440969335716,2017-01-04 23:55:46.000,1,SINGLE_SESSION
3329885141648806984,2016-10-15 00:10:39.000,1,SINGLE_SESSION
6942919918740453716,2017-05-11 17:09:09.000,1,SINGLE_SESSION
4000951838417257099,2016-11-16 04:06:20.000,1,SINGLE_SESSION
8565474882130184766,2016-10-26 09:57:59.000,23,MULTI_SESSION
1090774782213816251,2017-07-16 20:33:43.000,4,MULTI_SESSION
6529261967068003894,2016-10-29 22:16:44.000,4,MULTI_SESSION
9501779440932333497,2017-06-16 20:49:44.000,12,MULTI_SESSION
7148144150778064807,2016-12-12 20:30:22.000,4,MULTI_SESSION
351681171177883933,2017-08-01 14:45:02.000,13,MULTI_SESSION
7483600664917507409,2017-07-31 21:40:17.000,26,MULTI_SESSION
4036695378449540485,2016-12-12 18:12:24.000,6,MULTI_SESSION
4146222468180363567,2017-07-26 15:39:43.000,9,MULTI_SESSION
1071398867043685120,2017-05-05 00:17:11.000,3,MULTI_SESSION
1899188148702016323,2016-08-26 02:58:12.000,9,MULTI_SESSION
2245825143806185917,2016-09-21 22:35:03.000,9,MULTI_SESSION
2555463819232482214,2016-09-19 16:50:06.000,3,MULTI_SESSION
6998123451602955017,2017-06-12 19:46:22.000,6,MULTI_SESSION
4954104372629148493,2017-03-29 17:52:57.000,6,MULTI_SESSION
0780253600713375371,2017-06-14 23:14:44.000,4,MULTI_SESSION
3709746839130866401,2017-02-14 18:55:19.000,3,MULTI_SESSION
2517364798811740879,2016-10-21 00:24:08.000,6,MULTI_SESSION
6192730343832686295,2017-05-03 18:23:20.000,4,MULTI_SESSION
4921413806940784676,2017-04-05 22:28:10.000,18,MULTI_SESSION
9229542996504034507,2017-06-08 16:58:11.000,4,MULTI_SESSION
7632396110260336309,2016-12-16 19:16:11.000,6,MULTI_SESSION
7138325410902068496,2016-11-18 02:38:23.000,4,MULTI_SESSION
7062970528826442292,2016-08-16 00:23:05.000,7,MULTI_SESSION
9069857677561627108,2016-11-19 04:56:47.000,5,MULTI_SESSION
437168720279817148,2016-09-29 19:21:40.000,3,MULTI_SESSION
8008641986881155629,2017-02-17 18:49:30.000,7,MULTI_SESSION
0126612099954375841,2017-08-01 16:58:07.000,6,MULTI_SESSION
3560070001469930919,2016-11-21 22:45:24.000,5,MULTI_SESSION
3440800253483644462,2016-12-18 20:11:27.000,10,MULTI_SESSION
0355692456617973868,2017-03-25 18:08:18.000,5,MULTI_SESSION
3119753230515283152,2016-11-09 03:14:55.000,2,MULTI_SESSION
3114573633240274987,2017-01-19 03:03:23.000,8,MULTI_SESSION
5536585753094480600,2017-05-02 16:05:45.000,3,MULTI_SESSION
1381206547001299402,2017-03-17 20:08:05.000,8,MULTI_SESSION
9026840718082010040,2017-05-19 13:15:25.000,8,MULTI_SESSION
5274155792937866169,2017-03-05 19:00:04.000,4,MULTI_SESSION
2572622395987147933,2016-10-26 06:24:32.000,2,MULTI_SESSION
057693500927581077,2017-07-23 01:01:24.000,4,MULTI_SESSION
1537806691973735253,2016-11-10 14:53:33.000,4,MULTI_SESSION
9253755615213751082,2016-12-05 12:46:32.000,13,MULTI_SESSION
8512789014299357843,2016-11-29 23:49:29.000,4,MULTI_SESSION
9106581677989439015,2017-03-23 17:13:57.000,17,MULTI_SESSION
3076174797058833907,2017-05-15 19:51:42.000,10,MULTI_SESSION
1638979583737081570,2017-03-13 10:38:52.000,5,MULTI_SESSION
2686617890416738717,2016-11-07 19:21:30.000,8,MULTI_SESSION
4224696907303131562,2016-10-07 21:47:38.000,17,MULTI_SESSION
4471415710206918415,2016-11-04 05:06:32.000,17,MULTI_SESSION
6929895101672210569,2017-06-16 22:16:14.000,3,MULTI_SESSION
929896049024044781,2016-08-16 23:31:38.000,13,MULTI_SESSION
2352548628524812063,2017-07-12 21:20:54.000,8,MULTI_SESSION
0226612145817715297,2016-11-09 05:15:23.000,4,MULTI_SESSION
2972255044152209123,2017-05-12 21:42:54.000,4,MULTI_SESSION
387849079599046538,2017-05-10 19:01:28.000,6,MULTI_SESSION
2423345914861145053,2016-12-06 16:01:21.000,3,MULTI_SESSION
758577373703531857,2016-09-07 16:56:49.000,4,MULTI_SESSION
9492321535184723478,2017-06-23 17:55:39.000,4,MULTI_SESSION
5617770153245303309,2016-11-23 14:21:31.000,7,MULTI_SESSION
5985368233376980363,2017-05-08 19:40:15.000,4,MULTI_SESSION
3590767994555565324,2017-04-18 03:26:28.000,5,MULTI_SESSION
1285811160522710067,2016-12-05 16:59:32.000,2,MULTI_SESSION
1712066703099487652,2017-07-22 04:37:48.000,11,MULTI_SESSION
8444517007698550437,2017-05-04 19:07:03.000,3,MULTI_SESSION
6553890260973501420,2016-11-15 02:27:15.000,8,MULTI_SESSION
2479607063956536867,2016-09-23 21:28:35.000,3,MULTI_SESSION
856463513443144738,2017-05-11 01:17:19.000,11,MULTI_SESSION
3020902841110220885,2016-11-04 16:11:49.000,3,MULTI_SESSION
7189989800281794676,2016-09-11 03:37:45.000,2,MULTI_SESSION
5256372508003021503,2017-07-06 17:22:26.000,5,MULTI_SESSION
8253742246691621007,2017-05-25 15:07:42.000,4,MULTI_SESSION
4858273376881706416,2017-07-11 06:30:00.000,2,MULTI_SESSION
8100631432407926233,2017-01-05 20:00:49.000,3,MULTI_SESSION
0165989831014724733,2016-10-15 19:12:25.000,5,MULTI_SESSION
6766597568771975772,2017-05-15 08:52:10.000,4,MULTI_SESSION
6171698148494823293,2017-07-11 20:25:41.000,4,MULTI_SESSION
6128896276202796996,2017-03-08 04:32:13.000,4,MULTI_SESSION
9530106606759874111,2016-12-10 14:04:20.000,3,MULTI_SESSION
0941726438399473483,2017-06-02 14:18:51.000,3,MULTI_SESSION
7435052038545127483,2016-08-25 18:38:13.000,3,MULTI_SESSION
584233587428145418,2017-02-17 22:45:48.000,2,MULTI_SESSION
4846202545890415172,2017-06-08 20:34:51.000,3,MULTI_SESSION
831129647030620567,2016-10-11 22:35:42.000,8,MULTI_SESSION
1024805847071570490,2017-06-27 13:42:12.000,2,MULTI_SESSION
042744959300558986,2017-04-25 20:37:39.000,6,MULTI_SESSION
8528637428767255034,2017-06-16 15:51:54.000,5,MULTI_SESSION
562325699784469979,2016-11-30 16:09:46.000,2,MULTI_SESSION
9412019855771301758,2017-04-10 21:23:25.000,3,MULTI_SESSION
1135520399480349729,2017-05-30 06:04:52.000,3,MULTI_SESSION
1735957877782185847,2017-03-16 04:24:39.000,4,MULTI_SESSION
3248695569789509662,2016-12-25 02:25:28.000,3,MULTI_SESSION
0679581364401887394,2017-07-11 18:11:13.000,2,MULTI_SESSION
8669188840409334896,2017-07-29 20:53:41.000,3,MULTI_SESSION
0850923639048818616,2016-11-17 15:15:41.000,3,MULTI_SESSION
7594746937801444625,2016-12-06 19:01:13.000,2,MULTI_SESSION
705052516935438684,2017-04-19 16:33:40.000,3,MULTI_SESSION
9958703050592305834,2016-10-09 20:11:41.000,3,MULTI_SESSION
7371041490532738587,2017-06-27 00:17:04.000,5,MULTI_SESSION
5767255881668877462,2016-11-07 15:45:13.000,4,MULTI_SESSION
7178918530572590590,2017-04-25 16:25:50.000,3,MULTI_SESSION
611556253076247456,2017-02-10 08:32:21.000,6,MULTI_SESSION
2320391139447280387,2017-05-14 00:13:58.000,8,MULTI_SESSION
5533303761041103134,2016-08-16 20:45:24.000,8,MULTI_SESSION
4647847058075406841,2017-06-13 20:42:34.000,4,MULTI_SESSION
8323502191714564898,2017-05-23 20:06:12.000,2,MULTI_SESSION
0124850203340830679,2017-04-12 20:45:11.000,4,MULTI_SESSION
4359929883683645809,2017-03-04 19:50:01.000,14,MULTI_SESSION
5606007994781234894,2016-09-14 22:03:02.000,4,MULTI_SESSION
1758112154920698235,2017-06-10 22:01:29.000,3,MULTI_SESSION
3656215501791704148,2016-08-24 17:58:50.000,7,MULTI_SESSION
5370842366618648178,2016-12-09 20:35:06.000,4,MULTI_SESSION
9236367624878317044,2016-09-14 16:51:08.000,7,MULTI_SESSION
324425236836309886,2017-05-13 21:14:48.000,2,MULTI_SESSION
9324829089415258862,2016-09-16 15:24:00.000,3,MULTI_SESSION
8580690454272378006,2017-02-01 00:02:29.000,2,MULTI_SESSION
7541330018561344090,2017-04-26 19:15:06.000,5,MULTI_SESSION
3053164528707250163,2017-07-11 14:35:40.000,2,MULTI_SESSION
5322397769480961983,2017-07-21 22:43:37.000,3,MULTI_SESSION
3784608915391176306,2017-07-11 20:25:05.000,4,MULTI_SESSION
174589862877239119,2016-09-05 18:41:29.000,3,MULTI_SESSION
8045269004501879316,2017-04-01 02:57:51.000,4,MULTI_SESSION
6817264286824757419,2016-08-23 21:30:20.000,4,MULTI_SESSION
4157301099254368232,2016-10-16 19:39:00.000,3,MULTI_SESSION
6293119927870184850,2016-08-12 19:45:08.000,4,MULTI_SESSION
980432803323288584,2017-06-12 21:37:17.000,2,MULTI_SESSION
4727798162657055121,2017-02-23 16:43:57.000,3,MULTI_SESSION
3046775714096788273,2017-04-04 15:46:06.000,3,MULTI_SESSION
4674060299220423324,2017-05-24 17:53:33.000,2,MULTI_SESSION
6145717965471437632,2016-11-17 05:38:17.000,3,MULTI_SESSION
0647701940544723891,2017-07-17 04:00:31.000,4,MULTI_SESSION
2054197499443311442,2017-06-06 19:20:06.000,3,MULTI_SESSION
8750631063700257788,2016-09-30 17:49:21.000,5,MULTI_SESSION
1366491597789783868,2017-05-19 16:34:57.000,5,MULTI_SESSION
5224582846346969715,2017-03-21 20:23:39.000,4,MULTI_SESSION
2265703789548596461,2017-01-01 18:27:11.000,5,MULTI_SESSION
8977039158734679466,2017-07-11 21:50:54.000,6,MULTI_SESSION
6823900200556222450,2017-05-18 00:36:59.000,5,MULTI_SESSION
5591828817981508202,2017-04-13 17:35:25.000,6,MULTI_SESSION
9674294764861018259,2017-05-12 01:06:22.000,3,MULTI_SESSION
5530375638871034769,2017-01-06 13:15:57.000,4,MULTI_SESSION
8436426603099391262,2016-08-06 17:32:01.000,4,MULTI_SESSION
0365800323147392278,2017-06-13 06:01:58.000,8,MULTI_SESSION
6296763059019207281,2017-06-21 21:39:27.000,4,MULTI_SESSION
2518379317255532090,2017-04-30 16:26:30.000,3,MULTI_SESSION
6878161609945815580,2016-10-10 16:34:19.000,5,MULTI_SESSION
8529782523786367764,2016-08-10 00:31:23.000,4,MULTI_SESSION
9196760344600861355,2017-06-22 21:43:28.000,3,MULTI_SESSION
1687498847515773010,2016-10-21 20:01:25.000,8,MULTI_SESSION
5764332296932136654,2016-08-11 18:34:05.000,2,MULTI_SESSION
3682115393898564983,2016-12-16 21:45:16.000,3,MULTI_SESSION
0223683667601132018,2016-12-06 21:49:21.000,6,MULTI_SESSION
9207350605949288880,2017-04-06 13:52:26.000,3,MULTI_SESSION
2536718676534980101,2017-06-12 16:45:07.000,4,MULTI_SESSION
8576181290100309449,2017-04-18 17:58:17.000,5,MULTI_SESSION
7391294210996781396,2016-11-21 04:22:07.000,6,MULTI_SESSION
8196143996234418692,2016-11-07 16:38:46.000,4,MULTI_SESSION
8835738429285274387,2016-12-14 03:14:02.000,8,MULTI_SESSION
3532463620992915742,2017-03-02 23:12:24.000,4,MULTI_SESSION
7879290112537608883,2017-05-16 18:11:12.000,5,MULTI_SESSION
7270080953464199743,2017-01-27 21:30:58.000,5,MULTI_SESSION
7395718173947720444,2017-07-20 03:27:10.000,5,MULTI_SESSION
5592469018549253101,2017-06-26 23:22:26.000,2,MULTI_SESSION
1494014144412248651,2016-08-15 18:08:35.000,6,MULTI_SESSION
6757769563866849051,2017-04-18 14:54:16.000,5,MULTI_SESSION
3430259988193283726,2017-01-21 19:24:42.000,2,MULTI_SESSION
7658004825963957145,2016-12-15 03:12:24.000,7,MULTI_SESSION
2620142844121221777,2016-12-05 04:07:05.000,2,MULTI_SESSION
9602459823241782836,2017-07-27 18:31:40.000,4,MULTI_SESSION
498519259844308517,2017-05-03 14:48:28.000,3,MULTI_SESSION
5287002371302046755,2016-11-29 18:01:59.000,3,MULTI_SESSION
3095756132882918441,2016-08-15 21:16:55.000,4,MULTI_SESSION
330289116549575054,2016-08-31 18:44:31.000,3,MULTI_SESSION
0826319151487962324,2017-06-09 12:44:57.000,3,MULTI_SESSION
79867210646960655,2017-01-17 13:01:27.000,2,MULTI_SESSION
0324564641241038377,2017-05-15 14:36:39.000,10,MULTI_SESSION
0639095902615054058,2017-06-06 16:03:15.000,3,MULTI_SESSION
6627479815076599911,2017-02-19 13:20:06.000,3,MULTI_SESSION
9654518257837426461,2017-07-26 00:07:12.000,4,MULTI_SESSION
8601291069934991536,2017-03-02 16:50:47.000,4,MULTI_SESSION
2868753573471668678,2017-07-17 04:35:50.000,4,MULTI_SESSION
9458478946174454541,2016-12-16 19:34:54.000,2,MULTI_SESSION
081281456829886913,2017-07-22 22:03:24.000,3,MULTI_SESSION
1944748031744566172,2017-03-27 00:36:05.000,3,MULTI_SESSION
3161406189281338784,2017-06-21 16:13:55.000,2,MULTI_SESSION
0634809971349181384,2016-09-25 17:01:10.000,2,MULTI_SESSION
6997692197808690953,2016-08-01 15:01:25.000,2,MULTI_SESSION
3397610502524811924,2017-06-02 14:30:46.000,2,MULTI_SESSION
1288317908843556558,2017-07-27 20:32:08.000,2,MULTI_SESSION
7466083443246048335,2016-10-21 18:35:18.000,2,MULTI_SESSION
153202739036956642,2017-04-22 19:27:29.000,2,MULTI_SESSION
9409306998104220839,2016-12-25 08:00:23.000,3,MULTI_SESSION
1555076387153706787,2017-01-03 03:01:39.000,2,MULTI_SESSION
5408240703525920538,2017-06-02 15:11:54.000,2,MULTI_SESSION
9754532782260767990,2016-08-22 21:14:24.000,7,MULTI_SESSION
6966256087320527646,2017-02-14 02:12:26.000,2,MULTI_SESSION
6587536713587064638,2016-12-18 02:46:51.000,2,MULTI_SESSION
6130248785422352959,2017-03-13 19:45:24.000,2,MULTI_SESSION
2193251253036865639,2016-11-13 04:49:16.000,4,MULTI_SESSION
5933104273088174120,2016-08-14 23:31:04.000,5,MULTI_SESSION
6481826553223579425,2017-03-14 18:12:24.000,5,MULTI_SESSION
8016003971239765913,2017-08-01 21:39:35.000,2,MULTI_SESSION
7399154610014093461,2016-09-20 11:47:34.000,4,MULTI_SESSION
82234340449923799,2017-04-13 05:35:41.000,4,MULTI_SESSION
5960127137243713650,2017-07-06 03:22:58.000,8,MULTI_SESSION
7456947093763567293,2016-10-11 16:10:51.000,4,MULTI_SESSION
9817024525567218739,2016-10-20 21:14:00.000,2,MULTI_SESSION
1676917972388479950,2016-10-17 20:22:22.000,6,MULTI_SESSION
126587065113364520,2017-06-13 23:08:36.000,2,MULTI_SESSION
7971730380777984264,2016-12-15 20:57:48.000,3,MULTI_SESSION
8696957377453802990,2017-01-16 01:31:09.000,2,MULTI_SESSION
2086976642856727593,2017-04-26 00:52:27.000,5,MULTI_SESSION
1464880667814734999,2016-09-08 16:53:55.000,4,MULTI_SESSION
0244766556983704128,2016-11-05 23:08:33.000,2,MULTI_SESSION
9746124619174084370,2017-02-22 19:24:35.000,5,MULTI_SESSION
4116720743881459837,2017-03-20 21:56:10.000,3,MULTI_SESSION
372494637846892090,2016-08-15 15:37:26.000,4,MULTI_SESSION
0170103428948217931,2017-04-20 20:30:10.000,2,MULTI_SESSION
4191379935308714195,2017-01-05 13:59:33.000,3,MULTI_SESSION
4859141843536295311,2017-05-01 05:44:09.000,4,MULTI_SESSION
4381924550753289334,2017-05-17 19:10:55.000,2,MULTI_SESSION
4615467220494146394,2017-07-06 05:11:16.000,3,MULTI_SESSION
9912185644936709935,2016-09-15 20:26:45.000,4,MULTI_SESSION
0225991706421654357,2017-06-29 17:06:26.000,3,MULTI_SESSION
9794005369838434901,2016-09-12 15:00:17.000,3,MULTI_SESSION
1029342389721979537,2016-12-13 07:24:16.000,3,MULTI_SESSION
0789927106089725270,2016-12-10 01:17:09.000,3,MULTI_SESSION
6523689521258381197,2016-10-23 19:43:57.000,6,MULTI_SESSION
8806276575158015292,2017-03-09 05:20:44.000,6,MULTI_SESSION
6531277595713835073,2016-08-19 16:47:06.000,6,MULTI_SESSION
0138119430456484693,2016-08-08 02:01:01.000,6,MULTI_SESSION
9089896742439819665,2017-07-21 01:13:49.000,4,MULTI_SESSION
4488234939678302618,2016-08-19 21:09:48.000,6,MULTI_SESSION
2542663761229463199,2016-11-29 21:16:08.000,2,MULTI_SESSION
2180515369167502520,2017-06-16 18:38:03.000,7,MULTI_SESSION
2845423477332965912,2016-08-29 00:26:38.000,3,MULTI_SESSION
2208179340101029302,2017-01-18 21:24:24.000,3,MULTI_SESSION
5912152563864160997,2016-09-23 18:50:31.000,6,MULTI_SESSION
6392220370835728704,2017-05-08 21:46:52.000,4,MULTI_SESSION
0921549306877802147,2017-04-26 05:38:30.000,3,MULTI_SESSION
9013296840842675812,2017-02-04 07:26:35.000,3,MULTI_SESSION
972804312875582831,2016-08-16 23:13:41.000,5,MULTI_SESSION
341126939247417424,2017-06-19 17:30:40.000,4,MULTI_SESSION
3718453403580072693,2016-08-13 01:30:05.000,6,MULTI_SESSION
4570976451995896965,2017-07-27 17:06:08.000,3,MULTI_SESSION
4830211069912792009,2017-01-02 01:40:25.000,7,MULTI_SESSION
1595241437544943333,2017-04-25 02:18:03.000,2,MULTI_SESSION
4456079065742860006,2016-12-06 13:31:30.000,4,MULTI_SESSION
3700714855829972615,2017-07-19 23:36:17.000,3,MULTI_SESSION
9501935735689807050,2016-12-22 15:29:20.000,6,MULTI_SESSION
1675171647898452800,2017-07-07 00:13:53.000,3,MULTI_SESSION
8239950188993198154,2017-06-12 03:42:33.000,2,MULTI_SESSION
4625952167494304032,2017-04-28 22:44:43.000,4,MULTI_SESSION
4821028877021679125,2017-01-31 16:02:56.000,2,MULTI_SESSION
9077492358266652792,2016-08-24 08:20:27.000,2,MULTI_SESSION
2337937577672192523,2017-03-15 15:33:51.000,3,MULTI_SESSION
6858857361782315379,2017-02-06 21:42:28.000,3,MULTI_SESSION
6727676146823335338,2016-10-14 15:55:11.000,2,MULTI_SESSION
3295470093238310609,2017-07-10 23:31:10.000,5,MULTI_SESSION
9800907227461881952,2016-12-05 16:07:41.000,5,MULTI_SESSION
8076506950151787875,2017-07-09 15:22:36.000,5,MULTI_SESSION
6308646723674618646,2016-10-10 17:42:54.000,4,MULTI_SESSION
3704411087594288284,2017-02-07 06:10:08.000,3,MULTI_SESSION
6530155408321990119,2016-12-15 07:12:41.000,4,MULTI_SESSION
5001293816565919651,2017-07-17 19:17:26.000,2,MULTI_SESSION
2708901230247086106,2016-12-17 20:36:25.000,2,MULTI_SESSION
9275813847347927121,2016-09-04 00:38:09.000,2,MULTI_SESSION
6764771330832517063,2017-03-21 21:40:24.000,2,MULTI_SESSION
217565022356586977,2017-04-01 19:20:25.000,4,MULTI_SESSION
4500813416619590526,2017-03-17 21:01:57.000,3,MULTI_SESSION
6344125332989627562,2017-03-16 16:40:26.000,3,MULTI_SESSION
2677639396530855017,2016-08-29 17:13:00.000,2,MULTI_SESSION
3843258333728825777,2017-06-14 21:07:10.000,2,MULTI_SESSION
4463337271590211636,2017-05-02 15:43:51.000,2,MULTI_SESSION
7771559258178364692,2016-10-30 17:09:56.000,5,MULTI_SESSION
2621030918006073381,2017-02-19 00:10:37.000,3,MULTI_SESSION
1424355572088327868,2017-07-25 20:09:24.000,3,MULTI_SESSION
6758967380059816274,2017-02-13 14:10:14.000,2,MULTI_SESSION
543368443296403226,2017-07-13 16:18:48.000,2,MULTI_SESSION
925490504455490197,2017-01-31 20:50:36.000,2,MULTI_SESSION
8855872305889653694,2017-05-04 20:48:36.000,3,MULTI_SESSION
7493980643592684383,2017-04-03 18:50:24.000,2,MULTI_SESSION
5287517205291863674,2017-04-05 10:11:34.000,3,MULTI_SESSION
0435284079726114731,2016-12-19 23:16:03.000,2,MULTI_SESSION
261239019059518659,2016-09-29 17:44:24.000,2,MULTI_SESSION
8340067970218842770,2016-11-11 13:03:48.000,2,MULTI_SESSION
8442346211640991096,2017-04-07 20:29:03.000,2,MULTI_SESSION
1952489722981028031,2016-12-16 22:56:03.000,3,MULTI_SESSION
7238649130733042064,2017-07-19 12:17:35.000,4,MULTI_SESSION
1293569204679360479,2016-08-21 19:12:30.000,4,MULTI_SESSION
6948465282529619891,2017-05-23 14:20:37.000,3,MULTI_SESSION
7890966908162899673,2017-06-09 13:38:54.000,2,MULTI_SESSION
1337744272385974839,2017-06-20 19:54:08.000,2,MULTI_SESSION
576962765196044517,2017-06-13 18:38:38.000,2,MULTI_SESSION
2274896289583176093,2016-09-15 20:58:07.000,2,MULTI_SESSION
7954367393399826900,2017-07-05 18:30:50.000,3,MULTI_SESSION
0377506370870345639,2017-08-01 17:26:27.000,6,MULTI_SESSION
1276106485558955732,2016-11-23 20:22:42.000,3,MULTI_SESSION
2832884882260579085,2017-05-19 19:07:56.000,5,MULTI_SESSION
8220211701749350854,2017-07-06 04:21:34.000,3,MULTI_SESSION
4218367025544931420,2017-07-31 18:34:26.000,2,MULTI_SESSION
4906093596537402992,2016-08-25 22:25:24.000,3,MULTI_SESSION
3325370036069152242,2016-09-18 14:26:22.000,4,MULTI_SESSION
2870963788113068865,2017-05-23 21:38:47.000,6,MULTI_SESSION
4015497886107875347,2016-09-19 17:18:31.000,5,MULTI_SESSION
48315652365779540,2017-03-20 00:33:27.000,3,MULTI_SESSION
287904279013543394,2017-04-18 20:07:18.000,8,MULTI_SESSION
3868696346876688478,2016-09-15 19:34:26.000,2,MULTI_SESSION
3676060292760160435,2016-08-31 16:33:04.000,5,MULTI_SESSION
1971879185768782326,2017-03-31 15:27:03.000,2,MULTI_SESSION
8481378651104296608,2016-10-07 01:54:27.000,4,MULTI_SESSION
2416466435320363096,2016-12-11 00:09:02.000,2,MULTI_SESSION
2932567752336020467,2016-10-11 00:49:54.000,3,MULTI_SESSION
1915070543661509940,2016-11-21 00:25:03.000,2,MULTI_SESSION
5575489198519963160,2016-08-22 03:12:18.000,2,MULTI_SESSION
7035655888631728269,2017-01-08 23:34:07.000,4,MULTI_SESSION
0456807427403774085,2017-07-12 21:59:20.000,3,MULTI_SESSION
8015709468280846772,2016-08-12 16:04:44.000,2,MULTI_SESSION
9725941383382274621,2016-10-14 16:39:03.000,2,MULTI_SESSION
7195505318139600129,2016-08-11 23:53:21.000,3,MULTI_SESSION
8997285863534192253,2017-05-15 00:44:06.000,2,MULTI_SESSION
0363878417378060116,2017-07-18 15:06:54.000,2,MULTI_SESSION
3058453262687579151,2017-04-26 03:46:40.000,5,MULTI_SESSION
1576812212871623253,2017-02-14 23:18:59.000,4,MULTI_SESSION
7085944502194983759,2017-05-22 00:46:25.000,2,MULTI_SESSION
7187268430836970062,2016-08-31 00:42:23.000,3,MULTI_SESSION
9301277772206384773,2017-05-18 11:15:31.000,3,MULTI_SESSION
2528617155272094595,2016-12-14 03:30:45.000,2,MULTI_SESSION
2940621972871301246,2017-06-19 00:19:52.000,3,MULTI_SESSION
4332637852472133654,2017-06-16 19:43:09.000,3,MULTI_SESSION
4067986469497332117,2016-09-27 08:34:41.000,2,MULTI_SESSION
4884017973587973729,2016-12-23 00:28:09.000,3,MULTI_SESSION
4894913572164934731,2017-05-08 12:32:55.000,2,MULTI_SESSION
4375149336105085675,2017-06-07 00:43:41.000,2,MULTI_SESSION
8194948038979976753,2017-07-11 17:34:35.000,5,MULTI_SESSION
2071600581309850742,2016-09-12 21:40:03.000,3,MULTI_SESSION
7884773385633780909,2016-08-24 17:01:45.000,2,MULTI_SESSION
0445007965605847225,2017-04-04 21:46:27.000,5,MULTI_SESSION
0161009524292009252,2016-11-03 17:15:27.000,6,MULTI_SESSION
6884119514914214806,2017-03-17 22:31:16.000,2,MULTI_SESSION
9824651586153580201,2017-05-13 22:56:12.000,2,MULTI_SESSION
6215579195601546611,2017-07-12 15:33:21.000,2,MULTI_SESSION
7764475341358829145,2016-11-17 15:17:54.000,3,MULTI_SESSION
8800711536412818925,2016-10-13 10:05:39.000,2,MULTI_SESSION
6048454076257067950,2017-04-10 21:37:33.000,3,MULTI_SESSION
5341271361784611942,2017-02-21 23:43:26.000,3,MULTI_SESSION
1411452354779781065,2017-06-16 15:26:26.000,2,MULTI_SESSION
5816018559064540800,2017-02-02 22:44:33.000,6,MULTI_SESSION
6144620538699663193,2017-03-18 16:21:56.000,2,MULTI_SESSION
913669713966268757,2016-09-15 16:34:47.000,4,MULTI_SESSION
8277697496987047439,2016-12-20 01:14:19.000,4,MULTI_SESSION
2565421116891826036,2017-04-29 18:04:30.000,3,MULTI_SESSION
6750525537628913149,2016-11-28 20:33:49.000,5,MULTI_SESSION
9000097709332736093,2016-12-17 00:40:31.000,2,MULTI_SESSION
2719057200121237933,2017-04-18 15:30:03.000,3,MULTI_SESSION
3979618861854336423,2016-09-15 14:45:59.000,2,MULTI_SESSION
7109365960506850158,2017-07-13 23:53:59.000,3,MULTI_SESSION
0738603250513383829,2017-02-27 16:35:18.000,3,MULTI_SESSION
442570016186963075,2016-08-23 13:34:40.000,5,MULTI_SESSION
0881924298992191221,2016-12-15 14:09:37.000,4,MULTI_SESSION
840085197489168186,2017-06-18 21:55:14.000,2,MULTI_SESSION
5081913244411982383,2017-05-15 16:26:21.000,2,MULTI_SESSION
9619365002104387449,2017-01-09 20:56:50.000,3,MULTI_SESSION
0858059046468321718,2017-05-20 14:43:57.000,2,MULTI_SESSION
1506245895019104192,2017-03-30 08:32:38.000,2,MULTI_SESSION
525470181967108180,2017-07-13 01:13:50.000,2,MULTI_SESSION
7207269090239542768,2017-04-14 23:25:37.000,4,MULTI_SESSION
0900191466663254191,2016-12-21 22:15:43.000,2,MULTI_SESSION
1127359726951964431,2016-12-06 00:34:46.000,4,MULTI_SESSION
1663588776724483567,2017-06-29 14:02:55.000,3,MULTI_SESSION
127249576187763439,2016-08-21 06:34:30.000,3,MULTI_SESSION
4497523886443399219,2017-06-21 16:05:38.000,2,MULTI_SESSION
9519825248461982188,2017-07-27 23:50:34.000,3,MULTI_SESSION
2729326042885052223,2017-07-11 17:37:04.000,3,MULTI_SESSION
4815044464336566076,2017-05-09 17:29:29.000,2,MULTI_SESSION
3431617398530846078,2017-05-22 02:40:12.000,4,MULTI_SESSION
1193577956005674375,2016-10-29 12:44:01.000,3,MULTI_SESSION
4284278279892078822,2017-03-07 16:15:17.000,2,MULTI_SESSION
5814980334876441459,2016-11-29 04:07:41.000,3,MULTI_SESSION
8674967480469977880,2017-02-23 18:10:04.000,2,MULTI_SESSION
330062846836232829,2017-07-21 19:16:04.000,2,MULTI_SESSION
276483305236391136,2017-06-01 19:11:22.000,3,MULTI_SESSION
9824524325763367768,2017-07-13 22:51:23.000,4,MULTI_SESSION
1056878480433332365,2016-12-05 13:59:27.000,5,MULTI_SESSION
4649753996022733454,2017-06-16 20:21:15.000,3,MULTI_SESSION
7633401264222322898,2017-05-12 18:43:15.000,2,MULTI_SESSION
3232549907391861045,2016-09-14 20:23:22.000,2,MULTI_SESSION
234006696582066330,2017-04-05 21:11:50.000,4,MULTI_SESSION
3473394703672890486,2017-03-21 16:37:22.000,2,MULTI_SESSION
1453691519754231663,2017-04-14 19:13:51.000,3,MULTI_SESSION
8414559574499268646,2016-08-04 20:46:06.000,4,MULTI_SESSION
531496906783225698,2017-02-13 22:57:17.000,2,MULTI_SESSION
4669628548646471061,2017-05-05 23:52:41.000,3,MULTI_SESSION
3364502706652461575,2016-10-06 01:32:05.000,4,MULTI_SESSION
5787719394143012193,2017-02-16 00:02:53.000,4,MULTI_SESSION
3089403106365222780,2017-06-21 21:08:50.000,2,MULTI_SESSION
3558104655978527434,2017-07-16 19:22:00.000,2,MULTI_SESSION
4719737087574073999,2017-06-22 20:39:47.000,2,MULTI_SESSION
5569275433551045400,2017-07-02 15:04:51.000,2,MULTI_SESSION
9687976620185337812,2017-07-31 15:29:08.000,2,MULTI_SESSION
2667128559454972819,2016-08-15 18:10:06.000,2,MULTI_SESSION
4986425760802371283,2016-11-04 04:12:30.000,2,MULTI_SESSION
835945267501881844,2016-12-17 23:25:46.000,2,MULTI_SESSION
9475000972333610150,2017-07-18 00:17:20.000,2,MULTI_SESSION
7034911966127672083,2017-03-01 16:05:14.000,2,MULTI_SESSION
611184075850086902,2016-11-24 16:36:20.000,3,MULTI_SESSION
0027729301290398668,2017-01-18 04:09:55.000,2,MULTI_SESSION
3590222967147519334,2016-10-31 02:50:51.000,3,MULTI_SESSION
4305270415377533885,2017-01-27 06:46:27.000,5,MULTI_SESSION
0111261597665013586,2016-11-21 04:41:16.000,2,MULTI_SESSION
6155038552130877136,2017-05-16 18:29:13.000,3,MULTI_SESSION
528231576022767993,2016-12-15 23:51:11.000,3,MULTI_SESSION
7396384706323570886,2017-01-18 20:09:01.000,2,MULTI_SESSION
616813475440297008,2017-07-13 17:03:41.000,3,MULTI_SESSION
3635819362671246004,2017-04-06 18:18:09.000,2,MULTI_SESSION
6527572324759944346,2017-05-04 16:14:08.000,2,MULTI_SESSION
5926882558735267837,2017-03-30 02:14:08.000,3,MULTI_SESSION
4465770359538839729,2016-09-30 16:53:04.000,2,MULTI_SESSION
4749611555735686064,2017-06-08 22:41:26.000,3,MULTI_SESSION
3530859499206479968,2016-12-12 17:46:01.000,3,MULTI_SESSION
5827357035800139302,2016-09-06 00:20:18.000,2,MULTI_SESSION
0291002892578472269,2017-05-05 14:54:48.000,2,MULTI_SESSION
9264804092676520813,2016-08-25 13:11:23.000,2,MULTI_SESSION
2497486617423212304,2016-10-19 04:45:40.000,4,MULTI_SESSION
3716528607664189498,2017-01-23 19:38:41.000,3,MULTI_SESSION
4064135835973062555,2017-07-31 15:13:07.000,4,MULTI_SESSION
3955127543379144640,2017-05-01 15:14:31.000,3,MULTI_SESSION
2805355288930230044,2017-06-18 02:17:44.000,5,MULTI_SESSION
2560457144402728823,2016-08-14 22:20:30.000,3,MULTI_SESSION
986279637934068597,2016-09-08 14:05:13.000,2,MULTI_SESSION
7645423855844337919,2016-09-22 19:12:09.000,3,MULTI_SESSION
6045930241388777741,2016-09-02 14:11:44.000,6,MULTI_SESSION
987390821892515431,2017-06-23 18:17:38.000,2,MULTI_SESSION
659736568334808305,2017-06-21 23:42:32.000,2,MULTI_SESSION
5449862868756015868,2016-10-18 20:12:39.000,4,MULTI_SESSION
8349616493393634157,2016-11-12 16:01:07.000,3,MULTI_SESSION
5276450311991413532,2016-10-30 05:51:52.000,2,MULTI_SESSION
6645585126548219573,2017-01-19 02:04:53.000,2,MULTI_SESSION
4632705432965404799,2016-10-14 01:41:30.000,4,MULTI_SESSION
909727084059682263,2017-06-03 19:32:27.000,3,MULTI_SESSION
0406062413536161782,2017-03-10 01:03:55.000,2,MULTI_SESSION
9957433141256744131,2016-10-14 16:04:58.000,2,MULTI_SESSION
9279054985382832587,2016-10-24 20:05:48.000,2,MULTI_SESSION
8326216661433256672,2017-02-15 00:51:05.000,5,MULTI_SESSION
9017631944623076688,2016-10-04 15:18:09.000,2,MULTI_SESSION
0764484494612548101,2017-05-02 15:27:46.000,2,MULTI_SESSION
9603605279207456197,2017-04-19 16:36:30.000,3,MULTI_SESSION
2556948849524550835,2017-04-02 01:50:44.000,2,MULTI_SESSION
6416811485882520793,2017-06-23 17:47:31.000,2,MULTI_SESSION
9238627988469145785,2017-03-10 21:43:08.000,2,MULTI_SESSION
1109190750765217972,2016-12-05 21:43:12.000,2,MULTI_SESSION
1738877552800780559,2016-12-06 16:45:25.000,2,MULTI_SESSION
0774513448429124063,2017-06-28 19:35:49.000,2,MULTI_SESSION
491427743200379908,2017-05-08 03:42:14.000,2,MULTI_SESSION
3092487309701391768,2017-07-27 01:21:53.000,4,MULTI_SESSION
0543371810281064125,2016-09-05 17:44:33.000,3,MULTI_SESSION
7447137895250670218,2017-07-07 19:30:39.000,2,MULTI_SESSION
0136876972401975041,2016-08-19 23:50:48.000,2,MULTI_SESSION
2284918967368942490,2016-09-08 17:40:07.000,4,MULTI_SESSION
5623787405926174172,2017-04-09 01:07:32.000,2,MULTI_SESSION
6258496391273943408,2017-01-12 03:46:42.000,3,MULTI_SESSION
4141333459906653821,2017-04-27 04:23:04.000,2,MULTI_SESSION
1140574847502258865,2017-07-24 22:14:50.000,4,MULTI_SESSION
3694974073962512722,2016-12-20 22:00:50.000,4,MULTI_SESSION
6243045099615309942,2017-04-17 18:11:52.000,2,MULTI_SESSION
6406314348223569290,2016-11-29 21:48:53.000,3,MULTI_SESSION
5684662466118174042,2017-02-14 21:28:11.000,2,MULTI_SESSION
5427815451754504736,2016-11-07 23:48:39.000,2,MULTI_SESSION
1375569130571020489,2016-09-04 15:33:45.000,2,MULTI_SESSION
6366738125554594213,2016-12-21 01:22:52.000,2,MULTI_SESSION
7444340499297101269,2017-04-21 02:58:19.000,2,MULTI_SESSION
1152695544079009829,2017-07-25 12:19:07.000,2,MULTI_SESSION
0366796863244619267,2017-02-27 07:07:04.000,2,MULTI_SESSION
9941749289816017941,2016-09-12 22:55:26.000,3,MULTI_SESSION
3104604995796885491,2016-12-28 15:23:03.000,3,MULTI_SESSION
6584758329159438416,2017-04-21 19:40:36.000,3,MULTI_SESSION
4905999160114046037,2016-08-17 00:25:29.000,2,MULTI_SESSION
2852655994444801734,2016-11-01 17:25:20.000,3,MULTI_SESSION
6644273643966013405,2017-07-27 16:04:24.000,2,MULTI_SESSION
2734277132701240130,2016-12-30 19:56:13.000,2,MULTI_SESSION
6772419843051184934,2017-02-14 08:21:51.000,3,MULTI_SESSION
7687728141180472347,2016-11-01 19:28:27.000,2,MULTI_SESSION
8056549664540866656,2017-01-09 22:17:53.000,2,MULTI_SESSION
1530327474936163362,2016-10-28 23:15:09.000,2,MULTI_SESSION
2907313716699844462,2017-06-18 23:49:00.000,2,MULTI_SESSION
4613547766859466698,2017-07-19 15:44:31.000,4,MULTI_SESSION
7194697843629533346,2017-05-24 16:29:40.000,3,MULTI_SESSION
6717912372557632494,2017-03-23 01:07:56.000,2,MULTI_SESSION
5136029543125072381,2016-12-20 21:19:17.000,2,MULTI_SESSION
1997283608635698919,2017-01-17 04:34:45.000,2,MULTI_SESSION
4083063588943320754,2016-10-12 03:45:26.000,2,MULTI_SESSION
858907398877026247,2016-12-06 17:41:02.000,3,MULTI_SESSION
9404133201034662338,2017-05-04 00:58:04.000,4,MULTI_SESSION
599110551792149234,2017-07-20 18:29:16.000,2,MULTI_SESSION
6919741173943155991,2016-09-27 05:16:56.000,2,MULTI_SESSION
3945894443419413506,2017-01-26 22:43:32.000,2,MULTI_SESSION
9979550771372989715,2017-03-07 21:40:29.000,2,MULTI_SESSION
5826737021779185298,2017-02-10 21:18:17.000,2,MULTI_SESSION
1155604757383908608,2016-10-28 02:08:41.000,3,MULTI_SESSION
2575256090311301096,2016-10-08 04:35:43.000,3,MULTI_SESSION
8355761719753398617,2017-05-19 14:56:16.000,3,MULTI_SESSION
5124287655575518739,2017-05-13 02:37:44.000,2,MULTI_SESSION
4758004505760363513,2017-06-26 17:39:17.000,2,MULTI_SESSION
9967421462090240825,2017-02-15 03:30:06.000,2,MULTI_SESSION
1246382538301098136,2017-04-20 13:18:35.000,2,MULTI_SESSION
2396264445061931880,2017-05-09 16:37:55.000,2,MULTI_SESSION
4923467776356340421,2016-11-13 10:54:50.000,2,MULTI_SESSION
2557544565676711160,2017-07-07 16:32:03.000,2,MULTI_SESSION
4587300217226571258,2016-08-27 16:21:38.000,2,MULTI_SESSION
7716135827542308176,2016-08-09 03:07:25.000,2,MULTI_SESSION
4464961438459587947,2017-06-16 11:43:27.000,2,MULTI_SESSION
3817759372890086865,2016-09-15 01:11:26.000,3,MULTI_SESSION
9545750263088247027,2016-10-27 18:26:07.000,2,MULTI_SESSION
3830485242574967009,2017-07-27 21:43:03.000,2,MULTI_SESSION
0091992348252102887,2016-09-07 20:58:23.000,2,MULTI_SESSION
6248428368327517195,2017-04-20 03:08:53.000,2,MULTI_SESSION
668412102235086407,2016-12-08 06:01:32.000,2,MULTI_SESSION
2778479454208664084,2016-09-14 17:12:13.000,2,MULTI_SESSION
3742332932978201442,2017-05-30 18:33:14.000,2,MULTI_SESSION
7118356426522960182,2016-10-19 04:43:20.000,2,MULTI_SESSION
4061027973770325631,2016-10-11 19:32:25.000,3,MULTI_SESSION
0389986037860676472,2017-03-31 17:11:20.000,2,MULTI_SESSION
0885381131657662614,2017-02-24 20:28:22.000,2,MULTI_SESSION
3993902620417433296,2017-04-28 16:22:02.000,3,MULTI_SESSION
480683872448243932,2017-01-31 16:52:11.000,2,MULTI_SESSION
7980598881440576861,2016-09-20 01:05:51.000,3,MULTI_SESSION
776713032866720922,2016-09-11 23:15:08.000,3,MULTI_SESSION
3153078026846548408,2016-11-17 17:19:12.000,2,MULTI_SESSION
0777578217567505121,2016-12-20 03:08:39.000,2,MULTI_SESSION
3058457482106046803,2017-07-05 23:55:43.000,3,MULTI_SESSION
5516160305654218647,2017-05-02 15:26:45.000,2,MULTI_SESSION
564132620307271174,2016-11-27 01:50:00.000,4,MULTI_SESSION
5825968802963452704,2017-02-23 23:56:43.000,2,MULTI_SESSION
904113296448524053,2016-12-02 16:41:10.000,2,MULTI_SESSION
8749354080686070265,2017-05-02 17:05:00.000,2,MULTI_SESSION
7474545646288919609,2017-01-25 03:22:00.000,2,MULTI_SESSION
317257995730740367,2017-02-17 22:42:47.000,3,MULTI_SESSION
7273056780415192375,2017-06-14 18:14:40.000,3,MULTI_SESSION
2282347297061009421,2017-03-02 22:47:06.000,3,MULTI_SESSION
8963849210488709948,2017-01-17 22:32:13.000,2,MULTI_SESSION
2962662746296004840,2017-05-19 12:40:34.000,2,MULTI_SESSION
7534668743180719090,2017-02-15 00:54:50.000,2,MULTI_SESSION
6944288019130180719,2017-03-03 13:27:10.000,2,MULTI_SESSION
8043915706646697572,2017-05-29 21:00:21.000,2,MULTI_SESSION
666582393118140484,2016-09-16 19:40:32.000,3,MULTI_SESSION
4918912899129859194,2016-10-03 02:46:01.000,2,MULTI_SESSION
6042992012557557168,2017-02-08 13:43:57.000,2,MULTI_SESSION
9044693867377555655,2017-04-03 00:29:13.000,2,MULTI_SESSION
9839986196824974326,2017-06-13 14:15:18.000,2,MULTI_SESSION
9661775944684760384,2017-05-24 19:18:29.000,3,MULTI_SESSION
7505608687492467483,2016-09-11 09:16:36.000,2,MULTI_SESSION
2706500429954403422,2016-12-12 02:16:13.000,2,MULTI_SESSION
7496147812697146114,2016-12-13 01:35:07.000,2,MULTI_SESSION
6125563692107396483,2017-07-14 01:27:57.000,2,MULTI_SESSION
5187692235197224679,2017-05-30 18:17:56.000,2,MULTI_SESSION
5232863160454746212,2017-07-28 22:26:55.000,2,MULTI_SESSION
4573492063530196162,2017-05-24 03:45:39.000,2,MULTI_SESSION
6453984951886442160,2017-02-21 21:03:52.000,2,MULTI_SESSION
1740516675967625074,2017-01-19 02:04:58.000,2,MULTI_SESSION
944996758495906062,2017-05-10 18:34:42.000,3,MULTI_SESSION
0074650632244292633,2017-06-27 15:14:49.000,3,MULTI_SESSION
7003898420257026546,2016-12-05 18:25:18.000,2,MULTI_SESSION
803888563485194008,2016-09-18 18:52:26.000,2,MULTI_SESSION
2522184112201185014,2016-10-11 17:23:19.000,3,MULTI_SESSION
2077377423063941153,2017-03-28 18:10:12.000,2,MULTI_SESSION
9438258078214082431,2016-09-25 14:08:10.000,2,MULTI_SESSION
9767254351346198956,2016-10-07 22:10:55.000,3,MULTI_SESSION
698297406423033664,2017-08-01 19:17:39.000,2,MULTI_SESSION
5890457827882423801,2016-09-15 04:42:25.000,2,MULTI_SESSION
594563238977976970,2016-09-11 14:36:39.000,2,MULTI_SESSION
6937346356975090905,2016-11-29 01:47:22.000,2,MULTI_SESSION
9236111873622098497,2016-12-08 22:55:14.000,3,MULTI_SESSION
5614576136244185629,2016-11-04 17:50:11.000,2,MULTI_SESSION
6924624858911861429,2016-12-12 01:41:14.000,3,MULTI_SESSION
6459887177399853583,2017-04-09 05:05:22.000,2,MULTI_SESSION
8961785775115413973,2016-08-31 17:03:36.000,2,MULTI_SESSION
6224639817725111721,2016-12-18 04:15:47.000,2,MULTI_SESSION
5473881678861602565,2017-03-03 21:58:33.000,2,MULTI_SESSION
8721719977116949998,2017-04-09 03:16:55.000,2,MULTI_SESSION
2862350995761121128,2016-11-28 19:31:06.000,2,MULTI_SESSION
8004196057645719276,2017-01-03 21:05:18.000,2,MULTI_SESSION
9539836985691184336,2016-11-11 14:28:29.000,3,MULTI_SESSION
9350198009120928098,2017-03-24 19:53:00.000,2,MULTI_SESSION
9894656893993782511,2017-01-26 04:26:25.000,3,MULTI_SESSION
8075224072994529269,2016-11-13 02:05:16.000,2,MULTI_SESSION
929365456607216601,2017-04-20 15:17:33.000,2,MULTI_SESSION
7695366805532091485,2016-11-04 15:54:50.000,2,MULTI_SESSION
8209858673242465448,2017-06-07 13:53:21.000,2,MULTI_SESSION
9076419614508247108,2017-07-19 21:12:02.000,2,MULTI_SESSION
9167619143528536175,2016-11-30 00:56:25.000,2,MULTI_SESSION
364476402815734772,2017-06-12 00:17:17.000,2,MULTI_SESSION
8667129106411175264,2016-10-28 18:22:32.000,2,MULTI_SESSION
450369492992993160,2017-03-16 06:43:42.000,2,MULTI_SESSION
213465488216513322,2016-10-17 15:18:37.000,2,MULTI_SESSION
6637893097065829171,2016-09-22 23:39:33.000,2,MULTI_SESSION
7428770824061226835,2017-03-14 19:54:55.000,2,MULTI_SESSION
4953199015316377564,2016-10-06 00:33:48.000,2,MULTI_SESSION
9832163989743197601,2017-07-28 15:50:12.000,2,MULTI_SESSION
5682452231721622029,2016-08-30 18:14:33.000,2,MULTI_SESSION
9457104387096900889,2017-03-04 23:34:51.000,2,MULTI_SESSION
5535005184327242090,2016-12-13 13:02:25.000,2,MULTI_SESSION
878830506571265028,2016-09-28 20:26:37.000,2,MULTI_SESSION
8520669029121182420,2017-04-07 21:04:08.000,2,MULTI_SESSION
060208176042336566,2016-10-11 02:43:22.000,2,MULTI_SESSION
191473448043211052,2017-05-04 15:34:20.000,2,MULTI_SESSION
0240177559062852098,2016-08-10 19:25:55.000,2,MULTI_SESSION
2467715895053922094,2016-08-11 02:56:23.000,2,MULTI_SESSION
6441139153486258905,2016-09-29 04:14:39.000,2,MULTI_SESSION
8958014909815148266,2016-11-29 00:14:34.000,2,MULTI_SESSION
0097563825178820508,2017-07-13 05:27:08.000,2,MULTI_SESSION
8006404712306518616,2017-04-12 04:05:34.000,1,SINGLE_SESSION
7936166614949878797,2017-04-12 18:20:17.000,1,SINGLE_SESSION
3004638756363119984,2017-04-28 05:31:48.000,1,SINGLE_SESSION
8798873887038332681,2017-04-30 05:19:09.000,1,SINGLE_SESSION
2263008738696864594,2016-12-24 16:39:30.000,1,SINGLE_SESSION
0231481887069911183,2016-12-21 18:09:27.000,1,SINGLE_SESSION
3775099871992574448,2017-05-27 02:14:58.000,1,SINGLE_SESSION
1049873581883188913,2017-05-20 15:29:08.000,1,SINGLE_SESSION
4239705522923408446,2016-10-25 23:26:23.000,1,SINGLE_SESSION
6575507973076035820,2017-01-30 00:54:43.000,1,SINGLE_SESSION
8552454414912695320,2016-10-18 02:22:04.000,1,SINGLE_SESSION
1709922121501026166,2017-03-10 12:33:43.000,1,SINGLE_SESSION
2281213030212005510,2017-04-05 16:43:43.000,1,SINGLE_SESSION
2543259814271575260,2017-05-03 22:32:49.000,1,SINGLE_SESSION
4618841741549642814,2017-03-29 16:20:13.000,1,SINGLE_SESSION
1019144763983304316,2016-12-20 02:31:49.000,1,SINGLE_SESSION
3916248033880457849,2017-07-09 20:10:56.000,1,SINGLE_SESSION
5510897881327893367,2016-10-25 04:50:04.000,1,SINGLE_SESSION
2538636984723199001,2016-10-04 20:44:22.000,2,MULTI_SESSION
2254911865804206902,2017-03-20 05:24:23.000,1,SINGLE_SESSION
8811772464235545235,2016-08-18 20:07:49.000,1,SINGLE_SESSION
8437936763415718280,2016-12-17 00:59:22.000,2,MULTI_SESSION
0438166916528767491,2017-03-28 18:21:49.000,1,SINGLE_SESSION
3440377768269728737,2017-05-12 14:02:17.000,1,SINGLE_SESSION
0914648928520608804,2017-02-17 22:20:01.000,1,SINGLE_SESSION
3976271665375481044,2017-01-23 16:26:35.000,1,SINGLE_SESSION
9507736163898888702,2016-10-31 16:09:44.000,1,SINGLE_SESSION
6571750739526542034,2017-05-01 18:17:41.000,1,SINGLE_SESSION
9635029100521487345,2016-12-15 22:15:17.000,1,SINGLE_SESSION
1835011488823009985,2016-08-25 18:43:13.000,1,SINGLE_SESSION
280738376597848400,2016-09-14 17:25:00.000,2,MULTI_SESSION
6046590662563532238,2017-04-16 18:37:00.000,2,MULTI_SESSION
5743796585353969433,2016-12-23 15:59:33.000,2,MULTI_SESSION
6371969436359305820,2016-12-05 04:40:53.000,2,MULTI_SESSION
6284948773679645206,2017-07-06 17:50:53.000,1,SINGLE_SESSION
7934034759287623180,2016-09-15 22:27:07.000,1,SINGLE_SESSION
8023076116006253866,2016-10-26 17:13:55.000,1,SINGLE_SESSION
689752308200679975,2017-02-04 04:28:37.000,1,SINGLE_SESSION
3430477104062531238,2016-08-13 15:38:19.000,1,SINGLE_SESSION
3307040795595552243,2016-11-03 08:29:29.000,1,SINGLE_SESSION
2084416927014276438,2017-07-07 21:40:49.000,1,SINGLE_SESSION
0377374830135310453,2017-03-11 02:04:39.000,2,MULTI_SESSION
582674888457699636,2017-04-12 15:24:23.000,1,SINGLE_SESSION
6203401114057579951,2016-08-01 12:51:38.000,1,SINGLE_SESSION
4305389123856047722,2017-04-12 17:40:58.000,1,SINGLE_SESSION
1056847391398046523,2017-06-27 14:27:31.000,1,SINGLE_SESSION
2587994886006501895,2016-12-03 05:09:42.000,1,SINGLE_SESSION
4736351096057315786,2017-03-16 02:53:44.000,1,SINGLE_SESSION
0596169222611729599,2017-02-04 22:53:02.000,1,SINGLE_SESSION
9366501767240596824,2016-08-11 23:58:24.000,1,SINGLE_SESSION
1121753578357585209,2017-06-13 23:25:39.000,1,SINGLE_SESSION
0752028722462077344,2016-08-29 22:18:03.000,1,SINGLE_SESSION
3908289773281629421,2016-08-11 22:12:01.000,1,SINGLE_SESSION
3210463637705719275,2016-08-30 04:56:49.000,1,SINGLE_SESSION
8972388387130785286,2017-07-10 02:42:34.000,1,SINGLE_SESSION
1028353611615398657,2017-04-29 02:06:23.000,1,SINGLE_SESSION
8777961928768827238,2017-05-04 20:17:04.000,1,SINGLE_SESSION
7387561254921039539,2017-01-24 18:54:09.000,1,SINGLE_SESSION
1316486783766526130,2016-12-30 19:12:55.000,1,SINGLE_SESSION
7778824028479625662,2017-03-30 05:43:50.000,1,SINGLE_SESSION
7824102392765552707,2017-07-30 00:12:43.000,1,SINGLE_SESSION
8542904760257700339,2016-09-09 14:28:51.000,1,SINGLE_SESSION
4377378313866337368,2017-07-04 20:50:11.000,1,SINGLE_SESSION
435591376205999996,2016-10-07 01:19:40.000,1,SINGLE_SESSION
67144867645757015,2016-12-23 01:37:32.000,1,SINGLE_SESSION
4940725920339673450,2017-02-06 22:12:42.000,1,SINGLE_SESSION
3079251179571045566,2016-11-16 05:54:15.000,1,SINGLE_SESSION
6592883580168014282,2017-03-28 16:46:20.000,1,SINGLE_SESSION
5336619974419440479,2017-05-20 18:28:38.000,1,SINGLE_SESSION
2316712182271385122,2017-06-01 14:39:57.000,1,SINGLE_SESSION
395177713873271845,2016-12-28 21:45:45.000,1,SINGLE_SESSION
7572337128017560741,2016-12-27 00:06:18.000,1,SINGLE_SESSION
1122839061330453830,2017-03-02 19:57:57.000,1,SINGLE_SESSION
2200937362682564380,2016-12-08 06:30:09.000,1,SINGLE_SESSION
6506018899237135530,2016-09-24 20:47:22.000,1,SINGLE_SESSION
3106406359613748642,2016-09-03 23:24:11.000,1,SINGLE_SESSION
0236160742740831906,2017-07-16 03:56:57.000,1,SINGLE_SESSION
747719955276069654,2016-11-14 22:26:04.000,1,SINGLE_SESSION
7750340404205493317,2017-03-01 06:53:26.000,1,SINGLE_SESSION
5795630000736964663,2016-09-16 20:23:00.000,1,SINGLE_SESSION
0846909178011312417,2017-01-25 22:14:08.000,1,SINGLE_SESSION
6230711992146331742,2016-12-12 02:35:55.000,1,SINGLE_SESSION
1189390326934275148,2017-05-06 00:38:18.000,1,SINGLE_SESSION
0035322769016923863,2017-04-12 20:33:40.000,1,SINGLE_SESSION
2179583548664374175,2017-05-03 18:51:44.000,1,SINGLE_SESSION
3548098454979179257,2017-03-01 23:05:50.000,1,SINGLE_SESSION
3614707430894059857,2017-08-01 22:13:41.000,1,SINGLE_SESSION
6773197737992467786,2017-05-25 01:20:08.000,1,SINGLE_SESSION
2099827776599547321,2016-08-17 23:41:37.000,1,SINGLE_SESSION
7409212089173005419,2017-07-30 04:11:45.000,1,SINGLE_SESSION
9234695430775481788,2017-04-11 00:59:07.000,1,SINGLE_SESSION
192847875246565811,2016-12-19 01:00:21.000,1,SINGLE_SESSION
3208324314042464006,2017-04-08 19:49:48.000,1,SINGLE_SESSION
2691688576620945855,2017-05-03 15:03:26.000,1,SINGLE_SESSION
8382560140451028355,2017-07-26 20:47:10.000,1,SINGLE_SESSION
0743501820485430157,2017-07-26 02:04:25.000,1,SINGLE_SESSION
5286140759452921849,2017-04-26 19:22:27.000,1,SINGLE_SESSION
8068061072215926350,2016-08-23 21:52:27.000,2,MULTI_SESSION
1520928358584851905,2017-03-05 18:57:41.000,1,SINGLE_SESSION
0370653840812117479,2017-05-09 15:26:34.000,1,SINGLE_SESSION
1116587832641157289,2017-03-17 14:41:51.000,1,SINGLE_SESSION
3857043812510146001,2017-03-03 16:14:48.000,1,SINGLE_SESSION
0834453370110165389,2016-12-15 21:18:55.000,1,SINGLE_SESSION
9087900634416277162,2016-11-30 01:54:39.000,1,SINGLE_SESSION
2794411975075446224,2016-12-21 00:19:49.000,1,SINGLE_SESSION
9018439696824607924,2017-06-28 03:21:42.000,2,MULTI_SESSION
7353302216427585997,2017-01-24 03:46:25.000,1,SINGLE_SESSION
8831435448967549467,2016-10-04 12:10:16.000,1,SINGLE_SESSION
4702129911000860052,2017-03-31 23:19:40.000,1,SINGLE_SESSION
2876746492094191998,2016-10-17 01:31:58.000,1,SINGLE_SESSION
9521468135901127639,2016-11-19 20:23:30.000,1,SINGLE_SESSION
7851878234225373633,2016-08-08 00:44:54.000,2,MULTI_SESSION
6598705498022981771,2016-08-14 18:38:49.000,1,SINGLE_SESSION
6249004626269199450,2016-12-08 05:47:36.000,1,SINGLE_SESSION
5542844395633027147,2017-04-22 01:34:23.000,2,MULTI_SESSION
0209588266013545629,2017-03-24 21:26:15.000,2,MULTI_SESSION
2543151459368346920,2016-12-06 17:39:27.000,1,SINGLE_SESSION
0585708896049892,2016-12-21 20:59:44.000,1,SINGLE_SESSION
220006931292049293,2017-04-12 13:32:44.000,1,SINGLE_SESSION
7142166190751958434,2016-10-22 21:38:51.000,1,SINGLE_SESSION
9541870086630790426,2017-01-31 17:08:25.000,1,SINGLE_SESSION
5250995229512019408,2016-10-16 20:24:55.000,1,SINGLE_SESSION
5282620587109822373,2016-10-19 10:48:50.000,1,SINGLE_SESSION
5889010106366698304,2017-04-12 18:42:02.000,2,MULTI_SESSION
9971923779409622764,2017-05-20 19:05:57.000,1,SINGLE_SESSION
0417281456122837207,2017-05-03 19:51:16.000,1,SINGLE_SESSION
4488478628973665084,2017-05-28 02:07:08.000,1,SINGLE_SESSION
4402860754109907978,2017-01-17 19:50:51.000,1,SINGLE_SESSION
5191173852123388397,2017-04-19 23:00:23.000,1,SINGLE_SESSION
070749496194697211,2017-03-08 18:38:27.000,1,SINGLE_SESSION
8325952063826402508,2017-03-31 15:40:15.000,1,SINGLE_SESSION
3248299848475124919,2016-11-15 17:30:12.000,1,SINGLE_SESSION
445196580526849660,2016-11-13 16:33:51.000,1,SINGLE_SESSION
987234935111855990,2016-10-06 15:32:43.000,1,SINGLE_SESSION
406001208091891832,2017-01-26 22:27:42.000,1,SINGLE_SESSION
0154216796177071016,2016-08-25 22:20:54.000,1,SINGLE_SESSION
5592426380056165387,2017-01-16 21:41:41.000,1,SINGLE_SESSION
9591183428141040621,2017-01-25 10:05:20.000,1,SINGLE_SESSION
308001535433955546,2017-04-17 13:20:44.000,1,SINGLE_SESSION
6966498085786819087,2016-09-26 20:38:15.000,1,SINGLE_SESSION
2581268341916303872,2017-05-26 06:51:40.000,1,SINGLE_SESSION
5590346028970118637,2017-07-21 01:20:29.000,1,SINGLE_SESSION
8195647791855576548,2017-03-20 20:25:32.000,1,SINGLE_SESSION
1996275771691758452,2016-09-26 19:57:24.000,1,SINGLE_SESSION
6933441494397777284,2017-04-23 07:32:15.000,1,SINGLE_SESSION
9806766048628835536,2017-02-13 02:18:37.000,1,SINGLE_SESSION
5638519813999798769,2016-10-23 01:13:37.000,1,SINGLE_SESSION
444526989485504305,2016-08-16 14:04:18.000,1,SINGLE_SESSION
560805040196785546,2016-08-02 16:01:17.000,1,SINGLE_SESSION
0529281851523725509,2017-01-11 23:42:35.000,1,SINGLE_SESSION
3039235683404225577,2016-11-02 17:23:35.000,1,SINGLE_SESSION
408716403041557794,2016-12-21 18:57:45.000,1,SINGLE_SESSION
0770704534881133670,2017-05-10 14:21:53.000,2,MULTI_SESSION
965001845233995898,2017-05-02 14:32:27.000,1,SINGLE_SESSION
8827321808428655650,2016-10-30 04:45:58.000,1,SINGLE_SESSION
4627109469264515269,2016-09-18 17:07:11.000,1,SINGLE_SESSION
2092692131178622106,2017-05-01 22:57:19.000,1,SINGLE_SESSION
8846681432728347342,2017-06-22 03:15:23.000,1,SINGLE_SESSION
4748015823262497744,2017-01-18 13:41:07.000,1,SINGLE_SESSION
9461228084210317849,2017-03-04 22:15:42.000,1,SINGLE_SESSION
9262188833552187885,2016-12-16 17:56:27.000,1,SINGLE_SESSION
8322927237499215008,2016-08-16 21:02:14.000,1,SINGLE_SESSION
1759164715589442181,2016-09-25 05:13:39.000,1,SINGLE_SESSION
1379646428216790827,2017-06-21 16:49:21.000,1,SINGLE_SESSION
930131333447511778,2016-12-07 19:39:48.000,1,SINGLE_SESSION
0886303544270908488,2017-04-21 22:23:42.000,1,SINGLE_SESSION
1947343681843355858,2017-07-10 17:33:39.000,2,MULTI_SESSION
5918969428390529322,2017-03-28 16:04:34.000,1,SINGLE_SESSION
6260138912431019098,2016-09-11 18:31:23.000,1,SINGLE_SESSION
5623565277433732918,2017-02-10 19:20:58.000,1,SINGLE_SESSION
7454455828968667509,2017-03-17 00:06:56.000,1,SINGLE_SESSION
7368502516910628581,2017-06-04 18:28:51.000,1,SINGLE_SESSION
0422682096572302497,2016-09-29 20:21:36.000,1,SINGLE_SESSION
2757924321423879256,2017-06-29 07:37:28.000,1,SINGLE_SESSION
7884650300070174701,2016-08-23 20:24:40.000,1,SINGLE_SESSION
2261390197712029015,2017-03-18 14:49:42.000,1,SINGLE_SESSION
6165745649694489775,2017-01-01 22:35:16.000,1,SINGLE_SESSION
817007348095653854,2016-09-26 18:14:05.000,1,SINGLE_SESSION
9702922854313747953,2017-03-07 23:48:26.000,2,MULTI_SESSION
6883290744646769254,2017-03-28 16:21:23.000,1,SINGLE_SESSION
8122533509308793130,2016-09-29 04:44:44.000,2,MULTI_SESSION
859132966118667641,2017-04-20 15:37:36.000,1,SINGLE_SESSION
0820013973529308725,2017-02-14 22:41:30.000,1,SINGLE_SESSION
9095973446989997244,2017-07-05 23:02:14.000,1,SINGLE_SESSION
3813195472927677467,2017-07-21 17:58:40.000,1,SINGLE_SESSION
6330153478154556057,2017-06-27 02:56:06.000,1,SINGLE_SESSION
0552165022845624889,2017-05-02 16:19:09.000,1,SINGLE_SESSION
9519477824585169413,2017-07-14 20:30:06.000,1,SINGLE_SESSION
6928928150843401666,2016-09-25 13:44:20.000,1,SINGLE_SESSION
1398262961791736387,2016-09-30 22:20:41.000,1,SINGLE_SESSION
4988683855814257726,2017-04-13 00:57:31.000,1,SINGLE_SESSION
1895782678595492670,2016-12-22 22:41:04.000,2,MULTI_SESSION
5599295096941402799,2016-11-18 02:26:52.000,1,SINGLE_SESSION
7674873291467776477,2016-11-07 19:41:48.000,1,SINGLE_SESSION
0510399340773152452,2017-05-08 05:14:07.000,1,SINGLE_SESSION
813852585934816010,2017-06-03 21:31:58.000,1,SINGLE_SESSION
3117858606721790013,2017-07-02 13:32:02.000,1,SINGLE_SESSION
6754683731104767908,2017-03-24 13:39:05.000,1,SINGLE_SESSION
249511131827396757,2016-08-26 01:23:36.000,1,SINGLE_SESSION
784525939227851603,2016-08-05 15:59:53.000,1,SINGLE_SESSION
8548338976207159985,2016-10-31 20:39:54.000,1,SINGLE_SESSION
646210848993699313,2017-04-27 17:31:17.000,1,SINGLE_SESSION
1502922485907270332,2017-05-22 14:58:09.000,1,SINGLE_SESSION
4294172539120874565,2016-11-28 17:21:02.000,1,SINGLE_SESSION
9101737200885775701,2017-05-25 19:10:59.000,1,SINGLE_SESSION
0047471876951764213,2016-12-21 17:19:57.000,1,SINGLE_SESSION
6546372456580324872,2017-05-11 21:49:25.000,1,SINGLE_SESSION
9779316034185036780,2016-11-28 03:40:12.000,1,SINGLE_SESSION
2859330575716176857,2017-01-05 18:48:51.000,1,SINGLE_SESSION
640698688315594544,2016-11-06 13:04:31.000,1,SINGLE_SESSION
5514710857144039203,2017-04-13 20:06:20.000,1,SINGLE_SESSION
6800222720402902812,2017-07-14 17:12:17.000,1,SINGLE_SESSION
5404315968522337707,2016-10-04 01:57:51.000,1,SINGLE_SESSION
9503612993189278427,2017-02-14 21:34:02.000,1,SINGLE_SESSION
9930798771236875483,2016-12-16 04:32:20.000,1,SINGLE_SESSION
2465889917134272645,2016-09-20 16:06:56.000,1,SINGLE_SESSION
1665883834078021725,2016-11-30 02:26:16.000,1,SINGLE_SESSION
4981176834467119463,2016-09-22 18:49:50.000,1,SINGLE_SESSION
2390837948124103582,2017-02-17 22:28:22.000,2,MULTI_SESSION
532016816923357737,2016-11-28 00:05:20.000,2,MULTI_SESSION
1218610902991189270,2016-10-22 17:52:31.000,1,SINGLE_SESSION
0548744394505098293,2017-07-25 19:17:45.000,1,SINGLE_SESSION
7524696809408974105,2016-10-07 19:46:17.000,1,SINGLE_SESSION
5010943201527099735,2016-10-04 13:36:44.000,1,SINGLE_SESSION
0466834914358216815,2016-11-23 15:10:58.000,1,SINGLE_SESSION
670221610640324008,2017-03-16 13:34:03.000,1,SINGLE_SESSION
9463310901039395339,2017-03-17 21:07:04.000,1,SINGLE_SESSION
9420235641168987849,2016-08-20 00:11:59.000,1,SINGLE_SESSION
475993971295433883,2017-04-10 19:17:00.000,1,SINGLE_SESSION
2369561597136874183,2016-10-02 22:36:09.000,1,SINGLE_SESSION
9248282252259286465,2016-08-24 23:05:50.000,1,SINGLE_SESSION
3016156035276405159,2016-10-20 07:11:29.000,1,SINGLE_SESSION
2086918960702630134,2017-04-10 21:53:55.000,1,SINGLE_SESSION
3705098385635161480,2016-11-30 19:37:18.000,1,SINGLE_SESSION
7867882247088163383,2017-05-11 21:50:36.000,1,SINGLE_SESSION
8380758485176387749,2016-12-22 04:08:14.000,1,SINGLE_SESSION
4424722344312683203,2017-02-14 22:45:38.000,1,SINGLE_SESSION
4598118840866939868,2016-12-21 22:08:41.000,1,SINGLE_SESSION
1131086328893373855,2017-01-18 21:49:38.000,1,SINGLE_SESSION
6760846348578778765,2017-01-24 17:54:15.000,1,SINGLE_SESSION
3959206428704010201,2017-06-12 20:28:53.000,1,SINGLE_SESSION
1560871818070295812,2017-02-25 22:40:43.000,1,SINGLE_SESSION
2078956363309304458,2016-09-19 17:59:42.000,1,SINGLE_SESSION
8496641076182253278,2017-06-04 17:10:15.000,1,SINGLE_SESSION
9965495974379156538,2016-09-06 14:12:09.000,1,SINGLE_SESSION
4353126810797265189,2016-12-05 12:32:27.000,1,SINGLE_SESSION
1096278048231856532,2017-01-18 09:16:42.000,1,SINGLE_SESSION
6200432860904233045,2016-12-02 21:46:12.000,1,SINGLE_SESSION
8535572302467268502,2016-09-01 20:45:22.000,1,SINGLE_SESSION
9791901930361310595,2017-04-30 21:00:54.000,1,SINGLE_SESSION
7725691113815221366,2016-12-31 02:04:30.000,1,SINGLE_SESSION
4677742971872821654,2017-01-20 15:59:18.000,1,SINGLE_SESSION
6599797229931004781,2017-04-17 22:09:07.000,1,SINGLE_SESSION
3246079438339709804,2016-09-15 14:33:47.000,3,MULTI_SESSION
977244245594974922,2017-01-12 08:27:13.000,2,MULTI_SESSION
0520805520579177810,2017-06-01 17:06:38.000,1,SINGLE_SESSION
769814198037419822,2017-04-21 23:48:07.000,1,SINGLE_SESSION
5791424839538217435,2017-06-13 19:41:28.000,1,SINGLE_SESSION
3152883096390022725,2017-02-01 21:14:19.000,1,SINGLE_SESSION
5056199586558864505,2016-11-03 01:09:34.000,1,SINGLE_SESSION
5441087838163342931,2016-12-06 18:01:37.000,2,MULTI_SESSION
7824759881998320555,2017-07-18 19:15:32.000,1,SINGLE_SESSION
1216639212736323098,2017-06-23 16:28:15.000,1,SINGLE_SESSION
8780445498294202074,2017-07-17 19:06:42.000,1,SINGLE_SESSION
9505279375401532282,2017-01-15 01:27:58.000,1,SINGLE_SESSION
8396381914798990516,2017-05-12 01:16:40.000,1,SINGLE_SESSION
4959410280892365122,2017-05-15 18:06:47.000,1,SINGLE_SESSION
5675830566219535598,2017-06-19 16:03:01.000,1,SINGLE_SESSION
9320164337521602239,2017-06-04 21:42:26.000,1,SINGLE_SESSION
3982018617759941881,2016-11-14 16:36:29.000,1,SINGLE_SESSION
5074309045799746366,2017-02-08 22:35:27.000,1,SINGLE_SESSION
7612168453953047528,2016-09-23 18:23:32.000,1,SINGLE_SESSION
5609394618521393122,2017-01-30 17:46:28.000,1,SINGLE_SESSION
6966023444510052421,2016-12-09 20:07:57.000,2,MULTI_SESSION
4417987816137194149,2017-08-01 14:55:17.000,1,SINGLE_SESSION
7078772937328563719,2016-10-15 03:29:05.000,1,SINGLE_SESSION
7595424386639223686,2016-12-25 15:17:25.000,1,SINGLE_SESSION
9155247455094751450,2016-08-24 22:50:04.000,1,SINGLE_SESSION
1820693889236774017,2016-11-01 22:36:42.000,1,SINGLE_SESSION
3097915450059781479,2016-08-12 18:04:50.000,1,SINGLE_SESSION
7409109542465794166,2017-02-23 20:43:44.000,1,SINGLE_SESSION
7787965754580189953,2016-12-29 16:41:01.000,1,SINGLE_SESSION
2079822395553835132,2017-04-30 23:58:23.000,1,SINGLE_SESSION
2821795422917139717,2016-10-12 15:05:47.000,1,SINGLE_SESSION
104208155752393756,2016-10-27 20:39:32.000,1,SINGLE_SESSION
3533321695674569475,2016-12-14 00:38:08.000,1,SINGLE_SESSION
3434700380216102535,2016-08-19 13:54:11.000,1,SINGLE_SESSION
3671103606125826887,2017-04-28 23:10:00.000,1,SINGLE_SESSION
1833282132105102358,2017-05-02 16:38:46.000,1,SINGLE_SESSION
3658091589289896549,2017-05-18 19:31:59.000,1,SINGLE_SESSION
560045648140089234,2017-03-06 21:39:19.000,2,MULTI_SESSION
7443749709958085466,2017-05-03 21:44:25.000,1,SINGLE_SESSION
5735801117087440751,2017-05-04 17:14:11.000,1,SINGLE_SESSION
7285581814755922222,2017-07-24 11:49:14.000,1,SINGLE_SESSION
1123528056036404,2016-12-12 15:33:06.000,1,SINGLE_SESSION
628121127521169790,2017-06-24 18:01:59.000,1,SINGLE_SESSION
4395471984561333181,2017-01-27 00:44:01.000,1,SINGLE_SESSION
6105491009859424939,2016-12-12 22:37:11.000,1,SINGLE_SESSION
7725596392985025022,2017-06-12 13:43:06.000,1,SINGLE_SESSION
5846746370544767584,2017-04-14 12:42:00.000,1,SINGLE_SESSION
8286582297172880189,2017-05-16 19:25:49.000,1,SINGLE_SESSION
7248845288199471059,2017-07-11 15:01:52.000,1,SINGLE_SESSION
515195001502319520,2016-11-29 02:15:24.000,1,SINGLE_SESSION
8757403953773731180,2017-05-08 17:43:42.000,1,SINGLE_SESSION
723690431772344547,2017-06-26 01:58:05.000,1,SINGLE_SESSION
2672309566459492077,2016-08-25 02:56:10.000,1,SINGLE_SESSION
3996347475095244945,2016-08-25 22:29:27.000,1,SINGLE_SESSION
5149388872089992993,2017-02-08 15:29:42.000,1,SINGLE_SESSION
5393564423010842176,2016-08-20 16:38:39.000,1,SINGLE_SESSION
2090714886530233895,2017-01-09 17:03:32.000,1,SINGLE_SESSION
2703316646520107056,2017-04-25 02:51:00.000,1,SINGLE_SESSION
4860407976965173412,2017-05-14 00:47:07.000,1,SINGLE_SESSION
3036536179298397779,2016-08-06 00:03:01.000,1,SINGLE_SESSION
6571568688265758009,2016-08-02 14:49:53.000,1,SINGLE_SESSION
947193476266502800,2017-07-09 21:05:56.000,1,SINGLE_SESSION
4739974666602376469,2016-12-05 18:51:48.000,2,MULTI_SESSION
2584193106113702734,2017-05-16 16:11:13.000,1,SINGLE_SESSION
2167603248081396951,2017-03-03 05:58:08.000,1,SINGLE_SESSION
1425879046045306508,2017-05-27 13:23:42.000,1,SINGLE_SESSION
4602142208346429038,2017-04-13 00:59:51.000,1,SINGLE_SESSION
4482624745886118154,2017-01-03 20:48:18.000,2,MULTI_SESSION
9170450146722277059,2017-05-12 22:06:40.000,1,SINGLE_SESSION
4049243672226298853,2016-08-22 17:09:58.000,1,SINGLE_SESSION
5906185555476302609,2016-12-18 23:06:48.000,1,SINGLE_SESSION
779742490071283583,2016-11-25 20:05:37.000,1,SINGLE_SESSION
9119794344298537076,2017-07-18 21:59:38.000,1,SINGLE_SESSION
1765174534207542006,2017-05-08 21:13:37.000,1,SINGLE_SESSION
2094792722274166219,2016-12-16 04:41:48.000,1,SINGLE_SESSION
331053449765638219,2016-09-09 12:26:39.000,1,SINGLE_SESSION
4100254762425335988,2017-03-10 15:33:39.000,1,SINGLE_SESSION
4242949576061124500,2017-04-07 21:04:52.000,1,SINGLE_SESSION
1005402327452284028,2016-09-07 18:43:33.000,1,SINGLE_SESSION
1433472344011352817,2016-11-30 02:02:32.000,1,SINGLE_SESSION
5477995204043660887,2017-02-12 12:16:45.000,1,SINGLE_SESSION
3936547620796707449,2016-12-06 05:30:23.000,1,SINGLE_SESSION
38208004954801781,2016-08-29 00:54:59.000,1,SINGLE_SESSION
2302897932992284309,2017-07-14 14:27:24.000,1,SINGLE_SESSION
4304464276543678891,2016-10-10 18:14:18.000,1,SINGLE_SESSION
8939441371996358045,2017-02-06 04:21:34.000,1,SINGLE_SESSION
4774637035965571033,2017-03-10 20:47:19.000,1,SINGLE_SESSION
4259785355346404932,2016-10-05 19:43:40.000,1,SINGLE_SESSION
5579963663237944825,2016-10-17 17:15:39.000,1,SINGLE_SESSION
0738493091551467122,2017-03-23 20:17:25.000,1,SINGLE_SESSION
1524133766699540447,2017-04-28 21:34:02.000,1,SINGLE_SESSION
7451784455034182787,2017-05-26 20:56:42.000,1,SINGLE_SESSION
707174453609697560,2016-12-04 01:41:07.000,1,SINGLE_SESSION
3823935251343260021,2017-03-31 00:24:38.000,1,SINGLE_SESSION
2018356319850533895,2017-04-28 01:19:52.000,1,SINGLE_SESSION
5365708442015077167,2017-07-22 03:21:46.000,1,SINGLE_SESSION
7384954748824600324,2017-03-19 16:07:52.000,1,SINGLE_SESSION
2305911848160020005,2016-08-21 04:48:53.000,1,SINGLE_SESSION
0987573170837695929,2017-06-18 16:47:50.000,1,SINGLE_SESSION
9445171435422230535,2017-08-01 01:25:21.000,1,SINGLE_SESSION
2435096428144320733,2017-06-20 02:35:54.000,1,SINGLE_SESSION
2358466169311719412,2016-08-18 20:49:49.000,1,SINGLE_SESSION
360037071155817238,2016-08-12 15:30:04.000,1,SINGLE_SESSION
9129211916436188214,2017-06-15 16:48:34.000,1,SINGLE_SESSION
9593778944877514352,2016-10-19 22:21:52.000,1,SINGLE_SESSION
8790318308962815398,2016-08-09 20:29:15.000,1,SINGLE_SESSION
5095160033645238155,2017-07-10 14:06:15.000,1,SINGLE_SESSION
5342287440571105823,2017-03-07 21:26:35.000,2,MULTI_SESSION
942937642907387316,2017-05-04 19:03:23.000,1,SINGLE_SESSION
5100429835111560658,2017-05-13 23:26:28.000,1,SINGLE_SESSION
2219981041933608843,2017-07-29 15:35:22.000,1,SINGLE_SESSION
6505695980027180429,2017-01-05 20:25:45.000,1,SINGLE_SESSION
1689971713322520548,2016-11-08 15:59:33.000,1,SINGLE_SESSION
2134229956335427014,2017-07-19 20:33:04.000,1,SINGLE_SESSION
0774526615383455547,2016-12-18 19:19:03.000,1,SINGLE_SESSION
088808220383842202,2017-02-03 11:31:32.000,1,SINGLE_SESSION
1519633874284190334,2017-03-01 19:10:45.000,1,SINGLE_SESSION
9085834622128985589,2017-03-16 01:27:51.000,2,MULTI_SESSION
1685335291483410828,2017-08-01 18:56:38.000,1,SINGLE_SESSION
18248151443924739,2016-10-23 12:45:30.000,1,SINGLE_SESSION
0372741889888882659,2017-07-19 01:15:53.000,1,SINGLE_SESSION
0441066271285731501,2017-03-21 18:24:36.000,1,SINGLE_SESSION
1591673974231051081,2016-12-21 00:30:14.000,1,SINGLE_SESSION
690857090174893408,2017-05-27 20:22:03.000,1,SINGLE_SESSION
8764097305653418346,2017-04-24 18:32:24.000,1,SINGLE_SESSION
6357668740640764097,2016-11-04 20:03:28.000,1,SINGLE_SESSION
853846740627743695,2017-02-01 19:44:55.000,1,SINGLE_SESSION
7338727505204882646,2017-05-18 20:56:57.000,1,SINGLE_SESSION
6297135529070226898,2017-05-17 21:39:09.000,1,SINGLE_SESSION
3779052441133019116,2016-10-02 23:19:11.000,1,SINGLE_SESSION
7917822451855985643,2017-06-23 00:47:50.000,1,SINGLE_SESSION
8510125348464766697,2016-09-21 05:17:49.000,1,SINGLE_SESSION
5112948888194419112,2017-01-19 02:33:39.000,1,SINGLE_SESSION
5322201987769163031,2017-06-13 18:24:58.000,1,SINGLE_SESSION
7048168030891512460,2017-03-07 15:20:33.000,1,SINGLE_SESSION
3302292601270378852,2017-07-08 03:09:16.000,1,SINGLE_SESSION
6298030765010140996,2017-04-07 06:31:06.000,1,SINGLE_SESSION
4239590118714521081,2016-12-30 22:44:59.000,1,SINGLE_SESSION
4019489288484601437,2017-03-21 20:37:28.000,1,SINGLE_SESSION
8263279530140831487,2017-03-09 22:57:45.000,1,SINGLE_SESSION
9253840199847773410,2017-05-09 12:49:07.000,1,SINGLE_SESSION
0823688768165405685,2017-06-20 10:57:41.000,1,SINGLE_SESSION
4118701850493797627,2016-12-21 16:22:34.000,1,SINGLE_SESSION
2976178532750719771,2016-08-01 16:27:52.000,1,SINGLE_SESSION
9156564036943742267,2017-02-04 18:09:24.000,1,SINGLE_SESSION
4435754179541464606,2016-08-25 21:52:40.000,1,SINGLE_SESSION
6306585286926302399,2016-11-30 07:37:55.000,1,SINGLE_SESSION
6721455376185973949,2017-05-31 23:51:33.000,1,SINGLE_SESSION
1324866380268873022,2017-01-18 17:50:31.000,1,SINGLE_SESSION
9587450597345558573,2016-10-23 17:37:02.000,1,SINGLE_SESSION
8987973920515725045,2016-08-23 21:25:14.000,1,SINGLE_SESSION
705638791185080238,2017-03-26 16:40:54.000,1,SINGLE_SESSION
5976867149100083641,2017-07-12 16:48:25.000,1,SINGLE_SESSION
4792644128765195526,2017-02-14 21:36:06.000,1,SINGLE_SESSION
8362548980861988572,2017-04-18 20:56:17.000,1,SINGLE_SESSION
5626083810340068803,2017-03-22 19:45:04.000,1,SINGLE_SESSION
6655413249295865439,2016-12-06 00:48:42.000,1,SINGLE_SESSION
6413819377788473042,2017-03-28 00:37:16.000,1,SINGLE_SESSION
4383455217267900846,2016-08-12 13:55:09.000,1,SINGLE_SESSION
5950059119124275683,2017-01-13 18:51:10.000,1,SINGLE_SESSION
2748057468219719679,2016-09-08 18:00:31.000,1,SINGLE_SESSION
7133939846118520732,2016-11-16 16:16:24.000,1,SINGLE_SESSION
5394117793906112034,2017-05-11 20:49:49.000,1,SINGLE_SESSION
8247997741428369490,2017-06-21 03:46:29.000,1,SINGLE_SESSION
5716546627685384562,2017-01-29 20:13:27.000,1,SINGLE_SESSION
5341224124331711899,2017-06-18 18:53:34.000,1,SINGLE_SESSION
7117209037706583763,2017-01-28 00:46:52.000,1,SINGLE_SESSION
4536077373458123773,2017-05-04 18:51:04.000,1,SINGLE_SESSION
0533869951708837257,2016-11-04 02:00:53.000,1,SINGLE_SESSION
4952396078130707023,2017-08-01 02:36:15.000,1,SINGLE_SESSION
376313822453352161,2016-12-18 01:37:29.000,1,SINGLE_SESSION
290718739519939792,2017-04-25 00:47:55.000,1,SINGLE_SESSION
9086408578145100131,2017-03-05 05:40:37.000,1,SINGLE_SESSION
0199007580877867026,2017-02-18 15:56:47.000,1,SINGLE_SESSION
6692279369558615157,2016-08-26 16:16:42.000,1,SINGLE_SESSION
6976087133861419230,2017-02-05 19:24:05.000,1,SINGLE_SESSION
4825534357105727679,2016-08-09 17:03:33.000,1,SINGLE_SESSION
9224783500329448504,2016-12-14 01:46:19.000,1,SINGLE_SESSION
0714988621267627989,2016-08-26 17:18:22.000,1,SINGLE_SESSION
9317820054005983401,2016-09-16 14:43:05.000,1,SINGLE_SESSION
648493675026382201,2016-08-24 13:13:40.000,1,SINGLE_SESSION
4032905923118841687,2017-03-17 20:22:52.000,1,SINGLE_SESSION
6464675579051292067,2016-10-20 03:18:23.000,1,SINGLE_SESSION
7633475394444208361,2017-07-27 11:52:11.000,1,SINGLE_SESSION
8281062230897695095,2017-05-20 04:02:15.000,1,SINGLE_SESSION
6143315280063551161,2016-08-15 18:09:14.000,1,SINGLE_SESSION
8341750475034482580,2017-05-13 00:56:40.000,1,SINGLE_SESSION
7417299995109631513,2017-04-07 18:58:26.000,1,SINGLE_SESSION
94314192369270538,2017-04-02 20:01:20.000,1,SINGLE_SESSION
0582559656298634054,2017-01-27 21:55:58.000,1,SINGLE_SESSION
9477829551781094415,2017-04-12 15:58:20.000,2,MULTI_SESSION
8012063331203949252,2017-05-18 02:05:50.000,1,SINGLE_SESSION
1081174349749089422,2016-09-22 19:59:01.000,1,SINGLE_SESSION
0460646718150298450,2016-08-10 17:58:42.000,1,SINGLE_SESSION
6713105550821330971,2017-06-27 18:37:28.000,2,MULTI_SESSION
4759811378386551901,2017-04-05 20:14:24.000,1,SINGLE_SESSION
9534631187575350094,2016-10-31 18:43:35.000,1,SINGLE_SESSION
7105306279330502506,2017-06-12 18:14:09.000,1,SINGLE_SESSION
3215774541013275282,2017-04-06 19:34:35.000,1,SINGLE_SESSION
9809961963298200028,2017-04-20 13:40:19.000,1,SINGLE_SESSION
2475065096617093474,2016-10-28 08:39:30.000,1,SINGLE_SESSION
0026329820781202527,2017-06-14 20:12:31.000,1,SINGLE_SESSION
2973611363966262012,2016-12-20 21:49:08.000,1,SINGLE_SESSION
7610360596308606,2017-06-27 15:06:22.000,1,SINGLE_SESSION
0804233828585175724,2016-10-14 01:34:11.000,1,SINGLE_SESSION
9799169384521023462,2016-11-04 03:00:30.000,1,SINGLE_SESSION
8045999471143993326,2016-09-26 02:13:59.000,1,SINGLE_SESSION
0082806901961150595,2017-07-25 18:42:52.000,1,SINGLE_SESSION
3831430428572616166,2016-12-25 22:17:43.000,1,SINGLE_SESSION
6439470406427514465,2017-06-26 13:48:27.000,1,SINGLE_SESSION
9054221017020554281,2017-05-12 15:22:09.000,1,SINGLE_SESSION
8224029032220919338,2016-12-31 17:52:05.000,1,SINGLE_SESSION
0191382203292370318,2017-03-13 21:07:53.000,1,SINGLE_SESSION
5990197890122139717,2016-12-01 18:02:45.000,1,SINGLE_SESSION
722529201110417278,2016-12-19 19:30:21.000,1,SINGLE_SESSION
5609577776870095596,2017-02-01 02:05:27.000,1,SINGLE_SESSION
1268621517820517686,2016-12-13 16:01:09.000,1,SINGLE_SESSION
5535488940465065287,2017-03-23 15:09:58.000,1,SINGLE_SESSION
731463778070039206,2017-02-06 22:46:41.000,1,SINGLE_SESSION
7166253532069552655,2016-08-18 20:06:04.000,1,SINGLE_SESSION
2118542080997390034,2017-05-27 05:40:04.000,1,SINGLE_SESSION
7670621252820310471,2016-10-11 18:16:02.000,1,SINGLE_SESSION
5718010271440408219,2017-05-21 17:27:44.000,1,SINGLE_SESSION
3131990640734225937,2016-12-20 04:17:32.000,1,SINGLE_SESSION
867893765969479440,2017-04-21 20:50:47.000,1,SINGLE_SESSION
1152867987950849273,2017-05-15 17:57:45.000,1,SINGLE_SESSION
841422432401292507,2016-09-21 05:09:53.000,1,SINGLE_SESSION
0299113451946744821,2016-08-20 19:24:20.000,1,SINGLE_SESSION
7000425720623417338,2016-12-22 01:15:47.000,1,SINGLE_SESSION
7739378572791448482,2016-10-28 02:52:41.000,1,SINGLE_SESSION
2906374507586934680,2016-11-05 18:26:30.000,1,SINGLE_SESSION
7133799247457485070,2016-09-14 19:17:17.000,1,SINGLE_SESSION
7748710052323833792,2016-11-28 20:01:50.000,1,SINGLE_SESSION
9367883304718826385,2016-08-20 02:50:43.000,1,SINGLE_SESSION
6726207842188370716,2017-01-06 05:50:49.000,1,SINGLE_SESSION
891411926643045441,2017-06-06 23:07:37.000,1,SINGLE_SESSION
7768308880358365308,2016-09-07 20:19:14.000,1,SINGLE_SESSION
860548659372971981,2016-12-03 21:03:32.000,2,MULTI_SESSION
400123865495017006,2017-03-30 16:26:56.000,1,SINGLE_SESSION
9019965756278401473,2016-12-09 01:35:40.000,1,SINGLE_SESSION
5449143729652556849,2016-12-31 07:00:33.000,1,SINGLE_SESSION
2350369757684691618,2017-04-17 18:50:36.000,1,SINGLE_SESSION
8880932172538804400,2016-10-09 04:33:05.000,1,SINGLE_SESSION
0389136722695149263,2016-11-15 01:51:40.000,1,SINGLE_SESSION
1276186701480455615,2016-09-14 23:24:29.000,1,SINGLE_SESSION
3131378609982399583,2017-07-19 19:55:26.000,1,SINGLE_SESSION
6792032727178228496,2016-11-01 15:00:02.000,1,SINGLE_SESSION
4773136139891314201,2016-12-02 02:35:57.000,1,SINGLE_SESSION
517804428885255967,2016-08-11 20:26:57.000,1,SINGLE_SESSION
0804510972627821648,2017-06-29 17:43:51.000,1,SINGLE_SESSION
1120023251501467003,2017-02-17 22:36:03.000,1,SINGLE_SESSION
16474246784013973,2017-06-22 19:51:23.000,1,SINGLE_SESSION
2838394030048546223,2017-01-10 18:41:57.000,1,SINGLE_SESSION
2820664164310129967,2016-09-28 13:55:46.000,1,SINGLE_SESSION
2017733599392792571,2016-09-25 04:09:49.000,1,SINGLE_SESSION
3564256947651906511,2016-09-13 17:31:47.000,1,SINGLE_SESSION
005987390541733447,2017-03-17 00:11:19.000,1,SINGLE_SESSION
8832840235464460612,2016-12-14 20:09:58.000,1,SINGLE_SESSION
0874430449698424125,2016-11-12 17:47:23.000,1,SINGLE_SESSION
1875268638592946287,2017-07-21 17:04:53.000,1,SINGLE_SESSION
487776113418404925,2017-05-04 15:22:16.000,2,MULTI_SESSION
8619176562727195197,2017-07-18 00:13:16.000,1,SINGLE_SESSION
4408662176448539530,2017-07-31 21:19:29.000,1,SINGLE_SESSION
783696981860862300,2016-09-16 14:25:50.000,2,MULTI_SESSION
3189343375435216997,2017-05-08 17:11:04.000,1,SINGLE_SESSION
4269279884422404154,2016-11-30 18:05:11.000,1,SINGLE_SESSION
4237013158233024373,2016-10-17 14:11:19.000,1,SINGLE_SESSION
6295374321665161260,2016-11-22 14:50:20.000,1,SINGLE_SESSION
4745541702702044442,2016-12-01 02:43:45.000,1,SINGLE_SESSION
6275380876231092642,2017-02-28 19:10:03.000,1,SINGLE_SESSION
0430094899859964214,2017-02-13 16:04:09.000,1,SINGLE_SESSION
8863754637499294953,2016-11-23 21:34:57.000,1,SINGLE_SESSION
9531727821358779487,2016-11-21 22:37:43.000,1,SINGLE_SESSION
5972468163034098276,2016-11-08 00:44:56.000,1,SINGLE_SESSION
5546697175223697472,2016-09-07 16:51:35.000,1,SINGLE_SESSION
9280768891345910775,2017-04-26 15:09:34.000,1,SINGLE_SESSION
4895430552956512702,2017-07-30 14:40:22.000,1,SINGLE_SESSION
6398718864839297879,2017-04-07 04:34:02.000,1,SINGLE_SESSION
263896833266166939,2017-07-07 17:18:47.000,1,SINGLE_SESSION
9763612016045313011,2016-09-01 21:40:00.000,1,SINGLE_SESSION
8380542931232724976,2016-08-13 17:33:26.000,2,MULTI_SESSION
4068234234266916182,2017-05-12 18:50:41.000,1,SINGLE_SESSION
1034854340187473312,2017-05-22 12:01:12.000,1,SINGLE_SESSION
2699081941742048853,2016-12-21 23:26:24.000,1,SINGLE_SESSION
3794016165791476291,2016-09-02 16:08:16.000,1,SINGLE_SESSION
1114521449277749382,2016-12-12 05:31:06.000,1,SINGLE_SESSION
0498810256715966268,2016-09-28 17:35:41.000,1,SINGLE_SESSION
9653642698910159272,2016-08-14 16:53:29.000,1,SINGLE_SESSION
1185073359641903497,2016-09-19 18:47:49.000,1,SINGLE_SESSION
6110032687734090597,2017-04-23 23:48:28.000,1,SINGLE_SESSION
0079363053947930450,2016-09-16 02:09:13.000,1,SINGLE_SESSION
7272923518010367426,2016-08-12 16:56:52.000,2,MULTI_SESSION
5236490570989867908,2016-10-28 14:36:22.000,1,SINGLE_SESSION
7391031890337172782,2016-11-03 17:15:31.000,1,SINGLE_SESSION
3568206778944915278,2016-08-07 18:29:05.000,1,SINGLE_SESSION
2324401088526343469,2016-10-29 02:34:04.000,1,SINGLE_SESSION
9302330158412938253,2016-11-18 04:35:51.000,1,SINGLE_SESSION
4178895217253469173,2016-12-16 14:21:42.000,1,SINGLE_SESSION
3733830588871650226,2017-02-17 22:14:18.000,1,SINGLE_SESSION
2732495805922289917,2017-05-06 01:28:19.000,1,SINGLE_SESSION
5812572929202367937,2017-07-10 18:53:56.000,1,SINGLE_SESSION
3765864302371503981,2016-08-23 00:37:25.000,1,SINGLE_SESSION
1907885199880044523,2016-10-10 21:18:22.000,1,SINGLE_SESSION
2478354346693137452,2017-01-15 06:35:23.000,1,SINGLE_SESSION
8598995083021048462,2016-12-23 20:21:01.000,2,MULTI_SESSION
6670969754329447420,2016-08-13 04:23:39.000,1,SINGLE_SESSION
0904822552053046827,2017-06-08 00:21:43.000,1,SINGLE_SESSION
6709889310139115020,2016-11-09 01:18:28.000,1,SINGLE_SESSION
3855340022292429663,2016-11-08 01:27:39.000,1,SINGLE_SESSION
0671204886678847894,2016-11-03 17:53:51.000,1,SINGLE_SESSION
5620325243593329832,2016-12-07 03:32:08.000,1,SINGLE_SESSION
9525538709571335494,2017-05-29 17:34:03.000,1,SINGLE_SESSION
5281124465457929520,2016-09-27 04:56:19.000,1,SINGLE_SESSION
8628901127410360895,2016-12-22 19:15:25.000,1,SINGLE_SESSION
8345665415010586104,2017-04-14 18:01:31.000,1,SINGLE_SESSION
0992883166330459343,2017-06-04 22:55:59.000,1,SINGLE_SESSION
2155115683587711916,2017-07-28 19:57:27.000,1,SINGLE_SESSION
656638853052117115,2016-11-29 13:12:41.000,1,SINGLE_SESSION
8401094161048767375,2017-02-26 03:02:54.000,1,SINGLE_SESSION
2494927659578259711,2017-07-03 17:14:52.000,1,SINGLE_SESSION
9878983280738866304,2017-03-04 15:45:59.000,1,SINGLE_SESSION
2607736667163691156,2017-01-30 17:34:27.000,1,SINGLE_SESSION
4410953563194536742,2017-07-26 18:33:23.000,1,SINGLE_SESSION
1881458907401964229,2016-09-02 20:52:05.000,1,SINGLE_SESSION
3714026769749334069,2017-06-11 09:22:22.000,1,SINGLE_SESSION
5116095560753599175,2016-08-11 17:02:37.000,1,SINGLE_SESSION
6605741812021030281,2017-07-08 02:34:48.000,1,SINGLE_SESSION
1438629930259858745,2016-09-16 18:39:17.000,1,SINGLE_SESSION
1656927552400476520,2017-07-18 05:42:51.000,1,SINGLE_SESSION
6180179196714828509,2016-08-11 18:22:37.000,1,SINGLE_SESSION
1842106171508051051,2017-07-13 21:34:12.000,1,SINGLE_SESSION
9816583667217814097,2017-02-18 05:15:36.000,1,SINGLE_SESSION
2433182968898386515,2017-07-14 16:22:16.000,1,SINGLE_SESSION
0170783936986517711,2017-06-27 03:38:04.000,1,SINGLE_SESSION
7524315936765112211,2016-09-05 02:03:30.000,1,SINGLE_SESSION
4666942141268151409,2017-02-12 23:05:02.000,1,SINGLE_SESSION
1786848071715293136,2016-10-04 03:08:59.000,2,MULTI_SESSION
302704045753662604,2017-07-24 18:26:51.000,1,SINGLE_SESSION
4443844275167853665,2016-11-27 17:50:19.000,1,SINGLE_SESSION
5297648994750515922,2016-10-25 22:00:43.000,1,SINGLE_SESSION
8782460844887105749,2016-09-29 20:25:09.000,1,SINGLE_SESSION
6098599379440790733,2016-10-17 05:48:34.000,1,SINGLE_SESSION
449754892287493650,2017-05-22 14:03:32.000,1,SINGLE_SESSION
1885676882208410768,2016-09-29 23:08:05.000,1,SINGLE_SESSION
9729747258221015409,2016-08-13 03:57:21.000,1,SINGLE_SESSION
7651960630185038876,2016-09-14 17:01:02.000,1,SINGLE_SESSION
051204193313789401,2017-05-01 14:09:03.000,1,SINGLE_SESSION
8299140226607408492,2017-06-29 07:53:06.000,1,SINGLE_SESSION
1852649172317720042,2017-04-26 18:50:10.000,1,SINGLE_SESSION
7844285640302688026,2017-02-06 22:25:37.000,1,SINGLE_SESSION
8543869082820414205,2017-03-28 19:08:11.000,2,MULTI_SESSION
1246338221591989045,2017-05-26 04:06:52.000,1,SINGLE_SESSION
4462274192949654186,2016-10-17 21:35:01.000,1,SINGLE_SESSION
1260431109777470566,2017-05-08 19:07:25.000,1,SINGLE_SESSION
4377180576553392275,2016-12-03 22:45:40.000,1,SINGLE_SESSION
9319442569262055147,2017-04-10 21:18:34.000,1,SINGLE_SESSION
8151349247637576196,2017-07-05 15:10:09.000,1,SINGLE_SESSION
0418715380582536680,2016-12-22 01:34:39.000,1,SINGLE_SESSION
4314785522549943313,2017-05-03 05:13:55.000,3,MULTI_SESSION
1361425561124755941,2017-01-10 21:11:13.000,1,SINGLE_SESSION
9387513564437162701,2017-04-08 21:09:17.000,1,SINGLE_SESSION
6832250540246266715,2017-05-07 01:25:22.000,1,SINGLE_SESSION
0802037866085868199,2017-01-16 00:59:01.000,1,SINGLE_SESSION
209859376587833277,2017-03-05 17:25:38.000,1,SINGLE_SESSION
7731162068091223593,2017-07-25 19:58:49.000,1,SINGLE_SESSION
7904889893242445451,2016-12-09 00:47:03.000,1,SINGLE_SESSION
2614896373515267740,2017-05-17 15:50:55.000,1,SINGLE_SESSION
3948753572772915413,2017-07-30 02:33:58.000,1,SINGLE_SESSION
1919186994660632677,2017-02-14 21:28:01.000,1,SINGLE_SESSION
5324726013788395323,2017-02-18 00:51:33.000,1,SINGLE_SESSION
9804405852019862459,2017-06-13 01:48:12.000,1,SINGLE_SESSION
368179555131058914,2016-10-03 19:02:29.000,1,SINGLE_SESSION
9103254527726253075,2016-08-11 15:50:51.000,1,SINGLE_SESSION
9077832746989941740,2016-10-24 17:19:09.000,1,SINGLE_SESSION
8942866004645538967,2017-03-20 08:45:42.000,1,SINGLE_SESSION
5949829052658336477,2016-08-16 19:28:48.000,1,SINGLE_SESSION
0390998170566117826,2017-01-05 17:55:09.000,1,SINGLE_SESSION
5704821890864354463,2016-12-09 19:17:38.000,1,SINGLE_SESSION
629329919532379545,2016-08-27 17:34:16.000,1,SINGLE_SESSION
4052181931278231194,2016-10-21 23:17:52.000,1,SINGLE_SESSION
0297816563358688328,2016-10-27 01:42:09.000,1,SINGLE_SESSION
9293364933491818472,2016-11-12 13:44:56.000,1,SINGLE_SESSION
9982117639715718754,2017-03-26 00:59:34.000,1,SINGLE_SESSION
6053317410808350071,2017-07-06 04:22:23.000,1,SINGLE_SESSION
5037208788065339806,2016-12-13 00:06:14.000,1,SINGLE_SESSION
3069763522016521582,2016-10-18 22:40:55.000,7,MULTI_SESSION
3554960621245001989,2017-01-05 03:57:33.000,6,MULTI_SESSION
2913067759054132692,2017-03-09 00:46:31.000,28,MULTI_SESSION
7445235885559107095,2017-03-20 18:24:27.000,48,MULTI_SESSION
2120280500988585465,2016-11-20 03:59:17.000,7,MULTI_SESSION
7806422854441917723,2016-10-24 01:38:18.000,4,MULTI_SESSION
2194592743396253647,2016-09-08 14:05:16.000,34,MULTI_SESSION
7023410125494623482,2017-03-21 15:01:21.000,15,MULTI_SESSION
1957458976293878100,2017-02-14 18:30:28.000,138,MULTI_SESSION
7088670546795941056,2016-11-04 20:19:23.000,6,MULTI_SESSION
0842497272190394672,2017-05-01 00:20:17.000,3,MULTI_SESSION
7606335731603327424,2017-06-22 18:18:34.000,3,MULTI_SESSION
4403455987499606429,2016-12-12 02:04:17.000,10,MULTI_SESSION
6658065818028361552,2017-04-27 17:36:51.000,5,MULTI_SESSION
2613946236686066431,2017-04-29 16:00:22.000,7,MULTI_SESSION
2807673742303315908,2016-12-11 17:59:09.000,9,MULTI_SESSION
3743841623706674212,2016-09-22 18:13:21.000,4,MULTI_SESSION
0955218036984949713,2017-03-29 20:59:03.000,4,MULTI_SESSION
2969418676126258798,2017-07-28 15:55:22.000,19,MULTI_SESSION
0134543573456503980,2016-10-25 15:54:03.000,18,MULTI_SESSION
8010758488625619131,2017-07-13 07:00:00.000,5,MULTI_SESSION
8361920675798597013,2017-04-08 02:54:06.000,5,MULTI_SESSION
2654157729152071076,2016-12-20 03:58:33.000,3,MULTI_SESSION
0598476687815353252,2016-11-22 23:58:54.000,5,MULTI_SESSION
3662177742807173577,2017-06-15 17:12:45.000,8,MULTI_SESSION
2175891853149827407,2017-03-04 00:55:18.000,4,MULTI_SESSION
2100286135111282949,2016-08-16 19:36:37.000,4,MULTI_SESSION
0474194738383570173,2016-12-12 19:04:13.000,3,MULTI_SESSION
8518740059623315737,2016-08-12 22:16:44.000,7,MULTI_SESSION
7292983953762980102,2017-01-23 15:17:53.000,5,MULTI_SESSION
8091479699447776041,2016-12-20 20:25:05.000,5,MULTI_SESSION
500766381427960566,2017-03-15 19:21:00.000,2,MULTI_SESSION
1724440306318274648,2017-01-05 15:42:01.000,6,MULTI_SESSION
7564212194922509100,2016-10-11 02:28:29.000,4,MULTI_SESSION
0114893528564579143,2016-12-19 00:14:34.000,6,MULTI_SESSION
9600570327260491637,2016-12-20 18:09:33.000,4,MULTI_SESSION
6984780518734174118,2016-12-27 19:06:24.000,6,MULTI_SESSION
4942841314277512023,2017-02-09 15:40:15.000,5,MULTI_SESSION
077910788641080085,2016-12-09 01:59:42.000,3,MULTI_SESSION
3273268557987890623,2017-07-25 17:08:17.000,10,MULTI_SESSION
5701386629196414952,2016-11-25 19:19:44.000,5,MULTI_SESSION
9048067102444753039,2016-10-17 15:23:27.000,9,MULTI_SESSION
594022882962204579,2017-01-22 23:46:13.000,4,MULTI_SESSION
0917544021316990441,2016-11-07 18:20:04.000,4,MULTI_SESSION
205892253400268407,2017-03-01 21:02:17.000,3,MULTI_SESSION
253217605888117906,2017-02-24 18:41:17.000,5,MULTI_SESSION
5601331232035413778,2017-06-27 07:48:12.000,7,MULTI_SESSION
543654610852010937,2016-12-06 05:06:56.000,5,MULTI_SESSION
8232947695089161227,2016-08-23 02:56:31.000,6,MULTI_SESSION
1250309821000380040,2016-10-11 15:52:02.000,16,MULTI_SESSION
7111968133200925943,2017-07-29 03:02:22.000,17,MULTI_SESSION
9662800125044386280,2016-10-21 14:01:52.000,11,MULTI_SESSION
8889391457640720040,2017-04-22 10:51:53.000,6,MULTI_SESSION
1722806790293902576,2017-03-03 16:13:07.000,4,MULTI_SESSION
6140447030610096925,2017-07-25 00:14:00.000,8,MULTI_SESSION
2919195515906143823,2017-04-11 03:49:52.000,10,MULTI_SESSION
1054368481850016599,2017-04-21 18:16:49.000,6,MULTI_SESSION
384990845055862114,2017-06-24 02:31:18.000,11,MULTI_SESSION
0717343852152056082,2017-04-06 17:43:00.000,6,MULTI_SESSION
9005201499963725625,2016-11-28 18:50:13.000,11,MULTI_SESSION
3468690642506593738,2016-10-04 14:28:05.000,3,MULTI_SESSION
1270157374832429985,2017-04-04 03:47:58.000,9,MULTI_SESSION
2430203632291905757,2017-03-02 02:35:27.000,5,MULTI_SESSION
0929362987214513491,2016-12-10 03:32:53.000,2,MULTI_SESSION
8025955470222388064,2017-05-03 20:31:49.000,8,MULTI_SESSION
1076409378746585633,2017-06-22 20:36:21.000,22,MULTI_SESSION
1459360539535171755,2017-07-11 18:44:13.000,4,MULTI_SESSION
0412089515434398683,2017-04-26 12:32:55.000,9,MULTI_SESSION
9594790927947588163,2016-11-12 18:33:56.000,2,MULTI_SESSION
3905349665021270549,2016-12-12 17:15:49.000,5,MULTI_SESSION
0169854884741652554,2017-07-19 19:15:00.000,4,MULTI_SESSION
3685754350536487265,2017-04-13 19:01:44.000,3,MULTI_SESSION
1830678414845743421,2016-12-10 18:39:33.000,2,MULTI_SESSION
0114308184877865561,2017-05-21 16:19:46.000,2,MULTI_SESSION
9096520761663761535,2017-01-19 17:22:30.000,6,MULTI_SESSION
429905913707585380,2016-10-03 18:30:03.000,3,MULTI_SESSION
5543720275163396146,2017-02-15 02:49:25.000,4,MULTI_SESSION
4736934688918195489,2017-06-23 04:45:38.000,3,MULTI_SESSION
1552171782171201852,2017-06-09 15:41:26.000,3,MULTI_SESSION
759913108523269841,2017-03-10 22:04:35.000,11,MULTI_SESSION
2130970500799303391,2016-12-25 22:30:25.000,5,MULTI_SESSION
4008726419400228329,2017-03-09 21:54:57.000,3,MULTI_SESSION
6807510968686400169,2016-09-13 17:33:46.000,2,MULTI_SESSION
6381866992087813472,2017-05-31 19:51:46.000,2,MULTI_SESSION
7419167186572756753,2017-01-12 17:57:25.000,4,MULTI_SESSION
6814041707718755292,2016-09-23 19:27:40.000,6,MULTI_SESSION
446821635919209531,2017-07-25 02:45:27.000,4,MULTI_SESSION
6031648985578862935,2016-09-26 14:06:31.000,5,MULTI_SESSION
9670996124580137796,2017-01-05 01:15:39.000,4,MULTI_SESSION
3563510904717248245,2017-07-27 23:23:48.000,5,MULTI_SESSION
3104253382416349385,2016-09-22 11:59:01.000,5,MULTI_SESSION
4785716484578798827,2016-08-31 15:45:54.000,4,MULTI_SESSION
8635032301713979066,2016-12-16 14:51:48.000,2,MULTI_SESSION
6850824417325260656,2017-03-19 19:13:25.000,4,MULTI_SESSION
5082563130101167793,2017-05-12 23:05:44.000,5,MULTI_SESSION
8219922685567782284,2017-02-10 21:18:52.000,3,MULTI_SESSION
3117505679893009709,2017-07-22 00:02:17.000,3,MULTI_SESSION
6068102071010648164,2017-06-07 19:52:13.000,2,MULTI_SESSION
3247985918659922679,2016-12-02 05:23:50.000,2,MULTI_SESSION
9372757256015495422,2017-04-04 19:10:23.000,4,MULTI_SESSION
1658702239532336072,2016-11-30 17:39:47.000,2,MULTI_SESSION
9332976968342857288,2017-01-11 20:29:55.000,2,MULTI_SESSION
4730946449578884508,2016-10-10 20:40:30.000,4,MULTI_SESSION
7488710348710523001,2017-01-27 01:36:33.000,3,MULTI_SESSION
3266776888486866062,2016-08-30 04:17:08.000,6,MULTI_SESSION
6594015384875997141,2017-02-13 19:12:06.000,3,MULTI_SESSION
391734717153151205,2017-07-27 18:12:53.000,4,MULTI_SESSION
0199756139590139879,2017-01-30 15:56:50.000,7,MULTI_SESSION
7637940533127194777,2016-12-08 20:32:57.000,9,MULTI_SESSION
8925835217447911803,2016-09-14 20:34:37.000,4,MULTI_SESSION
9471233281786880311,2016-10-18 22:24:47.000,10,MULTI_SESSION
4956502806670434584,2016-11-09 16:34:45.000,14,MULTI_SESSION
428994201200499894,2016-08-16 04:07:57.000,8,MULTI_SESSION
2718217150934290475,2017-05-31 18:05:17.000,3,MULTI_SESSION
9642345231341170049,2016-08-19 03:01:51.000,2,MULTI_SESSION
037220895437756047,2017-05-05 17:02:56.000,3,MULTI_SESSION
4148567392230462153,2017-02-05 01:26:37.000,4,MULTI_SESSION
8190060652712453472,2016-09-21 20:05:44.000,4,MULTI_SESSION
1267963226019049821,2016-10-22 03:15:02.000,5,MULTI_SESSION
1293859889635603442,2017-03-03 16:44:12.000,5,MULTI_SESSION
3207713058277296455,2016-08-30 04:40:51.000,2,MULTI_SESSION
8220379117418201763,2016-11-21 20:36:28.000,2,MULTI_SESSION
3015350453130669624,2017-02-18 18:00:36.000,8,MULTI_SESSION
127019947788366078,2016-10-21 15:04:07.000,3,MULTI_SESSION
9099065750965948583,2016-11-09 13:56:37.000,7,MULTI_SESSION
6443595642175123029,2017-07-06 00:27:16.000,5,MULTI_SESSION
0207758697026045863,2017-06-10 09:25:09.000,2,MULTI_SESSION
9583683554162057560,2017-07-08 17:34:22.000,3,MULTI_SESSION
2384771089673320764,2016-08-10 20:38:27.000,3,MULTI_SESSION
7323947562520019941,2017-02-15 18:40:47.000,11,MULTI_SESSION
089261173995807343,2017-05-17 21:18:07.000,4,MULTI_SESSION
939020494867094014,2017-04-03 16:44:34.000,5,MULTI_SESSION
4388449500360008950,2017-05-24 19:18:58.000,10,MULTI_SESSION
6187652750765797994,2017-04-07 19:33:58.000,9,MULTI_SESSION
6008504658996410850,2016-11-07 20:30:55.000,5,MULTI_SESSION
8864604309741280372,2017-05-30 15:38:29.000,3,MULTI_SESSION
6845776877174113141,2016-08-21 23:30:38.000,2,MULTI_SESSION
876940283010756174,2016-09-06 18:57:09.000,8,MULTI_SESSION
493300060667614321,2016-12-15 23:13:45.000,3,MULTI_SESSION
5086041801666974799,2016-12-19 20:14:27.000,3,MULTI_SESSION
2294757944914427558,2016-12-13 19:28:44.000,12,MULTI_SESSION
0925133855991558023,2016-08-09 09:53:43.000,5,MULTI_SESSION
644407009401848542,2017-07-13 18:29:22.000,3,MULTI_SESSION
4077897320198403283,2016-11-10 20:39:18.000,9,MULTI_SESSION
8466555030941163716,2017-05-25 18:05:52.000,6,MULTI_SESSION
9490705353206455281,2016-12-21 04:18:07.000,2,MULTI_SESSION
902501703660198350,2016-11-08 00:39:14.000,2,MULTI_SESSION
4123909121225276066,2017-02-15 14:33:33.000,5,MULTI_SESSION
1178664219909406421,2017-02-09 18:01:06.000,3,MULTI_SESSION
4298610228737693968,2016-12-15 21:09:57.000,7,MULTI_SESSION
5859181689255214491,2016-09-24 19:34:04.000,2,MULTI_SESSION
4102118060900872415,2017-06-02 16:10:43.000,4,MULTI_SESSION
2295240953686921101,2017-03-27 17:41:59.000,4,MULTI_SESSION
8035947432073895250,2016-09-27 20:37:39.000,10,MULTI_SESSION
7926818431252952072,2016-10-07 20:58:07.000,8,MULTI_SESSION
6720643639676411949,2017-05-04 21:26:17.000,3,MULTI_SESSION
1646747992905805330,2017-03-10 22:09:22.000,2,MULTI_SESSION
6466445486619363515,2016-11-08 16:46:50.000,4,MULTI_SESSION
4412900685343047350,2017-01-06 16:47:08.000,4,MULTI_SESSION
7132015811944987714,2017-02-14 17:52:41.000,2,MULTI_SESSION
5930716560276392518,2017-01-18 06:55:38.000,2,MULTI_SESSION
2170187207466627823,2017-01-10 06:14:19.000,3,MULTI_SESSION
0114365990396544051,2017-06-30 19:06:39.000,2,MULTI_SESSION
0554657701286789547,2017-03-23 14:04:31.000,5,MULTI_SESSION
3888042706246168759,2017-06-14 19:41:33.000,3,MULTI_SESSION
4697640642260158273,2017-06-16 18:11:18.000,6,MULTI_SESSION
9392777155254383554,2016-11-18 16:47:23.000,3,MULTI_SESSION
2817453656935743519,2017-07-13 16:10:07.000,3,MULTI_SESSION
349780264810210042,2017-05-23 16:32:33.000,2,MULTI_SESSION
5341995419456035142,2017-06-07 14:02:19.000,6,MULTI_SESSION
6722042716459387883,2016-11-07 20:29:34.000,5,MULTI_SESSION
2650142233022384920,2016-12-11 16:59:30.000,2,MULTI_SESSION
0500460722094613747,2017-07-21 21:47:45.000,6,MULTI_SESSION
4977770037657405515,2016-11-07 15:55:42.000,2,MULTI_SESSION
6434737895703616541,2017-06-15 04:06:08.000,3,MULTI_SESSION
3210940614315598786,2017-04-12 14:44:02.000,2,MULTI_SESSION
1927175312147751345,2016-12-09 22:54:45.000,4,MULTI_SESSION
1970566993843297718,2017-05-02 19:27:21.000,3,MULTI_SESSION
2956786142298366932,2017-03-11 18:25:13.000,4,MULTI_SESSION
5949169854058758957,2017-01-10 03:38:17.000,3,MULTI_SESSION
1618402686799055031,2016-12-10 07:41:03.000,5,MULTI_SESSION
6380037453130690808,2016-09-26 18:30:15.000,4,MULTI_SESSION
253776212101014141,2017-03-06 20:36:02.000,3,MULTI_SESSION
3462392387008560211,2016-10-07 20:28:00.000,3,MULTI_SESSION
7653600583827596196,2017-03-31 04:32:59.000,2,MULTI_SESSION
2876669668798568631,2017-06-02 15:37:03.000,5,MULTI_SESSION
906130361364979592,2017-06-02 23:07:42.000,5,MULTI_SESSION
2353966916541086672,2016-10-05 20:29:09.000,7,MULTI_SESSION
0182664823417063218,2016-08-17 23:15:49.000,4,MULTI_SESSION
6912883439266311760,2016-12-18 00:25:23.000,2,MULTI_SESSION
6029872331740528503,2016-10-14 22:16:43.000,9,MULTI_SESSION
2424819170621600503,2016-08-18 21:36:32.000,2,MULTI_SESSION
6515057374372191963,2016-12-19 09:18:46.000,3,MULTI_SESSION
5021173685677286713,2016-09-04 00:40:01.000,2,MULTI_SESSION
4656013451214852982,2016-12-09 18:33:32.000,4,MULTI_SESSION
0309385525240537775,2017-04-22 11:57:10.000,5,MULTI_SESSION
5480097913363459675,2016-11-10 21:48:50.000,4,MULTI_SESSION
5484192431501913475,2017-06-14 02:20:19.000,5,MULTI_SESSION
4482154652839439582,2016-10-04 18:14:22.000,2,MULTI_SESSION
6452846542924661655,2016-09-30 15:40:17.000,3,MULTI_SESSION
6014637285460170276,2017-02-19 21:12:42.000,2,MULTI_SESSION
7239459406664799488,2016-08-11 09:32:57.000,4,MULTI_SESSION
1618884882553763938,2017-03-06 05:11:26.000,4,MULTI_SESSION
6131549950848937337,2016-09-08 13:53:30.000,4,MULTI_SESSION
3810896663878967628,2016-09-16 16:01:29.000,4,MULTI_SESSION
7480579182178358481,2016-09-19 21:35:51.000,2,MULTI_SESSION
7785081763173787250,2016-09-24 16:05:51.000,3,MULTI_SESSION
0070976956518566605,2016-09-26 20:55:00.000,3,MULTI_SESSION
6374969976921419865,2016-09-06 00:53:46.000,5,MULTI_SESSION
4394657957253741368,2017-06-25 01:11:17.000,3,MULTI_SESSION
3758361664336535169,2016-11-16 04:55:16.000,2,MULTI_SESSION
6783649640899886528,2016-10-31 03:21:47.000,3,MULTI_SESSION
9078321444578002385,2017-03-30 14:32:45.000,6,MULTI_SESSION
5039693679894183284,2017-07-06 15:40:09.000,3,MULTI_SESSION
3474523697794005642,2017-02-20 18:14:42.000,2,MULTI_SESSION
6846461498019259456,2016-12-18 02:00:13.000,2,MULTI_SESSION
4381707062146143113,2017-07-13 17:13:52.000,4,MULTI_SESSION
1191867645626375150,2017-04-30 22:22:59.000,2,MULTI_SESSION
1228194844972973772,2016-08-17 15:40:05.000,2,MULTI_SESSION
2039413873699191010,2016-11-14 04:20:42.000,5,MULTI_SESSION
6288725097585538705,2017-01-09 17:51:29.000,3,MULTI_SESSION
5701006754406166040,2017-01-02 10:03:15.000,4,MULTI_SESSION
1947121287364717065,2016-12-02 22:56:41.000,3,MULTI_SESSION
6241521427679714135,2017-02-23 21:37:45.000,3,MULTI_SESSION
3347706947631375795,2017-01-04 14:07:12.000,2,MULTI_SESSION
8386005360264400934,2016-12-12 16:03:29.000,5,MULTI_SESSION
8264774401325439003,2016-08-29 15:29:44.000,3,MULTI_SESSION
4009492225738165709,2016-08-09 05:05:21.000,3,MULTI_SESSION
5317791335633090472,2017-03-05 07:31:43.000,3,MULTI_SESSION
4891681931687610582,2017-06-15 23:15:28.000,2,MULTI_SESSION
8634574195973179534,2016-09-13 03:28:40.000,3,MULTI_SESSION
5542047417982345824,2016-08-30 16:42:36.000,3,MULTI_SESSION
6103994353866186506,2017-01-09 00:44:31.000,7,MULTI_SESSION
2107545883335786195,2017-02-22 22:05:56.000,6,MULTI_SESSION
6356814303168580391,2017-02-09 19:04:29.000,3,MULTI_SESSION
9335042568264282780,2017-06-13 15:17:57.000,3,MULTI_SESSION
4554186249452816477,2016-12-06 05:13:28.000,4,MULTI_SESSION
3538189268879245816,2017-07-19 12:55:19.000,2,MULTI_SESSION
6096515321705376059,2017-04-27 18:00:50.000,2,MULTI_SESSION
6487028704457611703,2017-06-09 16:28:27.000,5,MULTI_SESSION
958836049624560006,2017-06-28 14:10:27.000,3,MULTI_SESSION
6768220154263223438,2017-06-03 03:25:16.000,3,MULTI_SESSION
5457966268582392647,2016-09-08 23:33:19.000,5,MULTI_SESSION
0053544367470918772,2016-12-06 21:21:17.000,2,MULTI_SESSION
8981840546214249498,2017-03-07 15:47:48.000,2,MULTI_SESSION
2528551022767237058,2016-12-18 16:40:20.000,7,MULTI_SESSION
5112369122544987822,2017-05-03 16:11:24.000,2,MULTI_SESSION
9179681626908443847,2017-03-06 18:47:47.000,4,MULTI_SESSION
4223021454510347443,2016-10-13 20:19:42.000,4,MULTI_SESSION
0492938094127153086,2016-10-19 18:26:44.000,4,MULTI_SESSION
036703532725992752,2017-03-21 02:11:38.000,2,MULTI_SESSION
5703962423814396269,2016-12-07 20:58:03.000,8,MULTI_SESSION
4624790961997446284,2017-05-13 20:32:50.000,6,MULTI_SESSION
7946697392929480488,2017-06-01 14:21:37.000,4,MULTI_SESSION
4376369621294658596,2017-07-11 15:26:26.000,3,MULTI_SESSION
2128287929750116366,2017-06-28 03:40:40.000,4,MULTI_SESSION
5891082663141859878,2017-04-06 16:29:09.000,4,MULTI_SESSION
5690101564686025758,2016-09-08 23:16:43.000,3,MULTI_SESSION
0703271650319125139,2017-04-13 15:12:46.000,6,MULTI_SESSION
1761613768305103159,2016-11-07 17:40:54.000,3,MULTI_SESSION
0010295111715775250,2017-08-01 01:13:17.000,2,MULTI_SESSION
1510974355479295771,2017-02-02 16:49:30.000,3,MULTI_SESSION
0869668043543534560,2016-12-21 05:05:12.000,2,MULTI_SESSION
2118556556010692812,2017-07-20 21:00:30.000,2,MULTI_SESSION
5314537357116205393,2016-10-26 13:23:34.000,2,MULTI_SESSION
5888035730986809120,2017-03-08 11:42:06.000,6,MULTI_SESSION
2507708267031281102,2017-05-22 05:37:22.000,4,MULTI_SESSION
3222681460709008330,2017-06-01 18:17:59.000,2,MULTI_SESSION
5768103132936942403,2016-10-17 23:04:18.000,3,MULTI_SESSION
8661687930742624021,2016-10-05 21:03:42.000,2,MULTI_SESSION
8477265213767844589,2017-03-28 20:02:10.000,3,MULTI_SESSION
570123615296033261,2017-06-01 18:11:00.000,2,MULTI_SESSION
2480388448765240079,2016-09-30 16:49:33.000,2,MULTI_SESSION
4771113671766892657,2017-06-30 20:09:20.000,7,MULTI_SESSION
6928471103546165344,2017-05-24 17:30:58.000,3,MULTI_SESSION
7547701694662050330,2017-07-15 04:11:26.000,3,MULTI_SESSION
0453417896500580053,2016-12-15 21:54:59.000,4,MULTI_SESSION
818059420778807531,2017-03-07 17:50:54.000,2,MULTI_SESSION
9853584520646834627,2016-12-08 00:00:29.000,4,MULTI_SESSION
8284311607531582308,2017-01-05 23:41:42.000,2,MULTI_SESSION
1275591900543262548,2016-11-09 23:22:10.000,3,MULTI_SESSION
3775157044065915076,2017-03-08 00:45:11.000,3,MULTI_SESSION
9638518335828715596,2017-01-08 01:03:37.000,3,MULTI_SESSION
5146590554135723310,2016-09-08 16:49:34.000,2,MULTI_SESSION
674034233311230161,2016-10-18 17:05:18.000,2,MULTI_SESSION
400913504715815672,2016-11-05 02:11:55.000,3,MULTI_SESSION
4214801094653561091,2016-10-11 21:55:31.000,4,MULTI_SESSION
3829457209830058915,2017-05-08 22:19:01.000,4,MULTI_SESSION
9276023667336827655,2017-05-10 18:55:43.000,3,MULTI_SESSION
1226763862355388070,2016-12-27 23:01:35.000,6,MULTI_SESSION
217681705986137511,2017-05-03 15:44:08.000,3,MULTI_SESSION
4587210925935196615,2017-07-16 21:23:20.000,2,MULTI_SESSION
0218721670797647024,2017-04-05 16:50:55.000,4,MULTI_SESSION
7974747290395913881,2017-07-20 15:41:23.000,2,MULTI_SESSION
7256273857089897633,2017-03-10 21:42:11.000,2,MULTI_SESSION
3484260723427894385,2016-08-11 22:40:36.000,2,MULTI_SESSION
4370296679036736835,2017-07-30 05:23:45.000,5,MULTI_SESSION
7075819454368142073,2017-06-02 19:22:23.000,2,MULTI_SESSION
8085361834408938573,2016-09-24 21:56:21.000,3,MULTI_SESSION
265773447087902231,2016-12-12 18:22:15.000,2,MULTI_SESSION
5541410550636269362,2016-08-19 19:51:37.000,3,MULTI_SESSION
3897097305375760587,2016-09-04 17:06:43.000,3,MULTI_SESSION
6039611140215041016,2017-06-16 21:09:09.000,3,MULTI_SESSION
3247160344848434520,2017-03-09 04:07:52.000,2,MULTI_SESSION
5201800617685913658,2017-06-15 15:45:26.000,2,MULTI_SESSION
3745235510476346702,2016-09-23 09:18:45.000,3,MULTI_SESSION
2196696088271959039,2017-01-10 18:34:08.000,4,MULTI_SESSION
77222285299709169,2016-12-27 01:13:30.000,2,MULTI_SESSION
2986064566980892993,2016-09-06 18:34:37.000,3,MULTI_SESSION
5414597853081297366,2016-10-27 00:47:22.000,3,MULTI_SESSION
0170546418513334382,2016-09-16 07:33:44.000,2,MULTI_SESSION
7803437096506812413,2017-07-25 20:49:27.000,2,MULTI_SESSION
3443895597772752883,2017-06-29 19:05:21.000,2,MULTI_SESSION
1257038584322727844,2016-12-14 23:32:52.000,4,MULTI_SESSION
9898247421236738052,2017-01-31 23:31:54.000,4,MULTI_SESSION
0845988907408723108,2017-01-29 00:38:14.000,2,MULTI_SESSION
9463806441056350498,2017-06-07 19:27:06.000,3,MULTI_SESSION
3788077234501576551,2016-08-29 02:30:46.000,2,MULTI_SESSION
253940903586003186,2017-03-18 00:07:33.000,3,MULTI_SESSION
3115733553962265395,2016-12-10 03:07:56.000,3,MULTI_SESSION
684586979835492905,2017-05-26 17:40:40.000,6,MULTI_SESSION
6984664807825476732,2017-05-20 15:26:55.000,3,MULTI_SESSION
3136743370771670654,2017-03-17 18:54:35.000,4,MULTI_SESSION
6572163684881501472,2016-12-23 17:16:04.000,3,MULTI_SESSION
0471753134403424239,2017-06-12 02:01:34.000,3,MULTI_SESSION
963545935326060098,2016-12-11 18:48:15.000,4,MULTI_SESSION
170075213753657012,2017-04-07 02:24:22.000,3,MULTI_SESSION
8091819011425358061,2017-03-03 21:12:29.000,2,MULTI_SESSION
6402267118449500708,2016-12-13 04:15:51.000,3,MULTI_SESSION
3215564925046357694,2016-10-10 19:41:00.000,5,MULTI_SESSION
7183073463207684020,2016-12-02 18:18:57.000,3,MULTI_SESSION
1827763305655925232,2016-12-15 18:00:37.000,3,MULTI_SESSION
6204487607814883092,2017-04-22 01:12:53.000,2,MULTI_SESSION
7216832908334831114,2017-03-30 23:41:25.000,5,MULTI_SESSION
5401754363732378575,2016-10-21 17:01:19.000,2,MULTI_SESSION
517644101045776450,2017-03-04 20:21:18.000,2,MULTI_SESSION
1916313018112377953,2016-08-17 19:19:06.000,3,MULTI_SESSION
9340462929584208347,2017-02-09 02:12:31.000,2,MULTI_SESSION
2274601710859547575,2017-05-25 19:43:09.000,2,MULTI_SESSION
0981418362280472767,2016-09-24 18:15:00.000,5,MULTI_SESSION
1078162902479144133,2017-01-10 20:12:04.000,3,MULTI_SESSION
1460451526173244694,2017-05-11 19:39:09.000,2,MULTI_SESSION
1265954026564910088,2017-05-25 19:43:08.000,2,MULTI_SESSION
7360285709701515415,2016-08-20 03:39:57.000,4,MULTI_SESSION
5128888224452873031,2016-08-22 17:12:45.000,3,MULTI_SESSION
2236066284946239355,2017-01-12 00:02:22.000,5,MULTI_SESSION
8204948786772799314,2017-01-25 15:38:27.000,3,MULTI_SESSION
0240776453322054523,2017-05-09 16:17:50.000,3,MULTI_SESSION
1748823667691888878,2016-09-10 18:34:15.000,3,MULTI_SESSION
7920081257177282153,2016-08-15 07:00:13.000,2,MULTI_SESSION
9484234336257707179,2017-07-13 22:15:15.000,3,MULTI_SESSION
8176423825601532068,2017-02-12 20:02:50.000,2,MULTI_SESSION
2416762481769496280,2016-09-09 20:37:43.000,2,MULTI_SESSION
5430871113071179635,2017-03-28 20:40:03.000,5,MULTI_SESSION
4248528208628232884,2016-08-06 15:19:38.000,2,MULTI_SESSION
8282958596112476816,2017-06-29 19:34:31.000,3,MULTI_SESSION
7635012716697544709,2017-03-28 20:14:59.000,4,MULTI_SESSION
62722204677243801,2017-01-26 18:56:02.000,3,MULTI_SESSION
9485972956098452266,2016-09-19 16:04:06.000,3,MULTI_SESSION
5047879966390554745,2017-05-02 16:50:17.000,3,MULTI_SESSION
1978868515963084363,2016-12-13 13:41:51.000,4,MULTI_SESSION
8540688286241364465,2017-07-30 22:48:21.000,2,MULTI_SESSION
175784634919851322,2017-04-11 00:41:24.000,2,MULTI_SESSION
4285517250225207636,2016-09-21 18:21:40.000,2,MULTI_SESSION
2009743027244227348,2016-09-22 01:52:49.000,2,MULTI_SESSION
0123644124068077489,2017-03-03 01:22:31.000,2,MULTI_SESSION
6361909939784591562,2017-03-29 14:37:34.000,2,MULTI_SESSION
2281022124483885140,2016-09-30 03:53:25.000,2,MULTI_SESSION
236902697327333068,2017-04-20 19:58:37.000,3,MULTI_SESSION
8322693232285500367,2017-02-10 23:30:43.000,2,MULTI_SESSION
7054256782754973251,2017-07-18 21:16:50.000,2,MULTI_SESSION
3070332682472829056,2016-11-04 00:44:24.000,3,MULTI_SESSION
8719058463049309640,2017-08-01 15:41:41.000,3,MULTI_SESSION
4957726121513589856,2017-05-05 23:17:24.000,2,MULTI_SESSION
9520903448566864775,2016-08-26 20:35:21.000,3,MULTI_SESSION
8134897928460794661,2016-08-18 15:43:38.000,2,MULTI_SESSION
6676417252598129629,2017-01-27 15:00:30.000,2,MULTI_SESSION
0264439262506145643,2017-02-07 15:55:05.000,2,MULTI_SESSION
4133979497741500741,2016-10-03 19:59:52.000,2,MULTI_SESSION
9035173114644245964,2017-07-21 04:16:28.000,2,MULTI_SESSION
8955721323152136358,2017-05-12 01:16:12.000,2,MULTI_SESSION
0002871498069867123,2016-08-23 14:55:08.000,2,MULTI_SESSION
4533050097351388791,2017-01-18 14:37:18.000,2,MULTI_SESSION
6089414993077577412,2017-05-09 17:15:10.000,2,MULTI_SESSION
9223171695530901209,2016-11-07 04:37:45.000,2,MULTI_SESSION
2283620201901023754,2017-06-16 04:49:11.000,2,MULTI_SESSION
8627561348122631479,2016-10-05 21:20:07.000,3,MULTI_SESSION
0054279989591037024,2017-01-21 19:22:42.000,3,MULTI_SESSION
5850295749820717320,2016-12-20 20:22:55.000,3,MULTI_SESSION
3303034042373276972,2017-07-28 17:26:30.000,4,MULTI_SESSION
4391647281645962679,2017-04-07 18:19:33.000,3,MULTI_SESSION
9055644031629567861,2017-04-27 21:18:20.000,3,MULTI_SESSION
3244918821752957507,2016-09-23 19:04:23.000,2,MULTI_SESSION
2512708881002227681,2017-02-27 20:08:08.000,2,MULTI_SESSION
1125612233191187838,2016-08-20 20:55:45.000,2,MULTI_SESSION
2764728570910016714,2017-04-06 01:50:03.000,2,MULTI_SESSION
784499115644338284,2016-10-11 15:16:01.000,3,MULTI_SESSION
745585037435026151,2017-06-26 15:22:32.000,2,MULTI_SESSION
5310038077394154434,2016-08-12 18:02:06.000,2,MULTI_SESSION
3394557957149163238,2017-02-14 19:45:44.000,2,MULTI_SESSION
1655308906576481640,2016-12-22 23:28:49.000,2,MULTI_SESSION
219877622979658253,2016-11-02 14:36:33.000,2,MULTI_SESSION
2326684291036220875,2016-09-16 18:31:17.000,2,MULTI_SESSION
0594824422792523749,2016-12-12 15:36:33.000,2,MULTI_SESSION
2527621344230499541,2016-12-14 15:56:51.000,2,MULTI_SESSION
2804925631896756050,2016-12-18 18:52:32.000,2,MULTI_SESSION
9592404849906839377,2016-10-12 20:07:14.000,2,MULTI_SESSION
1134910731586063998,2016-08-15 05:06:35.000,2,MULTI_SESSION
120266359617148298,2017-04-06 22:43:38.000,3,MULTI_SESSION
3051157493054148385,2017-06-05 13:28:22.000,2,MULTI_SESSION
4186654201396383023,2016-08-05 18:06:51.000,3,MULTI_SESSION
4085972867127024343,2016-11-07 20:31:24.000,4,MULTI_SESSION
1831648988411088045,2017-05-22 04:02:01.000,2,MULTI_SESSION
1459050472203168026,2017-07-18 20:07:55.000,4,MULTI_SESSION
0345672699449577691,2017-08-01 00:57:08.000,2,MULTI_SESSION
410236987316567002,2017-07-13 18:08:14.000,3,MULTI_SESSION
8579755621948479912,2016-12-17 03:12:47.000,2,MULTI_SESSION
4606500893659686682,2016-11-10 19:06:51.000,2,MULTI_SESSION
9263921253881961615,2017-02-04 16:31:27.000,3,MULTI_SESSION
9739911317705292942,2016-11-30 22:35:47.000,2,MULTI_SESSION
1311682260438379600,2017-07-25 01:50:31.000,3,MULTI_SESSION
850560433361022079,2017-06-13 19:39:39.000,3,MULTI_SESSION
3498968994216339065,2016-09-24 16:21:29.000,3,MULTI_SESSION
1032386538245862458,2016-10-19 14:58:03.000,2,MULTI_SESSION
9342781097328717607,2017-05-25 16:27:31.000,2,MULTI_SESSION
0244170299994763393,2017-06-19 08:49:01.000,4,MULTI_SESSION
3107820119942090267,2016-09-06 20:17:45.000,2,MULTI_SESSION
8373484914224526482,2017-03-05 23:09:17.000,2,MULTI_SESSION
2305295482096154659,2017-06-12 21:50:46.000,4,MULTI_SESSION
6335554848851534266,2017-07-12 21:28:15.000,2,MULTI_SESSION
8624665783694996927,2017-04-20 12:43:59.000,2,MULTI_SESSION
6075418837768242958,2017-07-12 00:48:47.000,3,MULTI_SESSION
0586022395219552336,2017-01-31 02:16:42.000,3,MULTI_SESSION
8415446163496582729,2016-12-17 19:31:41.000,4,MULTI_SESSION
6002698185791753794,2016-08-11 17:30:27.000,2,MULTI_SESSION
6568405082195988335,2017-07-25 09:05:27.000,4,MULTI_SESSION
8983751556062713329,2017-05-10 13:13:13.000,4,MULTI_SESSION
4079444337617679182,2017-05-17 14:06:01.000,3,MULTI_SESSION
05879659021728039,2017-04-21 15:15:27.000,4,MULTI_SESSION
9429712068285188439,2017-06-24 05:53:57.000,2,MULTI_SESSION
9377429831454005466,2016-08-29 22:08:18.000,4,MULTI_SESSION
7288819554682048730,2017-06-06 19:27:35.000,2,MULTI_SESSION
6886733039051258034,2016-12-10 07:38:18.000,2,MULTI_SESSION
8256695624571036150,2016-08-23 05:29:31.000,3,MULTI_SESSION
8790261555863797241,2016-12-05 19:15:03.000,2,MULTI_SESSION
7356046119944247540,2017-06-25 23:17:43.000,3,MULTI_SESSION
2872390777688988558,2017-07-25 00:39:25.000,3,MULTI_SESSION
1142710637622471759,2016-12-18 17:57:08.000,2,MULTI_SESSION
1750514406451146951,2016-08-11 21:21:36.000,3,MULTI_SESSION
2289346231388937684,2017-02-17 20:15:04.000,3,MULTI_SESSION
8008212076718860277,2017-03-26 10:45:31.000,3,MULTI_SESSION
0688527857109237010,2017-01-27 16:44:22.000,3,MULTI_SESSION
9113512902535723065,2017-02-10 19:51:05.000,4,MULTI_SESSION
0007617910709180468,2016-12-12 16:23:52.000,3,MULTI_SESSION
1327488227980815621,2017-05-23 19:08:31.000,2,MULTI_SESSION
9805083893536695604,2016-11-01 19:06:49.000,3,MULTI_SESSION
6587559846712366665,2016-10-10 13:05:20.000,2,MULTI_SESSION
5304536055151752154,2016-09-19 19:07:49.000,2,MULTI_SESSION
7994759815756161325,2016-08-29 18:42:38.000,4,MULTI_SESSION
0271850397437998021,2017-04-14 17:06:51.000,3,MULTI_SESSION
160370198171303042,2017-07-21 23:18:38.000,2,MULTI_SESSION
6495428628706870090,2017-02-10 18:06:27.000,2,MULTI_SESSION
7631154109847654517,2016-10-25 18:03:08.000,2,MULTI_SESSION
5843958474903500870,2017-01-27 01:01:52.000,2,MULTI_SESSION
6894364758891151323,2017-06-15 13:08:28.000,2,MULTI_SESSION
3850630971135697760,2017-04-12 20:23:37.000,2,MULTI_SESSION
0213278104301515841,2016-08-08 22:44:43.000,3,MULTI_SESSION
0347426080243057728,2017-02-27 15:37:11.000,3,MULTI_SESSION
8624286382144579831,2016-08-10 17:56:23.000,3,MULTI_SESSION
0897654125845152658,2016-12-29 17:02:33.000,2,MULTI_SESSION
4846439934286422830,2017-01-13 00:51:43.000,2,MULTI_SESSION
1389079324085467409,2016-08-10 20:10:52.000,2,MULTI_SESSION
7866268239897048336,2017-07-14 19:57:53.000,3,MULTI_SESSION
2705981917839130365,2016-10-17 16:52:50.000,2,MULTI_SESSION
6465870836529202272,2017-07-19 02:47:18.000,3,MULTI_SESSION
7478106734160303595,2017-07-18 04:18:22.000,5,MULTI_SESSION
0540193727116110682,2017-01-24 17:16:06.000,2,MULTI_SESSION
6154712788683409378,2016-10-22 20:43:31.000,2,MULTI_SESSION
9801630253390309535,2017-06-18 06:14:22.000,3,MULTI_SESSION
7179047375171047997,2017-03-23 04:10:27.000,3,MULTI_SESSION
6388824250276633832,2017-01-26 23:47:40.000,4,MULTI_SESSION
3307727541454538037,2017-01-19 15:34:49.000,2,MULTI_SESSION
7966024019355321644,2017-02-08 00:21:34.000,2,MULTI_SESSION
2032509775824369586,2017-04-14 03:33:51.000,3,MULTI_SESSION
9412874126037419152,2017-04-14 01:32:45.000,2,MULTI_SESSION
33024620802809684,2016-12-07 05:47:59.000,3,MULTI_SESSION
3970595310898448417,2017-04-13 17:25:31.000,2,MULTI_SESSION
9989256027389985761,2016-10-30 19:11:08.000,2,MULTI_SESSION
3988230898728933862,2016-08-23 20:11:12.000,2,MULTI_SESSION
0760185147017673561,2017-04-29 21:54:16.000,2,MULTI_SESSION
437357987201411491,2017-01-13 06:57:04.000,2,MULTI_SESSION
8670467728578251460,2016-12-09 23:21:05.000,2,MULTI_SESSION
3199504068027820416,2016-10-09 15:12:49.000,2,MULTI_SESSION
2916703115374945945,2016-10-05 21:22:37.000,2,MULTI_SESSION
4116206238605404224,2017-05-09 19:34:43.000,3,MULTI_SESSION
4501448098783068461,2017-03-17 21:02:16.000,2,MULTI_SESSION
3501419938445808942,2016-09-01 18:59:52.000,2,MULTI_SESSION
4840616952282133729,2016-09-19 17:24:28.000,3,MULTI_SESSION
4702607995709465702,2017-07-24 01:44:00.000,2,MULTI_SESSION
0848982617971056765,2016-09-14 23:58:19.000,2,MULTI_SESSION
9833947383414672576,2016-08-05 19:23:48.000,2,MULTI_SESSION
6323342664060848949,2016-10-25 02:38:17.000,2,MULTI_SESSION
3701255466939392710,2017-05-02 00:34:13.000,2,MULTI_SESSION
0583165761373207455,2016-10-16 01:52:05.000,3,MULTI_SESSION
2575337741997523606,2017-06-14 17:13:38.000,3,MULTI_SESSION
857789851975853502,2016-11-04 23:02:02.000,3,MULTI_SESSION
9441031549900042682,2017-04-14 19:02:26.000,4,MULTI_SESSION
4910197397595636813,2017-03-09 23:39:20.000,2,MULTI_SESSION
9952985751740974556,2017-03-22 17:55:20.000,2,MULTI_SESSION
4691824911067935393,2016-12-07 00:03:13.000,2,MULTI_SESSION
1657507319554207584,2016-10-11 20:59:10.000,2,MULTI_SESSION
730475210878766422,2016-12-13 04:13:44.000,2,MULTI_SESSION
6400178996598013044,2017-07-18 21:31:05.000,2,MULTI_SESSION
8501985399565493808,2017-02-17 22:20:58.000,3,MULTI_SESSION
4902563928132780662,2017-07-05 16:35:29.000,3,MULTI_SESSION
4037261354125477051,2016-11-29 03:19:38.000,2,MULTI_SESSION
1860143669054960648,2016-09-26 14:50:16.000,2,MULTI_SESSION
3461504855909388246,2016-10-09 23:53:15.000,2,MULTI_SESSION
1233984196205205270,2016-09-20 20:30:59.000,2,MULTI_SESSION
1707391697504379709,2017-06-03 19:23:20.000,2,MULTI_SESSION
0979536639244706985,2017-04-20 00:28:48.000,3,MULTI_SESSION
6005846941999724552,2017-01-09 08:43:02.000,4,MULTI_SESSION
1915538933685278364,2017-01-05 16:00:43.000,7,MULTI_SESSION
5591592424191591132,2017-05-26 03:00:10.000,2,MULTI_SESSION
6163478637540280922,2017-06-22 21:04:20.000,2,MULTI_SESSION
115494075054963031,2016-08-30 15:54:05.000,3,MULTI_SESSION
7549308697995967647,2016-10-24 01:12:12.000,2,MULTI_SESSION
5402571042001627330,2017-07-05 13:00:04.000,3,MULTI_SESSION
8747852564220610479,2016-09-09 21:35:32.000,2,MULTI_SESSION
493200894475132340,2016-09-04 22:28:35.000,4,MULTI_SESSION
784029865132552069,2016-10-21 13:05:37.000,3,MULTI_SESSION
5115425218426457773,2017-03-12 04:49:42.000,2,MULTI_SESSION
4019468962441063327,2017-07-17 01:35:00.000,2,MULTI_SESSION
8441678566500031275,2016-11-15 22:59:08.000,2,MULTI_SESSION
979767001637491763,2016-11-03 02:54:00.000,2,MULTI_SESSION
016600374334482677,2016-11-16 23:05:00.000,3,MULTI_SESSION
2280278894093432463,2016-10-08 07:02:08.000,2,MULTI_SESSION
8161117182595468101,2017-06-07 02:43:30.000,3,MULTI_SESSION
3869361949850252878,2017-02-27 12:45:07.000,3,MULTI_SESSION
5039735999524157292,2017-02-21 19:34:50.000,2,MULTI_SESSION
0049832664882617771,2017-02-19 03:07:48.000,2,MULTI_SESSION
1682749722677874840,2017-06-13 20:32:11.000,3,MULTI_SESSION
0314533611538644167,2017-02-13 17:45:15.000,2,MULTI_SESSION
2526542957776125951,2016-09-20 14:37:58.000,2,MULTI_SESSION
2624822252903671857,2016-12-14 02:52:43.000,3,MULTI_SESSION
7110192560338601186,2017-04-20 13:05:07.000,2,MULTI_SESSION
3209681780730962666,2016-11-06 07:00:35.000,4,MULTI_SESSION
3108986775464139138,2017-02-27 21:35:25.000,3,MULTI_SESSION
5039309429901019811,2017-04-25 17:27:10.000,2,MULTI_SESSION
7782965489086957079,2017-07-10 17:36:36.000,4,MULTI_SESSION
765320243480910164,2016-12-15 18:44:14.000,2,MULTI_SESSION
1048387524675825671,2017-03-02 00:55:15.000,2,MULTI_SESSION
8198644197116666636,2017-05-02 16:40:55.000,2,MULTI_SESSION
1896927659372882105,2016-08-05 16:14:08.000,2,MULTI_SESSION
3445305317008053078,2016-11-15 01:27:43.000,3,MULTI_SESSION
992812962494074450,2017-01-04 23:40:30.000,2,MULTI_SESSION
0150038807203175716,2016-09-01 20:28:53.000,3,MULTI_SESSION
341723817943217505,2017-04-11 02:30:19.000,2,MULTI_SESSION
7313318075791277817,2016-12-14 10:46:17.000,2,MULTI_SESSION
4995584940873803432,2017-06-12 17:39:46.000,3,MULTI_SESSION
9717690429113938490,2017-06-17 20:57:19.000,2,MULTI_SESSION
8645410884814968942,2016-11-28 16:13:51.000,2,MULTI_SESSION
8271448463691293767,2017-06-19 22:05:03.000,2,MULTI_SESSION
3016072144177960007,2017-04-16 08:28:57.000,2,MULTI_SESSION
716925587316437811,2017-06-15 15:49:03.000,2,MULTI_SESSION
6766852274145624203,2017-03-10 20:14:33.000,2,MULTI_SESSION
912047147025556789,2016-12-14 02:45:18.000,3,MULTI_SESSION
1806006534240481243,2017-06-14 02:21:44.000,3,MULTI_SESSION
8490904732170914595,2016-08-22 04:46:53.000,3,MULTI_SESSION
3803364184957424266,2016-10-29 01:43:29.000,3,MULTI_SESSION
1531540148956296102,2016-10-18 16:24:18.000,2,MULTI_SESSION
3387281260224146216,2016-11-14 23:45:02.000,2,MULTI_SESSION
3424367831137944734,2016-08-10 03:33:56.000,2,MULTI_SESSION
3700543276431412713,2017-07-17 22:36:04.000,2,MULTI_SESSION
6099463332301781487,2016-12-15 18:19:47.000,2,MULTI_SESSION
5615659499306558316,2016-08-05 19:07:39.000,2,MULTI_SESSION
0518977830588706496,2016-12-20 15:34:12.000,2,MULTI_SESSION
5756208439960248003,2016-08-19 22:40:14.000,2,MULTI_SESSION
9027926305196111055,2016-11-07 23:45:01.000,2,MULTI_SESSION
2832807519496817186,2017-06-10 02:21:30.000,2,MULTI_SESSION
0179691971144176992,2016-09-07 15:01:52.000,2,MULTI_SESSION
3570610366124089261,2017-04-10 17:38:08.000,2,MULTI_SESSION
8676763420791275254,2017-07-18 15:53:47.000,2,MULTI_SESSION
9138953117283252035,2017-02-09 21:45:29.000,3,MULTI_SESSION
6875432376489429220,2016-11-24 20:11:49.000,2,MULTI_SESSION
8704055191873808093,2017-05-19 17:58:56.000,2,MULTI_SESSION
4531509922177171032,2016-10-21 19:44:55.000,2,MULTI_SESSION
109375183949292344,2017-07-18 17:52:13.000,2,MULTI_SESSION
8434622228747679141,2017-02-16 23:37:19.000,2,MULTI_SESSION
1707670844479658461,2016-08-24 16:39:58.000,2,MULTI_SESSION
213223799802259232,2017-06-16 22:15:20.000,2,MULTI_SESSION
2897955323618920744,2016-08-12 19:43:54.000,2,MULTI_SESSION
3941152611510143066,2017-06-07 22:53:46.000,2,MULTI_SESSION
3280132197483942848,2016-12-20 18:20:02.000,2,MULTI_SESSION
6646523251391378796,2017-07-21 15:02:16.000,2,MULTI_SESSION
1717181767260918300,2017-03-24 21:55:19.000,2,MULTI_SESSION
5668433030865339442,2016-09-01 14:31:37.000,2,MULTI_SESSION
1439206441625639697,2016-12-15 03:47:12.000,2,MULTI_SESSION
8635876981287578318,2016-12-14 22:02:32.000,3,MULTI_SESSION
2616240173389988716,2016-09-21 22:23:35.000,2,MULTI_SESSION
5431240026017459443,2016-12-07 18:15:24.000,2,MULTI_SESSION
0883559197202999847,2016-09-16 12:15:28.000,2,MULTI_SESSION
2009706373973411398,2016-12-13 15:43:05.000,2,MULTI_SESSION
5246355792709327877,2016-12-19 18:15:43.000,2,MULTI_SESSION
3297507461939386970,2017-06-06 15:27:43.000,2,MULTI_SESSION
9152155335060859016,2016-08-19 10:31:36.000,2,MULTI_SESSION
8768174564332889527,2016-12-13 21:44:43.000,2,MULTI_SESSION
6218917791895202821,2016-12-09 20:42:59.000,2,MULTI_SESSION
2689318104904444038,2017-03-11 04:14:22.000,2,MULTI_SESSION
6342272643504385153,2016-09-09 20:06:51.000,2,MULTI_SESSION
9803295841650471013,2016-12-20 20:03:21.000,2,MULTI_SESSION
4512152398665199247,2017-04-19 12:48:27.000,2,MULTI_SESSION
8632030329369995030,2016-12-06 16:56:47.000,2,MULTI_SESSION
1381431420028484439,2017-02-10 20:59:40.000,2,MULTI_SESSION
7401384748988164586,2017-07-06 20:44:55.000,2,MULTI_SESSION
5130925613790258931,2017-05-04 03:27:57.000,2,MULTI_SESSION
5265060535305335127,2017-05-02 17:35:38.000,1,SINGLE_SESSION
4144443737941406047,2017-03-30 04:34:04.000,1,SINGLE_SESSION
3153643314309934460,2017-02-14 21:35:44.000,1,SINGLE_SESSION
6784942703599802835,2017-05-11 22:27:15.000,1,SINGLE_SESSION
6910307935211742227,2016-08-09 19:28:47.000,1,SINGLE_SESSION
4895988251918588289,2016-10-04 23:35:42.000,1,SINGLE_SESSION
7243174500774931832,2017-01-02 00:32:27.000,1,SINGLE_SESSION
0103488992784926412,2016-12-16 16:54:36.000,1,SINGLE_SESSION
7701571111733834937,2017-07-26 22:18:31.000,1,SINGLE_SESSION
1589619757343679069,2016-12-11 03:17:58.000,1,SINGLE_SESSION
3219847669927373606,2017-05-17 13:14:20.000,1,SINGLE_SESSION
8713287602878065062,2016-10-08 06:31:16.000,1,SINGLE_SESSION
7336599802387183829,2016-08-19 20:40:07.000,1,SINGLE_SESSION
1905601603242266663,2016-10-05 22:56:25.000,1,SINGLE_SESSION
5878115499430708439,2016-11-17 09:28:06.000,1,SINGLE_SESSION
7033370926590252579,2017-05-09 22:52:33.000,1,SINGLE_SESSION
7093434431157111373,2016-12-09 04:24:33.000,1,SINGLE_SESSION
6321103113579236784,2016-12-01 03:43:51.000,1,SINGLE_SESSION
840275515214055415,2017-01-02 18:35:20.000,2,MULTI_SESSION
7394734384320759438,2016-12-08 18:55:29.000,1,SINGLE_SESSION
7828035665151307766,2017-04-19 21:14:21.000,1,SINGLE_SESSION
6545879007886241178,2016-10-20 20:55:22.000,1,SINGLE_SESSION
522359013237328012,2016-11-17 13:56:43.000,1,SINGLE_SESSION
4962329323479469422,2016-09-03 22:57:56.000,1,SINGLE_SESSION
545209862900348723,2017-06-15 02:16:32.000,1,SINGLE_SESSION
1237573509074920904,2016-12-30 02:07:40.000,1,SINGLE_SESSION
9998597322098588317,2016-08-01 21:13:26.000,1,SINGLE_SESSION
8515771461294006341,2016-10-16 23:53:37.000,1,SINGLE_SESSION
9605314266724791091,2016-08-16 15:35:16.000,1,SINGLE_SESSION
1547996102864288970,2016-12-14 17:56:00.000,1,SINGLE_SESSION
822220356335302003,2017-03-13 20:02:02.000,1,SINGLE_SESSION
1716600198046366985,2016-09-28 16:19:33.000,1,SINGLE_SESSION
6714603474209482619,2017-05-01 04:57:36.000,1,SINGLE_SESSION
9743654204388613984,2016-08-05 17:35:11.000,1,SINGLE_SESSION
279519454681566557,2017-04-06 15:27:24.000,1,SINGLE_SESSION
2648541744097074356,2016-10-09 01:18:59.000,1,SINGLE_SESSION
2515101276262863682,2016-08-25 18:31:47.000,1,SINGLE_SESSION
1539346534251447627,2017-03-17 12:08:08.000,1,SINGLE_SESSION
3725836239165941255,2017-01-02 04:04:09.000,1,SINGLE_SESSION
0587123899418457189,2016-12-26 17:45:38.000,1,SINGLE_SESSION
5175327826829754798,2016-11-13 23:17:16.000,1,SINGLE_SESSION
4188284635563509157,2016-09-28 18:24:48.000,1,SINGLE_SESSION
3654857757910532216,2017-06-24 00:44:26.000,1,SINGLE_SESSION
8116377874526572960,2016-11-28 18:18:40.000,1,SINGLE_SESSION
393641314117635386,2017-05-11 16:20:16.000,1,SINGLE_SESSION
1027492996808526293,2017-04-11 20:54:52.000,1,SINGLE_SESSION
2108557365246449094,2017-04-08 21:27:47.000,1,SINGLE_SESSION
6318500377157429030,2017-05-20 03:02:44.000,1,SINGLE_SESSION
9556550673068144771,2017-07-12 01:43:45.000,1,SINGLE_SESSION
4003369181946392612,2017-02-23 22:36:39.000,1,SINGLE_SESSION
4358453897603927593,2016-08-21 03:15:01.000,1,SINGLE_SESSION
2951565306014197668,2017-04-21 19:08:39.000,1,SINGLE_SESSION
9894955795481014038,2016-08-21 17:48:26.000,1,SINGLE_SESSION
9711893424833628957,2017-07-26 18:47:41.000,1,SINGLE_SESSION
3548260170900367803,2016-11-26 04:01:32.000,1,SINGLE_SESSION
940883724133867575,2017-03-30 17:13:53.000,1,SINGLE_SESSION
0876622834480671437,2017-04-13 16:40:01.000,2,MULTI_SESSION
8445874485122538874,2016-12-17 21:17:11.000,1,SINGLE_SESSION
5438973470974624883,2017-06-17 23:29:05.000,1,SINGLE_SESSION
0885529477331997173,2017-04-27 13:54:31.000,1,SINGLE_SESSION
7802787655834834739,2017-05-25 01:43:07.000,1,SINGLE_SESSION
6175494848586137605,2016-08-25 12:57:53.000,1,SINGLE_SESSION
5517310575892278995,2016-10-28 17:28:51.000,1,SINGLE_SESSION
5567063922229445613,2016-10-09 00:24:05.000,1,SINGLE_SESSION
6507463560361845015,2016-12-14 20:06:02.000,1,SINGLE_SESSION
8101430633758381310,2017-04-27 16:43:15.000,1,SINGLE_SESSION
6214611984259283021,2017-01-05 19:06:44.000,1,SINGLE_SESSION
5612267454123483298,2017-02-19 00:34:35.000,2,MULTI_SESSION
5071687808352514038,2016-08-27 15:09:44.000,1,SINGLE_SESSION
3521234298870457889,2016-11-28 20:19:00.000,1,SINGLE_SESSION
553037813052104682,2017-04-20 12:35:07.000,1,SINGLE_SESSION
7441657642188873185,2016-11-02 03:13:28.000,1,SINGLE_SESSION
1571242606796843580,2017-06-15 10:21:08.000,1,SINGLE_SESSION
52868681653220057,2017-02-16 12:15:08.000,1,SINGLE_SESSION
3113954656800256529,2016-11-15 22:43:22.000,1,SINGLE_SESSION
4248127151078644916,2016-11-06 20:38:18.000,1,SINGLE_SESSION
072816889761746008,2016-09-27 04:31:24.000,1,SINGLE_SESSION
8764312739486524799,2017-02-07 21:46:09.000,1,SINGLE_SESSION
6660289189786531179,2016-09-13 04:24:04.000,2,MULTI_SESSION
2647789776870473386,2016-11-29 19:23:05.000,1,SINGLE_SESSION
0770772395389359565,2016-08-24 22:07:53.000,1,SINGLE_SESSION
9048197184831921852,2017-06-20 20:12:03.000,1,SINGLE_SESSION
4511547826484000719,2017-02-23 14:23:16.000,1,SINGLE_SESSION
52947395050573230,2016-09-08 14:24:17.000,1,SINGLE_SESSION
2687747268928070384,2017-07-17 20:40:22.000,1,SINGLE_SESSION
1534151826446645196,2017-03-29 17:00:28.000,1,SINGLE_SESSION
9088228363013905444,2016-12-09 10:35:39.000,1,SINGLE_SESSION
6272581071386767241,2016-08-12 22:57:14.000,1,SINGLE_SESSION
6920247453027235928,2016-09-06 04:34:33.000,1,SINGLE_SESSION
3981643507118895427,2017-02-01 21:34:28.000,1,SINGLE_SESSION
5670613208439164608,2017-07-11 04:31:31.000,1,SINGLE_SESSION
0319620292000180209,2017-02-02 02:59:51.000,1,SINGLE_SESSION
9153398667901840439,2017-04-29 00:40:19.000,2,MULTI_SESSION
8265320001557604227,2017-05-20 22:28:21.000,1,SINGLE_SESSION
5369550870093872521,2017-06-12 18:47:26.000,2,MULTI_SESSION
7024229681211664053,2017-02-28 14:02:25.000,1,SINGLE_SESSION
4197448302797923652,2016-11-28 20:31:25.000,1,SINGLE_SESSION
2070973913663396602,2016-12-04 15:23:50.000,1,SINGLE_SESSION
3310309019453934499,2017-07-27 03:18:59.000,1,SINGLE_SESSION
2125540555068339394,2016-08-01 15:14:06.000,1,SINGLE_SESSION
0406190417919854320,2017-05-31 20:45:19.000,1,SINGLE_SESSION
3648845765125451961,2016-12-10 22:42:39.000,1,SINGLE_SESSION
9340120327183935722,2016-09-21 21:46:40.000,1,SINGLE_SESSION
3512236505996139395,2016-08-05 13:10:22.000,1,SINGLE_SESSION
9840650149470197060,2016-08-20 02:02:01.000,1,SINGLE_SESSION
1032460027465550436,2016-11-15 14:21:27.000,1,SINGLE_SESSION
9201778469825138922,2017-01-24 02:43:05.000,1,SINGLE_SESSION
9976366744327936965,2016-12-13 19:37:29.000,1,SINGLE_SESSION
6299158105167667409,2017-04-20 17:40:53.000,1,SINGLE_SESSION
011223364686614335,2017-01-30 15:26:01.000,1,SINGLE_SESSION
3626904111622451846,2016-09-09 00:04:24.000,1,SINGLE_SESSION
2558155440742727727,2016-09-22 18:53:52.000,1,SINGLE_SESSION
9911363060681535330,2017-01-18 19:24:42.000,1,SINGLE_SESSION
8910769516525628891,2017-07-08 17:04:56.000,2,MULTI_SESSION
2967664827442283571,2017-04-13 13:12:09.000,1,SINGLE_SESSION
9831116840406512749,2016-08-31 01:29:51.000,1,SINGLE_SESSION
0440818788755263058,2017-05-13 10:55:15.000,1,SINGLE_SESSION
3845852396426162446,2017-05-15 23:39:29.000,1,SINGLE_SESSION
4445974487978885060,2016-08-23 16:09:34.000,1,SINGLE_SESSION
7292686000022233408,2017-02-11 15:36:14.000,1,SINGLE_SESSION
6085227967956663557,2017-05-20 18:06:57.000,2,MULTI_SESSION
3039331164214492247,2017-05-24 18:34:55.000,1,SINGLE_SESSION
3024993643365684640,2017-03-05 21:47:54.000,1,SINGLE_SESSION
1965405491406486388,2017-06-09 20:05:14.000,1,SINGLE_SESSION
6686381334657841223,2017-07-31 23:25:03.000,1,SINGLE_SESSION
897566953286247040,2016-12-28 19:10:34.000,1,SINGLE_SESSION
0763707560320645222,2017-07-06 13:52:17.000,1,SINGLE_SESSION
0502079743101647640,2017-05-11 00:32:29.000,1,SINGLE_SESSION
5975789416845370133,2017-07-12 18:05:15.000,1,SINGLE_SESSION
1306270201462959225,2016-10-11 19:33:54.000,1,SINGLE_SESSION
5423437990262090686,2017-06-02 18:20:54.000,1,SINGLE_SESSION
8528170749260731046,2016-12-15 04:53:18.000,1,SINGLE_SESSION
5581127856210744307,2017-02-27 19:45:13.000,1,SINGLE_SESSION
3156558389889250659,2017-08-01 00:08:44.000,1,SINGLE_SESSION
971310549792476203,2017-06-16 05:48:22.000,1,SINGLE_SESSION
216182135691067032,2016-10-19 01:56:03.000,1,SINGLE_SESSION
1495276033637299297,2017-05-03 00:23:56.000,1,SINGLE_SESSION
4263101733222626989,2017-02-04 19:22:09.000,2,MULTI_SESSION
3228241194785096593,2017-04-26 19:59:04.000,2,MULTI_SESSION
8185162201902372556,2017-06-28 21:55:49.000,1,SINGLE_SESSION
8009185599443907717,2017-07-30 21:51:26.000,1,SINGLE_SESSION
5245309370233486788,2016-12-15 20:30:22.000,1,SINGLE_SESSION
8793343475856399817,2016-10-13 12:13:12.000,1,SINGLE_SESSION
7473469688253258626,2017-05-17 01:29:11.000,1,SINGLE_SESSION
7697210138804043868,2017-06-07 19:12:55.000,1,SINGLE_SESSION
7984761365552483293,2017-06-09 14:28:28.000,1,SINGLE_SESSION
4814060651494814938,2017-04-25 19:36:43.000,1,SINGLE_SESSION
3259618435947707207,2017-03-13 23:01:14.000,1,SINGLE_SESSION
8496471110769354816,2017-01-16 17:55:38.000,1,SINGLE_SESSION
100290510717383378,2017-06-11 12:58:52.000,1,SINGLE_SESSION
0604314853571328266,2017-07-26 13:40:17.000,1,SINGLE_SESSION
9396277966684928974,2016-10-12 15:37:15.000,1,SINGLE_SESSION
237543228088148288,2017-06-07 16:59:00.000,1,SINGLE_SESSION
2314697698664321051,2017-07-05 22:36:14.000,1,SINGLE_SESSION
9569453499465889655,2017-03-02 17:10:42.000,1,SINGLE_SESSION
4604965471651937146,2017-06-28 21:08:24.000,1,SINGLE_SESSION
1240339173330804502,2016-11-02 04:28:48.000,1,SINGLE_SESSION
3296449130516590119,2016-11-15 19:52:16.000,2,MULTI_SESSION
3086932451453585214,2016-11-06 15:32:53.000,1,SINGLE_SESSION
9893747990452034103,2017-05-11 21:11:34.000,1,SINGLE_SESSION
0824134401948110048,2017-05-23 13:58:35.000,1,SINGLE_SESSION
6359850382571142987,2016-08-21 23:02:00.000,1,SINGLE_SESSION
4499382041484859324,2016-08-02 11:59:38.000,1,SINGLE_SESSION
2970264133901604244,2016-08-22 23:54:48.000,1,SINGLE_SESSION
6076619018565760000,2017-05-31 00:37:39.000,1,SINGLE_SESSION
2398518641402193696,2016-08-23 19:58:39.000,1,SINGLE_SESSION
3924372865099736100,2016-08-25 13:36:57.000,1,SINGLE_SESSION
7308330363798605080,2017-07-13 13:43:30.000,2,MULTI_SESSION
8722920098698535020,2016-10-02 21:45:19.000,2,MULTI_SESSION
7652124468815517106,2017-03-14 21:23:51.000,1,SINGLE_SESSION
5487175269492729703,2016-12-10 12:55:53.000,1,SINGLE_SESSION
0929967206775092152,2016-09-29 17:19:48.000,1,SINGLE_SESSION
7981489310601082763,2016-08-29 15:27:21.000,1,SINGLE_SESSION
3524313174087826052,2017-06-08 23:56:23.000,1,SINGLE_SESSION
9471810254016440991,2017-01-09 18:00:36.000,1,SINGLE_SESSION
1878787981465510145,2017-03-30 21:26:46.000,1,SINGLE_SESSION
7548511681521037018,2017-04-26 17:28:54.000,1,SINGLE_SESSION
3724383329494779540,2017-07-23 15:04:57.000,1,SINGLE_SESSION
5258378690008715588,2017-07-31 12:40:47.000,1,SINGLE_SESSION
940775638196153770,2016-12-17 18:02:50.000,1,SINGLE_SESSION
8169305932397665890,2016-12-24 04:39:32.000,2,MULTI_SESSION
9119291339649860876,2016-10-27 18:36:06.000,1,SINGLE_SESSION
2793295987972453232,2017-01-03 19:53:31.000,1,SINGLE_SESSION
7680759434454622438,2016-12-10 01:52:16.000,1,SINGLE_SESSION
6817073554026572260,2017-07-13 17:17:31.000,1,SINGLE_SESSION
1358005848480862728,2017-02-23 03:21:13.000,1,SINGLE_SESSION
2341873268573140480,2017-02-16 20:48:50.000,1,SINGLE_SESSION
3635116668819664542,2016-10-20 20:49:33.000,1,SINGLE_SESSION
0020502892485275044,2016-09-11 17:00:44.000,2,MULTI_SESSION
2196278703508702410,2017-03-18 04:30:50.000,2,MULTI_SESSION
2816298586185528036,2017-05-05 20:18:13.000,1,SINGLE_SESSION
5253470416041507964,2017-01-05 13:57:37.000,1,SINGLE_SESSION
8955934640424753724,2017-03-01 19:26:35.000,1,SINGLE_SESSION
1260027491400966041,2016-09-07 05:52:25.000,1,SINGLE_SESSION
5205284531932761825,2016-12-18 01:11:56.000,1,SINGLE_SESSION
0542454857691775401,2017-03-15 00:48:37.000,1,SINGLE_SESSION
6365576826230686409,2016-08-15 14:25:26.000,1,SINGLE_SESSION
0608915197735218105,2016-11-09 21:38:54.000,1,SINGLE_SESSION
3315850109243126332,2017-06-23 13:45:33.000,1,SINGLE_SESSION
1733292548126989965,2017-05-02 16:12:09.000,1,SINGLE_SESSION
8028246032728562106,2017-04-19 14:31:29.000,1,SINGLE_SESSION
3186875369084984764,2016-08-05 01:01:03.000,1,SINGLE_SESSION
1958518504412290611,2017-07-21 22:11:34.000,1,SINGLE_SESSION
217143916288493658,2017-07-28 23:01:58.000,1,SINGLE_SESSION
4214259466202417480,2016-10-06 08:57:11.000,1,SINGLE_SESSION
7942035209319092535,2016-12-05 03:15:46.000,1,SINGLE_SESSION
5103352081821571927,2017-03-08 02:24:31.000,1,SINGLE_SESSION
0767948001817807198,2016-11-26 04:38:14.000,1,SINGLE_SESSION
6197966487555534228,2017-04-04 13:13:58.000,1,SINGLE_SESSION
8010924216301401271,2017-01-10 05:22:00.000,1,SINGLE_SESSION
5019082168107655615,2016-12-27 03:13:29.000,1,SINGLE_SESSION
0842088345978971117,2017-07-31 22:40:38.000,1,SINGLE_SESSION
417374407421467352,2017-06-01 21:17:38.000,1,SINGLE_SESSION
088945266147609238,2017-01-03 20:59:00.000,1,SINGLE_SESSION
7312392177689574015,2016-12-02 14:56:43.000,1,SINGLE_SESSION
9459521664420901303,2017-02-21 15:27:42.000,1,SINGLE_SESSION
7420043202908382961,2017-02-16 22:11:48.000,1,SINGLE_SESSION
9167543463561381691,2016-12-03 02:22:30.000,1,SINGLE_SESSION
6051908919929899878,2017-07-10 19:52:44.000,1,SINGLE_SESSION
1438175250765440260,2016-12-18 17:06:57.000,1,SINGLE_SESSION
5332341363747831465,2016-09-09 20:10:41.000,1,SINGLE_SESSION
5742253560990326781,2016-08-12 07:02:07.000,1,SINGLE_SESSION
0432606793105704004,2017-01-25 07:02:52.000,1,SINGLE_SESSION
5358177725781959243,2016-12-02 19:18:34.000,1,SINGLE_SESSION
3224500939951572250,2016-12-20 18:05:08.000,2,MULTI_SESSION
7910024669087314685,2017-07-10 17:51:21.000,2,MULTI_SESSION
553274180487420287,2017-04-15 05:19:51.000,1,SINGLE_SESSION
7974559694020168451,2017-03-28 09:36:24.000,1,SINGLE_SESSION
7202541639275781517,2017-03-14 22:13:30.000,1,SINGLE_SESSION
0887453642354701418,2017-02-20 06:00:48.000,1,SINGLE_SESSION
3560820276518060023,2017-06-23 09:50:23.000,1,SINGLE_SESSION
2021467453921061473,2017-03-06 15:38:02.000,1,SINGLE_SESSION
7535069229429628764,2017-04-05 13:27:13.000,1,SINGLE_SESSION
8989045666766077096,2016-10-04 18:49:17.000,1,SINGLE_SESSION
2220891106353085250,2016-08-22 14:38:38.000,1,SINGLE_SESSION
36419370338727902,2016-08-15 23:50:17.000,1,SINGLE_SESSION
2703909094790015330,2016-08-27 05:06:51.000,2,MULTI_SESSION
5488410709317944276,2017-06-21 23:56:05.000,1,SINGLE_SESSION
6361412319872992079,2017-07-13 20:36:59.000,1,SINGLE_SESSION
8091284002796565569,2016-12-25 02:56:49.000,1,SINGLE_SESSION
4685001858485495456,2016-12-01 13:48:03.000,1,SINGLE_SESSION
0318476411656972479,2017-07-28 13:31:28.000,1,SINGLE_SESSION
1255447654498305534,2016-12-13 19:58:35.000,1,SINGLE_SESSION
7085536598312331292,2016-12-02 20:27:10.000,1,SINGLE_SESSION
2314153736357742435,2016-09-21 16:50:41.000,1,SINGLE_SESSION
9336440504907193236,2017-07-12 05:32:43.000,1,SINGLE_SESSION
3945002194355797350,2017-07-17 16:32:54.000,1,SINGLE_SESSION
147270510979304610,2017-03-29 00:49:13.000,2,MULTI_SESSION
5213317945757949613,2017-04-17 23:59:31.000,1,SINGLE_SESSION
0704957996393939802,2016-10-17 13:30:20.000,1,SINGLE_SESSION
9524801176083053157,2017-04-18 12:02:24.000,1,SINGLE_SESSION
3274741740426447449,2016-11-18 19:22:56.000,1,SINGLE_SESSION
9499863085866799147,2016-11-19 20:57:35.000,1,SINGLE_SESSION
3179620398844632933,2017-05-30 23:34:50.000,1,SINGLE_SESSION
8761401299376451102,2017-05-10 23:35:17.000,2,MULTI_SESSION
8321566838784998459,2017-07-31 14:10:10.000,1,SINGLE_SESSION
9060420634893565665,2016-09-23 16:56:41.000,1,SINGLE_SESSION
3862003304345926516,2016-11-28 19:54:36.000,1,SINGLE_SESSION
5835418306887672621,2017-02-16 16:15:06.000,1,SINGLE_SESSION
6271923759392158030,2016-08-15 17:13:47.000,1,SINGLE_SESSION
7813149961404844386,2016-11-17 18:56:17.000,1,SINGLE_SESSION
9493534941623975611,2016-10-16 17:36:51.000,1,SINGLE_SESSION
9226278380512438191,2017-06-17 13:49:12.000,1,SINGLE_SESSION
3511188733855996892,2016-08-25 13:58:58.000,1,SINGLE_SESSION
5873491468914414978,2016-08-25 22:06:49.000,1,SINGLE_SESSION
7254480785524182260,2016-11-28 18:34:39.000,1,SINGLE_SESSION
9709755708205339245,2016-08-10 15:45:03.000,2,MULTI_SESSION
3234804517559841754,2017-05-01 21:03:54.000,1,SINGLE_SESSION
594032029140324639,2016-11-27 00:30:02.000,1,SINGLE_SESSION
8431629828870913172,2016-09-25 23:34:27.000,1,SINGLE_SESSION
8122366843389255502,2017-07-28 04:15:35.000,1,SINGLE_SESSION
3089607588472328208,2016-09-07 02:50:15.000,1,SINGLE_SESSION
177475133170193656,2017-06-29 23:57:06.000,1,SINGLE_SESSION
0828804481099377799,2016-09-13 04:12:18.000,1,SINGLE_SESSION
9001429991110397286,2016-10-09 19:47:00.000,1,SINGLE_SESSION
8488955366649910156,2016-08-11 16:12:42.000,1,SINGLE_SESSION
7132281175644969879,2016-08-10 15:17:57.000,1,SINGLE_SESSION
7588981130462792361,2017-07-01 00:22:12.000,1,SINGLE_SESSION
549158270848959308,2016-08-17 16:11:27.000,2,MULTI_SESSION
0193361951439999580,2017-07-08 14:18:29.000,1,SINGLE_SESSION
7947697374901279912,2017-05-16 11:20:55.000,1,SINGLE_SESSION
012559495913113852,2017-04-22 02:15:08.000,1,SINGLE_SESSION
0210005071508705826,2016-11-14 18:01:23.000,1,SINGLE_SESSION
0826207709739498709,2016-11-05 19:43:11.000,1,SINGLE_SESSION
9629138648067304387,2017-07-20 21:39:40.000,1,SINGLE_SESSION
5714578235466782917,2017-07-14 18:39:37.000,1,SINGLE_SESSION
8202091295920976223,2016-09-26 22:03:35.000,1,SINGLE_SESSION
9620467764501266748,2017-04-07 01:41:16.000,1,SINGLE_SESSION
3087800167641443127,2017-02-03 22:27:01.000,1,SINGLE_SESSION
5566679994266805984,2017-04-18 00:41:36.000,1,SINGLE_SESSION
5480664730921696819,2017-02-10 19:14:21.000,1,SINGLE_SESSION
3180997796111831124,2017-05-23 18:49:15.000,1,SINGLE_SESSION
7464225335009781401,2016-09-07 00:26:56.000,2,MULTI_SESSION
9850558045899887104,2016-12-12 01:17:02.000,2,MULTI_SESSION
6767082837980910756,2017-04-19 05:57:57.000,1,SINGLE_SESSION
5520985287231906451,2017-06-18 16:56:07.000,1,SINGLE_SESSION
1122339375048872606,2017-05-16 17:29:23.000,1,SINGLE_SESSION
1974892456165187964,2016-12-22 20:04:45.000,1,SINGLE_SESSION
1655187180977818687,2017-06-20 20:17:39.000,1,SINGLE_SESSION
4068723733086898628,2017-03-06 20:09:54.000,1,SINGLE_SESSION
3096836419008213923,2016-08-22 21:57:45.000,1,SINGLE_SESSION
314623674794258357,2017-07-31 23:02:33.000,1,SINGLE_SESSION
5929579070736526964,2016-12-24 16:10:40.000,1,SINGLE_SESSION
1659300808857863875,2016-10-05 22:38:26.000,1,SINGLE_SESSION
8242635814734201197,2017-04-03 14:48:21.000,1,SINGLE_SESSION
0088657980877164102,2017-07-07 21:33:31.000,1,SINGLE_SESSION
2767837775025125681,2017-06-05 23:52:36.000,1,SINGLE_SESSION
4382298785216499010,2016-12-12 00:07:42.000,1,SINGLE_SESSION
07943880251511904,2016-12-12 20:12:53.000,2,MULTI_SESSION
9773485240177005933,2017-04-08 22:49:16.000,1,SINGLE_SESSION
9044444019630799818,2016-11-29 20:33:39.000,1,SINGLE_SESSION
7561249229459674065,2017-04-20 02:00:00.000,1,SINGLE_SESSION
5427034488751812445,2016-08-11 03:27:43.000,1,SINGLE_SESSION
0509537543362594682,2017-07-13 17:42:15.000,1,SINGLE_SESSION
0514071303908585314,2017-04-18 17:51:21.000,1,SINGLE_SESSION
2286438402554934622,2017-01-19 17:36:44.000,1,SINGLE_SESSION
2776260304301247758,2016-12-03 21:13:59.000,1,SINGLE_SESSION
1489499358843992719,2016-12-20 22:15:33.000,1,SINGLE_SESSION
9594765739832160882,2017-05-11 19:39:02.000,1,SINGLE_SESSION
3680244960768233462,2017-06-30 17:51:23.000,1,SINGLE_SESSION
7107718938057621237,2016-09-12 21:30:00.000,1,SINGLE_SESSION
9705228674184876468,2017-06-05 00:57:44.000,1,SINGLE_SESSION
2196122936370759210,2016-09-08 21:05:59.000,1,SINGLE_SESSION
1603437381497416129,2017-05-03 22:27:54.000,1,SINGLE_SESSION
0456585804826434876,2016-12-18 21:42:22.000,1,SINGLE_SESSION
3609914106843763163,2016-12-19 13:45:10.000,1,SINGLE_SESSION
7753883779576218882,2017-03-03 12:03:39.000,1,SINGLE_SESSION
9941112068189451364,2017-06-15 15:10:52.000,1,SINGLE_SESSION
1818521455599915164,2016-12-08 23:12:49.000,1,SINGLE_SESSION
9373768824735614756,2017-01-03 17:11:54.000,1,SINGLE_SESSION
7328155589685273432,2016-12-19 23:34:35.000,1,SINGLE_SESSION
5330942141326185595,2016-08-17 19:18:48.000,1,SINGLE_SESSION
7834245291980769625,2017-06-01 10:24:02.000,1,SINGLE_SESSION
5709497068123845619,2016-08-02 19:10:06.000,1,SINGLE_SESSION
5969031097251772016,2017-02-09 15:12:40.000,1,SINGLE_SESSION
1099238864070902116,2017-03-09 01:29:51.000,1,SINGLE_SESSION
53866968780969645,2016-12-16 18:47:08.000,1,SINGLE_SESSION
0945029579910809032,2017-06-02 18:01:48.000,1,SINGLE_SESSION
9269711109739542805,2016-09-24 00:52:46.000,1,SINGLE_SESSION
2026637372991465466,2017-02-17 22:27:50.000,1,SINGLE_SESSION
2899424455048678899,2017-04-18 18:15:00.000,1,SINGLE_SESSION
1366164390851974199,2016-12-12 21:21:17.000,1,SINGLE_SESSION
7876109297899909726,2017-03-27 04:26:34.000,1,SINGLE_SESSION
2682327128551926564,2016-12-20 03:47:05.000,1,SINGLE_SESSION
1667204559662879956,2017-06-22 17:31:25.000,1,SINGLE_SESSION
2847852403603776283,2016-09-12 21:06:12.000,1,SINGLE_SESSION
5531566199556647886,2016-12-14 07:12:33.000,1,SINGLE_SESSION
0211986650009953276,2017-01-04 22:27:59.000,1,SINGLE_SESSION
0744898282188245890,2017-04-17 15:46:34.000,1,SINGLE_SESSION
9512976956663565169,2017-07-22 16:03:07.000,1,SINGLE_SESSION
7043500834350642684,2017-05-17 00:14:18.000,1,SINGLE_SESSION
3535157243408917520,2016-11-22 04:37:22.000,1,SINGLE_SESSION
8719867302995619824,2017-07-18 12:00:15.000,1,SINGLE_SESSION
3219091521774688787,2017-04-03 12:36:52.000,1,SINGLE_SESSION
0749194348427169585,2016-08-18 05:36:23.000,1,SINGLE_SESSION
427908274656251192,2017-02-03 04:53:37.000,1,SINGLE_SESSION
4478479912827632829,2016-09-25 15:30:54.000,1,SINGLE_SESSION
3183087313226736036,2016-09-15 16:35:39.000,1,SINGLE_SESSION
5100495841451468386,2016-12-20 03:20:39.000,1,SINGLE_SESSION
9220403459070771293,2017-04-15 00:25:04.000,1,SINGLE_SESSION
1738165466373863553,2017-02-17 18:52:29.000,1,SINGLE_SESSION
1634312136039689042,2017-02-22 23:43:06.000,1,SINGLE_SESSION
551930514989058018,2016-10-20 16:40:54.000,1,SINGLE_SESSION
9433517997046669782,2017-05-13 18:18:56.000,1,SINGLE_SESSION
5763555354582854124,2017-07-25 21:02:38.000,1,SINGLE_SESSION
2022216708424298019,2016-10-02 05:57:49.000,1,SINGLE_SESSION
5395170919790371071,2017-04-06 18:44:42.000,1,SINGLE_SESSION
4175693739550513271,2017-07-29 03:46:26.000,1,SINGLE_SESSION
2158504409525009218,2016-10-26 19:38:54.000,1,SINGLE_SESSION
7526395005987843712,2017-05-09 04:40:42.000,1,SINGLE_SESSION
8671741245048754342,2017-07-16 22:23:03.000,1,SINGLE_SESSION
4017913670369523612,2016-11-30 20:07:34.000,1,SINGLE_SESSION
2345093262662761202,2017-03-05 21:14:38.000,1,SINGLE_SESSION
5602367908405796576,2017-03-27 16:13:00.000,1,SINGLE_SESSION
0102127042498450827,2016-12-12 00:53:33.000,1,SINGLE_SESSION
9466698608172865233,2016-10-27 00:15:02.000,1,SINGLE_SESSION
240953752649297686,2016-08-23 18:19:55.000,1,SINGLE_SESSION
8097586032450579868,2016-12-05 19:17:54.000,1,SINGLE_SESSION
4120204515295440392,2016-11-08 21:29:11.000,1,SINGLE_SESSION
1614193653421769557,2017-04-23 00:02:12.000,1,SINGLE_SESSION
6022958438984686375,2016-10-10 00:42:03.000,1,SINGLE_SESSION
1575327793846123263,2016-09-30 19:05:26.000,1,SINGLE_SESSION
4997974283801871350,2016-12-09 02:04:55.000,1,SINGLE_SESSION
9980323391675823795,2016-08-11 14:20:34.000,1,SINGLE_SESSION
2530656978550562143,2016-09-12 20:14:24.000,1,SINGLE_SESSION
666077603822154553,2016-12-07 16:41:59.000,1,SINGLE_SESSION
814522658607682614,2017-04-02 12:44:30.000,1,SINGLE_SESSION
2271817805906914184,2017-07-19 18:18:06.000,1,SINGLE_SESSION
8950965046902551656,2017-04-26 06:12:19.000,1,SINGLE_SESSION
1693439860882386132,2017-07-09 13:11:14.000,1,SINGLE_SESSION
386945787239594893,2017-04-27 18:19:09.000,1,SINGLE_SESSION
8993704269203931826,2016-12-17 02:03:24.000,1,SINGLE_SESSION
2811370791608339081,2017-05-31 18:16:35.000,1,SINGLE_SESSION
919860429022748291,2016-10-07 18:53:52.000,1,SINGLE_SESSION
4556039598367991486,2017-05-02 23:38:11.000,1,SINGLE_SESSION
3022397806873476747,2016-11-21 01:34:59.000,1,SINGLE_SESSION
7438021961261408453,2017-05-24 21:59:31.000,1,SINGLE_SESSION
9061351810978432640,2016-08-12 10:50:05.000,1,SINGLE_SESSION
4515197722749947898,2017-05-01 04:23:36.000,1,SINGLE_SESSION
8534676356103269438,2016-11-12 19:41:01.000,1,SINGLE_SESSION
3252876737088011394,2017-03-29 18:16:45.000,1,SINGLE_SESSION
0074766195217803929,2016-09-15 14:53:05.000,1,SINGLE_SESSION
2656837568033115037,2016-09-26 18:46:21.000,1,SINGLE_SESSION
303733040875070154,2017-04-18 02:18:28.000,1,SINGLE_SESSION
862891200036094346,2017-03-26 23:33:44.000,1,SINGLE_SESSION
5998940842547848227,2017-05-06 23:20:42.000,1,SINGLE_SESSION
7397974199013728789,2016-08-30 03:46:53.000,1,SINGLE_SESSION
9001502916626110125,2017-07-27 13:53:44.000,1,SINGLE_SESSION
6430761922443082063,2017-03-28 18:04:08.000,1,SINGLE_SESSION
5668178612875177836,2016-12-01 16:25:46.000,1,SINGLE_SESSION
791462951878788065,2017-01-26 21:20:20.000,1,SINGLE_SESSION
2721027801222879339,2016-08-23 16:59:24.000,1,SINGLE_SESSION
889422988902631033,2017-07-18 12:56:24.000,1,SINGLE_SESSION
3933973870505149047,2017-02-13 00:59:40.000,1,SINGLE_SESSION
9936519501163153285,2017-04-07 15:22:37.000,2,MULTI_SESSION
0199826286790923643,2017-04-10 13:00:54.000,1,SINGLE_SESSION
2778312825087268268,2017-05-17 12:22:55.000,1,SINGLE_SESSION
5883817071899386172,2017-04-22 17:22:39.000,1,SINGLE_SESSION
7939195923933153052,2017-05-02 15:35:23.000,1,SINGLE_SESSION
8722134795757149550,2017-01-02 02:49:46.000,1,SINGLE_SESSION
555043313953093171,2017-06-15 23:58:07.000,1,SINGLE_SESSION
4032954879849580629,2016-12-15 15:46:33.000,1,SINGLE_SESSION
485451635785646273,2016-08-10 04:33:08.000,1,SINGLE_SESSION
889484015663276580,2016-09-03 13:15:09.000,2,MULTI_SESSION
7625863147445975419,2016-11-04 22:48:57.000,1,SINGLE_SESSION
5309710556175093157,2017-01-19 14:42:58.000,1,SINGLE_SESSION
0040332680018799680,2016-08-19 14:06:20.000,1,SINGLE_SESSION
4064008221273566105,2017-06-23 19:23:44.000,2,MULTI_SESSION
7161524936078300347,2017-05-06 04:53:36.000,1,SINGLE_SESSION
0464008745098440718,2016-12-16 01:40:28.000,1,SINGLE_SESSION
4427381882720196561,2017-04-07 03:37:05.000,1,SINGLE_SESSION
9422085418164335542,2017-07-20 08:48:01.000,1,SINGLE_SESSION
2260555908321258880,2016-11-04 13:44:35.000,1,SINGLE_SESSION
6415113611963925053,2017-01-31 21:05:08.000,1,SINGLE_SESSION
1669683377813905780,2017-05-31 01:46:12.000,1,SINGLE_SESSION
4535350832012629526,2016-11-07 16:13:14.000,1,SINGLE_SESSION
1865140170192827585,2016-08-09 16:52:16.000,1,SINGLE_SESSION
8195906230937173122,2016-09-11 23:13:27.000,1,SINGLE_SESSION
6297544198548387157,2017-07-05 16:27:40.000,1,SINGLE_SESSION
9722351659146132815,2017-05-12 02:28:56.000,1,SINGLE_SESSION
1620948710344032805,2017-01-19 05:53:52.000,1,SINGLE_SESSION
2232264032210232295,2017-04-16 15:27:41.000,1,SINGLE_SESSION
7894063271151919255,2016-11-08 22:35:49.000,2,MULTI_SESSION
8347525570641445794,2016-11-29 01:54:42.000,1,SINGLE_SESSION
7048142789651941273,2017-06-08 18:58:05.000,1,SINGLE_SESSION
6291608660137539472,2016-12-19 17:37:33.000,1,SINGLE_SESSION
0701601838005591363,2016-08-01 20:05:25.000,1,SINGLE_SESSION
0156140817362296281,2017-02-16 17:20:57.000,1,SINGLE_SESSION
1477324888224570770,2016-09-16 17:13:10.000,1,SINGLE_SESSION
8897693184289698556,2016-10-28 21:21:15.000,1,SINGLE_SESSION
0277222292888807077,2016-12-09 02:50:57.000,1,SINGLE_SESSION
2055570879390074535,2016-08-18 00:04:30.000,1,SINGLE_SESSION
2998921651332045258,2016-11-24 06:18:54.000,1,SINGLE_SESSION
8447888804841685731,2016-10-07 16:28:55.000,1,SINGLE_SESSION
3231791820573493501,2016-08-30 03:24:28.000,1,SINGLE_SESSION
6194193421514403509,2016-09-02 19:12:52.000,1,SINGLE_SESSION
0774683549194942679,2017-07-10 22:58:08.000,1,SINGLE_SESSION
5845196577057429704,2016-12-04 20:53:34.000,1,SINGLE_SESSION
1531412460891558131,2017-01-03 00:25:19.000,1,SINGLE_SESSION
0821759666736787866,2017-04-30 23:38:00.000,1,SINGLE_SESSION
594511863093043281,2017-07-17 04:37:01.000,1,SINGLE_SESSION
4822703656704355383,2016-08-24 23:58:54.000,1,SINGLE_SESSION
6987303552830349046,2017-07-27 18:18:48.000,1,SINGLE_SESSION
7713012430069756739,2017-03-03 07:02:14.000,1,SINGLE_SESSION
8398495866792940081,2016-12-21 06:15:28.000,2,MULTI_SESSION
7783483124481840961,2017-07-14 15:28:57.000,1,SINGLE_SESSION
8401651010663630290,2016-12-29 03:37:57.000,1,SINGLE_SESSION
3083583249945544526,2016-12-21 02:44:37.000,1,SINGLE_SESSION
7760371305511831851,2016-10-19 21:53:54.000,1,SINGLE_SESSION
1912325776785517959,2016-12-05 19:48:23.000,1,SINGLE_SESSION
7517029078565627714,2017-07-12 12:40:37.000,1,SINGLE_SESSION
6670919334935999370,2016-08-15 19:56:45.000,1,SINGLE_SESSION
7150596915465273630,2016-10-22 18:59:56.000,1,SINGLE_SESSION
9585355996663809959,2017-06-08 13:48:53.000,1,SINGLE_SESSION
1062767743100240941,2016-10-19 22:42:14.000,1,SINGLE_SESSION
7539934390050787857,2017-03-27 17:51:30.000,1,SINGLE_SESSION
6562342675160454835,2016-09-19 13:19:28.000,1,SINGLE_SESSION
9613834008182881588,2017-07-26 20:32:12.000,2,MULTI_SESSION
2348463054063969994,2017-05-13 22:18:04.000,1,SINGLE_SESSION
0886432693783342785,2017-02-14 21:34:56.000,1,SINGLE_SESSION
2017396058039056855,2017-07-16 23:49:47.000,1,SINGLE_SESSION
9424126722376172691,2016-12-06 20:41:43.000,1,SINGLE_SESSION
1941467346897842010,2016-10-11 19:49:44.000,1,SINGLE_SESSION
6535781347855581539,2016-10-18 02:01:08.000,1,SINGLE_SESSION
0573792080831880040,2016-12-04 03:27:49.000,1,SINGLE_SESSION
7403668294153816592,2016-12-06 19:05:57.000,1,SINGLE_SESSION
5943213990126954437,2017-03-29 18:40:04.000,1,SINGLE_SESSION
8431948372603091644,2016-08-02 17:54:23.000,1,SINGLE_SESSION
6633599178417941458,2017-05-20 00:55:39.000,1,SINGLE_SESSION
7060203434655570204,2016-08-28 01:49:35.000,1,SINGLE_SESSION
4754359022938156115,2016-10-18 02:23:57.000,1,SINGLE_SESSION
5342879446684210628,2017-07-05 13:39:37.000,2,MULTI_SESSION
0828346965337249044,2016-11-26 16:19:41.000,1,SINGLE_SESSION
6768316228601904493,2017-05-02 23:01:47.000,1,SINGLE_SESSION
5863375721947621054,2017-04-06 15:43:39.000,1,SINGLE_SESSION
2091423130577972797,2017-03-21 14:33:40.000,1,SINGLE_SESSION
3118941601870086725,2017-01-18 04:03:49.000,1,SINGLE_SESSION
6741720961637872059,2016-08-28 04:32:18.000,1,SINGLE_SESSION
7422368085041338652,2017-06-08 16:58:10.000,1,SINGLE_SESSION
6697620123256725715,2017-06-12 16:24:48.000,1,SINGLE_SESSION
647053720847399351,2016-09-29 10:44:33.000,1,SINGLE_SESSION
146792174333379175,2016-08-13 01:24:39.000,1,SINGLE_SESSION
225663065504333530,2017-06-26 18:36:08.000,1,SINGLE_SESSION
408772535287063411,2016-08-10 23:55:53.000,1,SINGLE_SESSION
4879392962172918374,2016-09-22 23:20:52.000,1,SINGLE_SESSION
2264449357397393917,2017-05-09 22:51:15.000,1,SINGLE_SESSION
158490408567482105,2017-05-10 16:45:46.000,2,MULTI_SESSION
2739022125200634612,2016-12-19 19:38:58.000,1,SINGLE_SESSION
8430163495777040605,2017-07-18 17:15:53.000,1,SINGLE_SESSION
8914990444419608855,2016-12-06 22:00:56.000,1,SINGLE_SESSION
7068061647475096007,2017-06-10 00:55:37.000,1,SINGLE_SESSION
833578923660418003,2016-11-14 17:16:57.000,1,SINGLE_SESSION
9104422787977218572,2017-05-16 04:11:43.000,1,SINGLE_SESSION
2303365259512398684,2017-06-02 16:15:51.000,1,SINGLE_SESSION
8084853554695349186,2016-08-19 02:22:04.000,1,SINGLE_SESSION
2132206668089692523,2017-04-20 13:24:29.000,1,SINGLE_SESSION
5821918724383894548,2016-12-15 22:38:22.000,2,MULTI_SESSION
473442131850032599,2017-02-19 01:50:25.000,1,SINGLE_SESSION
4759790457989419744,2016-08-10 14:40:38.000,1,SINGLE_SESSION
8155859003876028076,2017-06-18 01:51:58.000,1,SINGLE_SESSION
5795343041748659028,2016-10-28 19:14:27.000,1,SINGLE_SESSION
0112712853580593351,2017-07-13 15:37:41.000,1,SINGLE_SESSION
2577400805525289502,2017-05-16 20:29:23.000,1,SINGLE_SESSION
582129409932854437,2017-06-29 01:47:14.000,1,SINGLE_SESSION
7358793687985723141,2017-01-11 18:33:42.000,1,SINGLE_SESSION
7359252773164627313,2016-08-16 13:47:01.000,1,SINGLE_SESSION
1965269945643678897,2017-05-12 20:15:43.000,1,SINGLE_SESSION
0364393857133608210,2017-05-05 01:27:09.000,1,SINGLE_SESSION
1514012509293129940,2017-06-10 16:43:20.000,1,SINGLE_SESSION
2352298830065288869,2016-10-30 23:42:18.000,1,SINGLE_SESSION
1093352419037497878,2017-02-09 17:44:52.000,1,SINGLE_SESSION
4835031132385744572,2016-08-05 15:12:50.000,1,SINGLE_SESSION
5995124295506489040,2016-09-26 15:47:53.000,1,SINGLE_SESSION
1596310256826367221,2016-09-11 20:56:24.000,1,SINGLE_SESSION
3136171791619750824,2017-01-19 02:36:11.000,1,SINGLE_SESSION
2093134694276222587,2016-12-15 23:39:33.000,1,SINGLE_SESSION
6085175520393840927,2017-06-30 15:41:40.000,1,SINGLE_SESSION
8581258083391856781,2016-10-15 22:48:20.000,1,SINGLE_SESSION
5915583521852915302,2017-01-31 21:36:28.000,1,SINGLE_SESSION
1234072966949787632,2016-12-05 00:12:23.000,2,MULTI_SESSION
4045831322438555082,2017-07-21 15:14:31.000,1,SINGLE_SESSION
3128896726987914881,2016-11-30 19:30:58.000,1,SINGLE_SESSION
8197879643797712877,2016-11-01 20:45:17.000,1,SINGLE_SESSION
2828987368496366028,2016-08-11 15:28:15.000,1,SINGLE_SESSION
47511660497565285,2017-07-21 00:54:32.000,1,SINGLE_SESSION
6680051680711620547,2016-12-19 21:50:58.000,1,SINGLE_SESSION
4660934654916749166,2016-11-29 01:54:42.000,2,MULTI_SESSION
8887639477324168725,2017-05-31 01:36:00.000,1,SINGLE_SESSION
2161890959097468070,2016-10-31 16:19:32.000,1,SINGLE_SESSION
7623467057602509357,2017-06-01 19:45:22.000,1,SINGLE_SESSION
5174129705003851738,2016-09-01 18:16:54.000,1,SINGLE_SESSION
5302072233247967005,2016-09-16 14:01:24.000,1,SINGLE_SESSION
1811633901162134575,2016-09-20 19:35:36.000,1,SINGLE_SESSION
0196352031623164153,2016-12-09 17:52:19.000,1,SINGLE_SESSION
963845761761571092,2017-07-25 22:09:19.000,1,SINGLE_SESSION
3431303311329572107,2017-03-17 19:03:20.000,1,SINGLE_SESSION
0517782955209773732,2017-06-19 18:25:09.000,1,SINGLE_SESSION
3869136383961219931,2017-06-22 19:26:13.000,1,SINGLE_SESSION
165109760635455356,2017-07-26 05:33:30.000,1,SINGLE_SESSION
0158994139683228392,2017-05-18 17:06:28.000,1,SINGLE_SESSION
4558105233287956143,2017-07-14 17:46:39.000,1,SINGLE_SESSION
5274178488388033997,2017-06-03 22:34:33.000,1,SINGLE_SESSION
9701069095310895981,2017-05-02 00:39:05.000,1,SINGLE_SESSION
177468866234312315,2017-05-25 23:42:09.000,1,SINGLE_SESSION
3237848165870949181,2017-05-19 12:52:34.000,1,SINGLE_SESSION
9382046690457797406,2016-08-15 07:21:25.000,1,SINGLE_SESSION
3615582065852878931,2016-12-08 01:44:05.000,1,SINGLE_SESSION
9787338107687829305,2017-02-17 22:19:42.000,1,SINGLE_SESSION
102929360833194213,2017-05-03 16:08:53.000,1,SINGLE_SESSION
8421245050853915723,2017-07-26 15:48:13.000,1,SINGLE_SESSION
9178268652793485152,2016-12-05 05:23:27.000,1,SINGLE_SESSION
0665001342407465406,2017-04-30 00:42:51.000,1,SINGLE_SESSION
473905218555423969,2017-07-31 12:54:58.000,1,SINGLE_SESSION
1270881807221511963,2017-01-25 14:58:54.000,1,SINGLE_SESSION
8616482225109152227,2017-03-13 20:54:35.000,1,SINGLE_SESSION
7647399051164881931,2017-01-13 20:39:38.000,1,SINGLE_SESSION
0651862055672264578,2017-03-05 19:00:49.000,1,SINGLE_SESSION
6855973837181242337,2017-01-30 04:41:40.000,1,SINGLE_SESSION
8836653961966700632,2017-07-10 15:20:48.000,1,SINGLE_SESSION
215418549265528143,2016-10-28 16:51:48.000,1,SINGLE_SESSION
6200431365137133686,2017-05-08 15:45:44.000,1,SINGLE_SESSION
8322523238552417357,2016-11-18 16:18:08.000,1,SINGLE_SESSION
2086102344648063828,2017-03-29 20:45:10.000,1,SINGLE_SESSION
5692598567107013181,2017-05-26 14:51:08.000,2,MULTI_SESSION
6008548099452961352,2017-05-12 00:52:41.000,1,SINGLE_SESSION
3424108581759376667,2017-01-06 16:07:58.000,1,SINGLE_SESSION
9191988749856258904,2016-08-26 19:18:42.000,1,SINGLE_SESSION
5905742207313149106,2017-04-26 20:43:54.000,1,SINGLE_SESSION
5492630606781186660,2016-08-20 19:32:11.000,1,SINGLE_SESSION
1900860815673587826,2017-02-09 14:52:06.000,1,SINGLE_SESSION
8528973034561269758,2017-07-25 20:20:14.000,1,SINGLE_SESSION
1882371542926030102,2016-11-28 01:41:48.000,1,SINGLE_SESSION
6574777397664744469,2017-04-06 19:14:41.000,1,SINGLE_SESSION
0415394625340972240,2017-02-16 04:28:50.000,1,SINGLE_SESSION
7828268469636350286,2016-08-24 22:53:35.000,1,SINGLE_SESSION
6421960756925082099,2017-03-12 20:23:46.000,2,MULTI_SESSION
4365071413867867273,2017-06-29 16:58:08.000,2,MULTI_SESSION
5993773657417368877,2017-04-13 16:25:44.000,1,SINGLE_SESSION
4325415510422843451,2016-12-18 07:08:53.000,1,SINGLE_SESSION
1642287207440792926,2016-10-06 14:16:46.000,2,MULTI_SESSION
1441088421575117685,2016-10-03 16:30:14.000,1,SINGLE_SESSION
2507783848201963394,2017-06-05 23:15:40.000,1,SINGLE_SESSION
2573691084209115534,2017-06-18 21:01:08.000,1,SINGLE_SESSION
1817098361006619114,2017-03-29 22:28:15.000,2,MULTI_SESSION
0211027870956680579,2017-05-04 17:22:50.000,1,SINGLE_SESSION
0913559547538948059,2017-02-10 01:15:43.000,1,SINGLE_SESSION
1508632371147736112,2016-11-04 17:14:45.000,1,SINGLE_SESSION
6687800400075558056,2017-04-07 02:27:20.000,1,SINGLE_SESSION
6961799001356572228,2017-01-21 18:48:54.000,1,SINGLE_SESSION
7716901533486555071,2017-06-19 20:16:55.000,1,SINGLE_SESSION
6080515140552290327,2017-01-05 21:12:13.000,1,SINGLE_SESSION
0689221493301196449,2017-01-04 02:18:46.000,1,SINGLE_SESSION
2882465245432965325,2017-04-19 00:34:06.000,1,SINGLE_SESSION
6730027102407598454,2017-05-01 17:25:51.000,1,SINGLE_SESSION
0765966183501214400,2017-01-06 19:17:27.000,1,SINGLE_SESSION
0636481946896347011,2016-10-24 02:25:49.000,1,SINGLE_SESSION
8217878044942948307,2016-09-13 04:03:49.000,1,SINGLE_SESSION
2316037784893459235,2016-12-10 14:52:37.000,1,SINGLE_SESSION
8367206066214183736,2016-11-02 02:13:42.000,1,SINGLE_SESSION
6537661830221758612,2016-12-04 21:07:05.000,1,SINGLE_SESSION
8627749553178003543,2016-10-19 00:22:49.000,1,SINGLE_SESSION
2818976844555862937,2016-08-11 05:04:40.000,1,SINGLE_SESSION
6788608757552402673,2017-05-03 20:29:17.000,1,SINGLE_SESSION
4022089387600233552,2017-04-29 00:05:40.000,1,SINGLE_SESSION
896420018503205883,2016-12-17 22:00:28.000,1,SINGLE_SESSION
4376158803023079782,2016-10-15 18:20:54.000,1,SINGLE_SESSION
7704158452522194564,2017-07-08 15:37:37.000,1,SINGLE_SESSION
2591017631506070831,2017-01-04 20:29:03.000,1,SINGLE_SESSION
8516103494116609949,2016-08-21 00:51:14.000,3,MULTI_SESSION
8901669251595592717,2017-07-10 17:48:15.000,1,SINGLE_SESSION
1922510765164338251,2017-07-20 20:52:07.000,1,SINGLE_SESSION
7412139697907599868,2017-02-21 18:19:36.000,1,SINGLE_SESSION
8470869758522183123,2017-01-28 00:17:44.000,1,SINGLE_SESSION
461223591546552456,2016-08-05 15:59:45.000,1,SINGLE_SESSION
638910012539429673,2016-12-12 01:55:56.000,1,SINGLE_SESSION
4339455188225542344,2017-05-08 16:14:08.000,1,SINGLE_SESSION
8706346863273192844,2017-05-24 18:16:02.000,1,SINGLE_SESSION
0659725542729208475,2016-12-22 23:36:14.000,1,SINGLE_SESSION
7039798105038339894,2017-06-19 05:00:29.000,1,SINGLE_SESSION
4062251488727340753,2016-11-07 20:37:17.000,1,SINGLE_SESSION
2352233424314349714,2016-09-09 14:22:59.000,1,SINGLE_SESSION
5735858296023788680,2017-07-05 17:17:57.000,1,SINGLE_SESSION
6645347207310315044,2017-03-23 22:48:37.000,1,SINGLE_SESSION
0861119374856945605,2017-05-11 01:12:31.000,2,MULTI_SESSION
3680637680353518403,2016-12-16 00:27:33.000,2,MULTI_SESSION
8852490676110541015,2017-05-04 22:59:29.000,2,MULTI_SESSION
2354233403550713612,2016-08-21 18:36:10.000,1,SINGLE_SESSION
7487628839720019888,2017-02-22 18:09:41.000,1,SINGLE_SESSION
2605035939330084736,2017-06-02 17:17:06.000,1,SINGLE_SESSION
1582753362351351109,2017-01-03 03:55:47.000,1,SINGLE_SESSION
4726492604344692871,2017-04-11 14:39:24.000,1,SINGLE_SESSION
9002953633143515508,2017-01-31 19:46:04.000,1,SINGLE_SESSION
2925488899469760262,2016-12-15 18:06:29.000,1,SINGLE_SESSION
5573758445648159891,2016-08-25 01:45:03.000,1,SINGLE_SESSION
5014282614993129658,2016-08-22 00:49:38.000,1,SINGLE_SESSION
7846265776310082337,2017-07-06 11:20:22.000,1,SINGLE_SESSION
6716928511410179095,2016-12-19 19:00:24.000,1,SINGLE_SESSION
5982288201667188670,2016-12-05 17:10:32.000,1,SINGLE_SESSION
9715798393834232864,2017-01-18 16:18:38.000,1,SINGLE_SESSION
8055493920613960551,2016-08-09 22:09:32.000,1,SINGLE_SESSION
8962889770860338577,2017-03-17 22:15:58.000,1,SINGLE_SESSION
6958759408390889884,2017-06-02 19:43:12.000,1,SINGLE_SESSION
1794229321970124318,2017-05-27 06:19:45.000,1,SINGLE_SESSION
720843898955413491,2016-08-11 16:06:12.000,1,SINGLE_SESSION
8650561939076104430,2016-12-19 22:07:27.000,1,SINGLE_SESSION
1338352704338181437,2017-04-09 12:56:42.000,1,SINGLE_SESSION
1263523458590987032,2016-10-04 22:13:46.000,1,SINGLE_SESSION
5828638042083405599,2017-02-03 23:06:36.000,5,MULTI_SESSION
4822026859805345733,2017-05-01 17:01:13.000,8,MULTI_SESSION
4386324166188241612,2016-12-05 18:06:32.000,6,MULTI_SESSION
422544802270284821,2017-02-15 13:01:07.000,13,MULTI_SESSION
9033474883204542086,2016-12-14 17:04:02.000,15,MULTI_SESSION
156905236318704928,2017-03-03 16:20:18.000,7,MULTI_SESSION
7634897085866546110,2017-01-05 18:34:52.000,37,MULTI_SESSION
2610708601231231422,2017-04-25 17:00:49.000,4,MULTI_SESSION
6047640651761300200,2017-03-09 21:23:35.000,7,MULTI_SESSION
3712492351053577643,2017-04-29 17:23:47.000,13,MULTI_SESSION
3915384889161784454,2016-09-05 07:52:03.000,8,MULTI_SESSION
4181284744732666111,2017-01-25 22:19:39.000,10,MULTI_SESSION
3745754200111893080,2016-08-09 14:59:05.000,4,MULTI_SESSION
871388660341234241,2017-06-21 23:33:05.000,4,MULTI_SESSION
3133961575709711907,2016-12-30 01:01:21.000,5,MULTI_SESSION
0866685156179538803,2017-04-29 14:26:39.000,4,MULTI_SESSION
7939213367478794488,2017-01-10 23:41:37.000,13,MULTI_SESSION
3641847080616677863,2017-07-01 21:46:26.000,16,MULTI_SESSION
3061338030780455732,2016-12-06 06:01:42.000,12,MULTI_SESSION
2812654087924931640,2017-07-20 23:52:51.000,10,MULTI_SESSION
9259412484953197672,2017-02-10 19:08:11.000,9,MULTI_SESSION
5400673732426511835,2016-10-10 01:12:48.000,12,MULTI_SESSION
9598871851189945502,2017-07-31 16:34:01.000,5,MULTI_SESSION
4417750678655446023,2017-03-15 21:21:14.000,2,MULTI_SESSION
3388245352087757208,2016-10-15 01:59:33.000,5,MULTI_SESSION
8937539596290330126,2016-09-13 22:09:39.000,8,MULTI_SESSION
3386971884403473366,2017-02-22 02:58:40.000,7,MULTI_SESSION
6347736525399420278,2017-01-06 00:26:44.000,9,MULTI_SESSION
4068416534578096540,2017-07-07 17:36:47.000,5,MULTI_SESSION
566233357235128805,2016-10-20 19:32:07.000,4,MULTI_SESSION
2447459948678913300,2016-08-04 18:26:09.000,6,MULTI_SESSION
8202388090302209552,2017-06-28 16:46:33.000,3,MULTI_SESSION
7021042603571850864,2016-09-06 13:54:47.000,6,MULTI_SESSION
7057439304075107628,2017-06-30 00:11:32.000,5,MULTI_SESSION
1447257816279888170,2017-07-27 13:41:37.000,5,MULTI_SESSION
9856403899995722473,2017-07-10 18:31:57.000,3,MULTI_SESSION
0994415791081872701,2016-09-26 23:03:10.000,3,MULTI_SESSION
6002089299065068862,2017-05-01 18:26:54.000,23,MULTI_SESSION
5958728222060412682,2016-12-18 15:01:54.000,7,MULTI_SESSION
1424707127501880055,2017-07-06 04:50:34.000,2,MULTI_SESSION
5145672113463736515,2017-05-24 21:38:14.000,3,MULTI_SESSION
944726393618734388,2016-08-17 05:18:16.000,3,MULTI_SESSION
4895840976844127163,2016-11-25 15:26:43.000,9,MULTI_SESSION
0376394056092189113,2017-07-12 16:10:29.000,3,MULTI_SESSION
2241578867926472295,2016-12-09 14:17:12.000,3,MULTI_SESSION
3608475193341679870,2016-08-23 09:01:26.000,26,MULTI_SESSION
2667042982185975310,2017-02-17 17:12:21.000,7,MULTI_SESSION
8369998346550362748,2016-08-17 16:55:38.000,6,MULTI_SESSION
8769206328217001636,2017-03-12 17:16:19.000,2,MULTI_SESSION
3916992730920009646,2017-02-28 22:08:03.000,5,MULTI_SESSION
0507664246019057034,2017-07-13 22:52:30.000,3,MULTI_SESSION
3467259268893631959,2016-10-04 14:20:33.000,4,MULTI_SESSION
2139876223551151337,2017-05-13 04:07:14.000,7,MULTI_SESSION
230415850493745117,2017-06-28 00:44:36.000,3,MULTI_SESSION
6722355366831429055,2017-04-16 02:02:16.000,7,MULTI_SESSION
3783357047189991250,2017-03-02 17:50:08.000,3,MULTI_SESSION
0134817585377058947,2017-01-19 21:11:19.000,4,MULTI_SESSION
7754442050009166377,2016-12-07 16:18:19.000,3,MULTI_SESSION
3536212517159320992,2016-11-30 03:46:13.000,13,MULTI_SESSION
3747999856310382299,2017-07-06 14:48:46.000,7,MULTI_SESSION
061548717459564263,2017-05-20 20:49:26.000,3,MULTI_SESSION
0824409685962808817,2017-04-11 16:51:50.000,9,MULTI_SESSION
4576899251593207371,2017-04-27 20:17:10.000,2,MULTI_SESSION
7309503915118946070,2016-12-25 22:34:15.000,5,MULTI_SESSION
2425521720354546737,2016-08-25 07:00:05.000,6,MULTI_SESSION
853098633014712543,2017-02-23 21:30:50.000,6,MULTI_SESSION
3831723766212483216,2017-02-03 23:15:38.000,3,MULTI_SESSION
8230689683989624083,2017-07-22 00:00:11.000,4,MULTI_SESSION
4924742829648731109,2016-12-20 16:44:11.000,4,MULTI_SESSION
1308843236768324191,2016-12-01 04:02:50.000,13,MULTI_SESSION
6622161244934752871,2017-04-11 02:47:24.000,5,MULTI_SESSION
6383227990844000158,2017-03-02 23:59:55.000,2,MULTI_SESSION
3038010493412298,2016-12-24 21:58:17.000,2,MULTI_SESSION
4178920875112145091,2017-03-07 01:01:47.000,3,MULTI_SESSION
165104775254170953,2017-05-26 21:01:41.000,5,MULTI_SESSION
7284466025557220497,2016-11-01 19:19:42.000,8,MULTI_SESSION
5359483083240024322,2016-12-06 18:46:48.000,6,MULTI_SESSION
3179916194458138070,2017-07-05 18:05:20.000,5,MULTI_SESSION
0239563913417476259,2016-08-19 23:23:23.000,7,MULTI_SESSION
7704838802929652478,2017-03-23 17:56:49.000,10,MULTI_SESSION
2761824185690808203,2017-04-06 21:24:00.000,3,MULTI_SESSION
2297135054731105073,2016-12-07 16:24:03.000,3,MULTI_SESSION
537940071228449977,2016-12-20 08:00:28.000,3,MULTI_SESSION
3139278532067746269,2016-09-07 18:20:09.000,3,MULTI_SESSION
9249130983722228273,2017-07-13 17:52:02.000,10,MULTI_SESSION
0405613301455395523,2017-02-08 18:11:40.000,2,MULTI_SESSION
4921988083628435819,2017-06-13 20:28:24.000,4,MULTI_SESSION
902509741321071642,2017-04-18 14:52:59.000,6,MULTI_SESSION
2889102511410073224,2016-11-15 20:37:40.000,2,MULTI_SESSION
9117420367534778573,2016-12-16 15:36:56.000,2,MULTI_SESSION
5614442776922836498,2016-11-20 01:22:56.000,3,MULTI_SESSION
6436454707480049919,2017-05-15 19:55:47.000,2,MULTI_SESSION
4834223815849545406,2016-10-11 15:58:56.000,3,MULTI_SESSION
4127719020767791637,2016-10-24 20:48:34.000,3,MULTI_SESSION
6061471079783335159,2016-12-09 02:02:11.000,3,MULTI_SESSION
6132407713411411052,2017-05-20 16:34:55.000,2,MULTI_SESSION
8209866700423757600,2017-03-02 22:58:39.000,3,MULTI_SESSION
5149788969578895545,2016-12-28 02:04:33.000,3,MULTI_SESSION
1076513025655678778,2016-08-13 00:22:55.000,8,MULTI_SESSION
7514907909032668078,2016-08-11 23:30:14.000,2,MULTI_SESSION
2160888416206500983,2016-08-23 21:51:16.000,3,MULTI_SESSION
2395484494080602357,2016-12-27 20:16:05.000,3,MULTI_SESSION
7170833000891918188,2017-06-21 22:03:45.000,2,MULTI_SESSION
627911872499384695,2017-06-19 18:03:13.000,6,MULTI_SESSION
6546307978179496414,2017-02-17 18:28:32.000,2,MULTI_SESSION
8659312753149293081,2016-08-24 21:23:58.000,2,MULTI_SESSION
2108070425798338553,2017-06-11 09:48:38.000,3,MULTI_SESSION
8688274309849590379,2016-12-20 13:27:30.000,9,MULTI_SESSION
2509714289037323244,2016-08-01 19:03:01.000,2,MULTI_SESSION
9974351919673138742,2017-07-17 07:32:02.000,4,MULTI_SESSION
9830505479421032237,2016-12-20 00:01:22.000,2,MULTI_SESSION
8239546374178075911,2017-07-31 04:24:46.000,6,MULTI_SESSION
3454415788904146693,2017-07-26 03:22:24.000,8,MULTI_SESSION
1257442612228348040,2016-10-17 17:35:02.000,7,MULTI_SESSION
0188481372919586914,2017-05-24 14:34:44.000,7,MULTI_SESSION
3243512505311500350,2017-01-04 16:12:58.000,5,MULTI_SESSION
0815047945706399620,2017-08-01 18:43:00.000,7,MULTI_SESSION
4544075373074742738,2017-02-24 19:35:31.000,7,MULTI_SESSION
379075858210159530,2017-02-05 15:52:30.000,5,MULTI_SESSION
6782547242974334702,2017-02-23 17:39:25.000,5,MULTI_SESSION
1379238346343753194,2017-06-25 11:13:03.000,3,MULTI_SESSION
772031545895684188,2016-10-16 10:01:26.000,3,MULTI_SESSION
6736977205570964943,2017-07-30 01:08:05.000,8,MULTI_SESSION
0717319288989549456,2016-12-03 17:25:45.000,6,MULTI_SESSION
66547844041573580,2017-01-12 11:01:40.000,13,MULTI_SESSION
2578611394525655595,2017-04-01 08:16:21.000,4,MULTI_SESSION
9575515287846808484,2017-06-28 02:26:23.000,3,MULTI_SESSION
3149877855054467737,2016-09-29 04:58:20.000,2,MULTI_SESSION
4002137233348878949,2016-08-27 03:40:36.000,3,MULTI_SESSION
9786438806019918915,2017-06-19 01:55:11.000,4,MULTI_SESSION
2435691687281327196,2016-10-20 20:41:21.000,3,MULTI_SESSION
9197517123967159565,2017-02-27 21:03:32.000,3,MULTI_SESSION
4705524295193430046,2016-11-15 02:10:51.000,6,MULTI_SESSION
072965257504694282,2017-06-23 17:15:18.000,5,MULTI_SESSION
5632276788326171571,2016-09-16 14:20:43.000,5,MULTI_SESSION
1939626548556560921,2017-05-04 15:58:03.000,4,MULTI_SESSION
5065633972911728815,2016-12-20 18:44:04.000,2,MULTI_SESSION
6738644801977314557,2016-09-21 02:14:31.000,4,MULTI_SESSION
5953034565631333907,2016-11-21 08:00:23.000,2,MULTI_SESSION
5331056297862855879,2016-11-19 15:27:12.000,3,MULTI_SESSION
2919716928934208535,2017-06-13 04:12:23.000,4,MULTI_SESSION
6543165313492728193,2016-08-26 01:20:06.000,2,MULTI_SESSION
1530608967503658373,2016-09-01 23:21:30.000,4,MULTI_SESSION
4928792811032177502,2017-03-24 01:49:23.000,2,MULTI_SESSION
238925310298938861,2017-08-01 00:05:26.000,4,MULTI_SESSION
713731982901764318,2017-06-01 18:36:54.000,7,MULTI_SESSION
5283278344963059120,2016-08-20 23:50:21.000,4,MULTI_SESSION
9521438372294298977,2017-07-28 18:04:51.000,2,MULTI_SESSION
3525421750426916634,2017-05-31 17:01:14.000,5,MULTI_SESSION
5327166854580374902,2016-09-02 19:35:06.000,3,MULTI_SESSION
9665573489181105578,2017-03-28 23:35:23.000,4,MULTI_SESSION
8245766833729280200,2016-10-24 16:22:39.000,3,MULTI_SESSION
5513556639437908117,2017-05-30 18:24:10.000,4,MULTI_SESSION
5993060146363260097,2016-09-20 09:47:45.000,5,MULTI_SESSION
345388872996692187,2017-03-29 19:02:31.000,3,MULTI_SESSION
3568334692659354873,2017-03-16 15:06:45.000,5,MULTI_SESSION
4804025384592774024,2016-08-09 14:49:41.000,4,MULTI_SESSION
4339833158630561552,2016-10-04 00:51:40.000,2,MULTI_SESSION
2484187509499465201,2017-04-12 17:38:35.000,5,MULTI_SESSION
822991725683805208,2017-03-23 19:51:44.000,3,MULTI_SESSION
2123761033073657135,2017-05-15 04:51:27.000,3,MULTI_SESSION
5701217119203777445,2016-12-20 16:45:06.000,2,MULTI_SESSION
6491540923098115435,2016-12-04 02:04:58.000,2,MULTI_SESSION
3197533100947860058,2017-02-28 16:57:47.000,8,MULTI_SESSION
74075706296764845,2016-08-10 17:30:57.000,4,MULTI_SESSION
2479467739525533377,2017-05-08 15:27:00.000,7,MULTI_SESSION
7370090587515633465,2016-11-22 19:48:12.000,2,MULTI_SESSION
8392868908637772371,2016-10-26 06:15:16.000,4,MULTI_SESSION
1720457021844230550,2017-05-02 20:50:23.000,4,MULTI_SESSION
5712957387241378835,2017-02-22 22:16:46.000,8,MULTI_SESSION
0643723713237461327,2016-11-21 21:16:04.000,3,MULTI_SESSION
0290663072707523580,2017-01-13 21:53:02.000,5,MULTI_SESSION
240359488343865855,2017-07-28 18:46:23.000,7,MULTI_SESSION
4706268205340305980,2017-05-26 12:42:02.000,2,MULTI_SESSION
6671389444747353437,2017-04-13 00:33:09.000,5,MULTI_SESSION
6600298028142783837,2016-12-13 20:33:46.000,5,MULTI_SESSION
6587875124073983247,2017-01-25 17:43:53.000,2,MULTI_SESSION
5753687412615654863,2017-07-13 17:29:27.000,4,MULTI_SESSION
6080228231224064778,2016-12-07 05:53:07.000,2,MULTI_SESSION
5870280027247328247,2016-08-15 20:38:16.000,4,MULTI_SESSION
024507252193437459,2017-08-01 13:51:18.000,3,MULTI_SESSION
4037519945413635287,2017-05-05 20:42:44.000,2,MULTI_SESSION
4655118610930382512,2017-02-22 23:22:08.000,4,MULTI_SESSION
3706266616666362685,2017-02-10 08:00:07.000,4,MULTI_SESSION
5305435864968398252,2016-09-06 13:10:11.000,2,MULTI_SESSION
2678017605977262322,2017-01-20 18:46:04.000,11,MULTI_SESSION
6384329866495516492,2017-04-28 19:54:35.000,2,MULTI_SESSION
9926374531981663094,2016-08-08 14:28:44.000,2,MULTI_SESSION
7404450717900707917,2017-03-27 20:58:28.000,3,MULTI_SESSION
746147040518715564,2017-07-10 00:17:48.000,3,MULTI_SESSION
1323958521128957096,2016-10-09 12:04:46.000,2,MULTI_SESSION
160575523826516091,2016-12-16 23:21:45.000,2,MULTI_SESSION
7706423253523283738,2017-05-09 21:24:06.000,2,MULTI_SESSION
6420751054856592584,2017-04-13 21:30:01.000,4,MULTI_SESSION
7203916420192282208,2016-12-10 17:18:21.000,2,MULTI_SESSION
3085941498097094136,2017-03-29 11:18:39.000,3,MULTI_SESSION
9408687249095650177,2016-12-16 14:53:27.000,2,MULTI_SESSION
5399425973335607113,2016-09-07 17:15:14.000,2,MULTI_SESSION
4026449406503874324,2017-07-18 21:04:31.000,2,MULTI_SESSION
1783689121802630504,2016-09-30 14:37:51.000,2,MULTI_SESSION
287908533589459604,2017-03-24 18:29:50.000,3,MULTI_SESSION
4241769030360346425,2017-07-18 22:01:52.000,2,MULTI_SESSION
2929956217778331899,2017-07-19 03:01:48.000,2,MULTI_SESSION
3999554333299831637,2016-08-29 20:11:42.000,3,MULTI_SESSION
0460590127025597143,2017-01-13 14:31:56.000,3,MULTI_SESSION
3697825790083716939,2017-01-06 20:41:03.000,3,MULTI_SESSION
7420300501523012460,2017-08-01 22:38:51.000,10,MULTI_SESSION
8391920835379946793,2017-06-24 19:15:41.000,2,MULTI_SESSION
7939582431160055646,2016-12-12 13:43:07.000,2,MULTI_SESSION
7476117049919443921,2016-08-29 18:03:25.000,2,MULTI_SESSION
0544099410312340973,2016-12-10 18:37:41.000,2,MULTI_SESSION
0635884302803759037,2016-11-17 01:14:29.000,2,MULTI_SESSION
8572246047047081810,2017-07-31 16:43:39.000,3,MULTI_SESSION
1553504908601719051,2016-12-13 18:16:18.000,4,MULTI_SESSION
891856926182569230,2017-01-02 19:31:20.000,2,MULTI_SESSION
6268007310834685329,2016-10-13 16:50:47.000,3,MULTI_SESSION
5712068909667694564,2016-12-06 14:58:46.000,3,MULTI_SESSION
1930841378800737827,2016-10-01 03:29:32.000,5,MULTI_SESSION
6976057682793576646,2017-01-01 03:23:57.000,4,MULTI_SESSION
806992249032686650,2017-07-13 18:09:14.000,5,MULTI_SESSION
6101482146991214860,2016-08-11 20:34:18.000,2,MULTI_SESSION
7640844068811990915,2017-05-01 17:13:58.000,2,MULTI_SESSION
9994767073213036303,2016-08-09 20:00:18.000,5,MULTI_SESSION
1063109698143249629,2017-07-24 07:00:36.000,3,MULTI_SESSION
2896712631625577350,2016-10-28 15:45:15.000,4,MULTI_SESSION
797965936233269883,2016-08-13 20:34:20.000,2,MULTI_SESSION
7642599988772992308,2017-03-23 00:25:44.000,8,MULTI_SESSION
6304364152192410070,2017-04-19 20:23:31.000,5,MULTI_SESSION
4988612949713423910,2017-03-20 21:05:10.000,5,MULTI_SESSION
2447827715810849371,2016-09-13 20:06:04.000,4,MULTI_SESSION
5218796402079832996,2016-09-29 00:22:16.000,4,MULTI_SESSION
9509348681300444250,2017-07-20 04:45:05.000,6,MULTI_SESSION
1059009151425872003,2017-02-08 17:48:14.000,5,MULTI_SESSION
56746998029721050,2016-10-31 22:54:25.000,5,MULTI_SESSION
2496439703637913793,2016-12-21 01:24:41.000,5,MULTI_SESSION
1169137498046427190,2016-08-30 23:20:27.000,3,MULTI_SESSION
9141220446851563090,2017-04-16 07:56:13.000,9,MULTI_SESSION
213003977022600203,2016-08-05 01:39:35.000,4,MULTI_SESSION
9378433426283964191,2017-01-27 23:25:20.000,2,MULTI_SESSION
6349916551056809056,2017-05-03 23:25:56.000,4,MULTI_SESSION
3753158727494093380,2017-04-02 17:22:48.000,4,MULTI_SESSION
7691826110185211654,2017-05-19 17:53:10.000,3,MULTI_SESSION
081985686030532619,2016-12-09 17:56:38.000,3,MULTI_SESSION
4452394555375070876,2016-09-06 23:47:03.000,3,MULTI_SESSION
7545946848283492417,2017-05-12 17:32:04.000,2,MULTI_SESSION
6326829918051380975,2016-12-13 20:52:28.000,8,MULTI_SESSION
544989058215133805,2016-10-24 15:10:14.000,3,MULTI_SESSION
4785023226103851500,2017-06-30 04:41:52.000,4,MULTI_SESSION
4574431826625163321,2017-07-19 22:43:16.000,2,MULTI_SESSION
9432393275834688713,2017-01-13 00:08:35.000,3,MULTI_SESSION
7168226225550508027,2017-01-26 17:36:06.000,3,MULTI_SESSION
3769632740374536577,2017-04-27 18:53:54.000,2,MULTI_SESSION
2505213816959087958,2017-03-28 01:11:35.000,5,MULTI_SESSION
4449823229608218315,2017-03-28 21:33:13.000,2,MULTI_SESSION
2590088265600782267,2017-07-21 11:21:29.000,7,MULTI_SESSION
0818822947383662706,2016-08-29 19:32:51.000,4,MULTI_SESSION
8086664765433445252,2016-12-18 18:36:21.000,4,MULTI_SESSION
3440941357653473285,2017-01-21 23:33:34.000,2,MULTI_SESSION
5614933090112217012,2017-07-24 18:33:19.000,4,MULTI_SESSION
7017716009560683263,2017-06-30 22:09:49.000,4,MULTI_SESSION
7861360542752225034,2016-09-28 20:55:39.000,5,MULTI_SESSION
067475292701707948,2017-07-10 21:01:13.000,4,MULTI_SESSION
9102474086699884011,2017-07-19 22:07:34.000,4,MULTI_SESSION
4362809979067745350,2016-09-09 03:15:26.000,3,MULTI_SESSION
7406034241760755547,2016-08-27 08:10:21.000,2,MULTI_SESSION
0536559199229561402,2017-03-11 22:56:47.000,3,MULTI_SESSION
6091498163535424271,2016-08-14 21:44:25.000,4,MULTI_SESSION
4209987793973351274,2017-06-22 07:52:20.000,2,MULTI_SESSION
916418463050257488,2016-12-03 22:25:51.000,3,MULTI_SESSION
5375879042397621838,2017-04-14 18:42:04.000,3,MULTI_SESSION
5807278314451544984,2017-07-13 15:56:23.000,2,MULTI_SESSION
3345163376310988493,2016-09-22 13:35:42.000,3,MULTI_SESSION
0281396010416698886,2016-10-24 20:00:36.000,2,MULTI_SESSION
4202270774620698558,2017-05-26 21:52:42.000,2,MULTI_SESSION
3155899346527936936,2016-08-24 13:37:31.000,3,MULTI_SESSION
2910734526436103085,2017-04-30 02:36:41.000,2,MULTI_SESSION
318787809582411406,2016-10-02 18:29:20.000,3,MULTI_SESSION
7149538216925151697,2016-11-18 16:41:29.000,3,MULTI_SESSION
1618182564447890733,2017-04-22 21:37:17.000,3,MULTI_SESSION
6541355777027217465,2016-09-16 22:01:51.000,2,MULTI_SESSION
1011144777893683612,2017-05-03 16:31:34.000,3,MULTI_SESSION
2727143390159866413,2016-09-15 18:29:09.000,3,MULTI_SESSION
1084385382807282160,2016-09-27 20:43:37.000,2,MULTI_SESSION
7970882488065232755,2016-09-23 03:17:36.000,2,MULTI_SESSION
4332670999936880007,2016-08-31 14:03:03.000,3,MULTI_SESSION
1038049739561083712,2017-05-17 22:34:51.000,4,MULTI_SESSION
9946704516426299877,2017-05-03 03:41:18.000,3,MULTI_SESSION
6793059858875608655,2017-02-15 19:18:56.000,3,MULTI_SESSION
1937147720930640984,2017-05-31 17:12:21.000,2,MULTI_SESSION
6638757715697326047,2016-12-05 15:21:04.000,2,MULTI_SESSION
5671628686100405217,2017-04-27 21:42:44.000,3,MULTI_SESSION
1931486566224793189,2017-07-04 05:00:31.000,3,MULTI_SESSION
6238089889459333091,2017-06-25 22:37:25.000,4,MULTI_SESSION
7266739596439998508,2017-02-09 22:45:47.000,3,MULTI_SESSION
306293428725549657,2017-07-18 19:33:13.000,4,MULTI_SESSION
0972673302515080474,2017-07-12 14:52:53.000,3,MULTI_SESSION
6734483584623295408,2017-05-12 22:14:28.000,2,MULTI_SESSION
6458843567319176557,2016-12-13 05:47:42.000,2,MULTI_SESSION
652634152265730494,2016-12-08 01:51:14.000,2,MULTI_SESSION
3513351372508524008,2017-01-22 00:01:39.000,2,MULTI_SESSION
6903095151297107595,2016-08-10 18:49:52.000,3,MULTI_SESSION
0731600632766258810,2017-06-21 21:35:25.000,3,MULTI_SESSION
9707913144913687378,2017-07-10 17:42:58.000,3,MULTI_SESSION
3849055062112562467,2016-12-05 17:58:39.000,2,MULTI_SESSION
0395012696484203225,2016-12-02 20:27:00.000,2,MULTI_SESSION
0998815629012556775,2016-10-09 22:02:38.000,2,MULTI_SESSION
626650043568445812,2017-05-05 20:12:25.000,3,MULTI_SESSION
2389910661161701186,2016-12-02 18:37:26.000,2,MULTI_SESSION
1113923487317822738,2016-10-02 19:32:54.000,2,MULTI_SESSION
8510958331981092876,2017-02-06 01:33:19.000,3,MULTI_SESSION
3807039818708780751,2017-04-09 00:43:31.000,2,MULTI_SESSION
1325914909641958196,2017-01-07 08:00:04.000,2,MULTI_SESSION
7320316463607490470,2017-06-25 12:27:04.000,2,MULTI_SESSION
4835082938415020542,2016-10-16 15:36:47.000,2,MULTI_SESSION
6056481761819241487,2017-01-23 17:34:04.000,4,MULTI_SESSION
6390036557697403871,2017-07-20 18:32:01.000,3,MULTI_SESSION
4662582475416192396,2017-02-28 00:49:44.000,4,MULTI_SESSION
3213274881393839783,2016-12-14 15:10:39.000,2,MULTI_SESSION
7717237857998968115,2017-04-08 02:53:45.000,3,MULTI_SESSION
0003450834640354121,2016-10-18 21:20:02.000,7,MULTI_SESSION
9804085499377106175,2017-05-16 21:22:12.000,2,MULTI_SESSION
9368618189538624238,2016-12-20 03:03:59.000,3,MULTI_SESSION
3322420343273401546,2017-01-09 18:29:20.000,3,MULTI_SESSION
5429715224330423936,2016-11-30 20:23:29.000,4,MULTI_SESSION
1762540039573649288,2017-07-19 19:37:35.000,2,MULTI_SESSION
6024281356210968714,2016-11-24 23:08:00.000,4,MULTI_SESSION
2230990908213053321,2017-05-16 20:11:23.000,4,MULTI_SESSION
5949575431286593178,2017-05-08 05:17:50.000,4,MULTI_SESSION
2287406421504796570,2017-06-13 21:51:31.000,3,MULTI_SESSION
0326671467950015369,2017-07-29 08:14:31.000,5,MULTI_SESSION
7637038443893798015,2017-07-31 17:07:43.000,3,MULTI_SESSION
55571790399340202,2016-11-14 18:18:37.000,4,MULTI_SESSION
6514103813474537949,2017-01-31 23:42:52.000,3,MULTI_SESSION
4143932736586919766,2017-07-09 23:09:19.000,5,MULTI_SESSION
9110454426797065694,2017-05-30 17:38:55.000,3,MULTI_SESSION
439585555102338304,2016-11-07 03:31:42.000,2,MULTI_SESSION
813435824692883942,2017-01-13 21:13:35.000,2,MULTI_SESSION
8151988731272450660,2017-07-07 13:15:03.000,5,MULTI_SESSION
2101142366050947272,2016-12-16 05:51:15.000,3,MULTI_SESSION
6158998502530077576,2017-04-21 00:38:05.000,2,MULTI_SESSION
7108454213160487838,2017-03-27 15:41:31.000,4,MULTI_SESSION
6704302181752646951,2016-11-13 13:19:23.000,2,MULTI_SESSION
4419213333970429526,2017-01-06 19:07:25.000,2,MULTI_SESSION
0747495245317338179,2017-07-15 02:03:20.000,3,MULTI_SESSION
5709093382250533707,2017-03-07 16:48:39.000,4,MULTI_SESSION
3520008896446151679,2016-11-09 02:53:56.000,5,MULTI_SESSION
8959460688137585797,2016-10-02 23:19:31.000,4,MULTI_SESSION
7397945137080548470,2016-08-04 21:14:23.000,3,MULTI_SESSION
7372141474604813858,2017-07-18 23:12:12.000,2,MULTI_SESSION
0370316422769734568,2017-06-19 13:45:38.000,2,MULTI_SESSION
9282206218253931143,2016-11-25 21:23:14.000,2,MULTI_SESSION
8771334811414684214,2017-02-08 14:31:43.000,4,MULTI_SESSION
7357863734794261504,2016-09-01 11:46:16.000,5,MULTI_SESSION
934503934783544332,2017-04-17 20:13:07.000,3,MULTI_SESSION
2632912654814776637,2016-09-02 01:39:58.000,3,MULTI_SESSION
389168811037319268,2016-12-08 15:09:35.000,6,MULTI_SESSION
0437273981466271229,2016-08-23 18:29:20.000,2,MULTI_SESSION
157019484210987302,2017-05-06 19:15:02.000,5,MULTI_SESSION
9259810944241867637,2016-12-19 23:46:12.000,3,MULTI_SESSION
6204463650092781278,2017-06-21 02:44:13.000,3,MULTI_SESSION
068301324269312205,2017-03-13 21:28:04.000,2,MULTI_SESSION
1036507769669388704,2017-06-22 16:11:09.000,3,MULTI_SESSION
2332536676601903155,2017-01-09 20:05:01.000,3,MULTI_SESSION
4056641951555237332,2016-11-12 04:24:28.000,4,MULTI_SESSION
4257313700212414419,2016-11-01 15:55:52.000,2,MULTI_SESSION
2992265049080278009,2016-10-11 20:09:29.000,4,MULTI_SESSION
86382053515995633,2016-12-21 04:37:17.000,2,MULTI_SESSION
0818860449344258953,2017-04-14 19:34:46.000,2,MULTI_SESSION
7275146492710079917,2017-04-08 02:41:34.000,2,MULTI_SESSION
4951643151731925261,2016-12-14 06:07:10.000,2,MULTI_SESSION
1639589047263376521,2016-10-04 05:47:00.000,2,MULTI_SESSION
1273085493567446879,2016-08-30 01:38:50.000,3,MULTI_SESSION
4303041016027387041,2016-08-11 20:09:06.000,4,MULTI_SESSION
9002364108822836989,2017-05-23 18:48:56.000,4,MULTI_SESSION
1028027052924107685,2017-06-27 15:16:24.000,2,MULTI_SESSION
5564329510174099370,2017-07-11 12:38:48.000,3,MULTI_SESSION
8921985008327806368,2017-03-23 01:27:20.000,2,MULTI_SESSION
5021888768610000663,2017-07-19 15:20:06.000,2,MULTI_SESSION
1546626226233851002,2016-09-02 17:31:22.000,3,MULTI_SESSION
819296301112227931,2017-07-18 19:17:03.000,3,MULTI_SESSION
6027268712782791947,2016-08-02 05:19:20.000,2,MULTI_SESSION
8690416033474956546,2016-08-16 17:14:53.000,4,MULTI_SESSION
2187855022251183924,2016-10-05 19:13:39.000,3,MULTI_SESSION
1163445611219743080,2017-03-22 22:26:02.000,2,MULTI_SESSION
0816022306811658302,2017-04-29 19:08:53.000,2,MULTI_SESSION
6988456629622921225,2016-12-16 22:04:23.000,4,MULTI_SESSION
8491796434246453900,2016-08-22 19:47:40.000,2,MULTI_SESSION
0860415108038967350,2016-11-28 00:27:04.000,3,MULTI_SESSION
1459034960484063296,2017-04-26 21:53:44.000,2,MULTI_SESSION
3636762408690332457,2017-03-12 05:29:36.000,2,MULTI_SESSION
6548964457968888412,2016-11-04 19:05:31.000,2,MULTI_SESSION
0644832033333540742,2017-06-21 14:38:32.000,3,MULTI_SESSION
7048860667631832987,2017-04-13 22:23:11.000,2,MULTI_SESSION
5112140258403327266,2016-09-27 16:50:47.000,2,MULTI_SESSION
4120018273259568255,2017-05-11 18:15:51.000,3,MULTI_SESSION
1081131800379517088,2016-12-16 16:07:23.000,2,MULTI_SESSION
1058233783721857141,2017-03-04 21:57:18.000,3,MULTI_SESSION
9784853758319873850,2017-07-14 18:32:21.000,3,MULTI_SESSION
2751456102223302101,2016-12-06 21:30:36.000,2,MULTI_SESSION
292453978388693769,2017-06-15 13:32:35.000,5,MULTI_SESSION
2072942859070557608,2016-12-15 08:02:01.000,2,MULTI_SESSION
8287144117447582539,2017-02-03 19:39:39.000,2,MULTI_SESSION
2549182723988683065,2017-02-02 20:32:57.000,2,MULTI_SESSION
8694856978867122948,2016-12-06 17:53:28.000,3,MULTI_SESSION
5574984436191734530,2016-08-31 13:01:16.000,6,MULTI_SESSION
6990629568536689161,2016-12-26 05:17:04.000,2,MULTI_SESSION
8214456767333378973,2017-02-04 20:55:17.000,2,MULTI_SESSION
3444642706013409818,2016-10-29 01:48:34.000,2,MULTI_SESSION
8533777620036139796,2016-10-20 02:07:29.000,4,MULTI_SESSION
5197010601731138144,2017-06-19 18:56:32.000,2,MULTI_SESSION
2377126524987232945,2017-07-19 15:26:29.000,4,MULTI_SESSION
627858122618485897,2016-09-26 14:18:21.000,2,MULTI_SESSION
3948620639294319625,2016-12-07 00:01:11.000,3,MULTI_SESSION
6414469815060591671,2017-07-24 20:17:02.000,4,MULTI_SESSION
2644257335535694123,2016-10-07 04:41:43.000,3,MULTI_SESSION
1449837580028486750,2016-11-13 00:50:08.000,4,MULTI_SESSION
6462261978366077428,2016-10-22 04:50:19.000,3,MULTI_SESSION
8966349442774967540,2017-07-12 03:11:15.000,4,MULTI_SESSION
761363147503026339,2016-08-10 21:37:20.000,2,MULTI_SESSION
6946322182542883504,2017-02-10 14:51:39.000,3,MULTI_SESSION
1995748726207840322,2016-12-18 03:29:51.000,3,MULTI_SESSION
2709351657146666850,2017-03-11 18:45:40.000,3,MULTI_SESSION
369829332229344580,2016-11-09 00:20:03.000,2,MULTI_SESSION
8885051388942907862,2016-08-12 23:02:40.000,4,MULTI_SESSION
3716357495252024311,2017-06-14 16:34:14.000,2,MULTI_SESSION
1007381091974850784,2017-02-15 17:39:14.000,3,MULTI_SESSION
0822495892296986655,2017-04-26 17:16:29.000,3,MULTI_SESSION
420252480915406869,2016-10-07 01:17:27.000,5,MULTI_SESSION
8461696435976971245,2016-10-14 21:54:47.000,3,MULTI_SESSION
009046037663524262,2017-02-14 22:51:33.000,3,MULTI_SESSION
1677668617700674850,2017-07-10 00:39:04.000,2,MULTI_SESSION
4598717407161618263,2017-06-07 23:55:12.000,3,MULTI_SESSION
3129654954472515724,2017-02-07 17:50:46.000,3,MULTI_SESSION
0090053188432158994,2017-05-01 17:16:43.000,2,MULTI_SESSION
7013028488637904040,2017-04-07 18:19:18.000,2,MULTI_SESSION
439449392549956950,2016-09-20 21:34:11.000,4,MULTI_SESSION
4262513756531099314,2017-02-03 21:09:43.000,2,MULTI_SESSION
4376572204985925602,2017-07-19 17:07:49.000,2,MULTI_SESSION
0633547848089854806,2017-07-09 23:47:51.000,2,MULTI_SESSION
3663326827740515016,2017-02-17 23:09:30.000,2,MULTI_SESSION
4735021838862063499,2017-07-17 19:25:24.000,2,MULTI_SESSION
6941556461186083517,2016-08-23 01:13:06.000,4,MULTI_SESSION
3506253985459951484,2017-05-03 20:26:48.000,3,MULTI_SESSION
2540477240433751647,2017-02-14 21:40:46.000,4,MULTI_SESSION
7754915186456273750,2016-12-07 00:39:59.000,2,MULTI_SESSION
457499068268843030,2016-10-07 21:30:44.000,2,MULTI_SESSION
8312034469464405386,2017-02-17 17:00:48.000,3,MULTI_SESSION
034988778973749269,2017-03-23 19:33:38.000,4,MULTI_SESSION
320727560379630083,2017-05-30 23:15:06.000,2,MULTI_SESSION
3029326010969063453,2016-08-19 23:56:40.000,2,MULTI_SESSION
5018705656651660794,2016-08-24 21:24:34.000,3,MULTI_SESSION
4318859395681595778,2016-10-07 20:09:59.000,2,MULTI_SESSION
0793185968741743873,2017-04-20 23:10:18.000,3,MULTI_SESSION
7044451284195337222,2016-09-19 19:21:01.000,2,MULTI_SESSION
3616014667867180410,2016-08-31 17:47:18.000,2,MULTI_SESSION
8580500281836134994,2016-12-13 00:42:16.000,2,MULTI_SESSION
5001626019499127935,2017-06-11 03:10:15.000,4,MULTI_SESSION
0534798930498547151,2016-08-04 20:32:38.000,2,MULTI_SESSION
2645531348518887881,2016-12-14 18:41:29.000,2,MULTI_SESSION
072595322994470645,2016-11-29 16:49:08.000,3,MULTI_SESSION
5310174210774227909,2017-06-01 20:13:29.000,2,MULTI_SESSION
3835994298687662664,2016-12-04 19:06:38.000,2,MULTI_SESSION
3886339117571727204,2017-06-17 02:13:53.000,2,MULTI_SESSION
5696877921911680957,2017-06-09 02:55:22.000,2,MULTI_SESSION
5165324285263498873,2017-05-24 18:27:03.000,2,MULTI_SESSION
6274615038428740035,2017-07-21 17:17:18.000,2,MULTI_SESSION
8250431010473509037,2017-07-11 21:16:56.000,3,MULTI_SESSION
0359164954247345378,2016-09-14 15:50:16.000,2,MULTI_SESSION
4791240216779123406,2016-08-08 20:17:46.000,2,MULTI_SESSION
173033808547433503,2016-11-25 23:47:16.000,2,MULTI_SESSION
0934513430067402140,2017-06-02 17:16:09.000,2,MULTI_SESSION
9236502013498900724,2017-02-14 13:41:39.000,3,MULTI_SESSION
243443174438768554,2016-12-12 20:18:50.000,4,MULTI_SESSION
9000020020655117691,2016-09-12 00:08:47.000,2,MULTI_SESSION
8053221637100558472,2017-05-16 03:10:49.000,4,MULTI_SESSION
3445194212240387141,2016-09-20 21:06:55.000,2,MULTI_SESSION
5296297372596099151,2017-07-14 07:00:04.000,3,MULTI_SESSION
5553543772458021100,2017-06-22 13:09:22.000,2,MULTI_SESSION
4653438980882969827,2016-09-02 02:25:32.000,2,MULTI_SESSION
1429990945500722210,2017-02-10 07:12:51.000,3,MULTI_SESSION
8383482005458166982,2016-11-25 17:34:20.000,2,MULTI_SESSION
6824018129168937782,2017-05-12 23:23:53.000,3,MULTI_SESSION
1804930412747691262,2017-06-16 02:16:55.000,2,MULTI_SESSION
7786496751068018925,2017-06-28 20:33:15.000,3,MULTI_SESSION
7498845751524698890,2016-08-19 03:58:19.000,3,MULTI_SESSION
31037404193448771,2017-04-20 20:12:24.000,2,MULTI_SESSION
7128507522052528547,2017-06-20 00:13:34.000,2,MULTI_SESSION
246073136702899889,2017-03-29 12:07:32.000,2,MULTI_SESSION
2454306711782802609,2016-11-07 01:36:27.000,3,MULTI_SESSION
3130970991190166322,2017-02-06 22:14:36.000,2,MULTI_SESSION
4417423808310929192,2017-02-24 21:31:59.000,3,MULTI_SESSION
5491117449549870331,2016-09-26 01:18:01.000,2,MULTI_SESSION
771218336324354803,2016-11-28 15:34:21.000,4,MULTI_SESSION
4150045937038585512,2016-11-02 16:54:51.000,2,MULTI_SESSION
6854625627420702012,2017-06-09 03:57:22.000,2,MULTI_SESSION
9056241680102285255,2016-11-18 18:49:04.000,2,MULTI_SESSION
0728302696788663197,2017-01-11 21:03:25.000,3,MULTI_SESSION
9356220375344128149,2017-06-25 00:13:09.000,2,MULTI_SESSION
5969191050952048751,2017-01-29 19:07:10.000,2,MULTI_SESSION
0081840705529000272,2017-01-04 19:24:46.000,3,MULTI_SESSION
7278514590734130730,2017-02-17 14:29:01.000,2,MULTI_SESSION
3688060710283758752,2016-09-07 19:37:15.000,2,MULTI_SESSION
3734394198742215397,2016-12-12 19:55:47.000,2,MULTI_SESSION
5323620141964404346,2017-05-15 18:05:30.000,2,MULTI_SESSION
4961475611241206847,2016-12-16 20:41:50.000,2,MULTI_SESSION
120951074287268149,2017-07-13 19:28:33.000,2,MULTI_SESSION
5199370466032130686,2017-07-29 01:44:10.000,2,MULTI_SESSION
5915365313992889595,2017-04-29 18:13:38.000,2,MULTI_SESSION
4038189788260707072,2016-11-10 10:43:51.000,2,MULTI_SESSION
1845647655328676272,2017-06-02 19:58:11.000,2,MULTI_SESSION
6214747534469142657,2017-01-03 16:08:16.000,2,MULTI_SESSION
8733651591299904619,2016-11-29 14:33:20.000,2,MULTI_SESSION
4600436186837518358,2017-04-05 03:06:07.000,2,MULTI_SESSION
1034770188837469990,2016-12-18 19:59:30.000,2,MULTI_SESSION
4291809001690748247,2016-11-05 20:17:05.000,2,MULTI_SESSION
0658019277799848735,2017-07-08 07:00:25.000,3,MULTI_SESSION
1145352016498070156,2016-08-26 19:18:51.000,2,MULTI_SESSION
8332045142663298061,2016-08-20 07:06:45.000,2,MULTI_SESSION
4143982060803736810,2016-09-28 15:06:31.000,3,MULTI_SESSION
2048511066419559359,2017-03-07 20:11:57.000,2,MULTI_SESSION
2191273326752335760,2017-04-21 23:13:59.000,2,MULTI_SESSION
5921438305564932958,2016-12-13 14:12:57.000,4,MULTI_SESSION
7813186643472514760,2017-03-27 19:13:02.000,2,MULTI_SESSION
4033655615670436076,2016-12-09 21:57:02.000,3,MULTI_SESSION
8289823105768261598,2016-09-09 07:09:34.000,2,MULTI_SESSION
6366382357860597,2017-03-02 21:49:13.000,2,MULTI_SESSION
4422531930916613183,2017-05-02 19:07:09.000,3,MULTI_SESSION
253197226133513839,2017-03-26 01:31:11.000,2,MULTI_SESSION
8180841505813977197,2016-11-08 16:41:11.000,2,MULTI_SESSION
7538330122216229269,2016-09-19 17:52:29.000,2,MULTI_SESSION
9388969702302248585,2017-02-13 18:05:01.000,2,MULTI_SESSION
7183243391284715656,2017-07-17 20:54:22.000,2,MULTI_SESSION
4309014252649761894,2017-05-17 19:38:31.000,2,MULTI_SESSION
5234724080017990877,2016-08-16 18:50:14.000,4,MULTI_SESSION
6974476474190004026,2017-07-05 22:42:17.000,2,MULTI_SESSION
894710004861262965,2016-08-05 22:38:44.000,3,MULTI_SESSION
1238913964603377291,2017-03-23 20:49:33.000,2,MULTI_SESSION
3568066398889653649,2017-05-16 23:39:44.000,3,MULTI_SESSION
4439256652059416237,2016-12-05 20:54:44.000,2,MULTI_SESSION
1908229962583615364,2017-05-06 19:45:49.000,2,MULTI_SESSION
3233846931580119453,2017-04-25 18:28:32.000,3,MULTI_SESSION
0413580391899416331,2017-06-27 19:48:56.000,2,MULTI_SESSION
8810851495186113937,2016-09-18 20:39:25.000,2,MULTI_SESSION
5236254855277222606,2016-11-22 04:35:04.000,2,MULTI_SESSION
3685672446804804725,2016-11-14 04:46:05.000,2,MULTI_SESSION
3533141636411834269,2017-07-20 17:40:15.000,2,MULTI_SESSION
9453866125712882796,2017-06-30 07:15:01.000,3,MULTI_SESSION
4596484910104126355,2016-12-05 19:08:31.000,3,MULTI_SESSION
3844370939009340218,2017-03-22 23:49:52.000,2,MULTI_SESSION
766993275138882460,2017-05-15 01:40:44.000,2,MULTI_SESSION
2747620686251351645,2017-02-18 05:10:36.000,2,MULTI_SESSION
0625087577271634600,2017-05-10 17:22:01.000,2,MULTI_SESSION
0947990207270764241,2017-04-28 22:30:48.000,2,MULTI_SESSION
282580967786243960,2016-12-16 16:47:47.000,2,MULTI_SESSION
9219439174856712797,2017-06-14 23:41:54.000,2,MULTI_SESSION
1571410643102231537,2017-06-19 16:57:52.000,2,MULTI_SESSION
1124880760670566396,2016-08-23 19:34:25.000,2,MULTI_SESSION
4589770341349031986,2017-06-22 18:35:26.000,2,MULTI_SESSION
1178631092086054574,2016-09-06 15:54:47.000,2,MULTI_SESSION
5923504027652708716,2017-06-26 12:58:42.000,2,MULTI_SESSION
3708624609955414339,2017-07-18 14:58:52.000,2,MULTI_SESSION
966739175376367480,2016-09-11 00:55:57.000,2,MULTI_SESSION
8429032125086378862,2016-08-05 20:18:58.000,2,MULTI_SESSION
2349699258952144857,2017-05-10 14:05:19.000,2,MULTI_SESSION
4391159742781809610,2017-01-10 07:55:47.000,2,MULTI_SESSION
9973195165804180005,2017-05-25 02:37:13.000,2,MULTI_SESSION
2449425615576273633,2016-11-25 17:42:29.000,3,MULTI_SESSION
606735064258270722,2017-07-19 15:18:28.000,3,MULTI_SESSION
0933609677016463494,2017-06-13 17:05:17.000,2,MULTI_SESSION
3351204506101423400,2017-04-17 20:39:02.000,2,MULTI_SESSION
6129059309050021920,2017-01-02 02:56:14.000,2,MULTI_SESSION
6086392386521152841,2016-12-09 20:24:48.000,2,MULTI_SESSION
2925179999316963442,2017-05-12 13:32:46.000,2,MULTI_SESSION
4074582003417698725,2017-07-03 23:35:14.000,2,MULTI_SESSION
202488139684365954,2017-04-28 23:27:14.000,3,MULTI_SESSION
1336922403988607259,2017-01-09 19:16:11.000,2,MULTI_SESSION
2393197369360097718,2016-08-11 18:51:24.000,2,MULTI_SESSION
3452334912084453714,2017-01-27 23:32:49.000,2,MULTI_SESSION
0439226753637545757,2017-05-10 18:48:03.000,2,MULTI_SESSION
2278104303149793808,2017-06-10 02:56:16.000,2,MULTI_SESSION
3404526408923397238,2017-04-28 01:37:32.000,2,MULTI_SESSION
6113762256658740210,2016-10-19 19:18:03.000,2,MULTI_SESSION
7247422069602042968,2016-08-16 20:49:29.000,2,MULTI_SESSION
3905085469709197947,2017-06-25 20:02:31.000,2,MULTI_SESSION
6269547197366207744,2016-08-17 04:49:14.000,2,MULTI_SESSION
9953956744551076841,2017-06-07 16:07:27.000,2,MULTI_SESSION
1329871856127534519,2016-11-29 18:40:11.000,2,MULTI_SESSION
2966611128426241872,2017-07-27 19:03:07.000,2,MULTI_SESSION
3133737594655532095,2017-03-11 05:15:27.000,2,MULTI_SESSION
7873937527041182412,2017-05-10 17:17:02.000,2,MULTI_SESSION
2633688470819438128,2017-06-14 21:02:34.000,2,MULTI_SESSION
5727689295522031666,2017-03-27 22:14:55.000,2,MULTI_SESSION
6018293882167178680,2016-08-25 15:07:34.000,2,MULTI_SESSION
5224330515080725566,2017-07-11 19:02:57.000,2,MULTI_SESSION
0084741906853491251,2016-12-16 00:20:36.000,4,MULTI_SESSION
582369017403340851,2016-10-12 17:07:06.000,2,MULTI_SESSION
4223742424126889400,2017-03-10 00:14:31.000,2,MULTI_SESSION
8336976483259265727,2016-11-09 02:25:37.000,2,MULTI_SESSION
3015499115013703694,2017-04-07 23:38:36.000,2,MULTI_SESSION
2880019277233079024,2017-03-29 23:19:55.000,2,MULTI_SESSION
884423587474972780,2016-09-05 20:05:15.000,2,MULTI_SESSION
3137253471555883779,2016-08-12 20:03:24.000,2,MULTI_SESSION
4512552525905758357,2016-08-25 21:18:44.000,2,MULTI_SESSION
9020183156357919977,2016-09-09 17:11:35.000,3,MULTI_SESSION
543454429875721280,2016-08-11 22:50:10.000,2,MULTI_SESSION
1410336440849356236,2016-11-17 06:44:48.000,2,MULTI_SESSION
5369585818624352954,2017-07-12 16:01:41.000,2,MULTI_SESSION
625333892395560084,2017-03-18 17:53:24.000,2,MULTI_SESSION
6816536410771579463,2017-05-19 20:38:54.000,2,MULTI_SESSION
8609096969354600531,2017-04-28 20:30:47.000,3,MULTI_SESSION
0840538559297309012,2017-04-05 18:14:35.000,1,SINGLE_SESSION
6897167392084877746,2017-01-25 22:29:49.000,1,SINGLE_SESSION
4964954048068074224,2017-05-21 15:17:18.000,1,SINGLE_SESSION
6555565208785963579,2016-09-21 15:26:22.000,1,SINGLE_SESSION
4802674189864425548,2016-08-24 12:19:35.000,1,SINGLE_SESSION
820978244925580785,2017-03-28 21:36:07.000,1,SINGLE_SESSION
1395211458092919776,2016-11-21 15:30:02.000,1,SINGLE_SESSION
2798267263317185154,2017-03-15 21:47:30.000,1,SINGLE_SESSION
658858637473021623,2017-06-30 19:59:19.000,1,SINGLE_SESSION
5846459704283557603,2017-05-17 23:59:31.000,1,SINGLE_SESSION
6696682663058659841,2017-04-20 17:19:55.000,2,MULTI_SESSION
2535119751950226175,2017-05-29 21:43:08.000,1,SINGLE_SESSION
2760427474606602555,2016-09-01 16:21:47.000,1,SINGLE_SESSION
3784755743864291097,2016-11-28 14:45:03.000,1,SINGLE_SESSION
9381613889924165775,2017-04-14 18:00:32.000,1,SINGLE_SESSION
0806020265191525997,2016-09-03 21:03:53.000,1,SINGLE_SESSION
1033431819370564673,2017-02-25 03:49:17.000,1,SINGLE_SESSION
6183580574407648205,2017-06-12 21:19:58.000,1,SINGLE_SESSION
31812050678769251,2016-12-23 19:22:22.000,1,SINGLE_SESSION
8698795898814095008,2016-09-19 18:47:11.000,2,MULTI_SESSION
1703470801983285779,2017-07-11 20:41:24.000,1,SINGLE_SESSION
9461730563867902782,2016-12-15 18:54:09.000,1,SINGLE_SESSION
25733439009029964,2016-12-10 06:12:36.000,2,MULTI_SESSION
30600107416389173,2016-11-29 16:34:42.000,1,SINGLE_SESSION
1449902026609269877,2016-08-26 08:28:45.000,3,MULTI_SESSION
4528653182961606768,2016-12-12 20:30:40.000,1,SINGLE_SESSION
7131967515028010125,2017-03-22 19:09:33.000,1,SINGLE_SESSION
2124048453506060621,2016-11-30 17:52:29.000,1,SINGLE_SESSION
8503170994445052294,2017-02-25 01:04:28.000,1,SINGLE_SESSION
8154318582372771955,2017-07-03 04:37:59.000,1,SINGLE_SESSION
7394517654401288485,2016-09-27 22:37:30.000,1,SINGLE_SESSION
9269048191224173747,2017-03-27 17:16:13.000,1,SINGLE_SESSION
5181406124249294849,2017-01-28 17:09:15.000,1,SINGLE_SESSION
3344805889934243542,2017-05-08 08:28:23.000,1,SINGLE_SESSION
0464364196228560484,2017-05-16 23:35:41.000,1,SINGLE_SESSION
5016991063952873642,2017-02-16 12:47:01.000,1,SINGLE_SESSION
1293664043695932921,2016-08-31 02:25:10.000,1,SINGLE_SESSION
0308396243566145332,2017-01-19 16:29:23.000,1,SINGLE_SESSION
0021939395292136520,2016-09-17 02:00:45.000,1,SINGLE_SESSION
8637158932301658318,2017-05-31 17:13:03.000,1,SINGLE_SESSION
8149979272084433494,2017-07-31 22:41:47.000,1,SINGLE_SESSION
2394311020331706300,2017-05-26 00:37:26.000,1,SINGLE_SESSION
0313128019616030998,2016-11-10 01:12:25.000,1,SINGLE_SESSION
5985713737634812575,2017-05-27 20:11:00.000,1,SINGLE_SESSION
5319251700362675371,2016-11-07 03:47:56.000,1,SINGLE_SESSION
8825602309761363794,2017-07-28 21:24:26.000,1,SINGLE_SESSION
9391607314160932483,2017-07-30 21:27:01.000,1,SINGLE_SESSION
573752651828621469,2017-03-21 03:15:58.000,1,SINGLE_SESSION
4742516716194612125,2016-12-03 01:54:54.000,1,SINGLE_SESSION
7869610070939620438,2016-10-31 13:03:05.000,1,SINGLE_SESSION
5835265131726609192,2017-04-25 16:14:42.000,1,SINGLE_SESSION
6326579350877909587,2016-12-20 02:55:42.000,1,SINGLE_SESSION
5493141514969614509,2017-04-30 21:50:25.000,1,SINGLE_SESSION
875410720669459903,2017-07-18 16:02:08.000,1,SINGLE_SESSION
9771437221362506189,2016-10-18 17:12:50.000,1,SINGLE_SESSION
5303631326340222612,2017-05-01 16:21:40.000,1,SINGLE_SESSION
3299870838132577906,2016-09-20 03:26:28.000,3,MULTI_SESSION
9478703665192320614,2017-05-12 10:33:12.000,1,SINGLE_SESSION
8725233109591668563,2017-02-17 22:20:08.000,1,SINGLE_SESSION
4935775747231307478,2017-06-20 23:38:19.000,1,SINGLE_SESSION
903345240789563636,2016-08-17 21:56:49.000,1,SINGLE_SESSION
3023987141192180181,2017-07-14 16:51:59.000,1,SINGLE_SESSION
7662637796862454922,2016-10-21 15:49:54.000,1,SINGLE_SESSION
2698909979431470269,2017-01-16 04:25:59.000,1,SINGLE_SESSION
0538316939897477687,2017-04-16 00:19:02.000,1,SINGLE_SESSION
0238421727680250617,2017-03-03 07:10:51.000,1,SINGLE_SESSION
4684616426602504491,2016-10-11 18:06:54.000,1,SINGLE_SESSION
3591160643290359563,2016-12-13 00:42:15.000,1,SINGLE_SESSION
7541670225563876393,2016-08-23 23:50:50.000,1,SINGLE_SESSION
4697674744990809143,2016-08-12 05:57:03.000,2,MULTI_SESSION
4474580511359381331,2016-10-03 18:36:20.000,2,MULTI_SESSION
191180858641286054,2016-11-09 00:22:39.000,1,SINGLE_SESSION
3807311238107119540,2017-05-15 20:03:21.000,1,SINGLE_SESSION
370963443633670703,2016-08-09 14:02:48.000,1,SINGLE_SESSION
6059228055495391322,2016-11-22 20:54:40.000,1,SINGLE_SESSION
526145197292765731,2016-09-29 01:07:43.000,1,SINGLE_SESSION
9540071251493866863,2016-11-09 05:19:02.000,1,SINGLE_SESSION
665690697485420563,2016-10-03 20:01:21.000,1,SINGLE_SESSION
0567269899914580234,2016-10-03 08:29:31.000,1,SINGLE_SESSION
199097744636621972,2017-01-18 01:10:19.000,1,SINGLE_SESSION
1827094194524010860,2016-12-16 22:49:19.000,1,SINGLE_SESSION
9424559988281477207,2017-02-08 19:20:21.000,1,SINGLE_SESSION
6736550303451079628,2016-11-06 16:28:58.000,1,SINGLE_SESSION
2324511444137196326,2016-08-31 22:06:53.000,1,SINGLE_SESSION
2548981301373576027,2017-06-27 20:15:07.000,1,SINGLE_SESSION
6285049606450722008,2017-05-18 15:30:46.000,1,SINGLE_SESSION
075015293465008373,2016-08-25 02:20:06.000,1,SINGLE_SESSION
9631204932882122975,2016-10-03 12:35:00.000,1,SINGLE_SESSION
7812169483646384233,2017-02-27 19:25:03.000,1,SINGLE_SESSION
4525601131116258606,2017-03-24 14:21:04.000,1,SINGLE_SESSION
8839065493642053324,2017-06-05 17:31:12.000,1,SINGLE_SESSION
9801270104963945292,2017-05-07 17:38:36.000,1,SINGLE_SESSION
822032309662108684,2016-09-14 19:14:36.000,1,SINGLE_SESSION
1276542147811888949,2017-06-16 03:58:11.000,1,SINGLE_SESSION
7524176002865422001,2017-06-11 17:05:21.000,1,SINGLE_SESSION
7519685296264433379,2017-04-24 03:19:55.000,1,SINGLE_SESSION
6087342617338245848,2016-12-25 02:51:37.000,1,SINGLE_SESSION
6561435115855604355,2016-12-06 23:14:09.000,1,SINGLE_SESSION
5844997119511169482,2016-09-30 03:49:48.000,1,SINGLE_SESSION
3266555914884210654,2016-12-18 10:26:55.000,1,SINGLE_SESSION
3832651307820804631,2017-02-25 02:48:07.000,1,SINGLE_SESSION
3053417453950406791,2017-07-05 21:51:09.000,1,SINGLE_SESSION
6886324911902005086,2016-12-18 19:01:11.000,1,SINGLE_SESSION
554581394170643542,2017-03-15 22:35:43.000,1,SINGLE_SESSION
4207162663301325788,2017-02-07 05:47:14.000,1,SINGLE_SESSION
6302682303595359553,2016-12-12 21:07:06.000,1,SINGLE_SESSION
7594910457176925161,2017-06-06 17:03:45.000,1,SINGLE_SESSION
6528937376460090929,2017-04-03 20:43:01.000,1,SINGLE_SESSION
8017527495949351517,2017-03-24 17:49:22.000,1,SINGLE_SESSION
7086888380462447340,2017-05-29 01:13:12.000,1,SINGLE_SESSION
3346100016851964940,2017-02-03 18:55:58.000,1,SINGLE_SESSION
0067566216922331849,2017-06-14 21:38:52.000,2,MULTI_SESSION
6822029585974279558,2017-07-12 14:32:31.000,1,SINGLE_SESSION
3547340212179287814,2017-05-01 01:16:30.000,1,SINGLE_SESSION
5009329593341808227,2016-09-08 18:02:33.000,1,SINGLE_SESSION
3205397931212928239,2017-05-08 17:18:06.000,1,SINGLE_SESSION
1577248509656061433,2017-06-26 23:37:15.000,1,SINGLE_SESSION
734695769767612161,2016-12-06 00:20:27.000,1,SINGLE_SESSION
1223899180553359197,2016-12-10 14:41:53.000,1,SINGLE_SESSION
0069147671341681060,2016-09-30 00:25:08.000,1,SINGLE_SESSION
5185645869012304658,2017-06-20 17:52:14.000,1,SINGLE_SESSION
367831398209472460,2016-08-07 19:44:00.000,1,SINGLE_SESSION
2175021516855866092,2016-10-14 03:24:52.000,1,SINGLE_SESSION
388149666502674178,2016-12-03 20:16:06.000,1,SINGLE_SESSION
4531918958295106898,2017-07-12 20:44:11.000,1,SINGLE_SESSION
6124362361380921120,2016-08-09 16:40:13.000,1,SINGLE_SESSION
7939552270525180888,2017-06-10 18:11:31.000,1,SINGLE_SESSION
3847360722701670676,2017-02-07 03:42:29.000,1,SINGLE_SESSION
304034087246868080,2017-06-16 07:06:19.000,1,SINGLE_SESSION
452384137560800015,2017-07-25 17:53:45.000,1,SINGLE_SESSION
9602340005188195003,2016-09-17 19:30:33.000,1,SINGLE_SESSION
7406415657806773244,2016-12-08 16:07:12.000,1,SINGLE_SESSION
923997752068871551,2016-12-31 07:01:20.000,1,SINGLE_SESSION
0164339786303841762,2016-10-15 19:40:13.000,1,SINGLE_SESSION
4273477250072591183,2016-12-22 17:00:09.000,1,SINGLE_SESSION
2419083783587438310,2017-03-14 05:15:39.000,1,SINGLE_SESSION
9271646111007364974,2017-04-18 14:21:37.000,2,MULTI_SESSION
6238097819613578010,2016-10-24 20:39:41.000,2,MULTI_SESSION
7391426546655677391,2016-09-02 05:05:52.000,1,SINGLE_SESSION
7321815150833739774,2017-05-15 22:49:26.000,1,SINGLE_SESSION
6926784689598695134,2017-02-17 22:30:22.000,1,SINGLE_SESSION
7587148992661482087,2016-11-25 00:42:10.000,1,SINGLE_SESSION
963236039015727097,2016-12-14 04:42:08.000,1,SINGLE_SESSION
7486736560158559443,2017-04-20 01:23:57.000,1,SINGLE_SESSION
257005972779390180,2016-08-31 20:05:41.000,1,SINGLE_SESSION
6879336706336070910,2017-03-18 07:50:00.000,1,SINGLE_SESSION
0951967559171152344,2017-07-31 01:24:26.000,1,SINGLE_SESSION
561827271234161338,2017-04-21 01:28:35.000,1,SINGLE_SESSION
1931723981901564088,2017-07-24 06:02:14.000,1,SINGLE_SESSION
3506286482390600338,2016-09-07 02:46:15.000,1,SINGLE_SESSION
0573507698325171315,2016-09-08 00:23:32.000,1,SINGLE_SESSION
2751071784203497950,2017-01-10 18:49:33.000,1,SINGLE_SESSION
1697669626154342415,2016-12-05 18:46:52.000,1,SINGLE_SESSION
3774530641509474688,2017-04-17 13:30:57.000,1,SINGLE_SESSION
6957245643416321514,2017-03-14 15:04:49.000,1,SINGLE_SESSION
9692588428659286117,2016-10-31 15:27:12.000,1,SINGLE_SESSION
3381137962857755397,2017-03-29 01:44:13.000,2,MULTI_SESSION
3677318371085157791,2016-12-01 22:03:39.000,1,SINGLE_SESSION
2243518473115465342,2017-04-27 18:54:16.000,1,SINGLE_SESSION
4314872145871304765,2016-10-26 15:09:23.000,1,SINGLE_SESSION
4647505914839180188,2016-11-10 03:16:11.000,1,SINGLE_SESSION
8972907985642448260,2017-03-28 14:41:02.000,1,SINGLE_SESSION
3684045780508318181,2016-08-22 01:09:57.000,1,SINGLE_SESSION
6296343210057064368,2017-03-30 22:25:34.000,1,SINGLE_SESSION
3782396217900147405,2016-12-15 02:54:28.000,1,SINGLE_SESSION
851059545573229045,2016-11-08 20:23:51.000,1,SINGLE_SESSION
2989490372994376329,2016-12-16 19:15:14.000,2,MULTI_SESSION
4644372853613585003,2017-03-28 00:50:51.000,2,MULTI_SESSION
6587037994629454209,2017-05-25 22:50:07.000,1,SINGLE_SESSION
7392395871123801400,2017-05-20 16:07:56.000,1,SINGLE_SESSION
6117915988653147227,2017-06-16 16:06:49.000,1,SINGLE_SESSION
7550860860945022922,2017-04-20 00:01:08.000,1,SINGLE_SESSION
8532593488057645523,2017-05-02 16:21:59.000,1,SINGLE_SESSION
4750855305420445022,2017-05-03 02:51:18.000,1,SINGLE_SESSION
5811515226534313470,2017-01-14 15:11:36.000,1,SINGLE_SESSION
8969339210638367422,2016-10-13 01:31:39.000,1,SINGLE_SESSION
8317551596049231910,2016-10-07 21:58:47.000,1,SINGLE_SESSION
9242714675091818589,2016-11-07 01:25:34.000,1,SINGLE_SESSION
846387958509548329,2016-08-24 05:57:18.000,1,SINGLE_SESSION
9077717113702247034,2016-12-28 01:58:50.000,1,SINGLE_SESSION
2544471402172631001,2017-06-22 06:37:27.000,1,SINGLE_SESSION
3500249170758628509,2017-01-21 04:31:35.000,1,SINGLE_SESSION
8199120863421740501,2016-08-30 22:02:49.000,1,SINGLE_SESSION
336251173702144221,2017-07-25 05:27:19.000,1,SINGLE_SESSION
3388045706371865122,2017-05-25 06:28:42.000,1,SINGLE_SESSION
8568993834443001603,2016-11-27 19:12:20.000,1,SINGLE_SESSION
3273194067845015583,2016-10-08 20:57:35.000,1,SINGLE_SESSION
2200795303463456741,2017-04-01 16:43:27.000,1,SINGLE_SESSION
0588920124789640640,2017-06-12 01:52:23.000,1,SINGLE_SESSION
5556648817783304059,2017-05-17 18:45:51.000,1,SINGLE_SESSION
5802825037906535413,2017-03-30 04:05:47.000,1,SINGLE_SESSION
1520999328918083380,2016-12-09 04:31:43.000,1,SINGLE_SESSION
5215840735346366486,2017-07-24 13:23:54.000,1,SINGLE_SESSION
6869564926691033241,2016-08-15 15:10:30.000,1,SINGLE_SESSION
6206680994869017182,2016-10-04 21:45:18.000,1,SINGLE_SESSION
5257301734697264503,2016-12-09 02:05:07.000,1,SINGLE_SESSION
9975702176622548240,2016-09-12 18:24:05.000,2,MULTI_SESSION
3954784642722657723,2017-07-09 23:46:34.000,1,SINGLE_SESSION
5946277979460888197,2017-05-23 00:16:39.000,1,SINGLE_SESSION
4373534575888961818,2016-12-05 19:43:08.000,1,SINGLE_SESSION
1166095149523935137,2017-07-06 19:08:45.000,1,SINGLE_SESSION
4563888597277798832,2016-09-30 12:11:17.000,1,SINGLE_SESSION
2558560744676722529,2017-02-13 15:16:27.000,1,SINGLE_SESSION
7065662789249975422,2017-01-29 22:47:33.000,1,SINGLE_SESSION
7145708421804262334,2016-08-02 17:36:20.000,1,SINGLE_SESSION
5638681280210708810,2016-10-25 15:52:23.000,1,SINGLE_SESSION
5956945994743265463,2017-06-08 22:31:25.000,1,SINGLE_SESSION
9208589398581305030,2017-04-21 19:17:40.000,1,SINGLE_SESSION
64739735733627926,2016-10-13 18:35:30.000,1,SINGLE_SESSION
9832724657425849218,2016-08-15 15:26:31.000,1,SINGLE_SESSION
7457632959414021289,2017-06-30 21:12:14.000,3,MULTI_SESSION
1141516868619289347,2017-05-08 22:12:15.000,1,SINGLE_SESSION
09644182629851608,2017-06-30 13:39:32.000,1,SINGLE_SESSION
6273758036299714485,2016-10-27 16:46:03.000,1,SINGLE_SESSION
5779647444057786360,2017-01-25 19:45:05.000,1,SINGLE_SESSION
5851591500795838131,2016-10-22 02:05:30.000,1,SINGLE_SESSION
9475218131155083092,2017-05-03 16:58:45.000,1,SINGLE_SESSION
8317479792403140471,2017-05-26 01:28:14.000,1,SINGLE_SESSION
2636295502284881140,2017-02-04 18:44:39.000,1,SINGLE_SESSION
0344902595596940552,2016-09-28 18:07:37.000,1,SINGLE_SESSION
8743047878785774713,2016-08-05 14:24:47.000,1,SINGLE_SESSION
5500182607993931436,2016-08-25 15:41:34.000,1,SINGLE_SESSION
2814253579769492109,2016-12-31 18:19:12.000,1,SINGLE_SESSION
0548413255562852386,2016-08-25 13:41:27.000,2,MULTI_SESSION
8050215728371627574,2017-05-13 16:22:01.000,1,SINGLE_SESSION
4920953157538129017,2017-07-28 16:33:26.000,1,SINGLE_SESSION
1368203961991998767,2017-05-12 17:06:14.000,1,SINGLE_SESSION
6993737020674841787,2016-08-04 18:24:21.000,1,SINGLE_SESSION
9102289582475822657,2016-08-20 02:14:00.000,1,SINGLE_SESSION
516734366347147622,2016-11-05 22:18:23.000,1,SINGLE_SESSION
5742668181891576634,2016-11-29 15:53:29.000,1,SINGLE_SESSION
1999942187402858600,2017-07-19 17:27:54.000,2,MULTI_SESSION
5686997736111090309,2017-02-17 22:24:41.000,2,MULTI_SESSION
5524449021244950311,2017-05-12 08:37:38.000,1,SINGLE_SESSION
4812300528361483779,2017-02-17 04:31:50.000,1,SINGLE_SESSION
3948035515004412060,2016-08-12 14:57:40.000,1,SINGLE_SESSION
4556558249259382273,2016-08-09 21:54:52.000,2,MULTI_SESSION
1511007737584531447,2016-12-12 21:13:50.000,1,SINGLE_SESSION
2169784478583707103,2016-10-27 17:06:42.000,1,SINGLE_SESSION
9610282033684440542,2017-06-17 21:13:29.000,1,SINGLE_SESSION
170829442621021492,2017-03-17 21:17:20.000,1,SINGLE_SESSION
3133496817096951875,2016-12-02 14:23:33.000,1,SINGLE_SESSION
362055310928414530,2016-12-14 19:34:49.000,2,MULTI_SESSION
310809961260136971,2016-09-08 17:39:11.000,1,SINGLE_SESSION
1673188218512892503,2017-07-30 14:44:36.000,1,SINGLE_SESSION
114233892855684794,2016-12-07 18:27:52.000,1,SINGLE_SESSION
1853354006844038889,2016-08-15 13:41:27.000,1,SINGLE_SESSION
2212898614677882197,2016-08-09 11:39:06.000,1,SINGLE_SESSION
0053077699040878872,2016-12-08 13:37:36.000,1,SINGLE_SESSION
8982077970907117437,2017-03-28 17:59:58.000,1,SINGLE_SESSION
4546709106289949880,2017-06-26 21:54:32.000,1,SINGLE_SESSION
1469835204108697998,2016-08-23 23:04:51.000,1,SINGLE_SESSION
2263874374627120387,2016-12-20 19:26:21.000,1,SINGLE_SESSION
7594157089401877562,2017-01-24 05:28:35.000,1,SINGLE_SESSION
8128044276581168688,2016-12-13 08:17:15.000,1,SINGLE_SESSION
4928511540945195649,2016-12-05 17:36:48.000,1,SINGLE_SESSION
8846420568137405552,2016-10-10 20:14:51.000,1,SINGLE_SESSION
4389802785459743912,2016-10-02 12:41:33.000,1,SINGLE_SESSION
816701130373045728,2016-08-19 18:21:42.000,1,SINGLE_SESSION
6913633170731491634,2016-12-05 17:41:19.000,1,SINGLE_SESSION
7830344002776874199,2016-08-19 22:27:42.000,1,SINGLE_SESSION
0000213131142648941,2017-04-28 22:41:58.000,1,SINGLE_SESSION
413980996169202271,2016-11-20 03:09:30.000,1,SINGLE_SESSION
8596862850387134224,2016-12-20 04:18:22.000,1,SINGLE_SESSION
5627918840858473196,2016-12-11 19:37:32.000,1,SINGLE_SESSION
9550788770850634932,2016-08-08 00:32:19.000,1,SINGLE_SESSION
5028269637803090356,2016-12-23 22:34:39.000,1,SINGLE_SESSION
9697396763466620407,2016-10-24 01:32:02.000,1,SINGLE_SESSION
9127657904050953509,2017-05-10 04:52:41.000,1,SINGLE_SESSION
7865812508027554896,2017-06-14 19:21:46.000,2,MULTI_SESSION
2703137619338184529,2017-07-31 14:12:01.000,1,SINGLE_SESSION
2137148419156971164,2017-03-03 17:24:09.000,1,SINGLE_SESSION
2740161621176536735,2017-06-03 05:08:43.000,1,SINGLE_SESSION
7453027015100594343,2017-02-15 17:33:24.000,1,SINGLE_SESSION
0536651165928149969,2017-03-07 15:05:22.000,1,SINGLE_SESSION
9207818451392214469,2017-03-27 17:13:51.000,1,SINGLE_SESSION
8800304863528971642,2017-07-19 12:54:58.000,1,SINGLE_SESSION
9598226286194728257,2017-07-26 05:10:27.000,1,SINGLE_SESSION
5980795059692822710,2017-07-13 20:57:53.000,1,SINGLE_SESSION
1459959210477445011,2017-07-28 16:13:19.000,1,SINGLE_SESSION
4132432278764632576,2017-01-31 16:36:19.000,1,SINGLE_SESSION
6797432899513428583,2016-10-27 21:09:45.000,2,MULTI_SESSION
750035303636009615,2017-06-22 16:32:48.000,1,SINGLE_SESSION
6404614194766697184,2017-06-06 05:00:38.000,1,SINGLE_SESSION
0579022412844305962,2017-02-13 23:32:32.000,1,SINGLE_SESSION
3006489767948351126,2016-08-01 15:10:51.000,1,SINGLE_SESSION
1944533426362788043,2016-09-22 03:20:49.000,1,SINGLE_SESSION
3427485014990856593,2016-08-21 08:47:21.000,1,SINGLE_SESSION
1691262461712944619,2016-08-23 15:34:14.000,1,SINGLE_SESSION
6949619191008849058,2016-10-11 17:06:08.000,1,SINGLE_SESSION
0123916055895596958,2016-08-12 04:31:14.000,1,SINGLE_SESSION
2536748109553034322,2017-03-10 16:49:10.000,1,SINGLE_SESSION
4244483702227982488,2016-12-21 18:12:01.000,1,SINGLE_SESSION
2903698319711886789,2017-03-28 02:44:21.000,1,SINGLE_SESSION
1520345374762824294,2017-04-28 22:32:01.000,1,SINGLE_SESSION
9821043739851308814,2016-09-28 02:16:31.000,2,MULTI_SESSION
4600960627022225242,2017-01-18 19:02:44.000,1,SINGLE_SESSION
5881534994111255224,2017-02-13 21:23:57.000,1,SINGLE_SESSION
4299381105807734069,2016-12-21 18:29:27.000,1,SINGLE_SESSION
5186802869072248264,2016-11-04 15:14:01.000,1,SINGLE_SESSION
7949599289543078043,2016-11-03 03:00:08.000,1,SINGLE_SESSION
3819398190341694887,2017-01-10 22:16:05.000,1,SINGLE_SESSION
8198013259158335287,2016-10-20 17:11:54.000,1,SINGLE_SESSION
9470918284099545159,2017-05-01 17:37:19.000,1,SINGLE_SESSION
126078863044975242,2016-08-12 20:25:51.000,2,MULTI_SESSION
204082098779114456,2017-04-01 17:24:43.000,1,SINGLE_SESSION
8542560995794563676,2016-11-10 23:56:43.000,1,SINGLE_SESSION
6877077844721170397,2017-03-06 04:00:55.000,1,SINGLE_SESSION
2204190854181564278,2017-05-12 18:54:53.000,1,SINGLE_SESSION
9360830967310345792,2016-09-15 03:17:14.000,1,SINGLE_SESSION
9341809902223423547,2017-05-03 20:08:06.000,1,SINGLE_SESSION
4167113770312733608,2017-03-03 23:48:01.000,1,SINGLE_SESSION
7065813466220804656,2017-04-28 22:36:51.000,1,SINGLE_SESSION
8616386948005204197,2016-11-30 17:54:42.000,1,SINGLE_SESSION
3968491800779817451,2017-04-27 01:22:46.000,1,SINGLE_SESSION
0314733033105141755,2016-09-03 05:17:00.000,1,SINGLE_SESSION
9393064695401243962,2017-02-04 02:30:39.000,1,SINGLE_SESSION
0403854633867059264,2017-06-13 06:00:16.000,1,SINGLE_SESSION
7545791097611675575,2016-08-01 22:40:43.000,1,SINGLE_SESSION
107029174520648874,2017-07-12 17:12:46.000,1,SINGLE_SESSION
5194385472773193231,2016-11-07 17:37:28.000,1,SINGLE_SESSION
7979010430069561046,2017-07-31 17:28:36.000,1,SINGLE_SESSION
9428659505903216368,2017-05-18 02:53:46.000,1,SINGLE_SESSION
0123061672608906745,2016-11-18 18:55:04.000,1,SINGLE_SESSION
047096740790346861,2016-12-13 18:26:47.000,2,MULTI_SESSION
8874112180613492512,2016-09-23 19:53:49.000,1,SINGLE_SESSION
11012202755429691,2017-04-29 03:18:42.000,1,SINGLE_SESSION
3263865751595893429,2016-10-12 17:51:11.000,1,SINGLE_SESSION
6273454334466338652,2017-01-13 22:23:31.000,1,SINGLE_SESSION
5662114146782089874,2017-06-11 18:28:38.000,1,SINGLE_SESSION
3843366261321201068,2017-03-17 14:51:50.000,1,SINGLE_SESSION
1350238261946976509,2017-06-10 17:44:47.000,1,SINGLE_SESSION
57601503302114470,2016-10-21 17:25:07.000,1,SINGLE_SESSION
5186081045797872289,2016-12-18 21:47:21.000,1,SINGLE_SESSION
5836015565471954596,2016-08-21 02:00:46.000,1,SINGLE_SESSION
154104806751769000,2017-04-18 17:38:50.000,1,SINGLE_SESSION
860217045625645173,2016-08-22 22:42:06.000,1,SINGLE_SESSION
3138662586063485035,2017-02-06 21:56:47.000,1,SINGLE_SESSION
2147366385529994830,2017-01-27 17:12:09.000,1,SINGLE_SESSION
7015807370739833242,2017-02-23 05:59:48.000,1,SINGLE_SESSION
3036945143044651672,2017-07-28 17:23:04.000,1,SINGLE_SESSION
1132760331530975847,2016-08-09 15:29:37.000,1,SINGLE_SESSION
6865658404662117322,2017-04-20 08:32:20.000,1,SINGLE_SESSION
2678408506245600860,2016-12-14 19:02:04.000,1,SINGLE_SESSION
22078954710203778,2017-07-12 19:15:32.000,1,SINGLE_SESSION
5564610750564086192,2017-04-17 20:12:45.000,1,SINGLE_SESSION
5739969347457225877,2017-02-06 19:46:11.000,1,SINGLE_SESSION
9652788542912871580,2017-06-18 23:17:54.000,1,SINGLE_SESSION
4948939246441761416,2017-02-14 22:24:54.000,1,SINGLE_SESSION
4237702059099095460,2017-01-16 23:33:48.000,1,SINGLE_SESSION
9156598245251666249,2016-11-07 17:13:53.000,1,SINGLE_SESSION
4167885024965256381,2017-05-13 03:52:05.000,1,SINGLE_SESSION
3386971566313724300,2017-03-09 21:36:43.000,1,SINGLE_SESSION
5415086779040891341,2017-04-13 23:02:12.000,1,SINGLE_SESSION
4958103240836842867,2017-07-15 18:19:49.000,1,SINGLE_SESSION
8866035740350491393,2017-03-24 20:44:42.000,1,SINGLE_SESSION
1755438626455874650,2016-11-07 00:01:29.000,1,SINGLE_SESSION
5976063913493194585,2016-10-30 17:18:44.000,1,SINGLE_SESSION
8710915219052042502,2017-05-18 08:20:07.000,1,SINGLE_SESSION
3363540196931390942,2016-11-28 20:44:50.000,1,SINGLE_SESSION
5675389937298444506,2016-10-22 21:56:47.000,1,SINGLE_SESSION
9454658927597604131,2016-09-28 15:24:47.000,1,SINGLE_SESSION
2172673240713669509,2017-05-10 23:30:29.000,1,SINGLE_SESSION
2792057465919995145,2017-04-14 21:25:59.000,1,SINGLE_SESSION
7241918462963988042,2017-04-28 22:38:09.000,1,SINGLE_SESSION
0162341046495604782,2016-08-16 21:16:01.000,1,SINGLE_SESSION
8263537717482235288,2016-10-25 02:57:30.000,1,SINGLE_SESSION
6837769704437235425,2016-12-01 19:29:42.000,1,SINGLE_SESSION
5253255590732315114,2016-11-18 19:14:22.000,1,SINGLE_SESSION
7314335149820317906,2017-04-14 21:47:16.000,1,SINGLE_SESSION
2245682803169114905,2017-03-23 18:07:00.000,1,SINGLE_SESSION
8953287853000966954,2016-08-09 01:03:45.000,1,SINGLE_SESSION
8666574866065841577,2017-03-13 11:33:51.000,1,SINGLE_SESSION
3456917496701100082,2017-06-19 03:13:15.000,1,SINGLE_SESSION
8767731065918299001,2016-12-08 14:29:42.000,1,SINGLE_SESSION
4066745075489690318,2017-05-27 22:46:33.000,1,SINGLE_SESSION
376544334500131710,2016-08-28 13:47:13.000,1,SINGLE_SESSION
7291001775991564484,2016-09-16 00:47:56.000,1,SINGLE_SESSION
3536546316695969025,2017-05-25 23:37:53.000,1,SINGLE_SESSION
6463910848287283554,2017-03-28 12:29:17.000,1,SINGLE_SESSION
9279133350309970256,2016-12-11 05:15:26.000,1,SINGLE_SESSION
090327840318017838,2016-12-27 14:29:15.000,1,SINGLE_SESSION
6674833621031160897,2017-05-16 20:51:00.000,1,SINGLE_SESSION
0317661710948460673,2016-11-16 17:57:18.000,1,SINGLE_SESSION
1151339450407656012,2017-02-17 17:43:38.000,1,SINGLE_SESSION
4613028274025406966,2016-10-18 13:58:28.000,1,SINGLE_SESSION
2499318985403227459,2017-01-20 06:02:16.000,1,SINGLE_SESSION
300620866577241349,2016-08-08 04:20:33.000,1,SINGLE_SESSION
7989785134263351536,2016-09-28 18:17:59.000,1,SINGLE_SESSION
3098102694893246712,2017-06-30 16:21:17.000,1,SINGLE_SESSION
5302602900050864654,2016-11-17 06:43:56.000,1,SINGLE_SESSION
4093426585106843453,2016-09-01 17:11:39.000,1,SINGLE_SESSION
5192466598452489380,2017-01-17 04:28:25.000,1,SINGLE_SESSION
7021513890220777555,2017-05-03 18:46:03.000,2,MULTI_SESSION
4058506374393507952,2017-01-09 21:46:01.000,1,SINGLE_SESSION
9764549242376534173,2017-06-05 15:42:58.000,1,SINGLE_SESSION
4413968907074981189,2016-08-15 15:21:43.000,1,SINGLE_SESSION
0483111126014707673,2017-02-01 16:47:53.000,1,SINGLE_SESSION
543133542685191215,2017-06-18 02:26:20.000,1,SINGLE_SESSION
10235349034444058,2017-05-09 15:50:02.000,1,SINGLE_SESSION
8968458554624269944,2017-05-03 20:57:07.000,1,SINGLE_SESSION
2409376965099588298,2017-04-03 19:12:01.000,1,SINGLE_SESSION
4324036367604282346,2017-04-18 02:44:21.000,1,SINGLE_SESSION
148866414705224159,2017-02-24 13:43:42.000,1,SINGLE_SESSION
6364019453242350081,2016-11-28 17:48:39.000,1,SINGLE_SESSION
6526021164670173680,2017-01-31 03:11:04.000,1,SINGLE_SESSION
6168468198967794640,2016-12-16 08:31:37.000,1,SINGLE_SESSION
5575936581064854068,2016-12-15 01:23:19.000,1,SINGLE_SESSION
4180896449051062828,2016-11-22 13:29:25.000,1,SINGLE_SESSION
7708630394810651470,2017-01-02 17:22:13.000,1,SINGLE_SESSION
3555404487376101016,2016-12-08 21:13:59.000,1,SINGLE_SESSION
1863623332795455287,2017-03-05 20:04:21.000,1,SINGLE_SESSION
7774093101397937116,2016-11-24 18:56:44.000,1,SINGLE_SESSION
4866154016388549666,2016-12-21 01:15:50.000,1,SINGLE_SESSION
7405413901359579297,2017-02-14 21:33:47.000,1,SINGLE_SESSION
5944473218831449800,2017-01-15 22:20:51.000,1,SINGLE_SESSION
3878333273795764979,2017-02-27 16:22:58.000,1,SINGLE_SESSION
2037170738057013329,2017-02-20 03:53:49.000,1,SINGLE_SESSION
5905336612296989263,2016-10-16 16:39:22.000,1,SINGLE_SESSION
2557337139443833137,2016-09-20 22:30:20.000,1,SINGLE_SESSION
4199946232412788468,2017-05-30 04:20:15.000,1,SINGLE_SESSION
2299755480895547316,2017-06-06 01:26:44.000,1,SINGLE_SESSION
3157702093889540214,2016-09-29 17:40:43.000,1,SINGLE_SESSION
3964580077088132526,2016-12-27 00:06:21.000,1,SINGLE_SESSION
4265447158786402030,2016-12-05 03:01:15.000,1,SINGLE_SESSION
6359573214811680534,2017-03-13 21:14:54.000,1,SINGLE_SESSION
091281264079346677,2016-08-20 02:45:38.000,1,SINGLE_SESSION
8299318210630907459,2017-05-30 11:37:34.000,1,SINGLE_SESSION
5241810559534801001,2016-08-17 21:43:39.000,1,SINGLE_SESSION
1403162671089905435,2017-06-21 22:09:45.000,1,SINGLE_SESSION
1226455663650597875,2016-11-13 05:59:32.000,1,SINGLE_SESSION
0342282266188517272,2017-03-21 17:42:54.000,1,SINGLE_SESSION
0898438411847166329,2017-06-08 04:13:50.000,1,SINGLE_SESSION
2293938890799916112,2017-02-17 22:59:25.000,1,SINGLE_SESSION
4219302359703604380,2016-12-06 18:16:57.000,1,SINGLE_SESSION
9612120883044802142,2017-04-19 14:17:32.000,1,SINGLE_SESSION
8768941993503190593,2017-01-05 17:07:43.000,1,SINGLE_SESSION
437239129006442110,2016-11-03 19:43:38.000,1,SINGLE_SESSION
9685922238510897411,2016-11-28 05:19:22.000,1,SINGLE_SESSION
0773667646845315582,2016-12-02 00:21:47.000,1,SINGLE_SESSION
8386561909318064795,2017-01-02 21:14:45.000,1,SINGLE_SESSION
3631468795643448744,2016-12-08 23:19:27.000,1,SINGLE_SESSION
5410884318948869106,2016-11-11 19:54:00.000,2,MULTI_SESSION
6567450857887663751,2016-10-30 15:16:22.000,2,MULTI_SESSION
1579519195077643704,2017-04-12 16:23:43.000,1,SINGLE_SESSION
3112141012835314636,2016-11-29 21:38:11.000,1,SINGLE_SESSION
5216258683347805755,2017-01-19 03:41:57.000,1,SINGLE_SESSION
878092537405225336,2017-05-05 01:50:34.000,1,SINGLE_SESSION
3409777638949712171,2016-11-16 18:59:28.000,1,SINGLE_SESSION
2701326776471420252,2016-10-11 10:12:08.000,1,SINGLE_SESSION
3844754151975169434,2016-08-05 13:45:54.000,1,SINGLE_SESSION
7842747307254703576,2016-09-02 06:21:27.000,1,SINGLE_SESSION
4892080789302426968,2016-09-17 17:23:41.000,1,SINGLE_SESSION
198049799955668412,2017-05-02 13:58:18.000,1,SINGLE_SESSION
19814677684676098,2016-12-05 16:55:04.000,1,SINGLE_SESSION
8402073479422206756,2016-09-21 22:23:32.000,1,SINGLE_SESSION
5788942005680192808,2017-04-06 04:48:48.000,1,SINGLE_SESSION
2323370147843755314,2016-12-14 18:09:24.000,1,SINGLE_SESSION
2403345588327549111,2016-10-23 15:14:19.000,1,SINGLE_SESSION
9160823894533636806,2016-11-18 03:23:15.000,1,SINGLE_SESSION
4240861756102346904,2016-09-06 23:42:56.000,1,SINGLE_SESSION
138351554340162956,2016-12-05 18:38:32.000,1,SINGLE_SESSION
4996510286543496531,2016-10-03 03:37:06.000,1,SINGLE_SESSION
0177276045605547096,2017-03-05 17:58:45.000,1,SINGLE_SESSION
3111726127127301797,2017-04-24 15:38:49.000,1,SINGLE_SESSION
8236596587023469511,2016-10-25 17:23:37.000,1,SINGLE_SESSION
3214352819893737731,2016-08-15 17:29:11.000,1,SINGLE_SESSION
0804081184484847805,2016-08-29 00:42:07.000,1,SINGLE_SESSION
6256175066456783550,2017-03-20 05:02:35.000,1,SINGLE_SESSION
3971437232101672363,2017-07-30 02:28:52.000,1,SINGLE_SESSION
455718321769006834,2017-05-25 01:09:31.000,1,SINGLE_SESSION
5301053283618426279,2016-09-08 21:38:36.000,1,SINGLE_SESSION
6056987916550791423,2017-03-13 22:06:17.000,1,SINGLE_SESSION
8053647597306727204,2017-05-02 16:04:48.000,1,SINGLE_SESSION
4062630166370650304,2017-08-01 02:19:39.000,1,SINGLE_SESSION
7641135753970506301,2016-11-26 16:50:42.000,1,SINGLE_SESSION
5994584903739505696,2017-05-08 16:07:02.000,1,SINGLE_SESSION
1203061370275636446,2017-05-16 17:46:14.000,1,SINGLE_SESSION
5792950527523164099,2016-11-18 01:27:46.000,1,SINGLE_SESSION
0120815826861008901,2016-10-26 21:17:02.000,1,SINGLE_SESSION
8986872282597680783,2017-05-21 21:55:15.000,1,SINGLE_SESSION
5896165545008252371,2017-05-30 17:10:31.000,1,SINGLE_SESSION
9195681118622809806,2017-02-17 23:50:43.000,1,SINGLE_SESSION
3538836902011066544,2017-06-29 23:50:42.000,1,SINGLE_SESSION
4954802620517923618,2016-11-28 18:22:22.000,1,SINGLE_SESSION
3741689406060673010,2016-09-02 23:13:55.000,2,MULTI_SESSION
6007068566943538173,2017-01-05 20:13:32.000,1,SINGLE_SESSION
6101457108292619751,2016-11-01 20:54:59.000,1,SINGLE_SESSION
4664043776873529741,2017-04-30 16:16:38.000,1,SINGLE_SESSION
7196904589011879906,2017-05-23 18:02:11.000,1,SINGLE_SESSION
442233560830525068,2016-12-01 14:10:44.000,1,SINGLE_SESSION
7949830908055384624,2017-05-08 19:26:52.000,1,SINGLE_SESSION
0128830210468179660,2016-11-16 22:51:04.000,1,SINGLE_SESSION
706268966537024256,2016-11-26 19:48:00.000,1,SINGLE_SESSION
7321633668299762845,2016-09-06 20:38:07.000,1,SINGLE_SESSION
2874187183209359392,2016-08-05 15:08:37.000,3,MULTI_SESSION
9874141416269179088,2016-09-26 17:35:27.000,1,SINGLE_SESSION
3128618656277921495,2016-11-15 21:43:18.000,1,SINGLE_SESSION
6385756990016578225,2017-03-06 23:11:05.000,1,SINGLE_SESSION
3902953304108615708,2017-04-30 00:55:50.000,1,SINGLE_SESSION
7659667031982295774,2016-10-05 02:57:51.000,1,SINGLE_SESSION
6235193097799498353,2017-05-01 17:01:53.000,1,SINGLE_SESSION
8693243630258269038,2016-11-25 22:36:17.000,1,SINGLE_SESSION
2646550987867504267,2017-06-19 23:41:44.000,1,SINGLE_SESSION
6366523937097011266,2017-07-25 18:28:13.000,1,SINGLE_SESSION
5248175492675011686,2017-02-28 13:31:34.000,1,SINGLE_SESSION
7665584448967359272,2017-06-12 21:02:01.000,1,SINGLE_SESSION
577700480509527611,2017-02-19 21:45:32.000,1,SINGLE_SESSION
7992104623025928298,2016-12-16 01:23:57.000,1,SINGLE_SESSION
7131184833921807733,2016-10-04 12:53:18.000,1,SINGLE_SESSION
6859653115224439411,2017-03-21 00:33:53.000,1,SINGLE_SESSION
2994511687667286393,2016-09-23 17:32:39.000,1,SINGLE_SESSION
3411159917841039387,2017-06-06 21:19:27.000,1,SINGLE_SESSION
2837339903951425129,2016-09-26 16:12:30.000,1,SINGLE_SESSION
1334008915798864953,2016-12-16 15:11:00.000,1,SINGLE_SESSION
9779522664716568834,2016-08-24 19:04:52.000,1,SINGLE_SESSION
0707424893758055863,2017-04-01 22:22:36.000,1,SINGLE_SESSION
5510335064677870473,2016-12-18 21:39:37.000,1,SINGLE_SESSION
3928097157872178089,2016-09-29 13:23:45.000,1,SINGLE_SESSION
9822939082777176462,2016-12-07 15:25:07.000,1,SINGLE_SESSION
1331054854760368915,2017-04-01 21:48:09.000,2,MULTI_SESSION
1277192701397788259,2016-11-01 14:19:16.000,1,SINGLE_SESSION
7238833623425944565,2016-11-04 19:01:32.000,1,SINGLE_SESSION
914260512512024013,2016-10-31 17:13:56.000,1,SINGLE_SESSION
8785104798900521933,2017-06-11 19:08:31.000,1,SINGLE_SESSION
1051011505406858792,2016-12-02 02:52:00.000,1,SINGLE_SESSION
3721991920160346170,2017-06-10 00:49:40.000,1,SINGLE_SESSION
4462376447791430431,2016-11-01 02:42:31.000,1,SINGLE_SESSION
4162641733520995374,2017-01-30 17:40:37.000,1,SINGLE_SESSION
8010576269203179764,2017-06-16 00:35:36.000,1,SINGLE_SESSION
7982627573451336069,2017-01-28 00:53:30.000,1,SINGLE_SESSION
9554559055315205819,2017-05-09 21:11:56.000,1,SINGLE_SESSION
2707282189066861959,2016-08-30 23:00:22.000,1,SINGLE_SESSION
6620224985350113488,2017-01-23 16:27:15.000,1,SINGLE_SESSION
412874493990262782,2016-12-20 16:22:57.000,1,SINGLE_SESSION
2316673682503964748,2016-09-09 02:07:39.000,1,SINGLE_SESSION
1489415395577768246,2016-11-19 04:43:50.000,1,SINGLE_SESSION
4744957427444301476,2017-05-18 20:51:44.000,1,SINGLE_SESSION
4448909175588119772,2017-06-11 16:33:50.000,1,SINGLE_SESSION
8142635325699708577,2017-03-14 20:36:49.000,1,SINGLE_SESSION
5675405939347398013,2016-12-06 04:04:17.000,1,SINGLE_SESSION
1087259090799604358,2016-11-11 18:32:24.000,1,SINGLE_SESSION
5465363328893733529,2017-02-15 00:35:43.000,1,SINGLE_SESSION
4930078129398561333,2016-12-21 22:01:13.000,1,SINGLE_SESSION
7718460789580849626,2016-09-09 16:12:51.000,1,SINGLE_SESSION
4137166370863238915,2017-03-23 19:31:21.000,1,SINGLE_SESSION
224145829303599500,2016-08-11 00:01:57.000,1,SINGLE_SESSION
1081954083914922307,2017-07-21 14:54:04.000,1,SINGLE_SESSION
7563655790456641337,2016-12-21 19:14:14.000,1,SINGLE_SESSION
8403641595081021765,2016-12-05 06:17:55.000,1,SINGLE_SESSION
0973104829844612521,2016-08-31 19:08:58.000,1,SINGLE_SESSION
6064511507149112064,2016-10-17 13:56:33.000,1,SINGLE_SESSION
7141139312225559597,2017-05-11 19:37:59.000,1,SINGLE_SESSION
5341101778346286262,2016-09-13 14:55:07.000,1,SINGLE_SESSION
0491316713136054865,2017-02-17 22:05:31.000,1,SINGLE_SESSION
8096379746481186433,2016-08-18 22:43:32.000,2,MULTI_SESSION
4727618215092772991,2016-12-20 22:45:32.000,1,SINGLE_SESSION
7003280874744810220,2017-06-07 20:12:46.000,1,SINGLE_SESSION
2306813020737490108,2017-02-06 21:26:28.000,1,SINGLE_SESSION
4693422077502534585,2017-07-20 17:40:09.000,1,SINGLE_SESSION
0598117673403235855,2016-12-10 19:03:09.000,1,SINGLE_SESSION
4903884643114924879,2017-04-27 00:35:22.000,1,SINGLE_SESSION
4357979221262116405,2017-04-05 22:29:38.000,1,SINGLE_SESSION
6184355935628875237,2016-09-30 17:41:53.000,1,SINGLE_SESSION
6179482538611999195,2016-12-08 22:59:15.000,1,SINGLE_SESSION
3468133474156348644,2017-05-18 03:03:23.000,2,MULTI_SESSION
5077243893642022050,2016-12-07 15:49:51.000,1,SINGLE_SESSION
9541216071431560465,2017-02-01 17:18:56.000,2,MULTI_SESSION
8653598771564353072,2017-06-11 18:07:49.000,1,SINGLE_SESSION
5627236441803896511,2017-05-31 21:00:34.000,1,SINGLE_SESSION
4670469315542047941,2017-03-24 18:42:00.000,1,SINGLE_SESSION
217188275236417745,2017-02-06 13:14:51.000,1,SINGLE_SESSION
7368546786497742090,2016-08-10 13:44:25.000,1,SINGLE_SESSION
6448992994015431295,2016-12-15 21:25:09.000,1,SINGLE_SESSION
3667207016049360497,2017-02-28 04:18:21.000,1,SINGLE_SESSION
277630796350055956,2017-06-29 04:50:11.000,2,MULTI_SESSION
6774994701357708261,2017-05-02 16:00:35.000,1,SINGLE_SESSION
9907138721210043039,2017-04-18 19:23:33.000,1,SINGLE_SESSION
261669143599587910,2017-07-10 23:09:04.000,1,SINGLE_SESSION
4864955477576534285,2017-03-30 03:49:40.000,1,SINGLE_SESSION
4288066588835111365,2017-06-26 20:50:03.000,1,SINGLE_SESSION
5767625286070900828,2016-12-23 06:57:31.000,1,SINGLE_SESSION
0306177142313155903,2017-06-19 02:30:32.000,1,SINGLE_SESSION
0237572851648543104,2017-05-17 17:21:47.000,1,SINGLE_SESSION
1459983608838100423,2016-12-26 22:49:09.000,1,SINGLE_SESSION
9549544476728099943,2017-04-15 19:31:30.000,1,SINGLE_SESSION
9631155213272957768,2017-01-15 21:26:31.000,1,SINGLE_SESSION
2309518825071815272,2016-12-05 23:13:02.000,1,SINGLE_SESSION
5030772166419361448,2017-02-02 14:12:11.000,1,SINGLE_SESSION
1144117197665161033,2016-12-15 04:30:05.000,3,MULTI_SESSION
4871826258834761103,2017-07-12 03:23:48.000,1,SINGLE_SESSION
8832229039690729204,2017-03-27 23:13:19.000,1,SINGLE_SESSION
6390628371128313999,2017-07-27 14:37:48.000,1,SINGLE_SESSION
7361963700684002436,2017-06-15 21:44:01.000,1,SINGLE_SESSION
314464405997489773,2017-02-27 23:19:23.000,1,SINGLE_SESSION
748754221677866973,2016-09-17 03:12:56.000,1,SINGLE_SESSION
241662707620167476,2017-02-11 19:58:30.000,1,SINGLE_SESSION
8046340312937401767,2017-03-27 01:59:43.000,1,SINGLE_SESSION
3210357805056492900,2017-07-27 02:24:36.000,1,SINGLE_SESSION
7960216957065106735,2016-08-21 06:04:35.000,1,SINGLE_SESSION
4088086075239844129,2016-09-06 23:54:08.000,1,SINGLE_SESSION
4250048071729464842,2017-05-08 15:17:03.000,1,SINGLE_SESSION
5151881094154298201,2016-12-14 02:08:42.000,1,SINGLE_SESSION
1796752581308376483,2016-12-07 21:00:41.000,1,SINGLE_SESSION
9015377887977642612,2017-01-17 20:10:24.000,1,SINGLE_SESSION
8161635015929084485,2016-11-27 03:50:49.000,1,SINGLE_SESSION
6238289068064224193,2017-02-28 19:17:18.000,1,SINGLE_SESSION
6139991270179769936,2017-06-28 02:29:29.000,1,SINGLE_SESSION
6428878966962078899,2017-04-21 15:40:22.000,1,SINGLE_SESSION
7424654781881934440,2017-01-01 12:45:50.000,1,SINGLE_SESSION
3598021100019368600,2016-12-15 15:58:25.000,1,SINGLE_SESSION
2174401229555413552,2016-09-06 22:34:15.000,1,SINGLE_SESSION
0083964139069484153,2016-11-30 23:05:31.000,1,SINGLE_SESSION
0809877468690350103,2017-06-21 20:50:17.000,1,SINGLE_SESSION
3276827132145527043,2016-08-05 03:36:33.000,1,SINGLE_SESSION
9882672558688171171,2017-05-25 18:38:45.000,1,SINGLE_SESSION
1832346198788998091,2017-04-01 19:17:41.000,1,SINGLE_SESSION
2363607123099634556,2016-10-24 21:46:44.000,1,SINGLE_SESSION
9019931627162740191,2016-10-18 21:14:37.000,1,SINGLE_SESSION
04638983005167591,2017-01-07 09:26:05.000,4,MULTI_SESSION
315017261115039181,2016-09-11 18:22:47.000,18,MULTI_SESSION
9089051012648902020,2016-12-06 18:15:26.000,6,MULTI_SESSION
9363207205094761073,2017-07-13 17:37:36.000,10,MULTI_SESSION
0560278389700464572,2017-06-08 01:06:14.000,5,MULTI_SESSION
953985719790532084,2016-09-19 18:14:20.000,4,MULTI_SESSION
5688849744235446525,2016-12-13 16:27:18.000,3,MULTI_SESSION
3987795272144398890,2016-12-12 17:30:24.000,7,MULTI_SESSION
481095003060297640,2017-03-09 23:00:03.000,4,MULTI_SESSION
1959133989198624732,2017-04-03 18:47:39.000,10,MULTI_SESSION
8388599810336818038,2016-11-30 20:14:58.000,5,MULTI_SESSION
8732851930858933154,2016-12-08 21:17:43.000,12,MULTI_SESSION
9034814434587721345,2017-01-31 00:13:40.000,2,MULTI_SESSION
9944482549138933048,2017-01-19 16:15:04.000,4,MULTI_SESSION
6833770537272775789,2016-12-01 16:14:30.000,4,MULTI_SESSION
9963131995239003867,2017-01-24 16:31:26.000,5,MULTI_SESSION
914215065327707355,2017-02-03 23:17:06.000,5,MULTI_SESSION
2892813741342046911,2016-09-22 18:10:42.000,3,MULTI_SESSION
4974690847354957751,2017-05-12 22:56:55.000,3,MULTI_SESSION
1794290733386551396,2017-05-12 01:50:23.000,9,MULTI_SESSION
7054908618767753222,2017-05-20 02:05:34.000,11,MULTI_SESSION
4191489896925210475,2016-12-21 22:55:49.000,2,MULTI_SESSION
6701329268278625221,2017-01-09 16:13:36.000,8,MULTI_SESSION
7347861354836730309,2017-04-19 17:41:29.000,4,MULTI_SESSION
8021862140607876556,2017-05-05 18:56:11.000,4,MULTI_SESSION
861020260643792259,2016-11-04 05:21:45.000,4,MULTI_SESSION
2893040356372252170,2016-11-29 21:50:37.000,4,MULTI_SESSION
1045033759778661078,2016-12-29 19:28:58.000,6,MULTI_SESSION
5501735992704421396,2017-05-23 12:55:01.000,4,MULTI_SESSION
9240425877262756231,2017-07-28 19:41:34.000,2,MULTI_SESSION
5469079519715865124,2017-05-31 20:08:06.000,5,MULTI_SESSION
2334542446347570873,2016-12-01 19:25:48.000,5,MULTI_SESSION
8622709293596932103,2016-09-22 14:28:06.000,3,MULTI_SESSION
0420713714276209262,2016-11-08 22:05:41.000,9,MULTI_SESSION
6925331235673331081,2017-05-21 04:15:24.000,11,MULTI_SESSION
9104901150360487546,2017-07-14 14:47:19.000,5,MULTI_SESSION
0450212169679268027,2017-05-19 15:34:04.000,6,MULTI_SESSION
1930328247760052001,2016-08-08 11:44:10.000,2,MULTI_SESSION
1500993811020181335,2017-03-22 14:53:59.000,10,MULTI_SESSION
7394010699967893588,2017-01-23 22:01:51.000,4,MULTI_SESSION
5289228483445260579,2017-05-17 17:26:43.000,6,MULTI_SESSION
296416077588295589,2016-08-15 17:15:56.000,2,MULTI_SESSION
7247995041552365194,2016-12-01 01:54:17.000,5,MULTI_SESSION
7081230071374452681,2017-07-01 05:34:32.000,10,MULTI_SESSION
1444097777351910879,2017-01-29 14:57:56.000,2,MULTI_SESSION
3861180496381149226,2016-08-19 13:03:39.000,4,MULTI_SESSION
514517908760071241,2017-01-25 22:43:02.000,3,MULTI_SESSION
7009096450984635011,2016-09-19 17:26:06.000,4,MULTI_SESSION
7545121588966245443,2017-04-04 16:02:15.000,20,MULTI_SESSION
4358918846442674981,2017-04-07 15:16:40.000,5,MULTI_SESSION
4973306700711399156,2016-12-07 19:41:16.000,5,MULTI_SESSION
8855225089630002391,2017-05-17 18:16:35.000,3,MULTI_SESSION
1863054289029276927,2017-07-20 20:50:58.000,6,MULTI_SESSION
707924884126013523,2017-03-30 03:57:07.000,4,MULTI_SESSION
2952820296567657347,2017-05-01 20:52:37.000,2,MULTI_SESSION
4230960861530232531,2017-07-18 19:54:12.000,3,MULTI_SESSION
0385604754912299240,2017-02-05 20:34:24.000,3,MULTI_SESSION
5540414739780174811,2016-11-22 03:37:28.000,4,MULTI_SESSION
3515453378186105003,2017-01-19 04:15:12.000,4,MULTI_SESSION
5189398404527635970,2016-12-07 00:37:42.000,2,MULTI_SESSION
8182918671103013679,2016-08-14 17:37:29.000,10,MULTI_SESSION
465397546668226126,2017-06-14 17:29:54.000,2,MULTI_SESSION
5238919505234478700,2017-02-24 04:44:47.000,3,MULTI_SESSION
9596545122550322974,2017-05-01 15:51:31.000,4,MULTI_SESSION
0314528826654841027,2017-05-17 16:00:57.000,3,MULTI_SESSION
5805078807561705608,2017-05-31 16:31:01.000,5,MULTI_SESSION
3526518783380311774,2017-05-16 16:32:46.000,2,MULTI_SESSION
8750540969678184280,2016-10-07 20:06:47.000,5,MULTI_SESSION
3506641252508018377,2016-11-25 17:23:02.000,2,MULTI_SESSION
310411461029176203,2016-12-19 20:19:26.000,3,MULTI_SESSION
9523142287027067833,2016-11-24 05:22:35.000,6,MULTI_SESSION
1152783773288271074,2016-08-27 05:39:56.000,6,MULTI_SESSION
0357440337109667396,2017-02-19 01:35:13.000,8,MULTI_SESSION
0795389678082168807,2017-07-25 18:47:16.000,4,MULTI_SESSION
2572686632526205558,2017-07-04 04:18:21.000,5,MULTI_SESSION
7727831218148659507,2017-05-11 22:12:50.000,3,MULTI_SESSION
7265361594035996306,2017-06-23 15:11:45.000,5,MULTI_SESSION
2615253560882573611,2017-03-16 08:49:20.000,3,MULTI_SESSION
11018661240317813,2016-12-13 21:53:30.000,5,MULTI_SESSION
7561014297963838461,2017-03-04 20:42:56.000,6,MULTI_SESSION
9275740735751035515,2017-02-24 05:19:49.000,11,MULTI_SESSION
2773216167322949918,2016-11-05 20:29:49.000,8,MULTI_SESSION
3016739586039841037,2017-04-25 10:43:25.000,4,MULTI_SESSION
7118884909011666803,2016-11-08 17:39:20.000,3,MULTI_SESSION
1091553726406319989,2017-03-09 13:54:37.000,3,MULTI_SESSION
6560066529199965530,2017-07-13 21:21:44.000,3,MULTI_SESSION
3637274724338240822,2017-04-28 23:24:05.000,3,MULTI_SESSION
271500268252738088,2016-09-12 23:35:05.000,6,MULTI_SESSION
7958734805769918855,2016-12-05 16:50:47.000,4,MULTI_SESSION
8304708431281283442,2016-12-13 17:23:34.000,3,MULTI_SESSION
7169974092956652971,2017-07-19 15:51:59.000,2,MULTI_SESSION
7647458799254065971,2017-05-13 17:02:09.000,2,MULTI_SESSION
4602383891226401804,2017-03-29 14:03:53.000,4,MULTI_SESSION
866876673966650759,2016-12-07 04:09:14.000,3,MULTI_SESSION
624114855878604514,2016-12-12 17:06:59.000,3,MULTI_SESSION
0208951486693076734,2016-11-28 15:27:54.000,4,MULTI_SESSION
8402574004959447870,2016-12-17 17:17:59.000,2,MULTI_SESSION
1751309915031023278,2017-07-26 13:41:19.000,6,MULTI_SESSION
1759779356678951325,2016-10-27 16:57:35.000,5,MULTI_SESSION
9332319683360717593,2016-12-15 01:32:10.000,4,MULTI_SESSION
527426783375720325,2017-07-31 17:42:51.000,3,MULTI_SESSION
689759983033395274,2017-05-01 14:44:49.000,3,MULTI_SESSION
0304674693006681857,2017-06-28 17:15:49.000,7,MULTI_SESSION
7965265156545901045,2016-11-30 16:45:50.000,4,MULTI_SESSION
1977171862732443916,2017-06-12 12:28:08.000,4,MULTI_SESSION
3840247020317877106,2017-06-04 06:07:16.000,7,MULTI_SESSION
0848187910927716390,2016-08-02 17:35:51.000,2,MULTI_SESSION
7554501152738675328,2016-11-22 14:59:31.000,7,MULTI_SESSION
6873140036612855431,2017-07-01 02:52:54.000,8,MULTI_SESSION
1480311877127336013,2016-11-01 13:44:33.000,15,MULTI_SESSION
5041110715755196949,2017-03-06 19:52:53.000,3,MULTI_SESSION
6482578323423752011,2016-11-15 19:21:41.000,7,MULTI_SESSION
3718124829225998463,2016-12-08 23:03:54.000,3,MULTI_SESSION
7671938929886422316,2017-04-18 01:34:31.000,4,MULTI_SESSION
1578983142002266044,2017-03-27 20:03:27.000,4,MULTI_SESSION
5377821611338556054,2017-05-11 22:18:59.000,7,MULTI_SESSION
0183218035021860438,2017-06-19 19:56:02.000,4,MULTI_SESSION
1868935000075627039,2016-12-16 18:20:57.000,3,MULTI_SESSION
3506542625236694217,2016-12-13 04:50:42.000,8,MULTI_SESSION
6639228698247175912,2016-11-24 15:23:03.000,4,MULTI_SESSION
2727750796868650668,2017-03-27 17:17:50.000,4,MULTI_SESSION
9973665079624172058,2017-07-24 21:15:21.000,3,MULTI_SESSION
4709133566024199228,2016-10-27 15:25:10.000,3,MULTI_SESSION
4655749242535722816,2016-10-26 13:47:00.000,3,MULTI_SESSION
0163532416839889055,2017-06-19 16:24:11.000,4,MULTI_SESSION
4520968716061695864,2016-12-14 19:06:25.000,5,MULTI_SESSION
6173812362189693,2016-08-24 01:05:02.000,6,MULTI_SESSION
8200024559872067967,2017-05-04 15:48:52.000,5,MULTI_SESSION
1710028680254834304,2016-11-29 00:55:32.000,5,MULTI_SESSION
1044832976156649069,2016-09-26 23:15:50.000,4,MULTI_SESSION
8264946937115630193,2017-02-01 15:26:58.000,6,MULTI_SESSION
656429934624637021,2017-05-11 00:51:48.000,6,MULTI_SESSION
938988824374966310,2017-03-21 17:35:22.000,8,MULTI_SESSION
4754092935415818645,2016-10-10 17:31:10.000,10,MULTI_SESSION
6407020613319085956,2017-06-05 04:19:00.000,3,MULTI_SESSION
4869304818683909994,2017-06-05 19:50:30.000,6,MULTI_SESSION
1286257134641757416,2016-11-16 22:00:29.000,2,MULTI_SESSION
0869298894715045644,2017-01-26 00:40:19.000,3,MULTI_SESSION
0068590151265795437,2017-03-21 20:35:02.000,3,MULTI_SESSION
2755803596302366482,2017-05-31 22:31:41.000,9,MULTI_SESSION
2366243354794689639,2017-07-19 14:56:04.000,4,MULTI_SESSION
99879093370825436,2017-06-26 15:05:16.000,3,MULTI_SESSION
342565333518409484,2017-01-06 14:45:55.000,3,MULTI_SESSION
545302570079415113,2017-01-13 01:33:51.000,2,MULTI_SESSION
1468478016521432136,2017-07-27 12:11:28.000,3,MULTI_SESSION
357636120727052842,2017-05-05 12:09:03.000,5,MULTI_SESSION
269585902888060045,2017-03-02 02:22:48.000,3,MULTI_SESSION
8804905634731085002,2017-07-05 23:22:26.000,3,MULTI_SESSION
6211128754358603008,2016-10-17 22:02:46.000,2,MULTI_SESSION
4818479610455261172,2016-10-12 18:34:07.000,2,MULTI_SESSION
5426533618446479401,2017-01-21 00:16:07.000,3,MULTI_SESSION
2295871331415471856,2016-12-16 21:52:25.000,3,MULTI_SESSION
1785770568670204175,2017-07-17 21:43:57.000,4,MULTI_SESSION
817680240606134380,2017-05-26 14:47:24.000,2,MULTI_SESSION
0220916715926164647,2017-05-05 18:17:35.000,2,MULTI_SESSION
44860406295705915,2016-12-15 03:55:54.000,2,MULTI_SESSION
7230430554273149935,2017-02-18 20:40:21.000,3,MULTI_SESSION
2386169796638986389,2017-05-08 03:08:33.000,8,MULTI_SESSION
8906637697429401120,2016-08-17 04:10:47.000,4,MULTI_SESSION
0216379390200329933,2017-01-13 19:05:09.000,5,MULTI_SESSION
7194312596693049929,2016-08-23 07:02:31.000,3,MULTI_SESSION
8641796138378982634,2017-06-01 21:13:41.000,2,MULTI_SESSION
8702022874910109751,2016-08-18 17:26:59.000,2,MULTI_SESSION
1244643584936507645,2017-03-23 04:24:53.000,2,MULTI_SESSION
9813095973388605327,2017-03-15 22:23:44.000,3,MULTI_SESSION
8708542801178892943,2017-05-06 21:00:30.000,2,MULTI_SESSION
1995912971460656574,2016-12-05 14:46:43.000,3,MULTI_SESSION
7290041530133609917,2017-03-31 02:24:03.000,2,MULTI_SESSION
4636131731638181227,2017-05-15 20:42:32.000,2,MULTI_SESSION
9720544232071502970,2017-02-23 09:45:43.000,2,MULTI_SESSION
200523063890471612,2017-01-30 01:03:20.000,4,MULTI_SESSION
2487086990379614577,2017-02-24 22:29:02.000,3,MULTI_SESSION
2049524527367859557,2016-08-19 22:21:49.000,4,MULTI_SESSION
5557717188766173327,2017-02-01 08:21:56.000,3,MULTI_SESSION
6391833308528377505,2016-08-26 18:30:51.000,2,MULTI_SESSION
0730124493043113245,2016-12-21 13:13:07.000,3,MULTI_SESSION
5921718666533314694,2017-03-17 21:40:54.000,3,MULTI_SESSION
1729629382364849141,2016-12-27 00:00:46.000,3,MULTI_SESSION
8874986476437588959,2016-10-03 00:42:42.000,3,MULTI_SESSION
8147013538583336125,2016-10-29 23:47:12.000,2,MULTI_SESSION
654120928146679431,2016-08-08 18:17:26.000,4,MULTI_SESSION
0047509547902079820,2017-01-27 19:10:15.000,3,MULTI_SESSION
6932673168120406334,2016-10-28 01:14:36.000,4,MULTI_SESSION
039400440658825933,2017-07-17 16:04:25.000,3,MULTI_SESSION
4055717475838572918,2016-08-11 20:21:35.000,5,MULTI_SESSION
4884778281436388667,2016-11-28 20:13:13.000,3,MULTI_SESSION
7426824311652962659,2017-04-10 19:40:33.000,2,MULTI_SESSION
6614589906823585713,2016-12-12 00:27:38.000,3,MULTI_SESSION
6067716449743001995,2017-03-01 20:57:00.000,3,MULTI_SESSION
9890182105631590481,2017-04-28 22:34:04.000,3,MULTI_SESSION
2794285006629832465,2016-12-14 21:25:18.000,2,MULTI_SESSION
3033366073043100694,2016-09-08 14:20:44.000,3,MULTI_SESSION
070622933908011467,2017-04-07 19:38:26.000,2,MULTI_SESSION
2083574620132385053,2016-11-09 15:01:40.000,3,MULTI_SESSION
5134534584402689966,2016-08-19 13:32:06.000,4,MULTI_SESSION
6601642553603918641,2016-09-07 22:50:05.000,3,MULTI_SESSION
4038361093830077975,2017-01-30 19:15:36.000,2,MULTI_SESSION
8838271881130575329,2016-12-21 01:10:55.000,3,MULTI_SESSION
5155886278275887447,2017-07-04 15:05:56.000,2,MULTI_SESSION
0204360574486607491,2016-12-10 23:50:36.000,2,MULTI_SESSION
1596912606849218999,2017-01-09 15:16:07.000,4,MULTI_SESSION
5059670462842291942,2016-12-07 21:29:47.000,5,MULTI_SESSION
4013506326100150914,2016-10-27 22:53:28.000,3,MULTI_SESSION
871496658333014729,2016-10-20 20:42:07.000,3,MULTI_SESSION
3452520076908363504,2017-07-11 16:08:26.000,3,MULTI_SESSION
7224140740863178929,2016-11-03 00:21:00.000,4,MULTI_SESSION
7819378251108446311,2016-12-24 19:35:28.000,4,MULTI_SESSION
1921325710867532207,2017-07-31 17:48:57.000,4,MULTI_SESSION
8007463966328729062,2017-03-01 17:36:22.000,3,MULTI_SESSION
3135132394776964687,2017-02-17 15:38:34.000,2,MULTI_SESSION
3191023303780419966,2016-12-16 20:11:19.000,5,MULTI_SESSION
9947665738712650436,2017-07-07 13:35:51.000,4,MULTI_SESSION
5106751521300969299,2017-03-22 01:27:59.000,7,MULTI_SESSION
1977361136349656353,2017-04-20 22:01:03.000,2,MULTI_SESSION
9341891163458549514,2017-05-29 18:34:22.000,3,MULTI_SESSION
7060354578698145518,2016-08-30 04:05:51.000,5,MULTI_SESSION
4293807246358895318,2017-01-19 03:09:30.000,6,MULTI_SESSION
217550297208282577,2016-12-06 01:34:21.000,4,MULTI_SESSION
6413366656495153463,2016-08-23 00:24:24.000,5,MULTI_SESSION
0205723721674321991,2017-04-29 02:40:32.000,4,MULTI_SESSION
9672097680372886188,2017-03-16 17:13:32.000,6,MULTI_SESSION
0844451650874526343,2017-03-06 06:15:30.000,4,MULTI_SESSION
6513685604083648974,2017-07-18 01:24:09.000,2,MULTI_SESSION
6007122140557180806,2016-08-25 00:36:58.000,3,MULTI_SESSION
5546793669751235607,2017-07-28 01:23:19.000,4,MULTI_SESSION
9989795984216871126,2017-02-06 23:21:46.000,5,MULTI_SESSION
9104296808650483352,2017-07-18 19:39:28.000,2,MULTI_SESSION
1774472718303082739,2017-07-18 23:33:34.000,3,MULTI_SESSION
2793662397630011318,2017-06-04 15:17:37.000,3,MULTI_SESSION
0220695720492664721,2017-02-19 16:16:24.000,4,MULTI_SESSION
0347078791302547544,2016-12-27 21:34:17.000,3,MULTI_SESSION
8695060915944619742,2016-12-17 19:14:42.000,2,MULTI_SESSION
4495063769575332986,2017-02-02 16:29:21.000,3,MULTI_SESSION
4066944765697062309,2016-12-08 07:54:29.000,4,MULTI_SESSION
0409659276768997113,2016-09-27 14:47:33.000,3,MULTI_SESSION
9037855677717484048,2017-06-14 22:54:36.000,4,MULTI_SESSION
6553002613272826451,2016-10-12 00:53:05.000,2,MULTI_SESSION
682241557361742402,2017-06-19 19:16:31.000,2,MULTI_SESSION
0045204488424585972,2017-04-07 18:51:23.000,2,MULTI_SESSION
7043818383887881308,2017-04-12 21:53:55.000,3,MULTI_SESSION
5375717438017990161,2016-09-17 18:53:46.000,3,MULTI_SESSION
0043984908262145271,2016-10-06 17:14:09.000,2,MULTI_SESSION
83055806370747628,2017-07-21 16:02:09.000,2,MULTI_SESSION
3053688223431493183,2017-04-06 17:22:41.000,6,MULTI_SESSION
7481522828290694645,2017-07-07 22:11:20.000,3,MULTI_SESSION
2664779251891985796,2017-03-19 21:57:07.000,2,MULTI_SESSION
3544551202207893963,2016-11-20 21:21:15.000,2,MULTI_SESSION
8202033545025881863,2017-03-30 20:11:12.000,2,MULTI_SESSION
0068546456225736307,2016-12-10 20:10:02.000,4,MULTI_SESSION
4193362346989786270,2016-09-08 04:37:17.000,3,MULTI_SESSION
6566774307338072036,2016-10-03 21:44:09.000,4,MULTI_SESSION
7015697575025933677,2016-12-07 02:55:37.000,2,MULTI_SESSION
8200223105926163583,2017-03-01 05:18:02.000,3,MULTI_SESSION
3747190338602183092,2017-06-13 14:22:16.000,4,MULTI_SESSION
0367699875055542808,2017-07-06 17:35:50.000,2,MULTI_SESSION
9356454171454557820,2017-04-21 15:37:53.000,5,MULTI_SESSION
8541162479552380791,2016-08-30 19:59:02.000,2,MULTI_SESSION
5561134301954215785,2017-01-17 23:48:09.000,3,MULTI_SESSION
5341165345511566974,2017-05-31 14:59:37.000,2,MULTI_SESSION
2558254017558848934,2017-05-01 20:01:44.000,2,MULTI_SESSION
6698595814877741268,2017-03-27 21:17:17.000,3,MULTI_SESSION
0190642816438085656,2016-11-03 20:27:51.000,5,MULTI_SESSION
8762203686823311307,2017-04-15 03:05:09.000,2,MULTI_SESSION
3224127593419927949,2016-11-29 02:44:04.000,2,MULTI_SESSION
8561076636641751159,2017-06-29 18:05:42.000,4,MULTI_SESSION
9798839014162565789,2016-12-15 20:56:33.000,2,MULTI_SESSION
0037518757923116572,2016-09-16 05:13:13.000,3,MULTI_SESSION
5400263759005531728,2016-09-13 23:23:03.000,3,MULTI_SESSION
4712475837504946789,2017-06-17 14:23:38.000,2,MULTI_SESSION
8855684563900497413,2017-03-02 18:24:04.000,4,MULTI_SESSION
279642541136862187,2016-09-27 19:04:22.000,3,MULTI_SESSION
0553368558009293652,2017-03-27 20:42:38.000,3,MULTI_SESSION
0873520573729672168,2016-11-17 19:05:28.000,5,MULTI_SESSION
0521283007599569568,2016-08-30 18:14:17.000,4,MULTI_SESSION
6969285856438247424,2016-12-01 02:20:47.000,3,MULTI_SESSION
9356437814803179808,2017-04-16 15:36:18.000,2,MULTI_SESSION
4583098107684907921,2016-12-21 20:12:39.000,2,MULTI_SESSION
0520662463655484321,2016-08-22 15:54:12.000,2,MULTI_SESSION
6752202398178305977,2016-08-17 20:13:08.000,3,MULTI_SESSION
2250505681169209683,2017-06-07 13:31:14.000,2,MULTI_SESSION
6965114057791256341,2016-12-13 16:26:11.000,2,MULTI_SESSION
0878293552935562825,2017-07-10 01:27:17.000,3,MULTI_SESSION
5062597525991769187,2017-04-27 18:12:20.000,2,MULTI_SESSION
2634131477723263296,2017-05-05 16:59:21.000,3,MULTI_SESSION
5803364936823786430,2016-09-29 19:21:48.000,2,MULTI_SESSION
661947368755840479,2017-01-26 19:17:00.000,4,MULTI_SESSION
9056182171688831716,2017-01-06 19:03:39.000,2,MULTI_SESSION
2530994471612598919,2016-09-28 00:06:26.000,3,MULTI_SESSION
8106371628500226206,2016-12-12 08:48:53.000,3,MULTI_SESSION
5479473979558156629,2017-03-06 02:44:54.000,2,MULTI_SESSION
0705304092514331716,2017-03-04 18:40:08.000,2,MULTI_SESSION
8131657665328866600,2017-05-30 22:09:50.000,6,MULTI_SESSION
5284289732058785015,2016-11-07 04:13:45.000,4,MULTI_SESSION
8139395515641968950,2016-10-23 04:53:47.000,4,MULTI_SESSION
6014980722805375499,2017-07-28 01:37:30.000,9,MULTI_SESSION
542333354260444568,2017-04-05 10:27:24.000,2,MULTI_SESSION
7040224635883969893,2017-03-24 20:43:10.000,4,MULTI_SESSION
6643309753401682133,2017-02-15 21:33:43.000,2,MULTI_SESSION
4402743200656460463,2016-12-30 01:03:56.000,2,MULTI_SESSION
6151192297026203838,2017-06-08 17:24:22.000,2,MULTI_SESSION
4540509568993725359,2017-07-28 21:25:01.000,2,MULTI_SESSION
2564270479700333184,2017-01-20 13:40:05.000,5,MULTI_SESSION
0617329235458001539,2017-05-17 16:02:04.000,3,MULTI_SESSION
6403591784434905219,2016-10-12 17:22:06.000,3,MULTI_SESSION
85193654581094288,2016-08-30 17:49:11.000,2,MULTI_SESSION
8596460758260544127,2016-09-08 18:10:19.000,3,MULTI_SESSION
1930306935121258634,2017-03-21 19:00:54.000,4,MULTI_SESSION
6208898110027575945,2017-06-13 15:35:58.000,3,MULTI_SESSION
0348842070964414318,2017-05-12 19:51:21.000,4,MULTI_SESSION
4955635156977445979,2017-05-19 15:49:08.000,3,MULTI_SESSION
6855059626391376341,2017-01-12 20:41:55.000,5,MULTI_SESSION
1614961404175770147,2017-04-04 01:35:37.000,2,MULTI_SESSION
5610631581931690167,2017-06-13 21:25:36.000,3,MULTI_SESSION
768998327849146700,2016-12-05 19:34:53.000,3,MULTI_SESSION
9636637171171801959,2016-11-23 17:01:37.000,2,MULTI_SESSION
3830048774168985373,2017-04-14 04:06:32.000,3,MULTI_SESSION
9162599630650052136,2017-06-06 14:20:43.000,4,MULTI_SESSION
4053729275950379466,2016-12-14 18:03:16.000,3,MULTI_SESSION
5818907015155531907,2017-01-25 16:57:57.000,3,MULTI_SESSION
3732860122805248629,2016-11-01 17:32:58.000,3,MULTI_SESSION
8885678008062348404,2017-01-02 17:51:36.000,3,MULTI_SESSION
4288975239586722821,2016-08-12 20:04:40.000,5,MULTI_SESSION
1310018827141694305,2017-03-07 20:05:54.000,4,MULTI_SESSION
4932662498284478415,2016-08-29 22:35:26.000,2,MULTI_SESSION
8816421642085267829,2016-08-15 07:04:56.000,2,MULTI_SESSION
4736517287773460951,2016-08-24 16:16:43.000,5,MULTI_SESSION
3534045181294698180,2016-11-11 23:22:53.000,2,MULTI_SESSION
2032340774982891136,2016-12-13 00:23:46.000,2,MULTI_SESSION
8870316840527472336,2016-12-14 22:29:13.000,2,MULTI_SESSION
1617666835102825483,2016-08-16 18:37:21.000,2,MULTI_SESSION
1190814633327628141,2017-07-31 23:05:32.000,3,MULTI_SESSION
7841732003589019800,2017-03-16 15:19:53.000,4,MULTI_SESSION
7227604725376239031,2017-08-01 05:23:52.000,3,MULTI_SESSION
824955529524013757,2016-11-21 19:27:12.000,3,MULTI_SESSION
4297559551664016957,2016-11-30 15:55:15.000,2,MULTI_SESSION
5764262000762138586,2017-05-10 00:53:09.000,3,MULTI_SESSION
095069773067468232,2016-11-19 23:50:35.000,2,MULTI_SESSION
7658192084720685827,2017-03-13 19:35:53.000,2,MULTI_SESSION
3024362751507085867,2017-03-13 19:43:28.000,2,MULTI_SESSION
5003419571069818890,2017-05-09 01:27:52.000,2,MULTI_SESSION
1435684047649600050,2016-12-27 18:17:00.000,2,MULTI_SESSION
054391506396728030,2017-01-23 17:53:26.000,2,MULTI_SESSION
6805387544309582877,2016-12-15 23:40:19.000,3,MULTI_SESSION
3718554657931620614,2016-12-07 20:20:33.000,2,MULTI_SESSION
7341792877185657270,2016-09-11 05:22:10.000,2,MULTI_SESSION
1021564728056895088,2017-01-14 03:03:39.000,2,MULTI_SESSION
5608024897662602499,2016-11-08 14:09:24.000,2,MULTI_SESSION
0967411898534662501,2016-09-21 02:47:04.000,2,MULTI_SESSION
895520819465154077,2017-03-29 01:38:58.000,2,MULTI_SESSION
2121255844999750374,2016-10-27 23:57:22.000,2,MULTI_SESSION
8681824816551475560,2016-11-19 18:30:03.000,2,MULTI_SESSION
7406115845826379585,2017-07-20 23:25:17.000,2,MULTI_SESSION
6467250659124993626,2016-08-15 23:54:39.000,3,MULTI_SESSION
0267986414856681204,2016-11-17 17:55:34.000,2,MULTI_SESSION
7584227374144950004,2016-12-02 23:20:03.000,2,MULTI_SESSION
5216366697860957799,2017-05-24 17:18:52.000,2,MULTI_SESSION
2623654307647595583,2016-10-10 23:31:16.000,3,MULTI_SESSION
3389857819205176144,2017-01-17 16:50:45.000,2,MULTI_SESSION
2041392925012676726,2016-09-07 18:02:53.000,4,MULTI_SESSION
3028610092281426822,2016-08-31 23:09:06.000,3,MULTI_SESSION
0843277149527855905,2017-06-01 22:05:21.000,3,MULTI_SESSION
043584487743669327,2017-06-19 20:52:36.000,4,MULTI_SESSION
6752243770204635267,2017-06-19 23:05:25.000,3,MULTI_SESSION
5852501539446782255,2017-04-12 23:49:58.000,2,MULTI_SESSION
5918411190204797913,2016-12-12 14:40:39.000,2,MULTI_SESSION
2768992120032208683,2016-09-27 23:22:21.000,5,MULTI_SESSION
068932429089394729,2017-02-20 18:56:15.000,3,MULTI_SESSION
9935876634073968558,2017-01-19 04:50:31.000,3,MULTI_SESSION
2349461252171876066,2017-03-27 23:40:12.000,2,MULTI_SESSION
798087643954247685,2016-11-04 17:51:47.000,2,MULTI_SESSION
531400332110604167,2016-12-14 20:32:58.000,2,MULTI_SESSION
7741113614366580526,2016-12-29 18:22:50.000,2,MULTI_SESSION
2923157586809674604,2017-07-07 19:06:49.000,2,MULTI_SESSION
9419904291932489665,2016-10-10 19:34:51.000,4,MULTI_SESSION
884821390104728104,2017-07-08 02:10:49.000,3,MULTI_SESSION
3453250245781882271,2016-10-09 15:20:24.000,2,MULTI_SESSION
7801380304889274913,2016-09-30 01:48:31.000,4,MULTI_SESSION
5857188717292018913,2017-01-21 00:23:00.000,3,MULTI_SESSION
3478504089708094243,2016-12-01 13:17:13.000,2,MULTI_SESSION
5541886923093040975,2016-12-19 08:45:11.000,4,MULTI_SESSION
6442597469017696977,2016-08-12 18:20:49.000,2,MULTI_SESSION
4475085991365888558,2017-01-24 21:38:40.000,2,MULTI_SESSION
1892504515910818669,2017-06-14 05:24:51.000,2,MULTI_SESSION
8844262168616364981,2016-08-01 18:49:35.000,2,MULTI_SESSION
3765491629047320813,2017-01-20 04:12:37.000,2,MULTI_SESSION
9673964860189487919,2017-07-28 21:51:29.000,2,MULTI_SESSION
354897802426513779,2017-04-11 13:12:28.000,2,MULTI_SESSION
3021223849614284256,2017-03-06 22:09:29.000,3,MULTI_SESSION
6226617329849661943,2017-04-21 12:53:23.000,3,MULTI_SESSION
3725624217662114621,2016-10-12 23:02:57.000,2,MULTI_SESSION
2396848817613598114,2017-03-04 19:45:22.000,2,MULTI_SESSION
2752688798072608210,2016-11-23 17:54:29.000,3,MULTI_SESSION
8147175075790536758,2017-05-17 03:30:21.000,3,MULTI_SESSION
3049625558336385747,2016-08-29 17:08:07.000,3,MULTI_SESSION
8443643406410739523,2017-03-16 19:56:23.000,2,MULTI_SESSION
2377197803125206851,2017-06-07 17:43:27.000,5,MULTI_SESSION
9884208408379950496,2017-01-21 05:48:19.000,2,MULTI_SESSION
3978536727138533271,2016-12-17 00:36:35.000,2,MULTI_SESSION
5466662603729331412,2017-06-30 15:27:57.000,4,MULTI_SESSION
7756944371260493270,2016-10-13 00:39:59.000,4,MULTI_SESSION
2186586081512608668,2017-04-25 19:59:52.000,2,MULTI_SESSION
4544326774395648224,2016-08-07 16:00:50.000,2,MULTI_SESSION
112305056557684257,2016-08-28 18:48:56.000,2,MULTI_SESSION
1082276625176351939,2017-02-28 05:31:54.000,2,MULTI_SESSION
9150407128657944902,2016-11-09 20:03:11.000,3,MULTI_SESSION
2390264830975639479,2017-04-09 14:59:10.000,4,MULTI_SESSION
3230704866307301165,2017-03-01 21:26:25.000,3,MULTI_SESSION
3170270941303013554,2016-10-26 17:46:20.000,2,MULTI_SESSION
3674071642665354067,2017-02-01 01:03:08.000,2,MULTI_SESSION
7750057450092176618,2017-03-13 14:45:55.000,2,MULTI_SESSION
7615721031711474348,2016-10-21 15:33:45.000,2,MULTI_SESSION
7400732262558954737,2016-12-05 01:18:54.000,2,MULTI_SESSION
5450272996112329106,2016-10-24 04:40:39.000,2,MULTI_SESSION
9673854839473677147,2017-06-07 20:26:50.000,2,MULTI_SESSION
2077293997030984346,2017-01-31 23:21:27.000,3,MULTI_SESSION
681345956743814792,2017-05-19 15:12:01.000,3,MULTI_SESSION
3500440264779811239,2016-10-13 15:31:04.000,3,MULTI_SESSION
1196381528907199220,2017-02-13 22:32:22.000,4,MULTI_SESSION
1945356518747036397,2017-05-09 20:37:14.000,3,MULTI_SESSION
224703071908989026,2016-12-03 20:08:31.000,3,MULTI_SESSION
5594550862521912148,2016-08-28 20:12:01.000,2,MULTI_SESSION
6679257213449754553,2017-04-15 14:40:46.000,4,MULTI_SESSION
877309838741280237,2016-12-13 22:20:55.000,3,MULTI_SESSION
0213313042176849782,2016-08-05 23:00:44.000,2,MULTI_SESSION
9276664078105662060,2016-09-12 18:14:30.000,3,MULTI_SESSION
743123551680199202,2016-08-26 13:05:05.000,3,MULTI_SESSION
9333802179902056601,2017-04-28 17:06:50.000,2,MULTI_SESSION
7045858976815818278,2017-04-27 18:46:01.000,2,MULTI_SESSION
5563434694269548184,2016-10-11 01:42:50.000,2,MULTI_SESSION
1875834855839567395,2016-12-31 22:41:31.000,3,MULTI_SESSION
2219304947112530029,2017-06-05 17:14:58.000,2,MULTI_SESSION
2198879349250618795,2017-01-14 02:41:34.000,3,MULTI_SESSION
3118427910929660866,2016-11-10 21:53:17.000,2,MULTI_SESSION
4957244955018681860,2016-08-19 23:10:41.000,2,MULTI_SESSION
1511861170011403483,2017-05-02 01:15:57.000,2,MULTI_SESSION
543272304721995322,2016-12-13 00:31:53.000,2,MULTI_SESSION
1882187047309796513,2017-02-08 16:27:36.000,2,MULTI_SESSION
5389664508142113724,2016-11-21 20:36:13.000,2,MULTI_SESSION
8982530500105838244,2016-08-12 20:10:42.000,3,MULTI_SESSION
5169652935694684763,2017-04-28 19:47:22.000,2,MULTI_SESSION
0757950347466502177,2016-11-17 19:20:55.000,2,MULTI_SESSION
1311003026247678016,2017-08-01 21:38:29.000,2,MULTI_SESSION
1153007452600171465,2016-11-09 04:51:29.000,4,MULTI_SESSION
4307411610497308919,2017-01-30 21:33:50.000,3,MULTI_SESSION
9905174730865679854,2017-07-21 20:50:46.000,4,MULTI_SESSION
2623046443543317941,2017-06-18 21:56:42.000,3,MULTI_SESSION
140406319378490383,2017-04-24 16:13:41.000,2,MULTI_SESSION
0248816373515809143,2016-11-08 02:46:26.000,2,MULTI_SESSION
2846265945939289063,2017-05-16 14:24:54.000,2,MULTI_SESSION
9512194866017738775,2017-04-04 18:31:34.000,3,MULTI_SESSION
2627365926426456189,2017-02-16 17:57:32.000,2,MULTI_SESSION
4633520197382116286,2017-05-15 14:36:12.000,2,MULTI_SESSION
3712222633426919820,2016-10-21 17:02:31.000,2,MULTI_SESSION
6821649352225770256,2017-01-03 16:47:59.000,2,MULTI_SESSION
0180933733703571150,2016-11-28 01:45:17.000,2,MULTI_SESSION
8108485834336096648,2017-05-16 23:24:08.000,2,MULTI_SESSION
6182337421287558737,2016-08-25 17:41:07.000,2,MULTI_SESSION
9102765564604864805,2017-06-01 20:03:19.000,2,MULTI_SESSION
8983864230494350692,2016-09-26 16:36:08.000,2,MULTI_SESSION
7574410263456433105,2017-02-28 22:18:00.000,2,MULTI_SESSION
9671728324632392297,2016-12-12 23:10:06.000,3,MULTI_SESSION
6296278045589071160,2016-12-16 22:26:29.000,3,MULTI_SESSION
0402324876089509346,2017-04-28 14:47:56.000,2,MULTI_SESSION
4140153693332318188,2017-07-25 20:48:21.000,3,MULTI_SESSION
5306602082415451052,2017-04-12 18:57:17.000,2,MULTI_SESSION
166183639311529563,2016-11-03 02:31:16.000,2,MULTI_SESSION
4334012559135160920,2016-09-27 19:44:35.000,2,MULTI_SESSION
2554023900966503641,2016-10-08 17:14:17.000,2,MULTI_SESSION
4061386306679952654,2016-08-05 00:36:39.000,3,MULTI_SESSION
2870406343834340351,2017-06-10 04:32:14.000,3,MULTI_SESSION
0199117534740864877,2017-01-06 03:17:03.000,2,MULTI_SESSION
6234607912924259841,2017-07-19 03:05:43.000,3,MULTI_SESSION
0499173638332659780,2016-12-09 18:01:24.000,2,MULTI_SESSION
1941279334540452285,2017-01-24 15:19:16.000,2,MULTI_SESSION
3229944860313764519,2016-09-30 02:46:42.000,2,MULTI_SESSION
383083436389104117,2016-11-14 17:45:52.000,2,MULTI_SESSION
5296105795874914931,2017-04-01 00:00:55.000,2,MULTI_SESSION
2548634172843791136,2016-10-18 15:12:28.000,2,MULTI_SESSION
6815234192194618942,2016-09-21 14:44:18.000,3,MULTI_SESSION
0281795238965680893,2016-08-10 17:09:43.000,2,MULTI_SESSION
5952422370450576468,2017-07-24 01:36:55.000,2,MULTI_SESSION
8960419773475040176,2017-03-09 22:29:33.000,3,MULTI_SESSION
4441729183468485984,2017-04-03 22:55:16.000,2,MULTI_SESSION
0662931673462260601,2017-05-25 17:51:11.000,2,MULTI_SESSION
7499829957338497070,2017-06-24 21:08:35.000,3,MULTI_SESSION
013937734216012052,2016-08-30 02:39:52.000,3,MULTI_SESSION
7880178108492772399,2017-07-21 20:16:04.000,2,MULTI_SESSION
7138171492799119047,2016-09-08 16:01:13.000,2,MULTI_SESSION
4774962189935177504,2016-09-22 20:40:50.000,3,MULTI_SESSION
8950892768643244752,2016-08-14 20:01:07.000,3,MULTI_SESSION
8737836949525079223,2017-05-17 01:01:03.000,2,MULTI_SESSION
4009212492683421907,2016-09-20 00:43:06.000,3,MULTI_SESSION
0092577710025173656,2016-10-17 23:00:58.000,2,MULTI_SESSION
9407411142026570431,2016-09-21 18:22:56.000,3,MULTI_SESSION
636165671438716582,2016-12-16 16:14:17.000,2,MULTI_SESSION
8851822767477687842,2016-09-01 13:52:38.000,4,MULTI_SESSION
4021608342887037417,2016-09-21 00:17:09.000,2,MULTI_SESSION
7405717600950397747,2017-01-31 03:00:16.000,2,MULTI_SESSION
2274705914368607161,2016-08-08 19:44:16.000,2,MULTI_SESSION
8889736070492596057,2017-02-02 15:08:15.000,2,MULTI_SESSION
6915949574314968921,2017-04-10 15:27:19.000,2,MULTI_SESSION
6430571014112609987,2017-05-07 17:48:33.000,2,MULTI_SESSION
5989978659494486802,2017-05-10 05:34:33.000,2,MULTI_SESSION
8555060882924384609,2017-05-30 18:29:57.000,2,MULTI_SESSION
0951979273858392158,2016-12-07 17:49:08.000,4,MULTI_SESSION
2384690472453465720,2016-09-07 02:17:54.000,2,MULTI_SESSION
2411322974724385937,2016-12-09 13:56:51.000,2,MULTI_SESSION
2969808094161834172,2016-10-14 19:25:13.000,3,MULTI_SESSION
3429044344493987799,2017-02-21 03:30:46.000,2,MULTI_SESSION
6060508924396042346,2017-04-13 14:49:37.000,2,MULTI_SESSION
8328595660449582446,2016-12-12 18:58:57.000,3,MULTI_SESSION
7757258715868835564,2017-03-12 02:31:45.000,2,MULTI_SESSION
575143870190264156,2016-12-24 19:37:16.000,2,MULTI_SESSION
8436822453341818983,2017-03-13 15:08:24.000,2,MULTI_SESSION
2380176250405742516,2017-03-09 22:10:13.000,3,MULTI_SESSION
5991536664355896877,2017-07-24 00:21:45.000,3,MULTI_SESSION
7724099657846251773,2017-07-23 02:55:05.000,2,MULTI_SESSION
2546464604912220860,2016-11-29 17:29:47.000,2,MULTI_SESSION
3399131852074077546,2017-05-23 17:08:23.000,3,MULTI_SESSION
3585725814215426484,2016-08-24 15:37:00.000,2,MULTI_SESSION
3972481072101395162,2017-07-18 01:47:19.000,3,MULTI_SESSION
2334679953234796784,2016-09-19 19:59:53.000,2,MULTI_SESSION
49628940161747998,2017-03-07 14:18:04.000,3,MULTI_SESSION
8728228319865882103,2017-03-20 07:29:55.000,2,MULTI_SESSION
2460550300835928816,2017-03-22 14:40:30.000,3,MULTI_SESSION
2405648285327447572,2017-03-16 19:59:10.000,2,MULTI_SESSION
2913538643362383211,2016-10-05 01:45:57.000,2,MULTI_SESSION
514366605460721708,2016-12-15 22:45:09.000,2,MULTI_SESSION
3738320234051643877,2016-10-23 17:49:08.000,2,MULTI_SESSION
9322809355317505593,2016-10-08 02:00:33.000,2,MULTI_SESSION
9330660893585289377,2016-08-23 15:03:17.000,2,MULTI_SESSION
4185017938606532693,2017-05-09 16:12:05.000,2,MULTI_SESSION
5217184662856598595,2016-12-18 00:53:59.000,2,MULTI_SESSION
9220356678930617046,2016-09-09 17:16:26.000,2,MULTI_SESSION
0628736701415781712,2017-01-25 05:39:33.000,2,MULTI_SESSION
3205462167547873078,2017-04-05 18:47:15.000,2,MULTI_SESSION
3471594580435227032,2017-07-05 19:34:13.000,2,MULTI_SESSION
2415085382840318427,2017-02-02 23:19:26.000,3,MULTI_SESSION
9550705733723196313,2017-05-04 18:59:36.000,2,MULTI_SESSION
1505845633682209456,2016-12-12 15:22:45.000,2,MULTI_SESSION
7757321613072475237,2016-08-09 20:52:43.000,3,MULTI_SESSION
1468765833487358103,2017-05-10 22:34:46.000,2,MULTI_SESSION
0975975497732415345,2017-05-21 00:46:40.000,2,MULTI_SESSION
990017562279683512,2017-07-06 01:28:09.000,2,MULTI_SESSION
1058991778060723026,2017-05-01 16:36:39.000,2,MULTI_SESSION
2660015528957444012,2017-02-08 17:20:55.000,2,MULTI_SESSION
4868132753873877079,2016-10-20 16:00:05.000,2,MULTI_SESSION
8726813153683135107,2017-05-02 16:22:24.000,3,MULTI_SESSION
6467955684042708036,2017-05-10 23:30:07.000,2,MULTI_SESSION
678346199445584745,2017-06-30 01:40:43.000,2,MULTI_SESSION
8277648855078565042,2017-03-07 20:51:12.000,2,MULTI_SESSION
8653846523706419375,2016-08-11 21:20:05.000,2,MULTI_SESSION
4251370728658058928,2017-06-22 21:32:40.000,2,MULTI_SESSION
8378544677792713974,2017-05-08 20:19:52.000,2,MULTI_SESSION
9590846031894656114,2016-11-24 08:00:33.000,2,MULTI_SESSION
5590743844926892757,2016-10-14 18:40:22.000,2,MULTI_SESSION
7222134693316285514,2016-12-08 06:20:18.000,2,MULTI_SESSION
266182930830968097,2016-08-18 21:49:22.000,2,MULTI_SESSION
0294093638755103061,2017-07-12 15:13:09.000,2,MULTI_SESSION
9875621296770930505,2017-05-01 20:39:01.000,2,MULTI_SESSION
5922085116209926580,2016-08-22 06:11:59.000,2,MULTI_SESSION
4051356306352109887,2017-03-14 14:26:27.000,2,MULTI_SESSION
4063594254522767136,2016-09-28 23:38:13.000,2,MULTI_SESSION
7800508396890862296,2016-09-11 03:18:47.000,3,MULTI_SESSION
8743830704801425537,2017-06-08 22:05:19.000,2,MULTI_SESSION
645993360426050019,2017-03-06 17:11:54.000,2,MULTI_SESSION
5018753410641859317,2016-12-01 02:27:42.000,2,MULTI_SESSION
3916827939116480368,2016-08-02 17:38:30.000,2,MULTI_SESSION
8326820908618038040,2016-09-07 05:03:25.000,2,MULTI_SESSION
5217030869773802032,2017-06-23 01:18:36.000,2,MULTI_SESSION
1735733574864942932,2017-02-03 22:44:36.000,2,MULTI_SESSION
8551387579355778160,2016-08-20 00:16:23.000,2,MULTI_SESSION
9303426900204805186,2017-04-19 19:21:18.000,2,MULTI_SESSION
6558070663026702303,2017-01-03 21:48:29.000,2,MULTI_SESSION
4720137602861399516,2016-10-23 15:55:10.000,2,MULTI_SESSION
9611453235665038841,2017-06-20 23:32:02.000,2,MULTI_SESSION
8879290650006947914,2016-08-29 04:17:35.000,2,MULTI_SESSION
9044068295785235529,2016-10-13 14:50:57.000,2,MULTI_SESSION
2942212781099976151,2016-12-13 16:51:15.000,2,MULTI_SESSION
3681691345354167550,2016-08-15 14:56:18.000,2,MULTI_SESSION
2022590988318962074,2016-09-01 05:24:45.000,2,MULTI_SESSION
6814131569143407041,2017-06-05 12:45:54.000,2,MULTI_SESSION
9169315450686147323,2016-08-02 16:44:00.000,2,MULTI_SESSION
134088266984701296,2016-08-18 00:13:39.000,2,MULTI_SESSION
0682695636245631382,2016-11-06 20:38:14.000,2,MULTI_SESSION
2033149648526352722,2016-12-12 04:00:24.000,2,MULTI_SESSION
4178948793864037103,2017-07-10 21:20:52.000,2,MULTI_SESSION
6777096292963112230,2017-02-09 19:37:07.000,3,MULTI_SESSION
8868569484719934197,2016-08-05 17:36:52.000,2,MULTI_SESSION
7112946707690589198,2017-01-17 16:00:11.000,3,MULTI_SESSION
2559541037359538765,2016-11-02 22:47:51.000,2,MULTI_SESSION
9677387117802304062,2016-10-10 20:40:20.000,2,MULTI_SESSION
801358685892885658,2016-08-11 02:06:37.000,2,MULTI_SESSION
9077649148974613765,2017-01-30 21:41:55.000,2,MULTI_SESSION
2024172620398136134,2017-07-01 19:32:21.000,2,MULTI_SESSION
2754641781550794681,2017-01-25 21:27:08.000,1,SINGLE_SESSION
5121504961681959274,2016-12-04 18:37:34.000,1,SINGLE_SESSION
868383912397841864,2017-01-30 14:30:29.000,1,SINGLE_SESSION
5745206935661366884,2016-10-02 13:04:43.000,1,SINGLE_SESSION
2533769468325451038,2017-07-20 03:07:38.000,1,SINGLE_SESSION
8583162603800499528,2016-11-11 16:28:34.000,1,SINGLE_SESSION
4348116835097503330,2017-06-16 14:25:38.000,1,SINGLE_SESSION
2456653518531252522,2017-02-02 03:52:51.000,1,SINGLE_SESSION
491177567878140069,2017-07-11 02:21:46.000,1,SINGLE_SESSION
4898242646829161158,2016-10-17 15:05:10.000,1,SINGLE_SESSION
3004433257206076818,2017-07-31 03:17:51.000,1,SINGLE_SESSION
3768290334696236505,2017-07-22 16:16:17.000,1,SINGLE_SESSION
02709834583138581,2016-12-16 22:58:24.000,1,SINGLE_SESSION
6236875467673822779,2016-08-15 13:20:24.000,1,SINGLE_SESSION
5683651223956848333,2016-08-06 02:13:48.000,2,MULTI_SESSION
9293223521534878892,2017-07-19 21:02:21.000,1,SINGLE_SESSION
8628020817304393126,2017-06-20 15:27:02.000,1,SINGLE_SESSION
8305324219354284523,2017-07-18 16:44:04.000,1,SINGLE_SESSION
9908750318118847909,2017-04-07 23:02:58.000,1,SINGLE_SESSION
5855788158613478931,2016-12-14 21:41:47.000,1,SINGLE_SESSION
7948789322692677362,2016-08-22 19:24:21.000,1,SINGLE_SESSION
3459203598537329972,2017-06-28 00:00:49.000,1,SINGLE_SESSION
7365317501077088080,2017-02-03 18:51:15.000,1,SINGLE_SESSION
9417971731855271040,2017-04-14 04:42:16.000,1,SINGLE_SESSION
2209030491499582546,2016-12-14 21:32:24.000,1,SINGLE_SESSION
4376657928797914165,2016-10-27 15:59:16.000,1,SINGLE_SESSION
670722016498267,2017-07-10 18:00:43.000,1,SINGLE_SESSION
4833825011669343831,2017-07-15 15:29:28.000,1,SINGLE_SESSION
4398994773380602997,2017-02-02 20:37:13.000,1,SINGLE_SESSION
2935533769478541529,2016-10-08 00:48:32.000,1,SINGLE_SESSION
3139557393320178005,2017-07-20 16:24:45.000,1,SINGLE_SESSION
1346851855808049432,2017-04-24 19:58:19.000,1,SINGLE_SESSION
4740059017723921254,2017-02-27 15:15:19.000,1,SINGLE_SESSION
7921624807402363638,2017-04-12 03:52:12.000,1,SINGLE_SESSION
5379976176141743107,2016-10-21 02:10:23.000,1,SINGLE_SESSION
2324913285497438682,2016-11-14 01:53:08.000,1,SINGLE_SESSION
8354297261063065972,2017-02-20 01:45:33.000,1,SINGLE_SESSION
6857552977266709862,2017-02-28 18:01:06.000,1,SINGLE_SESSION
6793108534147288859,2017-03-05 22:55:22.000,1,SINGLE_SESSION
9135168218457732709,2016-09-01 17:59:23.000,1,SINGLE_SESSION
6534072871355441186,2016-10-25 20:27:11.000,2,MULTI_SESSION
4163346623871537279,2017-04-05 01:18:04.000,1,SINGLE_SESSION
8936592721963873590,2017-05-21 18:13:13.000,1,SINGLE_SESSION
0383714650593435379,2017-01-23 20:27:10.000,1,SINGLE_SESSION
6353231226148856209,2016-12-17 15:33:11.000,1,SINGLE_SESSION
044206379216818403,2017-03-24 21:57:16.000,1,SINGLE_SESSION
7866911767663069733,2016-12-09 19:48:28.000,1,SINGLE_SESSION
1999795518481333408,2016-09-07 20:54:19.000,1,SINGLE_SESSION
9816766544877211790,2017-04-12 17:24:53.000,1,SINGLE_SESSION
3844963796434073356,2017-03-16 02:40:55.000,1,SINGLE_SESSION
5108174936162209147,2016-08-23 02:13:53.000,1,SINGLE_SESSION
3996687359433676152,2017-03-05 15:03:45.000,1,SINGLE_SESSION
181376187781387051,2017-05-26 14:37:25.000,1,SINGLE_SESSION
284038027711788036,2016-09-21 01:45:59.000,1,SINGLE_SESSION
7284829827483975901,2017-02-17 22:06:50.000,1,SINGLE_SESSION
3936975077018772540,2016-10-31 22:17:45.000,1,SINGLE_SESSION
2309238113635199012,2016-09-13 18:35:31.000,1,SINGLE_SESSION
2318328874963898738,2016-11-29 05:06:49.000,1,SINGLE_SESSION
2562758545519501123,2017-05-01 15:25:46.000,1,SINGLE_SESSION
9961713390620821018,2017-01-04 12:50:25.000,1,SINGLE_SESSION
971805808080928342,2017-02-02 19:26:51.000,1,SINGLE_SESSION
8949523076100520428,2016-08-02 11:38:02.000,1,SINGLE_SESSION
507378123137078709,2017-04-12 17:22:14.000,1,SINGLE_SESSION
055817731640677436,2016-12-15 17:15:04.000,1,SINGLE_SESSION
9494932638513134134,2016-08-11 19:35:01.000,1,SINGLE_SESSION
0753451278230201437,2017-05-12 19:57:40.000,1,SINGLE_SESSION
002838359588704338,2016-08-08 13:34:53.000,1,SINGLE_SESSION
1342741603893289943,2017-07-18 01:27:32.000,1,SINGLE_SESSION
3661025118116340193,2016-10-10 22:58:10.000,1,SINGLE_SESSION
8261782903617301297,2017-04-27 14:40:51.000,1,SINGLE_SESSION
3622534010088332289,2016-10-26 05:20:40.000,2,MULTI_SESSION
2951780478776331799,2016-12-10 00:07:53.000,1,SINGLE_SESSION
6036371568698072634,2017-02-26 06:24:49.000,1,SINGLE_SESSION
5367424131768491778,2017-07-07 16:37:44.000,1,SINGLE_SESSION
7018780780971706346,2017-04-07 05:09:10.000,1,SINGLE_SESSION
5817093760700950261,2016-11-29 06:31:27.000,1,SINGLE_SESSION
1872757799140819375,2017-04-03 20:18:57.000,1,SINGLE_SESSION
9313739311793455748,2016-12-16 22:25:26.000,1,SINGLE_SESSION
3126428444962673497,2017-03-25 01:17:31.000,1,SINGLE_SESSION
1447936115749284814,2017-03-08 19:06:59.000,1,SINGLE_SESSION
9162804834377040364,2017-04-23 05:10:56.000,1,SINGLE_SESSION
928980428117180710,2016-12-03 21:28:32.000,1,SINGLE_SESSION
0117006987850476291,2017-01-15 06:42:45.000,1,SINGLE_SESSION
6423525167201014646,2017-02-22 00:25:08.000,1,SINGLE_SESSION
9555741736996986439,2016-12-18 00:51:47.000,1,SINGLE_SESSION
6447811235248365489,2016-12-23 16:10:53.000,1,SINGLE_SESSION
4058547709425577675,2016-09-13 03:22:08.000,1,SINGLE_SESSION
9161805961313922627,2017-03-23 00:59:21.000,1,SINGLE_SESSION
3466966401704359323,2016-08-26 23:50:33.000,1,SINGLE_SESSION
5823529938186171963,2017-07-12 18:45:13.000,1,SINGLE_SESSION
5369119597016381899,2016-12-19 20:12:01.000,1,SINGLE_SESSION
2880561522667457576,2016-12-20 18:06:29.000,1,SINGLE_SESSION
9514997449000983414,2016-11-03 18:40:41.000,1,SINGLE_SESSION
4827442520440231767,2017-07-06 11:55:11.000,1,SINGLE_SESSION
7914594983424284090,2017-03-31 00:17:43.000,1,SINGLE_SESSION
9636457851469586874,2016-08-16 00:12:50.000,1,SINGLE_SESSION
3894780008367831845,2016-08-02 13:50:32.000,1,SINGLE_SESSION
7261302704200810675,2017-02-21 02:29:35.000,2,MULTI_SESSION
3700513565264541491,2017-05-30 20:14:39.000,1,SINGLE_SESSION
6927228741226882478,2016-09-14 18:51:09.000,1,SINGLE_SESSION
7638200261989402480,2016-11-08 22:51:28.000,1,SINGLE_SESSION
9061352849805143725,2017-04-21 23:47:48.000,1,SINGLE_SESSION
3868452252180916812,2017-05-25 23:18:15.000,1,SINGLE_SESSION
3027900979672030556,2017-07-24 14:54:50.000,1,SINGLE_SESSION
1224021848731205993,2017-06-17 01:32:00.000,1,SINGLE_SESSION
5824752657064007400,2016-11-18 00:08:19.000,1,SINGLE_SESSION
69932627935135372,2017-07-13 19:53:39.000,1,SINGLE_SESSION
1885392946834138494,2017-05-12 19:16:30.000,1,SINGLE_SESSION
8051330666155148777,2017-03-14 04:20:59.000,1,SINGLE_SESSION
646691864025431846,2016-08-19 19:46:12.000,1,SINGLE_SESSION
380899024148326784,2017-05-01 00:09:19.000,1,SINGLE_SESSION
577572983337426313,2016-11-19 00:32:52.000,3,MULTI_SESSION
5346534846866519403,2017-03-16 23:49:05.000,1,SINGLE_SESSION
2166644959604649352,2017-05-20 17:30:10.000,1,SINGLE_SESSION
885253500146739791,2016-09-30 14:34:20.000,1,SINGLE_SESSION
7213484590531142958,2017-07-11 17:16:40.000,1,SINGLE_SESSION
5945295413021078012,2017-02-13 02:56:02.000,1,SINGLE_SESSION
8207927310589023961,2017-06-12 23:14:24.000,1,SINGLE_SESSION
0952431652165663617,2016-08-12 21:37:34.000,1,SINGLE_SESSION
1661905858765979960,2017-06-21 21:21:12.000,1,SINGLE_SESSION
9392576903731388837,2016-09-26 17:19:11.000,1,SINGLE_SESSION
5646360372391287672,2017-04-27 00:05:39.000,1,SINGLE_SESSION
9858678631293882543,2016-11-09 19:48:20.000,1,SINGLE_SESSION
0863564667130884283,2017-03-28 03:33:29.000,1,SINGLE_SESSION
0579326161967924544,2017-01-19 17:17:47.000,1,SINGLE_SESSION
3546486479053564319,2016-12-29 12:50:36.000,1,SINGLE_SESSION
4905173076864671306,2016-11-21 00:58:20.000,1,SINGLE_SESSION
7618350638899925348,2016-08-29 20:36:06.000,1,SINGLE_SESSION
470917192636663681,2017-02-09 21:31:32.000,1,SINGLE_SESSION
5534685306856888112,2017-04-11 21:07:01.000,1,SINGLE_SESSION
0220293028121038519,2017-06-27 18:05:33.000,1,SINGLE_SESSION
2489008241573550048,2017-06-16 18:15:22.000,1,SINGLE_SESSION
3025392136554123127,2016-09-27 14:53:01.000,2,MULTI_SESSION
3009119663550878482,2017-05-20 16:57:15.000,1,SINGLE_SESSION
9745349280610704454,2017-07-08 15:40:02.000,1,SINGLE_SESSION
4080205023999534215,2017-04-20 20:45:10.000,1,SINGLE_SESSION
7974773514952361623,2016-11-16 11:56:58.000,1,SINGLE_SESSION
2220468726851984072,2016-12-08 23:42:48.000,1,SINGLE_SESSION
3301001176863952275,2017-01-05 06:51:14.000,1,SINGLE_SESSION
960612167859203448,2016-12-02 15:47:44.000,1,SINGLE_SESSION
5944044194057529877,2016-08-25 17:12:03.000,1,SINGLE_SESSION
5737086598744080842,2017-03-16 20:40:18.000,1,SINGLE_SESSION
6424007267871857107,2017-06-06 19:06:34.000,1,SINGLE_SESSION
8660468043927620162,2016-12-20 01:11:16.000,1,SINGLE_SESSION
8086463065346141262,2017-02-16 05:41:03.000,1,SINGLE_SESSION
3981877997953574579,2016-08-18 00:52:58.000,2,MULTI_SESSION
7215304408310414169,2017-05-01 19:23:14.000,1,SINGLE_SESSION
6152978475187911748,2017-06-07 21:34:42.000,1,SINGLE_SESSION
7736543262187152126,2017-07-07 06:01:20.000,1,SINGLE_SESSION
0200288716023252495,2017-06-03 23:58:33.000,1,SINGLE_SESSION
9783175008050479221,2016-10-08 02:49:28.000,1,SINGLE_SESSION
4931579223616729739,2017-04-08 20:51:14.000,1,SINGLE_SESSION
3865564441178018664,2017-07-08 20:43:58.000,1,SINGLE_SESSION
8570638550632009628,2017-06-06 18:24:15.000,1,SINGLE_SESSION
2252819581596939503,2016-08-20 02:28:03.000,1,SINGLE_SESSION
1845526144888947016,2017-05-01 13:50:17.000,1,SINGLE_SESSION
554728164623826608,2017-01-11 02:42:58.000,1,SINGLE_SESSION
4071242449941776840,2017-03-27 07:51:27.000,1,SINGLE_SESSION
3104964960128500385,2016-09-28 18:59:39.000,1,SINGLE_SESSION
4490616705875483786,2016-10-21 21:20:36.000,1,SINGLE_SESSION
5099121232438244157,2016-12-07 03:01:33.000,1,SINGLE_SESSION
267020882885435601,2017-05-16 18:02:47.000,1,SINGLE_SESSION
6140676203805767770,2016-08-15 15:32:10.000,1,SINGLE_SESSION
7211254729136975568,2017-06-10 04:22:59.000,1,SINGLE_SESSION
3635169555851296946,2016-12-25 21:28:57.000,1,SINGLE_SESSION
4978321449392721964,2016-08-14 17:31:11.000,1,SINGLE_SESSION
7368511822757432980,2016-10-25 16:51:27.000,1,SINGLE_SESSION
1224675976671171079,2017-02-04 18:34:05.000,1,SINGLE_SESSION
6373560301419479159,2016-11-24 00:02:02.000,1,SINGLE_SESSION
0953058409931836115,2017-04-13 22:42:36.000,1,SINGLE_SESSION
3520723582970220131,2017-02-19 06:51:10.000,1,SINGLE_SESSION
7348166856129864850,2017-05-13 17:39:29.000,1,SINGLE_SESSION
0994538457525801858,2016-12-14 15:45:41.000,1,SINGLE_SESSION
8057532275605267740,2017-04-12 15:27:06.000,1,SINGLE_SESSION
8673797451868502971,2017-06-29 00:18:06.000,1,SINGLE_SESSION
3733262874048407850,2016-08-22 02:41:30.000,1,SINGLE_SESSION
8806556614464089667,2016-09-07 20:06:22.000,1,SINGLE_SESSION
3965074137351500361,2016-10-14 04:06:20.000,2,MULTI_SESSION
7831153588410737092,2016-11-28 18:07:50.000,1,SINGLE_SESSION
1266146580677289366,2017-04-03 20:36:02.000,1,SINGLE_SESSION
0042057117403474149,2017-06-19 19:11:17.000,1,SINGLE_SESSION
0405996727678488611,2017-07-16 07:07:08.000,2,MULTI_SESSION
7788388085759905895,2017-01-09 19:35:44.000,1,SINGLE_SESSION
7483153644062928940,2016-10-01 03:58:09.000,1,SINGLE_SESSION
3598529370442133700,2016-11-30 20:27:19.000,1,SINGLE_SESSION
3861645276607352544,2016-08-12 18:41:29.000,1,SINGLE_SESSION
1486156672928256962,2016-12-10 22:57:31.000,1,SINGLE_SESSION
6572523505337160165,2016-11-05 17:19:13.000,2,MULTI_SESSION
7056870819058799369,2016-08-01 16:34:51.000,1,SINGLE_SESSION
7518393139882907658,2016-12-02 18:55:29.000,1,SINGLE_SESSION
89893008278013433,2017-03-21 22:30:31.000,1,SINGLE_SESSION
3718967472555843952,2017-06-07 18:35:53.000,1,SINGLE_SESSION
9940848760323603762,2017-06-29 00:21:19.000,1,SINGLE_SESSION
9422760889084118921,2017-05-23 01:11:09.000,1,SINGLE_SESSION
6777137724610600801,2016-12-13 05:23:37.000,1,SINGLE_SESSION
6127717104427531488,2016-12-07 13:59:53.000,1,SINGLE_SESSION
324590067455212562,2016-09-02 00:36:38.000,1,SINGLE_SESSION
4771214490771394294,2016-12-17 01:24:05.000,1,SINGLE_SESSION
3845150128833861321,2016-08-15 21:32:54.000,1,SINGLE_SESSION
4527632410179600927,2017-01-08 16:38:23.000,1,SINGLE_SESSION
7855520906498401439,2017-02-07 22:24:38.000,1,SINGLE_SESSION
0741389474680057629,2016-12-16 15:39:02.000,1,SINGLE_SESSION
0213071560453106423,2016-11-30 19:15:29.000,1,SINGLE_SESSION
6479795425232637804,2016-12-01 05:51:07.000,2,MULTI_SESSION
3101785665065663621,2017-06-23 00:34:21.000,1,SINGLE_SESSION
9523029968201478956,2016-12-04 03:16:34.000,1,SINGLE_SESSION
6702410231065530921,2017-01-21 16:22:43.000,1,SINGLE_SESSION
6505946692169032173,2016-08-26 01:13:51.000,1,SINGLE_SESSION
0808188573031707969,2017-02-13 13:48:39.000,1,SINGLE_SESSION
5590886832095311283,2017-02-07 19:44:55.000,1,SINGLE_SESSION
5740736607578990652,2016-08-22 17:13:54.000,1,SINGLE_SESSION
9988272152672987767,2016-09-22 10:30:51.000,1,SINGLE_SESSION
5888716568893996188,2017-01-25 19:54:57.000,1,SINGLE_SESSION
4943672858297748788,2017-06-13 21:11:24.000,2,MULTI_SESSION
247764274628455945,2016-10-07 17:16:47.000,1,SINGLE_SESSION
3214855097545291726,2016-10-03 19:36:29.000,1,SINGLE_SESSION
5130874190869518139,2017-05-04 18:01:31.000,1,SINGLE_SESSION
4800011549087110136,2016-10-03 13:59:02.000,1,SINGLE_SESSION
8057866608589119200,2017-03-02 19:26:38.000,1,SINGLE_SESSION
4339064982507273483,2017-07-10 22:57:32.000,1,SINGLE_SESSION
0230412258531789338,2016-12-16 21:41:04.000,1,SINGLE_SESSION
7450862049722666646,2016-12-10 18:06:04.000,1,SINGLE_SESSION
5409849086815632052,2016-11-29 17:49:01.000,1,SINGLE_SESSION
5361867695189880188,2016-10-07 19:35:19.000,1,SINGLE_SESSION
8379398938146461034,2016-12-19 23:51:59.000,2,MULTI_SESSION
8878587767550283378,2017-06-22 19:56:56.000,1,SINGLE_SESSION
5554031903314376393,2017-05-31 14:51:14.000,1,SINGLE_SESSION
9050594579750010296,2017-02-08 21:40:02.000,1,SINGLE_SESSION
7902252986541229075,2017-04-18 18:23:17.000,1,SINGLE_SESSION
8407892564585684135,2017-06-16 18:08:56.000,1,SINGLE_SESSION
036131108463384213,2017-07-13 18:23:22.000,1,SINGLE_SESSION
8944253492706794523,2016-12-01 08:33:29.000,1,SINGLE_SESSION
5233608199918824641,2017-04-29 20:56:19.000,1,SINGLE_SESSION
6932676135236054351,2017-05-18 19:16:58.000,1,SINGLE_SESSION
9028538602259911357,2017-04-27 15:51:10.000,1,SINGLE_SESSION
6397329721784535287,2017-07-14 03:25:33.000,1,SINGLE_SESSION
9596568187246807844,2017-01-30 20:53:19.000,2,MULTI_SESSION
6083228404351251290,2016-09-27 04:07:01.000,1,SINGLE_SESSION
7245767536802426368,2017-01-23 14:19:34.000,1,SINGLE_SESSION
0794644147217997845,2017-07-14 20:15:43.000,1,SINGLE_SESSION
2028483466657374508,2017-05-08 21:51:49.000,1,SINGLE_SESSION
2908993415254649761,2016-12-31 03:53:25.000,1,SINGLE_SESSION
2790290625227220214,2017-05-10 21:17:28.000,2,MULTI_SESSION
8270496199036468990,2016-11-15 02:34:30.000,1,SINGLE_SESSION
9530536315613357862,2017-07-03 22:03:42.000,1,SINGLE_SESSION
9305766004990797685,2017-02-09 22:28:01.000,1,SINGLE_SESSION
132607078854874041,2016-10-05 11:57:04.000,1,SINGLE_SESSION
4616794579619589934,2016-11-09 20:25:35.000,1,SINGLE_SESSION
1778974333351485878,2016-10-17 19:59:45.000,1,SINGLE_SESSION
0643132668463442280,2016-09-03 01:50:00.000,1,SINGLE_SESSION
3073029107181277128,2016-09-08 12:53:51.000,1,SINGLE_SESSION
8783898015767070689,2017-04-20 00:41:06.000,2,MULTI_SESSION
2944524817492930577,2016-10-31 23:00:34.000,2,MULTI_SESSION
0860221827214296811,2016-12-05 14:24:36.000,1,SINGLE_SESSION
8044382674941310486,2017-04-13 16:31:01.000,1,SINGLE_SESSION
9575170126084021202,2017-05-16 02:35:30.000,1,SINGLE_SESSION
3722870758995966573,2017-05-10 11:02:57.000,1,SINGLE_SESSION
9634718394347160889,2016-08-13 00:33:58.000,1,SINGLE_SESSION
5671688466209278718,2017-07-05 19:18:55.000,1,SINGLE_SESSION
6312194749319574796,2017-07-27 12:54:48.000,2,MULTI_SESSION
1087485533219327918,2017-05-21 15:06:06.000,1,SINGLE_SESSION
3774499329923460107,2016-09-15 01:26:01.000,1,SINGLE_SESSION
4293841073200012958,2016-09-02 22:34:11.000,1,SINGLE_SESSION
0327221397987539071,2016-10-26 01:13:50.000,1,SINGLE_SESSION
2665295585036803068,2017-03-17 15:13:54.000,1,SINGLE_SESSION
2415088680349132013,2017-03-31 23:13:14.000,1,SINGLE_SESSION
2034812653909210223,2017-07-13 07:18:47.000,1,SINGLE_SESSION
0668741043882663600,2017-07-20 03:28:33.000,2,MULTI_SESSION
4214529531728043633,2017-06-29 22:05:43.000,1,SINGLE_SESSION
7770933674059715179,2017-05-10 18:53:31.000,1,SINGLE_SESSION
2137863904587206285,2017-04-22 14:30:42.000,1,SINGLE_SESSION
5615160633552523867,2016-11-30 16:32:08.000,1,SINGLE_SESSION
6862738062437634632,2016-12-27 21:13:40.000,1,SINGLE_SESSION
5084937502712749611,2017-03-27 01:21:05.000,1,SINGLE_SESSION
353233028093637648,2017-06-12 22:52:26.000,1,SINGLE_SESSION
2061376708156621667,2016-10-07 15:51:47.000,1,SINGLE_SESSION
3138433209653230300,2017-01-21 17:13:47.000,1,SINGLE_SESSION
2097832661008966883,2017-05-05 23:58:19.000,1,SINGLE_SESSION
9138484868219723863,2016-10-10 21:24:21.000,1,SINGLE_SESSION
5314118005200949115,2017-06-20 14:04:53.000,1,SINGLE_SESSION
1023379458007501505,2017-04-04 19:44:03.000,1,SINGLE_SESSION
1406789248645938427,2017-06-15 16:58:41.000,1,SINGLE_SESSION
0255313102890306362,2016-12-17 22:20:01.000,1,SINGLE_SESSION
0433158162838188739,2016-08-16 00:00:57.000,1,SINGLE_SESSION
7793160829626238821,2017-03-29 04:37:12.000,1,SINGLE_SESSION
203503895549680791,2017-02-24 05:59:01.000,1,SINGLE_SESSION
3093617887616167968,2017-02-05 18:19:11.000,1,SINGLE_SESSION
1199286603466925741,2016-11-19 01:34:34.000,1,SINGLE_SESSION
6453115802386795978,2016-10-25 13:24:47.000,1,SINGLE_SESSION
8966130487678127924,2017-03-20 21:12:25.000,1,SINGLE_SESSION
8362006336780022993,2017-04-18 02:41:18.000,2,MULTI_SESSION
2058369199877139726,2016-10-17 05:24:24.000,2,MULTI_SESSION
0738742613780622904,2017-01-13 23:53:18.000,1,SINGLE_SESSION
9457424060742283177,2016-10-26 21:34:28.000,1,SINGLE_SESSION
9422501587775170340,2017-06-25 01:16:57.000,1,SINGLE_SESSION
1627561548063707415,2016-12-01 20:38:04.000,1,SINGLE_SESSION
8010547430526656952,2016-10-28 13:18:29.000,1,SINGLE_SESSION
1854405837570982370,2017-04-25 13:20:54.000,1,SINGLE_SESSION
4670562610066629948,2017-04-12 16:51:49.000,1,SINGLE_SESSION
5945631967596859293,2017-05-26 12:06:17.000,1,SINGLE_SESSION
577430234323994672,2017-03-20 18:18:11.000,1,SINGLE_SESSION
2584325239090818797,2017-06-18 00:32:33.000,1,SINGLE_SESSION
8099100389239339471,2017-02-04 23:06:23.000,1,SINGLE_SESSION
3098865090414414234,2017-06-09 17:34:01.000,1,SINGLE_SESSION
1704063406667441937,2017-03-23 17:22:22.000,1,SINGLE_SESSION
2847013081259459461,2017-04-18 21:41:49.000,1,SINGLE_SESSION
4957622252319100547,2017-07-07 15:07:11.000,1,SINGLE_SESSION
6671011279040141651,2016-09-09 01:19:07.000,1,SINGLE_SESSION
2283154001615690575,2016-08-10 19:17:20.000,1,SINGLE_SESSION
749967699578346374,2017-07-10 19:32:25.000,1,SINGLE_SESSION
306638466008157195,2017-05-13 17:48:18.000,1,SINGLE_SESSION
6359330005069703105,2017-06-20 19:07:03.000,1,SINGLE_SESSION
9880284115430195099,2016-11-06 22:34:36.000,1,SINGLE_SESSION
2367899770531887609,2017-01-06 19:49:18.000,1,SINGLE_SESSION
7038697118498459952,2017-03-27 23:54:07.000,1,SINGLE_SESSION
7455554400123317161,2017-07-31 18:08:27.000,1,SINGLE_SESSION
3092870845653794561,2016-11-21 13:31:07.000,2,MULTI_SESSION
4656286722064696063,2017-07-18 00:25:33.000,1,SINGLE_SESSION
3346631104336405882,2017-07-13 15:12:48.000,1,SINGLE_SESSION
2078583228250254997,2017-01-19 00:24:11.000,1,SINGLE_SESSION
5864276802180116505,2017-02-14 21:26:42.000,1,SINGLE_SESSION
9502030060369131343,2016-08-12 23:36:04.000,1,SINGLE_SESSION
7414493268899222966,2016-08-24 23:24:41.000,1,SINGLE_SESSION
4917757775261009734,2016-09-21 02:11:32.000,1,SINGLE_SESSION
28920166996312450,2016-12-15 18:28:00.000,1,SINGLE_SESSION
5587285412268223147,2017-07-05 16:26:11.000,1,SINGLE_SESSION
7009136638823244331,2016-08-26 22:05:53.000,1,SINGLE_SESSION
3792450547843431391,2017-04-20 15:25:14.000,1,SINGLE_SESSION
0835962005317531436,2016-08-22 00:49:52.000,1,SINGLE_SESSION
320170113964429981,2017-01-09 19:24:36.000,1,SINGLE_SESSION
7985347873719599013,2017-07-23 19:22:07.000,1,SINGLE_SESSION
7258292850581755504,2017-03-15 15:12:07.000,1,SINGLE_SESSION
1638541388980172603,2016-09-20 08:18:57.000,1,SINGLE_SESSION
96843987855909025,2017-07-19 14:52:37.000,1,SINGLE_SESSION
9129722426445993838,2017-04-24 03:21:37.000,1,SINGLE_SESSION
5993570178392052498,2017-05-04 14:39:43.000,1,SINGLE_SESSION
942090785617526946,2017-02-01 16:38:39.000,1,SINGLE_SESSION
6485652672428047343,2016-08-01 14:50:41.000,1,SINGLE_SESSION
2708412574760368750,2016-12-25 00:41:22.000,1,SINGLE_SESSION
443432155573447485,2016-09-11 05:01:40.000,1,SINGLE_SESSION
054635571205456448,2017-02-25 22:29:46.000,1,SINGLE_SESSION
5822916337275762217,2016-09-26 18:44:50.000,1,SINGLE_SESSION
1664525507644438639,2016-10-08 05:44:33.000,1,SINGLE_SESSION
4995899860057743088,2016-09-16 17:31:57.000,2,MULTI_SESSION
146782520456386149,2016-09-08 19:41:04.000,2,MULTI_SESSION
0859273880459089429,2017-05-21 04:43:04.000,1,SINGLE_SESSION
8203412351715832620,2017-02-22 21:49:22.000,1,SINGLE_SESSION
1439992538528236582,2016-11-23 15:16:15.000,1,SINGLE_SESSION
5454295090102918326,2016-11-26 19:53:50.000,1,SINGLE_SESSION
047507722101025881,2017-03-14 00:35:39.000,1,SINGLE_SESSION
7672124784796015338,2016-10-31 03:21:38.000,2,MULTI_SESSION
4490879733075581588,2017-02-11 17:15:15.000,1,SINGLE_SESSION
3979304025284587747,2017-03-03 22:08:59.000,1,SINGLE_SESSION
3559114892491137478,2016-11-22 03:38:52.000,1,SINGLE_SESSION
7288884165054757545,2016-11-14 17:35:11.000,1,SINGLE_SESSION
6373565169411439679,2017-07-29 04:13:57.000,1,SINGLE_SESSION
566269193391274218,2016-12-12 01:22:11.000,1,SINGLE_SESSION
2706961341001088633,2016-10-07 14:44:25.000,1,SINGLE_SESSION
2292975471852115027,2017-04-12 18:09:50.000,2,MULTI_SESSION
549380289036184273,2017-06-07 03:20:47.000,1,SINGLE_SESSION
1006586895176730194,2017-03-30 16:08:43.000,2,MULTI_SESSION
2678202602250260805,2017-05-12 11:06:02.000,1,SINGLE_SESSION
7878988161509239513,2016-12-16 02:44:19.000,1,SINGLE_SESSION
8487502385460057220,2016-10-31 15:13:48.000,1,SINGLE_SESSION
3151287811920286520,2016-12-16 18:05:22.000,1,SINGLE_SESSION
5290098351647412370,2016-09-29 20:11:33.000,1,SINGLE_SESSION
8126969642632206178,2016-10-26 20:41:24.000,1,SINGLE_SESSION
502427268661784166,2016-10-05 15:36:35.000,1,SINGLE_SESSION
0883217425810297944,2017-01-09 23:22:46.000,1,SINGLE_SESSION
5110323247811742778,2017-01-11 07:40:31.000,1,SINGLE_SESSION
2067875176335600242,2017-06-09 18:47:17.000,1,SINGLE_SESSION
9014580000597240539,2017-07-13 13:20:56.000,1,SINGLE_SESSION
4571278149582877432,2017-03-08 04:47:33.000,1,SINGLE_SESSION
6676096606002848713,2017-03-05 16:42:29.000,1,SINGLE_SESSION
4512969350538932302,2017-05-03 17:18:07.000,1,SINGLE_SESSION
196884374665560705,2017-06-09 16:22:08.000,1,SINGLE_SESSION
7063315126654210750,2017-07-14 23:12:50.000,1,SINGLE_SESSION
7727550060577166015,2016-08-22 22:21:42.000,1,SINGLE_SESSION
9362054500840831902,2016-08-12 13:19:03.000,1,SINGLE_SESSION
0235385155808315096,2017-05-24 19:11:59.000,1,SINGLE_SESSION
035660671109530802,2016-11-20 04:04:31.000,1,SINGLE_SESSION
1018592359219015183,2017-03-17 02:01:33.000,1,SINGLE_SESSION
2620101459148830872,2017-03-02 04:36:05.000,1,SINGLE_SESSION
3687546427507950071,2016-08-29 02:09:55.000,1,SINGLE_SESSION
8988983016520499025,2016-10-26 13:27:54.000,2,MULTI_SESSION
9067286853388783670,2017-04-26 19:10:45.000,2,MULTI_SESSION
3632156005952506969,2017-02-17 01:51:37.000,1,SINGLE_SESSION
9180245817688143793,2017-05-30 18:18:15.000,1,SINGLE_SESSION
6759210140407313473,2017-01-20 15:42:27.000,1,SINGLE_SESSION
3159313764830847532,2016-10-10 15:44:20.000,1,SINGLE_SESSION
8274025609481813813,2017-04-02 22:06:37.000,1,SINGLE_SESSION
8938971326129686194,2016-11-24 15:31:37.000,1,SINGLE_SESSION
3293157709434919719,2017-03-04 22:14:01.000,1,SINGLE_SESSION
5241647858965846935,2016-10-01 20:46:39.000,2,MULTI_SESSION
8420677006492094603,2017-06-09 22:11:51.000,1,SINGLE_SESSION
1468560120795000800,2016-08-01 21:00:27.000,2,MULTI_SESSION
2435876489000460634,2016-10-17 16:48:46.000,1,SINGLE_SESSION
9988700586657346958,2016-09-14 05:24:46.000,1,SINGLE_SESSION
7853124250162225215,2017-07-09 19:48:24.000,1,SINGLE_SESSION
7624531134410931401,2017-04-15 02:38:35.000,1,SINGLE_SESSION
4518628046013042037,2016-10-28 15:32:32.000,1,SINGLE_SESSION
6877000758509218039,2016-12-10 05:57:33.000,1,SINGLE_SESSION
8657427332734176422,2016-12-06 20:51:04.000,1,SINGLE_SESSION
2878705560928214760,2016-10-24 18:04:01.000,1,SINGLE_SESSION
4851816302878999610,2016-11-14 18:17:58.000,1,SINGLE_SESSION
0608132583314752466,2017-03-07 01:03:51.000,1,SINGLE_SESSION
6339056581294773242,2016-10-09 18:16:17.000,1,SINGLE_SESSION
5774394819258037002,2016-10-08 13:26:45.000,1,SINGLE_SESSION
9821966112980946101,2017-02-22 23:29:51.000,1,SINGLE_SESSION
6198640626088260901,2016-12-11 17:57:26.000,1,SINGLE_SESSION
5907509432464286775,2016-10-13 00:01:28.000,1,SINGLE_SESSION
5612437440954478769,2017-04-26 14:39:35.000,1,SINGLE_SESSION
38212114833888799,2017-06-08 17:15:22.000,1,SINGLE_SESSION
1166512440754294528,2017-03-09 22:49:32.000,1,SINGLE_SESSION
1759399397245145519,2016-09-28 14:04:04.000,1,SINGLE_SESSION
262902792123089700,2017-07-13 19:52:49.000,1,SINGLE_SESSION
7053230033742909452,2017-05-21 18:15:55.000,1,SINGLE_SESSION
6019250371266018311,2016-12-05 21:39:51.000,1,SINGLE_SESSION
0957655625649355657,2017-02-23 10:21:28.000,1,SINGLE_SESSION
4257424863358354998,2016-09-10 04:51:04.000,1,SINGLE_SESSION
4020030743095455417,2016-08-18 19:15:15.000,1,SINGLE_SESSION
91784190289128568,2017-06-22 07:53:48.000,1,SINGLE_SESSION
4310266508515206393,2017-06-16 21:52:18.000,1,SINGLE_SESSION
5404608104798275403,2016-09-19 16:29:17.000,1,SINGLE_SESSION
5789730670483285107,2017-03-01 15:55:11.000,1,SINGLE_SESSION
4232198752490006877,2017-02-22 23:17:10.000,1,SINGLE_SESSION
8292732469404938023,2016-09-18 21:43:57.000,1,SINGLE_SESSION
4719544208189358316,2016-11-29 00:33:22.000,1,SINGLE_SESSION
2760236172200850382,2016-08-24 22:28:08.000,1,SINGLE_SESSION
9632311716719827389,2016-12-16 22:49:22.000,1,SINGLE_SESSION
6356583227858655714,2017-04-06 00:04:54.000,1,SINGLE_SESSION
0953219118921998006,2016-12-08 19:03:49.000,1,SINGLE_SESSION
4068767292282197614,2017-03-08 07:19:33.000,1,SINGLE_SESSION
8168437595738289713,2017-04-18 17:47:14.000,1,SINGLE_SESSION
3774481916858545483,2017-05-22 14:08:07.000,1,SINGLE_SESSION
4697815412887719552,2017-02-14 21:39:06.000,1,SINGLE_SESSION
0685256580090504239,2016-11-29 15:18:08.000,1,SINGLE_SESSION
4319698081839959433,2017-05-30 16:55:48.000,2,MULTI_SESSION
0554420125524525961,2017-04-24 05:34:23.000,1,SINGLE_SESSION
7284107994229493297,2017-07-31 23:57:44.000,1,SINGLE_SESSION
2632736218325663963,2016-08-04 20:30:40.000,1,SINGLE_SESSION
1520477897333305865,2016-09-16 17:23:46.000,1,SINGLE_SESSION
3838877229771449755,2016-10-26 20:37:38.000,1,SINGLE_SESSION
2348681849763325965,2017-05-02 00:55:35.000,1,SINGLE_SESSION
6432276692657258286,2017-02-07 15:38:17.000,1,SINGLE_SESSION
6453870986532490896,2016-09-13 21:25:36.000,1,SINGLE_SESSION
720378073621403524,2017-08-01 16:04:28.000,1,SINGLE_SESSION
1216652918682423609,2016-11-18 10:56:18.000,1,SINGLE_SESSION
5674116106082895217,2016-09-23 06:02:27.000,1,SINGLE_SESSION
3795227502963327300,2016-12-07 02:30:16.000,1,SINGLE_SESSION
4626256438410154733,2017-07-05 22:12:43.000,1,SINGLE_SESSION
9877436521898350258,2016-11-25 20:28:11.000,1,SINGLE_SESSION
449424538549488734,2017-07-27 14:56:22.000,1,SINGLE_SESSION
4993450863033496114,2017-01-25 03:09:49.000,1,SINGLE_SESSION
6198200760309203581,2017-07-24 19:14:26.000,1,SINGLE_SESSION
3972486410352856128,2016-12-09 01:29:25.000,1,SINGLE_SESSION
1548048991240575759,2017-04-20 19:03:02.000,1,SINGLE_SESSION
3539013620174818735,2017-01-18 02:43:14.000,1,SINGLE_SESSION
0111084999408344922,2017-04-12 17:45:24.000,1,SINGLE_SESSION
5697742693830141679,2016-10-20 03:46:23.000,1,SINGLE_SESSION
3852898494139903793,2017-04-17 05:15:20.000,1,SINGLE_SESSION
9830452655516409751,2016-10-27 01:26:34.000,1,SINGLE_SESSION
4806107214651821896,2017-06-19 17:34:55.000,1,SINGLE_SESSION
3164508454485950467,2016-12-07 17:43:56.000,1,SINGLE_SESSION
8343235523660453315,2017-01-19 14:05:45.000,2,MULTI_SESSION
4736380526797408461,2016-08-09 12:14:34.000,1,SINGLE_SESSION
0409393961827380777,2017-05-20 17:50:06.000,1,SINGLE_SESSION
6026763398386298705,2017-05-30 23:58:02.000,1,SINGLE_SESSION
2076798586652430197,2016-12-17 05:19:45.000,1,SINGLE_SESSION
9076167061423470043,2017-05-19 20:16:10.000,1,SINGLE_SESSION
7898871805036704666,2017-05-16 01:48:46.000,1,SINGLE_SESSION
2908106497332627333,2017-05-03 22:37:18.000,1,SINGLE_SESSION
6726938691448452344,2017-05-03 07:08:06.000,1,SINGLE_SESSION
5179734692818299400,2016-11-08 00:27:05.000,1,SINGLE_SESSION
3640757653310999874,2016-08-17 13:36:34.000,1,SINGLE_SESSION
5954999562906219668,2016-08-26 20:42:32.000,2,MULTI_SESSION
1791403729056755993,2017-04-07 19:01:08.000,1,SINGLE_SESSION
5110128793223386663,2017-01-05 19:23:04.000,2,MULTI_SESSION
1125267073760839655,2017-04-24 21:04:00.000,1,SINGLE_SESSION
4348410205666534917,2016-08-15 19:19:07.000,2,MULTI_SESSION
0839022439615677682,2016-12-15 18:38:59.000,1,SINGLE_SESSION
5248418277725722133,2017-07-26 14:06:30.000,1,SINGLE_SESSION
3514930116747321354,2016-09-08 03:44:19.000,1,SINGLE_SESSION
5397689762316048105,2017-06-20 14:34:57.000,1,SINGLE_SESSION
8239665320308157318,2016-08-16 17:30:16.000,1,SINGLE_SESSION
5786155979691918180,2016-09-15 05:22:49.000,1,SINGLE_SESSION
995837089950996818,2017-01-12 04:21:58.000,1,SINGLE_SESSION
0272605252764469232,2016-10-05 20:41:40.000,1,SINGLE_SESSION
9171091809243293607,2017-06-28 17:37:48.000,1,SINGLE_SESSION
8386027227055813361,2016-12-18 04:34:03.000,1,SINGLE_SESSION
7518823341615485311,2016-09-21 16:25:36.000,1,SINGLE_SESSION
6011560352150256986,2017-06-29 14:14:56.000,1,SINGLE_SESSION
8277644417832306861,2017-07-26 05:33:24.000,1,SINGLE_SESSION
3755781472166364485,2017-04-06 18:57:10.000,1,SINGLE_SESSION
9447764837726982874,2016-09-07 17:45:10.000,1,SINGLE_SESSION
32417370717978320,2016-08-26 15:03:39.000,1,SINGLE_SESSION
0143946332685671919,2016-09-16 17:12:29.000,1,SINGLE_SESSION
4350546148558386158,2016-08-26 19:59:21.000,1,SINGLE_SESSION
9056455627173899052,2016-08-12 17:47:25.000,1,SINGLE_SESSION
5647890660004661516,2016-08-10 05:12:38.000,1,SINGLE_SESSION
6185798445433721880,2017-07-11 18:57:51.000,1,SINGLE_SESSION
4371806327295062454,2017-05-16 21:08:25.000,1,SINGLE_SESSION
5905965824605720787,2017-06-30 16:02:38.000,1,SINGLE_SESSION
58062449645143625,2017-03-31 22:04:17.000,1,SINGLE_SESSION
8467075594022086226,2017-02-21 03:50:04.000,1,SINGLE_SESSION
463874227731644825,2016-11-29 19:08:48.000,1,SINGLE_SESSION
0180142943692926101,2016-08-05 16:14:54.000,1,SINGLE_SESSION
3951339399019347158,2016-10-13 17:27:45.000,1,SINGLE_SESSION
4984366501121503466,2016-10-12 23:33:26.000,1,SINGLE_SESSION
7080810108082424102,2017-05-01 23:07:46.000,1,SINGLE_SESSION
9314931620201618507,2016-10-16 17:10:18.000,1,SINGLE_SESSION
8874818082863376714,2017-06-12 13:52:58.000,1,SINGLE_SESSION
6033687710864775123,2016-12-12 20:35:09.000,2,MULTI_SESSION
856763467753191376,2016-08-05 13:10:20.000,1,SINGLE_SESSION
650592587910089346,2016-11-15 17:15:03.000,2,MULTI_SESSION
7466690540565937255,2017-07-05 11:30:37.000,1,SINGLE_SESSION
5422490769973828124,2017-04-28 22:30:28.000,1,SINGLE_SESSION
6558432004095303802,2017-02-02 20:30:23.000,1,SINGLE_SESSION
0563490046617768162,2016-10-07 21:12:17.000,1,SINGLE_SESSION
5563168194966233133,2016-08-01 19:04:25.000,2,MULTI_SESSION
4796524276603786402,2016-10-06 17:15:09.000,1,SINGLE_SESSION
5371617068925994598,2017-08-01 23:50:49.000,1,SINGLE_SESSION
9658647957470838961,2017-03-22 06:01:44.000,1,SINGLE_SESSION
2829963874275041366,2017-01-09 18:36:08.000,1,SINGLE_SESSION
9785180034243040481,2016-09-27 22:28:22.000,1,SINGLE_SESSION
9636144416770522959,2016-08-18 02:43:31.000,1,SINGLE_SESSION
7093542318581071543,2017-03-13 21:56:31.000,3,MULTI_SESSION
0194729737445123123,2017-05-16 18:07:58.000,1,SINGLE_SESSION
671711254304258949,2017-06-15 21:50:51.000,1,SINGLE_SESSION
7236509216355448688,2017-05-03 20:23:18.000,1,SINGLE_SESSION
7125068043444176386,2017-07-03 22:47:06.000,1,SINGLE_SESSION
1773585151550770060,2016-12-10 19:21:49.000,1,SINGLE_SESSION
6712520540378436905,2016-09-02 21:53:53.000,1,SINGLE_SESSION
5981319719180630127,2017-04-25 01:47:47.000,1,SINGLE_SESSION
3598574588288765036,2016-08-29 14:57:14.000,1,SINGLE_SESSION
1383949428914741700,2017-07-09 04:50:04.000,1,SINGLE_SESSION
6373394558572820546,2017-07-28 03:25:19.000,1,SINGLE_SESSION
322228537289095245,2016-12-25 00:41:23.000,1,SINGLE_SESSION
1704026974933419709,2016-12-16 16:48:24.000,1,SINGLE_SESSION
9878888578038359547,2017-06-30 21:56:58.000,1,SINGLE_SESSION
1776097454835233933,2016-12-21 05:18:31.000,1,SINGLE_SESSION
4988517937139937145,2017-02-23 16:11:46.000,1,SINGLE_SESSION
1727477169866925669,2016-10-24 01:33:15.000,1,SINGLE_SESSION
589822830087218823,2017-04-28 22:30:36.000,1,SINGLE_SESSION
4489469345873839091,2017-04-28 23:10:26.000,1,SINGLE_SESSION
8201898397843285921,2017-05-19 05:47:38.000,1,SINGLE_SESSION
6136082397319101415,2017-01-21 02:06:40.000,1,SINGLE_SESSION
3305197397327371088,2017-04-29 15:30:53.000,1,SINGLE_SESSION
0032285388804234573,2017-04-25 15:35:10.000,1,SINGLE_SESSION
8004174355462183209,2017-03-21 02:47:55.000,1,SINGLE_SESSION
3743916662879082495,2017-07-26 22:46:46.000,1,SINGLE_SESSION
7323305570183193974,2016-10-24 18:36:28.000,1,SINGLE_SESSION
256705626318819929,2016-08-10 03:12:59.000,1,SINGLE_SESSION
7379985924886898163,2016-08-27 17:11:05.000,1,SINGLE_SESSION
5640250262390805538,2017-06-02 20:33:46.000,1,SINGLE_SESSION
2437255563311206815,2017-04-03 05:48:14.000,2,MULTI_SESSION
8796179874973851402,2017-02-09 23:13:42.000,1,SINGLE_SESSION
5271119113889748142,2016-12-13 16:54:42.000,1,SINGLE_SESSION
2222591960554618914,2017-04-20 17:33:11.000,1,SINGLE_SESSION
1680608096479293368,2017-06-13 00:48:16.000,1,SINGLE_SESSION
3177345827435653751,2017-04-09 04:39:51.000,1,SINGLE_SESSION
1709139009550735099,2016-10-23 16:59:09.000,1,SINGLE_SESSION
5853503812958964619,2017-07-18 00:18:04.000,1,SINGLE_SESSION
6722620376499258929,2017-03-03 03:32:19.000,1,SINGLE_SESSION
8849097332383122767,2016-10-01 18:39:40.000,1,SINGLE_SESSION
3302250057608062714,2016-11-22 01:57:17.000,1,SINGLE_SESSION
9635342124483085641,2017-03-30 13:10:12.000,1,SINGLE_SESSION
7488526074421709685,2017-04-21 13:56:30.000,2,MULTI_SESSION
0776257183737046172,2017-01-14 00:47:53.000,1,SINGLE_SESSION
93310453484553750,2016-11-08 18:41:39.000,1,SINGLE_SESSION
330070454475724462,2017-07-22 16:37:39.000,1,SINGLE_SESSION
6207808178177919930,2017-06-12 22:36:26.000,1,SINGLE_SESSION
0852801263780322,2017-06-27 20:14:49.000,1,SINGLE_SESSION
3800542336363535033,2017-05-19 20:12:49.000,1,SINGLE_SESSION
0789734153195495972,2016-08-27 19:07:38.000,1,SINGLE_SESSION
6881445110889448504,2017-06-26 15:49:30.000,1,SINGLE_SESSION
1710276641442998015,2016-10-31 00:31:33.000,1,SINGLE_SESSION
6877088021237631458,2017-02-23 16:14:24.000,1,SINGLE_SESSION
9302766158319731850,2016-08-05 20:14:13.000,1,SINGLE_SESSION
2619633492044211273,2017-05-20 14:59:36.000,2,MULTI_SESSION
2523650599141481905,2016-11-25 19:26:21.000,2,MULTI_SESSION
0733100744412065311,2016-12-11 20:33:14.000,1,SINGLE_SESSION
6970205212674699450,2017-03-28 05:44:17.000,1,SINGLE_SESSION
3206053801824518527,2016-12-15 15:14:16.000,1,SINGLE_SESSION
6168664935241929615,2016-09-26 22:48:28.000,1,SINGLE_SESSION
4430495660349859608,2016-08-22 18:03:34.000,1,SINGLE_SESSION
1206882682891516620,2017-05-01 02:32:43.000,1,SINGLE_SESSION
0156015502078053139,2016-11-28 16:13:07.000,1,SINGLE_SESSION
8720828592415489216,2017-05-04 22:10:27.000,1,SINGLE_SESSION
3803395757897344589,2017-05-30 21:22:18.000,1,SINGLE_SESSION
6999322279714294474,2017-04-23 01:26:31.000,1,SINGLE_SESSION
9699088107852986293,2016-08-25 01:23:39.000,1,SINGLE_SESSION
4267209767907289538,2016-12-13 12:58:31.000,1,SINGLE_SESSION
3820812913003047304,2017-05-09 20:38:16.000,1,SINGLE_SESSION
8615021998775763953,2017-05-12 03:04:08.000,1,SINGLE_SESSION
8473691589953838175,2016-11-17 20:07:25.000,2,MULTI_SESSION
5698598746272990860,2016-10-20 16:55:25.000,1,SINGLE_SESSION
9677097503012171995,2017-07-27 20:11:26.000,1,SINGLE_SESSION
6099980464352288562,2017-04-14 23:34:28.000,1,SINGLE_SESSION
6328683659978393200,2016-12-16 15:57:52.000,1,SINGLE_SESSION
251388402050554159,2016-08-08 21:22:23.000,1,SINGLE_SESSION
4435702753292959389,2016-11-09 05:08:12.000,1,SINGLE_SESSION
4866601788347310264,2016-12-01 05:51:33.000,1,SINGLE_SESSION
646337888671074736,2016-12-09 13:13:18.000,1,SINGLE_SESSION
8516473451212465925,2016-09-02 19:52:12.000,1,SINGLE_SESSION
3022392995706412545,2016-11-18 19:11:08.000,1,SINGLE_SESSION
6542209208399539722,2017-06-30 18:00:11.000,1,SINGLE_SESSION
1398241955715722716,2017-04-25 18:55:12.000,1,SINGLE_SESSION
9791048489281287821,2017-02-15 00:05:39.000,1,SINGLE_SESSION
087919605807565397,2016-11-30 03:56:14.000,1,SINGLE_SESSION
2174772547924417829,2016-12-19 18:56:24.000,1,SINGLE_SESSION
8637126764947849416,2017-01-05 18:48:49.000,1,SINGLE_SESSION
2127135078661762281,2017-04-07 16:08:33.000,1,SINGLE_SESSION
8410351216723895628,2017-01-06 02:43:31.000,1,SINGLE_SESSION
7267624930982767347,2017-04-26 03:30:59.000,1,SINGLE_SESSION
192269026404761198,2017-02-14 20:34:46.000,1,SINGLE_SESSION
4434546824564001977,2017-01-08 00:30:53.000,1,SINGLE_SESSION
6984760030997730219,2017-06-20 23:12:06.000,1,SINGLE_SESSION
3890449304271518800,2017-02-23 16:42:44.000,1,SINGLE_SESSION
7077546092404787998,2017-01-29 22:24:57.000,1,SINGLE_SESSION
0446307598015350028,2017-02-11 16:38:50.000,1,SINGLE_SESSION
7263427657913895507,2017-01-19 21:32:25.000,1,SINGLE_SESSION
4097726222333390216,2017-04-26 16:51:04.000,1,SINGLE_SESSION
029617802319560280,2017-05-04 20:09:40.000,1,SINGLE_SESSION
1173975954464050303,2016-11-24 04:53:53.000,1,SINGLE_SESSION
2338178303528914061,2016-12-22 16:08:17.000,14,MULTI_SESSION
3499601290584440755,2017-04-03 22:09:38.000,7,MULTI_SESSION
354039095806856279,2016-09-06 19:38:49.000,5,MULTI_SESSION
2718811501718036973,2017-06-13 21:17:47.000,8,MULTI_SESSION
626672651895030919,2016-11-15 00:44:26.000,8,MULTI_SESSION
3026368959159738546,2017-02-14 18:52:00.000,17,MULTI_SESSION
3739478431097008625,2016-10-11 16:41:10.000,6,MULTI_SESSION
0898833886828084827,2016-09-07 18:03:19.000,5,MULTI_SESSION
776884857977483664,2016-08-28 02:02:43.000,5,MULTI_SESSION
5251862372013388986,2017-06-06 04:15:07.000,10,MULTI_SESSION
3269834865385146569,2016-11-10 21:08:31.000,31,MULTI_SESSION
3598720718130713222,2017-04-03 14:51:52.000,9,MULTI_SESSION
4752092158330591703,2016-08-21 07:00:21.000,4,MULTI_SESSION
903092138107493329,2016-12-05 19:26:17.000,3,MULTI_SESSION
1005326553546138067,2017-07-28 19:38:24.000,12,MULTI_SESSION
8441639142548296911,2016-10-04 19:04:10.000,2,MULTI_SESSION
8713712358107522024,2017-02-03 01:09:59.000,6,MULTI_SESSION
0238046754537073811,2017-03-15 06:00:36.000,5,MULTI_SESSION
5421072236704434146,2016-11-11 00:03:56.000,3,MULTI_SESSION
205818826345710444,2017-01-27 02:18:25.000,6,MULTI_SESSION
4805986758316916085,2016-11-04 05:36:34.000,2,MULTI_SESSION
4646087283742071705,2016-08-04 21:09:37.000,7,MULTI_SESSION
5003448310208712255,2016-12-18 04:58:37.000,4,MULTI_SESSION
1562776623325712285,2016-09-12 15:14:30.000,9,MULTI_SESSION
3859415812077160469,2016-12-03 16:07:01.000,18,MULTI_SESSION
5054967838682156421,2017-05-23 19:47:21.000,9,MULTI_SESSION
0419611240165258862,2016-09-16 18:57:42.000,4,MULTI_SESSION
6579892662403001804,2016-12-19 19:39:02.000,15,MULTI_SESSION
1182675562893088634,2017-07-25 14:59:55.000,4,MULTI_SESSION
4586209916232697951,2016-12-03 20:17:48.000,5,MULTI_SESSION
3695951262891299439,2016-11-28 22:55:19.000,3,MULTI_SESSION
7311242886083854158,2016-11-10 23:37:22.000,9,MULTI_SESSION
7771285007340524144,2017-08-01 18:35:42.000,6,MULTI_SESSION
1254397940815590467,2016-10-11 13:48:41.000,4,MULTI_SESSION
0352394936298937026,2017-05-07 00:33:50.000,6,MULTI_SESSION
1739823917347946740,2016-09-08 17:56:41.000,19,MULTI_SESSION
9920226064713599750,2017-04-24 16:48:39.000,7,MULTI_SESSION
0909158646354924303,2017-03-07 08:00:11.000,10,MULTI_SESSION
026401348536755877,2016-10-01 00:02:01.000,8,MULTI_SESSION
2409362637274898406,2017-04-17 20:45:50.000,9,MULTI_SESSION
6172293608941431508,2016-08-13 23:07:34.000,4,MULTI_SESSION
1292918695745531394,2016-08-11 15:10:35.000,9,MULTI_SESSION
0806705536235074744,2017-03-01 13:55:18.000,2,MULTI_SESSION
9505484401754648749,2017-07-07 16:27:14.000,3,MULTI_SESSION
7404717158530100525,2017-07-28 00:36:25.000,5,MULTI_SESSION
0076529729049367813,2016-12-22 00:35:01.000,6,MULTI_SESSION
0710632165228073636,2017-06-07 19:38:22.000,8,MULTI_SESSION
2415337345055025215,2017-04-19 15:20:20.000,5,MULTI_SESSION
0175318834283875506,2017-02-03 21:25:07.000,5,MULTI_SESSION
36810350983196519,2017-04-13 20:24:11.000,5,MULTI_SESSION
4734664452187566278,2017-01-24 01:48:10.000,7,MULTI_SESSION
6051052945734595227,2016-08-05 15:16:06.000,3,MULTI_SESSION
2996218243014661996,2017-06-29 23:09:05.000,4,MULTI_SESSION
2545566579978382892,2017-05-31 20:12:22.000,2,MULTI_SESSION
5694129009662162026,2017-07-10 16:36:09.000,6,MULTI_SESSION
5366601655480145417,2016-11-07 18:32:43.000,6,MULTI_SESSION
7622628711953468889,2016-09-17 04:38:36.000,4,MULTI_SESSION
9595877689889623969,2017-05-09 02:52:46.000,8,MULTI_SESSION
1495007874575994713,2016-12-19 18:43:33.000,5,MULTI_SESSION
6516417691965742521,2017-02-10 04:08:56.000,8,MULTI_SESSION
9961396584113412108,2016-09-29 02:38:17.000,5,MULTI_SESSION
3939899383128026273,2017-06-01 00:45:12.000,3,MULTI_SESSION
7103321195030738247,2016-08-24 17:49:47.000,3,MULTI_SESSION
5805087483556745945,2016-08-30 07:00:10.000,2,MULTI_SESSION
8022178122812724446,2017-01-09 14:59:21.000,8,MULTI_SESSION
5989963282036287495,2017-05-23 21:30:18.000,5,MULTI_SESSION
6534928919321366267,2017-04-23 23:00:27.000,11,MULTI_SESSION
6328989540373870447,2016-08-23 17:21:55.000,4,MULTI_SESSION
3261813932976952112,2016-11-30 14:13:25.000,2,MULTI_SESSION
1907472176761894509,2016-08-10 13:59:28.000,4,MULTI_SESSION
6857044423045484850,2016-11-29 18:00:55.000,3,MULTI_SESSION
4164473973717598175,2016-12-15 21:30:24.000,3,MULTI_SESSION
7772930465282378163,2016-12-13 03:33:33.000,4,MULTI_SESSION
2144335436738770147,2017-07-31 18:47:13.000,3,MULTI_SESSION
2926339495422227598,2016-11-18 00:42:46.000,3,MULTI_SESSION
1258025464074687360,2017-06-08 21:06:45.000,4,MULTI_SESSION
6860585506897324641,2017-04-20 17:54:44.000,2,MULTI_SESSION
7657968382629784039,2016-12-02 18:39:31.000,7,MULTI_SESSION
6118933348572020566,2016-11-01 19:09:42.000,5,MULTI_SESSION
253454431071066526,2017-04-11 07:51:39.000,3,MULTI_SESSION
0563963070031405352,2016-09-15 15:44:17.000,16,MULTI_SESSION
738777585657711314,2016-12-20 22:14:03.000,4,MULTI_SESSION
1630629303487703081,2017-03-05 20:42:03.000,8,MULTI_SESSION
4863941202505455588,2017-02-23 22:56:17.000,3,MULTI_SESSION
7231437685885066535,2016-12-15 00:35:08.000,4,MULTI_SESSION
4022281232635226320,2017-04-14 22:30:07.000,6,MULTI_SESSION
8532069530739848157,2016-09-04 20:09:11.000,4,MULTI_SESSION
0640040708763897460,2017-07-21 21:27:16.000,4,MULTI_SESSION
856273082667959194,2017-07-28 19:40:24.000,11,MULTI_SESSION
8573628711430738315,2017-07-19 00:36:53.000,3,MULTI_SESSION
870106544594907327,2017-02-01 02:48:27.000,6,MULTI_SESSION
8906575148569160903,2017-05-30 15:24:54.000,3,MULTI_SESSION
3891707253957252733,2017-07-13 15:54:37.000,4,MULTI_SESSION
7785136914311905,2016-09-15 17:59:06.000,6,MULTI_SESSION
9733256607380770596,2017-03-28 23:05:58.000,5,MULTI_SESSION
9415829283766056542,2016-12-14 02:06:10.000,3,MULTI_SESSION
054873055567921661,2017-05-01 19:03:43.000,3,MULTI_SESSION
7761232105915490480,2017-01-05 20:21:39.000,2,MULTI_SESSION
6142588634593975998,2016-12-14 21:22:46.000,2,MULTI_SESSION
0237719183402042239,2016-09-15 14:50:56.000,3,MULTI_SESSION
5526624295443259064,2017-05-06 21:58:26.000,4,MULTI_SESSION
2507346080386513370,2016-11-14 20:05:36.000,2,MULTI_SESSION
0024314485741511650,2016-12-28 02:10:24.000,3,MULTI_SESSION
3968337484870623826,2017-01-12 03:56:18.000,3,MULTI_SESSION
7908882748835077246,2017-01-19 22:33:10.000,3,MULTI_SESSION
9748388824239957018,2016-12-19 00:05:12.000,3,MULTI_SESSION
2396255136764683002,2017-07-05 04:43:26.000,2,MULTI_SESSION
0883480197021534726,2017-06-07 16:54:26.000,2,MULTI_SESSION
2025573844272512720,2016-10-01 16:26:35.000,4,MULTI_SESSION
1177326592591599469,2016-09-19 00:21:20.000,8,MULTI_SESSION
8845818020104828876,2017-05-15 15:25:52.000,5,MULTI_SESSION
9482544472489334744,2016-12-08 18:47:28.000,5,MULTI_SESSION
1511633690597496390,2016-10-20 21:37:18.000,6,MULTI_SESSION
334730787234841354,2016-08-10 17:18:26.000,9,MULTI_SESSION
0297836806162838021,2016-10-04 14:02:09.000,8,MULTI_SESSION
5947969981378635810,2017-06-20 22:33:33.000,6,MULTI_SESSION
2384781485752007681,2017-05-03 20:00:32.000,5,MULTI_SESSION
3158455409969332495,2016-12-14 02:14:54.000,6,MULTI_SESSION
1091802616723319272,2017-03-10 19:58:59.000,7,MULTI_SESSION
3438386296748685726,2016-10-24 17:14:03.000,6,MULTI_SESSION
1998944550000750737,2016-11-01 20:10:15.000,3,MULTI_SESSION
7412384587534122484,2017-04-18 00:18:54.000,3,MULTI_SESSION
7650573166348333190,2017-07-22 21:54:46.000,5,MULTI_SESSION
4118874374266805808,2017-04-26 03:54:21.000,2,MULTI_SESSION
3865822715588380852,2016-10-31 21:19:46.000,6,MULTI_SESSION
2020115174591875878,2017-01-13 15:54:03.000,9,MULTI_SESSION
8918875846126233398,2017-01-23 19:02:34.000,10,MULTI_SESSION
9031259776223970026,2017-02-20 01:57:34.000,11,MULTI_SESSION
2523857652235025784,2017-03-16 23:14:50.000,3,MULTI_SESSION
7732090134568997347,2017-05-03 23:41:34.000,2,MULTI_SESSION
6726478899201625475,2016-12-11 16:10:07.000,4,MULTI_SESSION
2141731581139824096,2016-11-03 00:26:22.000,4,MULTI_SESSION
8013293722895490429,2017-05-01 13:57:47.000,4,MULTI_SESSION
1956307607572137989,2016-11-08 18:47:58.000,12,MULTI_SESSION
8820042908642083525,2017-05-20 01:15:47.000,3,MULTI_SESSION
6768557709167919793,2017-06-30 17:16:52.000,3,MULTI_SESSION
8482358096465271237,2017-04-27 15:40:03.000,5,MULTI_SESSION
0188308435688462855,2017-08-02 05:31:08.000,7,MULTI_SESSION
3140693833607536032,2017-07-19 18:19:41.000,3,MULTI_SESSION
6563130963865137516,2017-03-21 16:15:59.000,3,MULTI_SESSION
3825159641728698126,2016-11-29 17:50:29.000,2,MULTI_SESSION
4880074144243472885,2016-09-22 14:28:07.000,5,MULTI_SESSION
6860857645256589576,2016-08-15 22:16:30.000,6,MULTI_SESSION
6315186081993676897,2017-06-22 18:16:43.000,4,MULTI_SESSION
4560048854801219223,2017-03-24 21:37:18.000,3,MULTI_SESSION
5111739417846462247,2016-11-30 19:56:09.000,3,MULTI_SESSION
41938820295489339,2017-05-10 18:18:57.000,7,MULTI_SESSION
0199390506505564850,2017-03-30 19:26:06.000,8,MULTI_SESSION
1672614276054120363,2017-03-24 02:14:11.000,4,MULTI_SESSION
7522022248849575139,2016-12-02 19:17:50.000,2,MULTI_SESSION
6926912273313312650,2016-10-17 18:28:54.000,2,MULTI_SESSION
8611515155255472281,2017-03-13 00:37:52.000,2,MULTI_SESSION
0531829155524217247,2017-07-12 23:41:45.000,3,MULTI_SESSION
4787370740481074044,2017-07-24 05:57:49.000,2,MULTI_SESSION
3158193721801238039,2016-12-20 18:29:48.000,3,MULTI_SESSION
1637147905663688954,2016-10-06 18:57:12.000,4,MULTI_SESSION
3370010142093281141,2017-04-05 21:16:51.000,3,MULTI_SESSION
2048840372158203598,2016-11-04 19:45:58.000,2,MULTI_SESSION
2743010540143714020,2017-03-14 03:38:22.000,3,MULTI_SESSION
5453814942218700103,2017-03-22 02:43:39.000,3,MULTI_SESSION
6894660104034700303,2017-05-19 02:49:43.000,4,MULTI_SESSION
6855063825045549554,2017-05-02 19:36:04.000,2,MULTI_SESSION
5305744522650786238,2017-03-03 21:57:22.000,6,MULTI_SESSION
0790076231044119145,2016-08-29 20:39:06.000,3,MULTI_SESSION
3689862038819738204,2016-09-09 14:40:04.000,2,MULTI_SESSION
4757786080947166229,2017-05-29 18:42:38.000,3,MULTI_SESSION
0397053123672758925,2016-08-10 20:07:05.000,3,MULTI_SESSION
8477845554065299759,2016-09-20 15:22:34.000,2,MULTI_SESSION
7966445662902884206,2016-08-09 09:20:33.000,4,MULTI_SESSION
1727189977391865279,2017-05-12 23:24:09.000,2,MULTI_SESSION
9908767277612583945,2016-12-27 01:42:38.000,3,MULTI_SESSION
0352372860744696733,2017-03-04 16:33:40.000,2,MULTI_SESSION
4518093133301401749,2017-04-11 20:03:33.000,6,MULTI_SESSION
5617359298212558495,2016-12-17 23:36:33.000,3,MULTI_SESSION
8715196944012266147,2017-01-23 08:00:16.000,2,MULTI_SESSION
4569545618749569491,2017-06-21 15:03:11.000,3,MULTI_SESSION
6147396474895233852,2016-10-14 22:01:14.000,2,MULTI_SESSION
4118472468366626985,2017-05-03 01:56:47.000,3,MULTI_SESSION
8578219364291235989,2016-08-16 20:42:07.000,3,MULTI_SESSION
2109053541085110320,2016-11-30 02:34:24.000,2,MULTI_SESSION
1807168875830631146,2017-01-11 19:47:54.000,6,MULTI_SESSION
3538928341316369424,2016-12-29 21:08:17.000,3,MULTI_SESSION
6391993592802283286,2017-05-02 01:52:14.000,7,MULTI_SESSION
8841710222631357512,2016-10-07 16:21:51.000,3,MULTI_SESSION
2540160459028036466,2016-08-25 16:59:46.000,3,MULTI_SESSION
5996951375887709557,2016-10-03 13:16:00.000,4,MULTI_SESSION
0059545191328861629,2016-12-07 12:36:47.000,2,MULTI_SESSION
4531247843823782323,2017-03-16 00:21:45.000,4,MULTI_SESSION
1182594311076605554,2016-08-15 13:21:23.000,2,MULTI_SESSION
4229304203473718031,2016-08-29 15:53:18.000,3,MULTI_SESSION
4297151124311422842,2016-08-31 21:32:05.000,4,MULTI_SESSION
0833802672962058376,2016-11-14 22:57:31.000,4,MULTI_SESSION
4609567165020263168,2017-05-14 01:42:15.000,5,MULTI_SESSION
6247025136768010466,2017-05-30 21:09:53.000,3,MULTI_SESSION
4760897960136355250,2017-05-24 17:25:46.000,6,MULTI_SESSION
9079614112770240084,2016-12-13 16:32:05.000,2,MULTI_SESSION
387243570666153965,2016-10-03 02:36:25.000,2,MULTI_SESSION
5429486512675747179,2016-12-07 00:12:05.000,3,MULTI_SESSION
3408469727987156299,2016-12-01 16:35:59.000,5,MULTI_SESSION
5941605551778818754,2016-10-05 20:08:57.000,3,MULTI_SESSION
9072756856133512557,2016-12-06 22:51:48.000,3,MULTI_SESSION
2620684501904017348,2017-03-15 18:43:44.000,8,MULTI_SESSION
8191371294306245008,2016-12-14 00:45:17.000,7,MULTI_SESSION
9448751983627817237,2017-07-11 05:04:13.000,2,MULTI_SESSION
4776430236860680101,2017-01-16 08:02:09.000,3,MULTI_SESSION
4822692999413007561,2017-02-13 06:51:50.000,2,MULTI_SESSION
1541266830764459196,2017-03-15 23:03:56.000,2,MULTI_SESSION
5082310728519609149,2016-12-17 13:16:41.000,5,MULTI_SESSION
5457033415990547887,2016-08-05 14:32:22.000,4,MULTI_SESSION
0810563443947477001,2017-01-02 00:09:45.000,3,MULTI_SESSION
3602581120186705822,2017-06-20 14:00:29.000,3,MULTI_SESSION
3704081881488905199,2017-05-06 00:45:24.000,2,MULTI_SESSION
5625987302621131886,2017-03-21 18:10:36.000,2,MULTI_SESSION
374253765923087294,2017-05-15 21:04:29.000,4,MULTI_SESSION
5696607948314871944,2017-06-05 19:57:39.000,5,MULTI_SESSION
987691770768938785,2016-12-08 22:15:21.000,5,MULTI_SESSION
9164894477297734993,2016-12-29 05:27:44.000,2,MULTI_SESSION
1177826801773768072,2017-04-16 18:07:21.000,4,MULTI_SESSION
9072959041280024923,2017-05-01 23:38:09.000,9,MULTI_SESSION
0815303383277659803,2016-12-17 04:30:46.000,6,MULTI_SESSION
8003711571072690789,2017-06-01 15:23:49.000,5,MULTI_SESSION
2215681073032687184,2016-09-30 21:32:27.000,6,MULTI_SESSION
441571162186980261,2017-05-18 05:21:23.000,4,MULTI_SESSION
3883919079717671978,2017-01-23 20:53:56.000,2,MULTI_SESSION
9740683001373444377,2016-10-31 18:43:29.000,2,MULTI_SESSION
3990058424732714693,2016-12-17 00:07:36.000,3,MULTI_SESSION
9588908882266612738,2016-12-16 17:58:10.000,4,MULTI_SESSION
0442021180879108839,2017-03-06 21:17:00.000,2,MULTI_SESSION
4279722686753943026,2016-08-22 23:24:37.000,4,MULTI_SESSION
7822178141511453911,2017-04-22 22:50:55.000,3,MULTI_SESSION
0006911334202687206,2017-07-19 05:26:51.000,2,MULTI_SESSION
2668364690542030763,2017-01-24 17:27:26.000,9,MULTI_SESSION
7406663400303851481,2016-12-06 12:18:31.000,3,MULTI_SESSION
5315316047616808913,2016-12-07 00:26:14.000,3,MULTI_SESSION
1838185518562718832,2016-11-04 04:09:48.000,2,MULTI_SESSION
3593099441368037638,2017-01-06 19:08:37.000,5,MULTI_SESSION
1124125006906712847,2016-08-31 15:56:59.000,3,MULTI_SESSION
1708063999877429517,2017-04-13 20:41:35.000,3,MULTI_SESSION
7798456604809994672,2016-12-01 15:00:11.000,2,MULTI_SESSION
6942073616379910924,2017-04-17 23:02:06.000,3,MULTI_SESSION
0312555661484077014,2016-08-10 19:40:03.000,5,MULTI_SESSION
1144189395052969889,2017-03-27 14:15:25.000,3,MULTI_SESSION
569356915734606916,2016-11-30 04:23:44.000,2,MULTI_SESSION
8645618706223786939,2017-05-12 18:30:32.000,4,MULTI_SESSION
1401438949602297317,2017-06-17 19:11:53.000,3,MULTI_SESSION
6077435441708793249,2016-09-27 19:10:25.000,8,MULTI_SESSION
3189618204089250537,2017-06-06 20:09:38.000,3,MULTI_SESSION
2618320847776659905,2017-05-05 02:14:16.000,4,MULTI_SESSION
179180640146798691,2017-05-02 00:33:53.000,3,MULTI_SESSION
9241912494909831987,2017-02-15 00:06:51.000,3,MULTI_SESSION
7983896832980033675,2016-12-09 02:06:26.000,5,MULTI_SESSION
5146868229604959703,2016-11-24 19:48:34.000,4,MULTI_SESSION
1340775031836194924,2016-10-03 18:06:21.000,2,MULTI_SESSION
2371112886977263623,2016-08-12 16:43:17.000,4,MULTI_SESSION
5483011806347502134,2017-01-19 20:18:48.000,3,MULTI_SESSION
9612869627266957386,2016-12-25 03:12:26.000,2,MULTI_SESSION
562303340035925415,2016-08-08 21:37:11.000,4,MULTI_SESSION
4724343029185512316,2017-03-16 21:49:29.000,3,MULTI_SESSION
788289060362109435,2016-11-28 23:49:23.000,3,MULTI_SESSION
5506432627540376379,2017-01-07 04:42:52.000,3,MULTI_SESSION
0754276461062540121,2017-05-15 17:52:49.000,2,MULTI_SESSION
8687730117523423401,2017-04-09 00:17:43.000,2,MULTI_SESSION
0509428697410335222,2016-09-11 06:29:48.000,3,MULTI_SESSION
0812697329895229962,2016-11-16 06:15:52.000,6,MULTI_SESSION
0511506099436408879,2017-05-02 20:51:44.000,3,MULTI_SESSION
5267602855246889214,2016-12-23 19:57:45.000,4,MULTI_SESSION
4299030824455740972,2017-07-21 15:09:38.000,2,MULTI_SESSION
9190832385916027459,2016-09-22 19:14:15.000,2,MULTI_SESSION
1057078399235259309,2016-11-06 23:11:27.000,6,MULTI_SESSION
3008692530676970793,2017-05-11 04:05:39.000,4,MULTI_SESSION
397897232696727433,2017-01-05 14:50:36.000,2,MULTI_SESSION
405641263394677056,2017-05-04 19:42:39.000,4,MULTI_SESSION
349551334219637713,2016-12-09 18:27:36.000,2,MULTI_SESSION
3915503045313404486,2016-12-13 20:32:45.000,2,MULTI_SESSION
9375313974510864309,2016-11-14 18:16:50.000,2,MULTI_SESSION
8459417204266603118,2017-05-11 16:58:39.000,2,MULTI_SESSION
295938792891590357,2017-02-22 13:34:02.000,4,MULTI_SESSION
3568593840277988902,2016-08-12 22:04:25.000,4,MULTI_SESSION
4066299647455540337,2017-03-10 18:16:17.000,2,MULTI_SESSION
8471635860223602848,2017-04-28 21:55:06.000,4,MULTI_SESSION
0567114702296201573,2017-05-03 17:27:08.000,2,MULTI_SESSION
8400614529378971785,2016-11-14 18:37:36.000,2,MULTI_SESSION
6866350473487025538,2017-06-15 19:06:15.000,3,MULTI_SESSION
4845279744517849233,2017-07-18 00:34:45.000,2,MULTI_SESSION
3346636018535038432,2017-03-08 19:23:08.000,2,MULTI_SESSION
9524665728498622443,2017-05-10 02:32:50.000,2,MULTI_SESSION
92836986022494187,2017-05-05 18:57:30.000,3,MULTI_SESSION
9083435306748007208,2017-06-24 20:06:07.000,3,MULTI_SESSION
353894935573695986,2017-04-08 17:19:54.000,2,MULTI_SESSION
9963742951438650349,2016-12-04 20:40:19.000,4,MULTI_SESSION
489387095051650874,2017-03-19 21:19:23.000,4,MULTI_SESSION
959901135395206593,2016-12-14 17:03:48.000,4,MULTI_SESSION
4995924842281653133,2017-02-03 14:15:56.000,3,MULTI_SESSION
2831548695576636242,2016-11-28 16:35:37.000,2,MULTI_SESSION
601161405716299904,2017-06-07 21:20:53.000,2,MULTI_SESSION
431719229375940985,2016-09-30 11:26:52.000,3,MULTI_SESSION
1563065767696461622,2017-07-26 04:37:38.000,4,MULTI_SESSION
5592881072764401031,2017-03-13 14:27:27.000,3,MULTI_SESSION
6659013870490271686,2016-08-26 03:47:01.000,2,MULTI_SESSION
4970331206023875166,2017-05-03 18:27:49.000,2,MULTI_SESSION
3741532949101793339,2016-08-27 17:50:54.000,2,MULTI_SESSION
914489131587654698,2016-09-01 13:09:30.000,2,MULTI_SESSION
8151896772745241193,2017-05-10 20:45:52.000,3,MULTI_SESSION
8280304533450595822,2017-01-16 12:26:03.000,2,MULTI_SESSION
9037017629148514881,2017-03-24 15:14:42.000,4,MULTI_SESSION
5238123324211686136,2016-11-04 02:17:15.000,2,MULTI_SESSION
7807217189456163612,2017-01-03 17:25:32.000,2,MULTI_SESSION
3126493267998651969,2016-08-12 23:17:26.000,4,MULTI_SESSION
9924932134687067068,2016-08-28 15:06:28.000,2,MULTI_SESSION
5535500451008773788,2016-08-26 21:39:42.000,2,MULTI_SESSION
3404435547562826616,2017-01-31 20:33:55.000,7,MULTI_SESSION
0060402135554655326,2016-08-10 17:04:05.000,2,MULTI_SESSION
239011216868684634,2017-06-19 15:38:07.000,4,MULTI_SESSION
5450212768993016861,2017-01-07 01:31:16.000,4,MULTI_SESSION
3764574444957652648,2017-06-29 15:32:40.000,2,MULTI_SESSION
2199128648267411375,2017-06-19 22:36:15.000,3,MULTI_SESSION
7046459416249489564,2017-05-16 13:23:24.000,2,MULTI_SESSION
2722991619040333092,2017-05-01 05:31:37.000,2,MULTI_SESSION
8912902059525758308,2017-07-05 17:37:57.000,2,MULTI_SESSION
770343271394368802,2017-02-05 08:45:41.000,4,MULTI_SESSION
079656074413776629,2017-03-25 14:59:49.000,2,MULTI_SESSION
0611561045307562255,2017-03-10 06:08:33.000,2,MULTI_SESSION
6928599419401836682,2016-12-21 21:13:35.000,4,MULTI_SESSION
185156579195979630,2017-06-22 18:12:34.000,3,MULTI_SESSION
4380984667405798973,2017-05-18 20:50:30.000,2,MULTI_SESSION
6616892388883131353,2017-06-18 00:25:54.000,3,MULTI_SESSION
135731445166621856,2017-07-17 22:13:03.000,5,MULTI_SESSION
944470022176466998,2016-10-07 17:02:17.000,3,MULTI_SESSION
2939364130515546503,2017-04-23 20:09:25.000,2,MULTI_SESSION
8379929056656388083,2016-12-28 17:39:15.000,4,MULTI_SESSION
6589067113499479000,2017-05-03 03:40:33.000,2,MULTI_SESSION
1984127525672882092,2016-11-07 14:41:16.000,4,MULTI_SESSION
8247388453936975366,2016-08-09 20:13:01.000,3,MULTI_SESSION
3041137106242705220,2017-03-14 22:12:29.000,2,MULTI_SESSION
9849207490494234255,2017-07-17 19:50:18.000,2,MULTI_SESSION
4005605575873365444,2016-08-26 00:02:27.000,2,MULTI_SESSION
7586960751046029408,2016-09-11 14:28:44.000,4,MULTI_SESSION
9909403981445501787,2017-05-02 19:44:14.000,4,MULTI_SESSION
3582956015657288253,2016-12-24 16:06:45.000,3,MULTI_SESSION
5322647281273394500,2016-12-15 19:28:58.000,2,MULTI_SESSION
6755488962103472751,2017-02-10 16:37:57.000,5,MULTI_SESSION
1455159374538425132,2016-11-24 00:51:41.000,5,MULTI_SESSION
959439201025524582,2016-10-19 16:21:23.000,2,MULTI_SESSION
2033875104727401809,2016-09-26 20:55:23.000,2,MULTI_SESSION
0835258838123409003,2016-12-20 22:29:41.000,2,MULTI_SESSION
5555490388614150520,2017-05-24 19:05:00.000,3,MULTI_SESSION
9858575902161625282,2017-07-12 23:59:25.000,2,MULTI_SESSION
2837725284997269762,2017-07-18 02:36:24.000,3,MULTI_SESSION
562678147042735,2017-04-24 14:27:36.000,2,MULTI_SESSION
4325998729164340055,2017-03-04 17:59:13.000,2,MULTI_SESSION
650915590272619388,2017-05-05 13:54:22.000,3,MULTI_SESSION
6562556317275656403,2016-09-26 17:41:43.000,2,MULTI_SESSION
3905941547672756712,2016-09-19 22:02:58.000,2,MULTI_SESSION
9565722193439879038,2017-05-01 16:59:03.000,2,MULTI_SESSION
2345055969142696624,2017-03-13 18:40:46.000,3,MULTI_SESSION
3182046558551540109,2016-08-13 15:12:39.000,5,MULTI_SESSION
4290702706677666900,2016-11-24 19:37:38.000,4,MULTI_SESSION
997271511212133268,2017-04-05 23:11:40.000,4,MULTI_SESSION
4175712148435281354,2017-03-17 14:29:52.000,2,MULTI_SESSION
1859987569807691827,2017-03-27 05:24:24.000,4,MULTI_SESSION
9193930054101057748,2017-02-16 01:47:09.000,3,MULTI_SESSION
6475106523537460964,2016-11-14 15:13:30.000,3,MULTI_SESSION
5843493310673425771,2016-12-25 18:11:07.000,2,MULTI_SESSION
0200858359127299953,2016-12-02 01:28:30.000,3,MULTI_SESSION
472388433264551158,2016-09-08 16:15:04.000,3,MULTI_SESSION
3438471796886087,2017-03-22 02:03:33.000,3,MULTI_SESSION
7131006808160305551,2016-11-17 00:01:04.000,2,MULTI_SESSION
5820498420449602355,2017-06-23 23:24:24.000,2,MULTI_SESSION
0305113785839637634,2016-08-09 19:03:30.000,3,MULTI_SESSION
9263852900501117129,2017-07-19 11:06:38.000,2,MULTI_SESSION
5125176279953727601,2017-02-23 00:45:01.000,3,MULTI_SESSION
2773403605706356104,2016-11-04 21:42:35.000,4,MULTI_SESSION
0354852234744200549,2016-09-19 00:38:34.000,2,MULTI_SESSION
8946514554986669717,2017-01-26 15:59:44.000,2,MULTI_SESSION
1465921528988606892,2017-07-16 21:06:53.000,2,MULTI_SESSION
3474268755825175033,2017-02-17 22:50:02.000,2,MULTI_SESSION
9606909032279164243,2017-04-04 16:04:27.000,2,MULTI_SESSION
5415003861533964374,2016-08-27 19:26:24.000,4,MULTI_SESSION
428377751227330617,2017-04-17 18:18:29.000,2,MULTI_SESSION
316636715154446720,2016-09-19 22:18:13.000,4,MULTI_SESSION
4246596103361426339,2016-12-15 17:28:09.000,2,MULTI_SESSION
6331108098497207662,2016-11-04 17:33:15.000,3,MULTI_SESSION
4545496229316622796,2016-11-03 19:57:08.000,2,MULTI_SESSION
527903113421923907,2017-01-31 19:32:49.000,2,MULTI_SESSION
6561335265655404482,2016-09-09 13:33:13.000,3,MULTI_SESSION
0143782636543876435,2017-07-22 21:40:40.000,3,MULTI_SESSION
1832154460054501004,2016-09-09 21:02:38.000,3,MULTI_SESSION
0166887489328887096,2016-11-28 19:39:57.000,2,MULTI_SESSION
04868452367846670,2016-08-16 01:32:16.000,2,MULTI_SESSION
1754913906837979962,2016-12-16 23:22:30.000,2,MULTI_SESSION
6895246311530693138,2016-12-12 19:30:08.000,2,MULTI_SESSION
057074893306125434,2017-02-24 22:39:26.000,2,MULTI_SESSION
5525066459488946618,2016-08-25 18:37:47.000,2,MULTI_SESSION
7232068354296514443,2017-05-10 01:04:56.000,2,MULTI_SESSION
6586739058236606680,2017-07-04 02:42:44.000,2,MULTI_SESSION
1921879989553252986,2016-11-05 18:46:42.000,2,MULTI_SESSION
9321992357308939253,2017-03-17 08:13:39.000,3,MULTI_SESSION
20941213751022444,2017-05-08 04:21:02.000,3,MULTI_SESSION
8017036388062220760,2016-11-21 13:46:10.000,2,MULTI_SESSION
5338696842809908912,2016-10-17 18:45:08.000,2,MULTI_SESSION
3570284952484252371,2016-12-29 03:11:17.000,2,MULTI_SESSION
3529021574881130911,2017-03-10 08:13:59.000,3,MULTI_SESSION
7767487111812238597,2017-04-27 19:48:22.000,2,MULTI_SESSION
0853682097133967435,2017-07-28 21:55:36.000,2,MULTI_SESSION
9469223284221868281,2016-12-12 05:55:06.000,4,MULTI_SESSION
7477634267430924328,2017-05-04 04:13:32.000,5,MULTI_SESSION
5429642908355908578,2017-06-13 19:58:35.000,2,MULTI_SESSION
2169536133056413010,2016-12-15 22:55:12.000,2,MULTI_SESSION
5913351362250522347,2016-09-16 20:09:29.000,2,MULTI_SESSION
4519532330271293397,2016-11-29 01:02:15.000,4,MULTI_SESSION
7804796494256061450,2017-01-10 05:20:49.000,3,MULTI_SESSION
8166898430517779079,2016-10-03 01:45:39.000,3,MULTI_SESSION
2567845597403175536,2017-02-14 21:35:59.000,2,MULTI_SESSION
0898161291686965750,2017-03-07 20:53:48.000,2,MULTI_SESSION
9696420302967750807,2017-04-24 17:17:29.000,3,MULTI_SESSION
4127513140005445280,2017-06-23 11:55:12.000,3,MULTI_SESSION
2400006764612323294,2017-04-12 00:19:24.000,5,MULTI_SESSION
163910434575936100,2017-07-18 01:34:29.000,3,MULTI_SESSION
7836922432734266850,2017-05-17 01:29:32.000,2,MULTI_SESSION
086102919761743448,2017-05-24 23:24:43.000,2,MULTI_SESSION
8439747176401083617,2016-10-26 19:56:18.000,4,MULTI_SESSION
5879189305349392222,2016-12-03 19:11:35.000,2,MULTI_SESSION
438120303152930309,2016-11-22 18:57:25.000,3,MULTI_SESSION
6114058058158065856,2016-09-21 18:42:46.000,2,MULTI_SESSION
0676766064405033146,2016-11-24 18:18:59.000,2,MULTI_SESSION
2440247376986125183,2017-05-30 16:54:50.000,2,MULTI_SESSION
5544703101015232605,2016-12-15 19:06:17.000,4,MULTI_SESSION
7370307513460988,2017-04-25 17:28:24.000,3,MULTI_SESSION
4260129132154097031,2017-05-26 14:23:28.000,5,MULTI_SESSION
3763611934787349856,2016-09-22 02:44:43.000,4,MULTI_SESSION
9427363159955336757,2017-01-29 23:24:38.000,2,MULTI_SESSION
79204932396995037,2017-06-14 11:39:13.000,4,MULTI_SESSION
454845221896711463,2017-07-06 16:04:00.000,2,MULTI_SESSION
2603582189520418632,2017-05-03 21:58:33.000,2,MULTI_SESSION
9476348446859765776,2017-03-15 14:53:28.000,6,MULTI_SESSION
0003961110741104601,2017-05-22 04:01:22.000,2,MULTI_SESSION
438293355702649619,2016-10-13 21:19:38.000,2,MULTI_SESSION
3322842320727852756,2017-04-10 18:48:28.000,2,MULTI_SESSION
8624185886173345427,2017-07-27 15:05:29.000,3,MULTI_SESSION
3657728344837138607,2017-02-21 03:19:40.000,2,MULTI_SESSION
7563365488424319047,2016-10-17 20:34:42.000,2,MULTI_SESSION
1170870521562725854,2017-03-29 01:53:39.000,4,MULTI_SESSION
1442612237985610717,2017-07-12 16:21:10.000,2,MULTI_SESSION
8748821386798757066,2016-09-06 17:58:05.000,2,MULTI_SESSION
3003781131878505230,2017-05-04 02:28:42.000,2,MULTI_SESSION
1065722595338308305,2016-09-10 03:09:10.000,2,MULTI_SESSION
2756352383546949156,2016-09-28 15:38:27.000,3,MULTI_SESSION
633090494027651510,2017-06-10 18:46:59.000,2,MULTI_SESSION
4968114239490264193,2017-05-03 15:16:09.000,2,MULTI_SESSION
4119784958324215138,2017-06-07 15:48:27.000,2,MULTI_SESSION
287041233238865864,2016-12-22 22:49:17.000,3,MULTI_SESSION
169374166787808619,2016-09-29 03:11:34.000,2,MULTI_SESSION
1011710893892785431,2016-11-17 14:12:37.000,4,MULTI_SESSION
4286676770640078553,2016-11-11 19:25:51.000,2,MULTI_SESSION
9758237602406121028,2016-11-07 02:37:44.000,2,MULTI_SESSION
7886613135451853273,2016-12-09 03:54:38.000,2,MULTI_SESSION
632796253738106478,2017-04-25 19:06:18.000,2,MULTI_SESSION
1026027148817239709,2016-10-02 21:56:36.000,3,MULTI_SESSION
9418009854931436193,2017-04-29 02:29:57.000,2,MULTI_SESSION
6914629838067650341,2017-02-11 21:42:35.000,2,MULTI_SESSION
0018386080117189534,2017-03-09 03:01:31.000,2,MULTI_SESSION
0015950283479889703,2017-02-26 22:35:50.000,4,MULTI_SESSION
4901167500019826035,2017-07-19 07:18:52.000,3,MULTI_SESSION
6775926571390989746,2017-07-16 05:13:21.000,2,MULTI_SESSION
0170940722150121590,2016-12-10 20:12:34.000,2,MULTI_SESSION
5066382323992610838,2017-06-23 03:29:23.000,2,MULTI_SESSION
9433643728318784543,2017-02-01 01:56:42.000,2,MULTI_SESSION
5456592734532030332,2017-01-31 03:40:58.000,2,MULTI_SESSION
3222397438054412081,2016-11-19 23:11:20.000,2,MULTI_SESSION
5328385563084211127,2017-07-23 00:28:48.000,2,MULTI_SESSION
8930278305459563871,2017-05-21 18:11:05.000,2,MULTI_SESSION
9053359699050904883,2017-03-28 06:39:42.000,2,MULTI_SESSION
5791622267997002,2016-08-31 22:17:00.000,2,MULTI_SESSION
5862903247995019263,2017-06-29 17:18:22.000,3,MULTI_SESSION
4221744879183024662,2016-08-29 20:35:13.000,2,MULTI_SESSION
0038111265827681261,2016-10-14 18:12:22.000,2,MULTI_SESSION
2796226620923398170,2016-09-22 14:42:00.000,2,MULTI_SESSION
557041874411922739,2017-06-01 23:19:28.000,2,MULTI_SESSION
9917525450459164301,2017-03-22 22:15:24.000,2,MULTI_SESSION
817889198360028730,2017-02-28 18:50:12.000,2,MULTI_SESSION
7282705298132684237,2017-02-19 00:23:29.000,2,MULTI_SESSION
7861268750444370687,2017-01-22 03:43:27.000,2,MULTI_SESSION
6283843372660979164,2016-09-06 17:31:31.000,4,MULTI_SESSION
1238921085129292496,2016-11-27 02:53:48.000,2,MULTI_SESSION
9338374006954760146,2016-12-01 12:34:32.000,2,MULTI_SESSION
2920116282116200226,2016-08-26 19:19:47.000,2,MULTI_SESSION
3842974205360520287,2016-08-06 08:23:55.000,5,MULTI_SESSION
4601287963367214394,2016-10-10 22:46:54.000,3,MULTI_SESSION
3503177740835852213,2016-10-03 22:28:37.000,2,MULTI_SESSION
5260253601763943122,2017-05-16 18:53:08.000,2,MULTI_SESSION
7122506252281971882,2017-04-27 22:14:43.000,2,MULTI_SESSION
8347411219100561915,2016-08-12 23:19:29.000,2,MULTI_SESSION
277995947055991027,2017-01-05 13:23:37.000,3,MULTI_SESSION
2583138417986718337,2016-11-19 15:42:39.000,2,MULTI_SESSION
9935363478089463685,2016-12-09 10:57:28.000,2,MULTI_SESSION
3339969886638037862,2016-08-31 15:32:19.000,3,MULTI_SESSION
4034510370290015321,2017-07-05 19:30:32.000,2,MULTI_SESSION
4617679704597084257,2016-08-12 22:04:47.000,2,MULTI_SESSION
2702625863287953735,2017-06-06 01:48:17.000,2,MULTI_SESSION
4812134061600310624,2016-09-13 00:16:31.000,2,MULTI_SESSION
096138798737237315,2016-10-13 20:17:15.000,3,MULTI_SESSION
4640309372934566564,2017-07-21 18:46:40.000,3,MULTI_SESSION
6642860833043298836,2016-10-04 20:40:39.000,2,MULTI_SESSION
2224647012482768060,2016-12-18 19:34:33.000,2,MULTI_SESSION
67046950690742012,2016-10-06 15:15:20.000,3,MULTI_SESSION
0396718069117936487,2017-07-22 15:50:29.000,3,MULTI_SESSION
2616271879571385041,2017-07-29 02:26:02.000,3,MULTI_SESSION
0036417634769000138,2016-09-30 04:19:04.000,2,MULTI_SESSION
8574251866665511168,2016-11-30 14:32:23.000,3,MULTI_SESSION
2527677375017653674,2017-07-18 18:50:53.000,2,MULTI_SESSION
3732823678511009325,2016-10-29 01:32:43.000,2,MULTI_SESSION
7626451325930281264,2017-03-20 14:35:19.000,2,MULTI_SESSION
057601461431341521,2016-08-04 19:53:12.000,4,MULTI_SESSION
5470058724579220258,2017-07-16 21:54:54.000,2,MULTI_SESSION
4619500155076123195,2017-05-26 21:56:16.000,2,MULTI_SESSION
4660460246407615039,2017-01-30 17:35:57.000,2,MULTI_SESSION
4123860234327657457,2017-01-04 19:48:33.000,2,MULTI_SESSION
7010905385006464130,2016-10-19 18:13:14.000,2,MULTI_SESSION
9740627261104812573,2017-07-20 23:00:35.000,2,MULTI_SESSION
299679623448520578,2017-05-17 13:19:20.000,3,MULTI_SESSION
3858877675940046816,2017-06-24 23:13:10.000,3,MULTI_SESSION
2080439773261622224,2016-08-30 15:46:25.000,2,MULTI_SESSION
6476783278979674523,2016-08-17 00:35:30.000,2,MULTI_SESSION
8389155277807224818,2016-11-29 22:50:04.000,3,MULTI_SESSION
8718443071348965186,2017-07-17 18:54:11.000,2,MULTI_SESSION
0556556488234585145,2017-04-10 19:43:38.000,2,MULTI_SESSION
9556948295824706209,2017-05-21 03:32:19.000,2,MULTI_SESSION
1922536845404331112,2016-12-12 22:58:02.000,2,MULTI_SESSION
9493494763769975479,2016-08-27 23:45:25.000,2,MULTI_SESSION
032685444859747984,2017-01-26 00:08:02.000,3,MULTI_SESSION
6297315177129333197,2016-12-12 13:37:43.000,2,MULTI_SESSION
3741029495705540856,2017-06-14 18:22:02.000,2,MULTI_SESSION
186231215995844689,2017-07-31 18:22:54.000,3,MULTI_SESSION
7671147450962713082,2017-05-08 17:06:39.000,6,MULTI_SESSION
6768770758966882890,2017-03-08 02:19:48.000,2,MULTI_SESSION
0159273579432738537,2016-08-16 00:08:49.000,3,MULTI_SESSION
8521734765148999907,2016-09-02 02:25:41.000,2,MULTI_SESSION
987095605185435799,2017-02-20 23:15:27.000,2,MULTI_SESSION
881166026873081385,2017-04-11 18:13:15.000,2,MULTI_SESSION
0380297679354627080,2017-04-16 18:14:10.000,2,MULTI_SESSION
4166421942719145577,2017-01-31 17:52:59.000,2,MULTI_SESSION
1637834892997291095,2016-08-12 20:16:11.000,2,MULTI_SESSION
3802905913750930180,2016-10-26 14:19:54.000,2,MULTI_SESSION
69563023975860043,2016-10-20 22:54:27.000,2,MULTI_SESSION
6150828289125902444,2017-06-16 18:20:05.000,2,MULTI_SESSION
8274321599109591674,2017-03-23 17:59:35.000,2,MULTI_SESSION
4621936357749469927,2016-08-16 23:04:05.000,2,MULTI_SESSION
3847010446682215352,2017-06-15 13:24:58.000,2,MULTI_SESSION
1210036509049986390,2017-07-13 14:34:41.000,2,MULTI_SESSION
4904345009175675441,2016-08-19 22:47:00.000,2,MULTI_SESSION
169337349809177349,2017-07-06 14:00:31.000,2,MULTI_SESSION
1924994271392732198,2016-09-23 16:44:37.000,2,MULTI_SESSION
9665457273951170213,2017-06-12 17:27:24.000,2,MULTI_SESSION
5222227778576702992,2016-12-04 00:47:15.000,2,MULTI_SESSION
9732382276114221984,2017-04-21 16:37:22.000,2,MULTI_SESSION
9305224849656676534,2017-07-21 17:12:32.000,2,MULTI_SESSION
8744897619448167360,2017-06-13 15:30:58.000,2,MULTI_SESSION
8863954266845477277,2017-06-11 18:53:48.000,2,MULTI_SESSION
4073209630928256180,2017-07-25 03:16:05.000,2,MULTI_SESSION
6189798713014161370,2017-03-08 03:29:45.000,2,MULTI_SESSION
7649024864165957461,2016-12-23 19:48:02.000,2,MULTI_SESSION
1364943586489032731,2017-05-23 15:30:36.000,2,MULTI_SESSION
6954387213546558639,2017-02-03 20:19:01.000,2,MULTI_SESSION
9075997958759576862,2016-08-28 16:00:00.000,2,MULTI_SESSION
7103110735556041594,2017-05-12 16:15:03.000,2,MULTI_SESSION
3257459878780605999,2017-06-28 03:12:41.000,3,MULTI_SESSION
3822207688294082684,2017-07-18 11:13:59.000,2,MULTI_SESSION
1655430627864078480,2017-02-22 10:39:49.000,2,MULTI_SESSION
8730049851613891578,2017-02-09 17:03:47.000,2,MULTI_SESSION
3252602877117379170,2016-09-09 21:39:19.000,2,MULTI_SESSION
1754237628873479248,2017-05-25 21:49:25.000,2,MULTI_SESSION
6721635105403068573,2016-08-16 20:07:01.000,2,MULTI_SESSION
4743363472657714234,2016-12-26 04:20:18.000,2,MULTI_SESSION
0430335774937069840,2016-08-24 21:46:32.000,2,MULTI_SESSION
5263059809967138936,2017-02-21 16:10:38.000,2,MULTI_SESSION
477994560911860676,2016-10-26 21:45:54.000,2,MULTI_SESSION
4672677457109865399,2016-10-07 00:34:33.000,2,MULTI_SESSION
1891695043841609231,2016-08-15 01:51:18.000,2,MULTI_SESSION
5246872524436020591,2016-11-21 23:27:18.000,3,MULTI_SESSION
9697929460014674172,2016-10-06 06:06:30.000,2,MULTI_SESSION
6010250598436085923,2016-10-14 15:11:42.000,2,MULTI_SESSION
4387148615014504940,2017-01-24 16:39:55.000,3,MULTI_SESSION
6188341189468203455,2017-06-10 07:05:09.000,2,MULTI_SESSION
5423659711610895780,2016-08-30 17:19:46.000,2,MULTI_SESSION
8790419059934322944,2017-05-04 02:14:08.000,2,MULTI_SESSION
0134706903159877912,2016-09-06 20:49:21.000,2,MULTI_SESSION
4430452910179443591,2017-03-22 08:54:19.000,2,MULTI_SESSION
6890419448387689000,2016-12-21 23:16:43.000,2,MULTI_SESSION
0549953281463203327,2016-10-13 21:13:13.000,2,MULTI_SESSION
9107843838553084970,2017-06-03 05:13:47.000,2,MULTI_SESSION
4567822975372156618,2017-03-17 23:45:35.000,3,MULTI_SESSION
9234156111722725905,2016-12-11 19:19:04.000,2,MULTI_SESSION
175507400983740299,2016-12-11 21:30:45.000,2,MULTI_SESSION
256685022822687518,2016-12-22 00:43:56.000,2,MULTI_SESSION
5348778605970675529,2017-04-18 04:34:52.000,1,SINGLE_SESSION
7559458489771407786,2017-07-24 17:38:20.000,1,SINGLE_SESSION
5437013238128269518,2017-07-16 17:30:24.000,1,SINGLE_SESSION
3190679366721791608,2017-02-06 18:44:23.000,1,SINGLE_SESSION
0336686212624145715,2016-08-25 21:31:12.000,1,SINGLE_SESSION
7360418616242621195,2016-12-20 16:44:05.000,1,SINGLE_SESSION
4472237796351838305,2016-09-15 20:55:28.000,1,SINGLE_SESSION
2453125482784135582,2016-10-23 06:42:59.000,1,SINGLE_SESSION
6879797551911709980,2017-03-20 01:54:18.000,1,SINGLE_SESSION
6229870571121837755,2016-11-24 20:01:34.000,2,MULTI_SESSION
3121391428402721372,2017-06-27 18:34:00.000,1,SINGLE_SESSION
623238387362841295,2017-07-06 21:36:59.000,1,SINGLE_SESSION
7451284399359627657,2017-07-09 15:30:28.000,1,SINGLE_SESSION
3182530876752588535,2017-05-02 15:54:00.000,1,SINGLE_SESSION
1523099638352669499,2016-11-04 18:17:17.000,1,SINGLE_SESSION
4224965704063643029,2016-10-20 03:07:01.000,1,SINGLE_SESSION
7440700674429439167,2016-08-10 03:39:29.000,1,SINGLE_SESSION
8284519161511719385,2017-01-17 21:07:49.000,1,SINGLE_SESSION
8894690679146407366,2016-09-07 05:54:05.000,1,SINGLE_SESSION
2450343366982060398,2016-09-16 13:13:26.000,2,MULTI_SESSION
6198269530748674779,2016-11-26 01:22:48.000,1,SINGLE_SESSION
9398183614127015265,2017-07-17 21:38:46.000,1,SINGLE_SESSION
4542156974297902351,2016-08-05 18:09:31.000,1,SINGLE_SESSION
2574179535153856621,2017-05-03 18:30:47.000,1,SINGLE_SESSION
8532055883431477965,2017-05-02 14:30:04.000,1,SINGLE_SESSION
0567258049821128407,2017-01-07 17:26:07.000,1,SINGLE_SESSION
8273781557413173066,2017-03-14 22:55:09.000,1,SINGLE_SESSION
9232798931228744855,2017-04-24 20:19:15.000,1,SINGLE_SESSION
3606898096302813212,2016-08-05 16:37:27.000,1,SINGLE_SESSION
0691430728660925202,2016-08-07 02:47:51.000,1,SINGLE_SESSION
8429653225633075806,2016-11-06 04:04:58.000,2,MULTI_SESSION
3813481911022270064,2017-05-16 05:11:32.000,1,SINGLE_SESSION
4843123344254574539,2017-05-22 00:39:35.000,1,SINGLE_SESSION
791864965885404875,2017-05-09 22:43:44.000,1,SINGLE_SESSION
1413774072675634121,2016-12-25 02:02:19.000,1,SINGLE_SESSION
2556052031008889697,2016-11-19 20:10:41.000,1,SINGLE_SESSION
485966265900702326,2016-11-05 21:40:39.000,1,SINGLE_SESSION
213948867346978337,2016-09-08 13:21:36.000,1,SINGLE_SESSION
2405008838140625306,2016-12-09 17:14:21.000,2,MULTI_SESSION
3533773123669464150,2017-05-30 17:39:35.000,1,SINGLE_SESSION
0448734640649218784,2016-09-07 13:14:58.000,1,SINGLE_SESSION
0932061680533450083,2017-01-14 20:16:22.000,1,SINGLE_SESSION
2144851320605513754,2016-11-16 15:13:59.000,1,SINGLE_SESSION
6761788136164809732,2017-04-18 19:22:40.000,1,SINGLE_SESSION
833073323421806487,2017-05-15 15:08:13.000,2,MULTI_SESSION
7810785569344571093,2016-12-05 21:35:57.000,1,SINGLE_SESSION
442139279401914275,2016-11-16 16:17:09.000,1,SINGLE_SESSION
9456983848041488032,2016-11-06 21:36:30.000,1,SINGLE_SESSION
6684428411656994293,2017-08-01 05:52:24.000,1,SINGLE_SESSION
5546743631344765720,2017-02-08 06:35:45.000,1,SINGLE_SESSION
8410353231365247459,2016-09-18 19:55:05.000,2,MULTI_SESSION
9366737913025963076,2017-04-14 23:15:56.000,1,SINGLE_SESSION
276183710230160692,2017-06-22 21:47:41.000,1,SINGLE_SESSION
3017210075357079179,2017-02-15 00:21:13.000,1,SINGLE_SESSION
4925657215471046403,2016-12-16 00:10:21.000,1,SINGLE_SESSION
7971899755212526545,2017-05-24 19:25:43.000,1,SINGLE_SESSION
8753403136686920665,2017-03-08 19:51:38.000,1,SINGLE_SESSION
9090173644074015025,2017-01-26 03:45:28.000,1,SINGLE_SESSION
2935403605807774309,2017-04-29 01:28:21.000,1,SINGLE_SESSION
008803033727416939,2017-04-12 19:37:40.000,1,SINGLE_SESSION
8013949568772685376,2017-03-21 19:50:31.000,1,SINGLE_SESSION
5376789348329922764,2017-03-14 22:47:05.000,1,SINGLE_SESSION
4071592194862232855,2017-07-03 15:25:26.000,1,SINGLE_SESSION
8810145279946425641,2017-07-07 17:00:07.000,1,SINGLE_SESSION
4737716055104076300,2017-07-14 19:57:18.000,1,SINGLE_SESSION
7993959597454323418,2016-10-18 21:20:42.000,1,SINGLE_SESSION
0173142935390182524,2016-08-21 04:04:27.000,1,SINGLE_SESSION
7377189671853263468,2017-03-22 12:47:48.000,1,SINGLE_SESSION
7354532472081807968,2016-09-29 15:11:51.000,1,SINGLE_SESSION
9578964619917220172,2017-06-19 03:11:38.000,1,SINGLE_SESSION
6450911729940987017,2016-11-09 22:52:38.000,1,SINGLE_SESSION
7171380845696596366,2016-08-22 16:56:22.000,1,SINGLE_SESSION
7503558141544554377,2017-03-28 22:20:24.000,1,SINGLE_SESSION
1118628644000079833,2016-12-20 13:11:54.000,1,SINGLE_SESSION
254413001205574315,2016-12-02 20:39:36.000,1,SINGLE_SESSION
280042180877582714,2016-10-07 00:00:35.000,1,SINGLE_SESSION
530920366625737605,2017-06-02 22:29:05.000,1,SINGLE_SESSION
2663849700360119634,2016-08-02 15:40:34.000,1,SINGLE_SESSION
6462196953273318864,2017-01-17 02:32:51.000,1,SINGLE_SESSION
1004669910658205499,2016-12-02 17:53:22.000,1,SINGLE_SESSION
3034814287433677969,2016-12-09 23:48:31.000,1,SINGLE_SESSION
2082463322705444336,2017-05-02 14:25:34.000,1,SINGLE_SESSION
5084913179068675208,2016-11-15 06:15:14.000,1,SINGLE_SESSION
7970701992007145468,2016-08-22 16:10:22.000,1,SINGLE_SESSION
7366648314975511623,2017-06-23 21:31:54.000,1,SINGLE_SESSION
0750546000132360677,2016-12-03 15:44:12.000,1,SINGLE_SESSION
4744094275180680614,2016-11-08 22:51:12.000,2,MULTI_SESSION
0053010816158486672,2017-02-15 16:12:47.000,2,MULTI_SESSION
5055351128163285055,2016-08-25 22:45:10.000,1,SINGLE_SESSION
0791557118372072276,2016-12-12 16:29:25.000,1,SINGLE_SESSION
9179364299608933418,2017-07-29 18:41:05.000,1,SINGLE_SESSION
6340734756756019122,2016-12-15 16:43:01.000,1,SINGLE_SESSION
306895922494129375,2017-01-05 22:36:24.000,1,SINGLE_SESSION
2948749367479986443,2016-08-23 22:14:18.000,1,SINGLE_SESSION
1118844520744405743,2016-11-11 18:52:51.000,1,SINGLE_SESSION
3751093343937953110,2016-11-07 04:13:13.000,1,SINGLE_SESSION
0974734323197711200,2017-06-06 20:54:17.000,1,SINGLE_SESSION
8250541234138796403,2016-10-24 02:41:19.000,1,SINGLE_SESSION
6601465806471349240,2016-12-08 21:01:35.000,1,SINGLE_SESSION
6179536686688111644,2016-09-22 20:01:27.000,1,SINGLE_SESSION
2039492680362282609,2017-04-01 04:17:10.000,1,SINGLE_SESSION
6330082810003106267,2017-01-23 22:34:45.000,1,SINGLE_SESSION
1864017936714423665,2016-12-06 01:31:17.000,1,SINGLE_SESSION
3999167848283307153,2016-10-27 21:41:52.000,1,SINGLE_SESSION
0445631247863989355,2017-05-26 20:38:51.000,1,SINGLE_SESSION
4081113831133757188,2016-12-08 18:30:29.000,1,SINGLE_SESSION
4166325235385141102,2016-12-05 04:35:13.000,1,SINGLE_SESSION
1461441843694601191,2016-09-01 21:15:21.000,1,SINGLE_SESSION
6502669189284720026,2017-07-10 17:24:28.000,1,SINGLE_SESSION
5816514381907176001,2017-07-30 21:45:04.000,1,SINGLE_SESSION
7834164711977044454,2017-02-27 18:37:44.000,1,SINGLE_SESSION
5229878976511252968,2016-11-27 04:39:52.000,1,SINGLE_SESSION
5326771367506211222,2016-12-10 21:42:07.000,1,SINGLE_SESSION
6446257332258577906,2017-04-07 18:21:18.000,1,SINGLE_SESSION
293387037477216156,2017-02-20 23:28:32.000,1,SINGLE_SESSION
3729387598281240074,2017-03-14 21:33:15.000,1,SINGLE_SESSION
6704364789762409859,2017-07-14 21:34:04.000,1,SINGLE_SESSION
4132503829043338043,2016-08-15 17:22:34.000,1,SINGLE_SESSION
728168523838298915,2017-04-10 16:09:34.000,1,SINGLE_SESSION
0605298878287002654,2017-06-14 17:33:12.000,2,MULTI_SESSION
2426971819031028277,2017-07-18 02:47:49.000,1,SINGLE_SESSION
9740050408987139130,2017-05-01 14:03:04.000,1,SINGLE_SESSION
9478362596934369742,2017-01-31 17:27:34.000,1,SINGLE_SESSION
6902621334559442557,2016-10-16 15:03:23.000,1,SINGLE_SESSION
3358419113788146391,2017-02-15 15:48:25.000,1,SINGLE_SESSION
2002941584451367020,2017-01-20 20:27:48.000,1,SINGLE_SESSION
5253253329593885485,2017-06-29 22:30:51.000,1,SINGLE_SESSION
321597188422599094,2016-08-25 22:09:36.000,1,SINGLE_SESSION
2003564080152950767,2017-01-30 20:37:44.000,1,SINGLE_SESSION
246615802967721430,2016-10-27 13:29:22.000,1,SINGLE_SESSION
1053771337658446740,2017-07-28 21:24:00.000,2,MULTI_SESSION
8813436791449006259,2016-11-29 02:00:14.000,1,SINGLE_SESSION
4516401350846808786,2016-12-22 14:43:16.000,1,SINGLE_SESSION
3276164298112463079,2017-04-07 22:42:27.000,1,SINGLE_SESSION
6526089365203867148,2017-07-15 17:10:23.000,1,SINGLE_SESSION
5621966103011693855,2017-02-19 14:23:39.000,1,SINGLE_SESSION
6039302517821251225,2017-03-21 15:17:55.000,1,SINGLE_SESSION
6268470999753210022,2016-10-06 19:31:36.000,2,MULTI_SESSION
0303985457220103186,2017-03-01 16:14:51.000,2,MULTI_SESSION
2234644290294742127,2017-02-21 19:19:49.000,2,MULTI_SESSION
2091708218998967059,2017-05-27 01:44:29.000,1,SINGLE_SESSION
7390358029425621068,2017-03-29 07:58:31.000,1,SINGLE_SESSION
5312255155344085331,2016-11-29 03:14:13.000,1,SINGLE_SESSION
0147601968852145702,2016-09-26 04:29:52.000,1,SINGLE_SESSION
6915156303417829416,2016-10-28 15:06:15.000,1,SINGLE_SESSION
0363134569444706133,2016-09-23 22:53:37.000,1,SINGLE_SESSION
2107066728400193912,2017-01-06 03:55:20.000,1,SINGLE_SESSION
1675175168497645253,2016-10-04 13:43:43.000,1,SINGLE_SESSION
3006774144642328935,2017-03-16 06:04:46.000,1,SINGLE_SESSION
9929551139809305177,2017-07-01 06:05:38.000,1,SINGLE_SESSION
3788842143428920129,2017-04-23 17:33:04.000,2,MULTI_SESSION
6842524797824315132,2016-11-16 17:39:20.000,1,SINGLE_SESSION
1750309305209868521,2016-12-07 21:32:18.000,3,MULTI_SESSION
7955265300701242032,2017-05-20 16:40:24.000,1,SINGLE_SESSION
1500606302843313366,2017-06-22 21:06:31.000,1,SINGLE_SESSION
2127438408373285198,2017-03-14 10:38:57.000,2,MULTI_SESSION
8303034258831697366,2017-06-06 20:50:19.000,1,SINGLE_SESSION
0301639941678052859,2016-10-01 06:03:35.000,1,SINGLE_SESSION
7567999450740996169,2016-12-08 15:00:13.000,1,SINGLE_SESSION
3960449797691907911,2016-09-10 07:13:07.000,1,SINGLE_SESSION
1425777837250515591,2016-10-12 15:32:02.000,1,SINGLE_SESSION
4298172101500254249,2016-08-29 07:12:21.000,1,SINGLE_SESSION
7862709801346463450,2017-05-23 18:05:43.000,1,SINGLE_SESSION
2367296881084974931,2017-07-19 17:31:09.000,1,SINGLE_SESSION
686323554174622772,2017-03-09 14:52:48.000,1,SINGLE_SESSION
0175518117099857981,2016-10-27 15:23:29.000,1,SINGLE_SESSION
0396381842924367514,2017-03-24 16:43:51.000,1,SINGLE_SESSION
9587233052829072755,2017-07-12 02:20:02.000,1,SINGLE_SESSION
452728441970444157,2016-12-01 16:09:06.000,1,SINGLE_SESSION
4389061038717475365,2017-03-08 23:22:53.000,1,SINGLE_SESSION
4876602137205445870,2017-05-29 17:39:40.000,1,SINGLE_SESSION
3939473019641912529,2017-03-19 04:28:07.000,1,SINGLE_SESSION
819367840635364021,2017-04-04 18:32:56.000,1,SINGLE_SESSION
8246185970156821721,2017-06-30 18:25:04.000,1,SINGLE_SESSION
3488479606498863907,2016-10-18 21:17:59.000,1,SINGLE_SESSION
700225401855286769,2017-01-26 15:15:40.000,1,SINGLE_SESSION
6784397224104155338,2016-09-10 23:26:50.000,1,SINGLE_SESSION
7696973731640073168,2016-11-29 00:02:20.000,1,SINGLE_SESSION
5580729161862830702,2017-03-06 07:24:55.000,1,SINGLE_SESSION
733721752953203292,2016-09-08 15:16:25.000,1,SINGLE_SESSION
0682017787795795998,2016-11-03 01:11:27.000,1,SINGLE_SESSION
063736161805998675,2017-05-06 04:01:29.000,3,MULTI_SESSION
5111856483397220554,2017-04-27 16:31:39.000,1,SINGLE_SESSION
6302382540936873657,2017-07-12 00:56:32.000,1,SINGLE_SESSION
3610250758524453544,2017-05-25 07:25:07.000,1,SINGLE_SESSION
9744206202426423353,2016-08-23 12:40:02.000,1,SINGLE_SESSION
3980601042365877663,2017-03-12 22:30:07.000,1,SINGLE_SESSION
820213601079766570,2017-05-30 17:09:23.000,1,SINGLE_SESSION
5231905669936168317,2016-11-23 06:11:03.000,1,SINGLE_SESSION
7225316870427579527,2016-08-08 19:32:00.000,1,SINGLE_SESSION
5867199929818257756,2016-08-31 17:26:24.000,1,SINGLE_SESSION
9624104127022444576,2016-08-08 21:17:57.000,1,SINGLE_SESSION
7061795919044528167,2017-05-11 20:48:39.000,1,SINGLE_SESSION
9964295350119415430,2017-04-27 05:24:12.000,1,SINGLE_SESSION
0843788975236519934,2017-05-08 17:16:09.000,1,SINGLE_SESSION
9522133298937793910,2017-01-05 16:53:28.000,1,SINGLE_SESSION
8140584468135962727,2017-05-17 15:04:00.000,1,SINGLE_SESSION
3220580369738167789,2016-12-20 17:26:34.000,1,SINGLE_SESSION
085830972238265715,2017-04-12 16:03:57.000,1,SINGLE_SESSION
042147785799333528,2017-04-20 00:02:04.000,1,SINGLE_SESSION
820434232211333013,2017-01-31 20:21:04.000,1,SINGLE_SESSION
7478762926279679155,2016-11-24 14:57:46.000,1,SINGLE_SESSION
2155057576349556071,2016-08-16 04:46:29.000,1,SINGLE_SESSION
3013043151561993524,2016-12-01 20:32:06.000,1,SINGLE_SESSION
9669933764937008223,2017-03-25 23:08:52.000,1,SINGLE_SESSION
0210797287974741332,2017-01-05 17:07:08.000,1,SINGLE_SESSION
1901345601701391532,2017-06-30 02:05:19.000,1,SINGLE_SESSION
0839560865423027275,2017-01-04 19:45:51.000,1,SINGLE_SESSION
3948936105865802619,2017-06-17 22:09:43.000,1,SINGLE_SESSION
1743601806406480727,2016-08-17 16:06:44.000,1,SINGLE_SESSION
56623046680377668,2016-11-28 22:19:27.000,2,MULTI_SESSION
0665007615083266355,2016-11-28 09:19:13.000,1,SINGLE_SESSION
5414121324420751471,2016-09-29 21:13:42.000,1,SINGLE_SESSION
8583598676172207843,2016-10-25 23:34:42.000,1,SINGLE_SESSION
2909210793431796442,2017-05-19 00:37:41.000,1,SINGLE_SESSION
924091465796731445,2017-06-08 00:30:34.000,2,MULTI_SESSION
6983412535696393860,2017-02-13 23:40:05.000,1,SINGLE_SESSION
1964064266327682396,2016-09-11 22:14:04.000,1,SINGLE_SESSION
6332431001963915083,2016-08-01 12:03:18.000,1,SINGLE_SESSION
8064977824443969181,2017-06-09 22:43:55.000,1,SINGLE_SESSION
8031899498943781745,2017-01-07 01:48:36.000,1,SINGLE_SESSION
2069933334566881550,2017-03-16 16:19:26.000,1,SINGLE_SESSION
1414623554753311414,2016-12-28 12:53:07.000,1,SINGLE_SESSION
2900222956132620286,2016-09-09 02:18:38.000,1,SINGLE_SESSION
6986536761307654836,2017-01-31 03:41:04.000,1,SINGLE_SESSION
9292934245619777169,2017-05-12 19:42:40.000,1,SINGLE_SESSION
4042942628381850945,2016-12-14 21:31:47.000,1,SINGLE_SESSION
2099864407370022116,2017-06-23 21:09:16.000,1,SINGLE_SESSION
2740397345984519878,2016-12-09 02:31:03.000,1,SINGLE_SESSION
0238771388615303644,2016-08-19 22:42:30.000,1,SINGLE_SESSION
9153569028584301784,2016-09-09 15:26:47.000,1,SINGLE_SESSION
8423222760928681011,2017-03-21 22:25:55.000,1,SINGLE_SESSION
261652492539003914,2016-08-22 13:13:52.000,1,SINGLE_SESSION
5759286550067943008,2016-08-22 13:11:57.000,1,SINGLE_SESSION
2800282822736967709,2017-04-18 18:40:27.000,1,SINGLE_SESSION
700797453714688888,2016-12-10 22:11:56.000,1,SINGLE_SESSION
4697761145388027132,2017-01-13 17:55:55.000,1,SINGLE_SESSION
2166926649177824953,2016-12-28 16:18:08.000,1,SINGLE_SESSION
0729769598575814527,2016-10-12 01:39:41.000,2,MULTI_SESSION
5249500616304412243,2016-12-09 02:47:03.000,1,SINGLE_SESSION
9866199972997605138,2017-01-19 20:14:56.000,1,SINGLE_SESSION
8406359927975063956,2017-01-05 00:58:53.000,1,SINGLE_SESSION
9908993706216463889,2017-06-01 15:31:13.000,1,SINGLE_SESSION
5396182218932107293,2016-08-16 18:30:48.000,1,SINGLE_SESSION
2443130648849063586,2017-01-20 16:35:36.000,1,SINGLE_SESSION
4213215348568298607,2016-10-03 18:01:12.000,1,SINGLE_SESSION
387539919956993522,2017-06-14 17:00:09.000,1,SINGLE_SESSION
4386291735542740499,2017-03-14 16:54:52.000,1,SINGLE_SESSION
8337573900775639838,2016-09-26 03:02:52.000,1,SINGLE_SESSION
8904129700986986241,2016-08-17 02:50:44.000,2,MULTI_SESSION
5712421789817906030,2017-04-06 19:21:22.000,1,SINGLE_SESSION
4271225704361981065,2016-12-16 02:24:11.000,1,SINGLE_SESSION
145862566057652583,2016-10-11 15:56:15.000,1,SINGLE_SESSION
7988589698705817924,2016-09-21 20:40:59.000,1,SINGLE_SESSION
8305810804832778221,2017-02-04 21:03:43.000,1,SINGLE_SESSION
8953846772945325755,2017-06-05 20:51:24.000,1,SINGLE_SESSION
7271638383448610274,2016-10-04 18:25:05.000,1,SINGLE_SESSION
9065887794578941073,2016-12-14 03:58:08.000,1,SINGLE_SESSION
7262804062389318230,2017-05-24 22:44:10.000,1,SINGLE_SESSION
4680625557979147601,2017-07-31 17:50:29.000,1,SINGLE_SESSION
2703487206750451130,2017-04-30 03:23:30.000,1,SINGLE_SESSION
0518455108809968270,2016-09-22 03:16:31.000,1,SINGLE_SESSION
0660738563067658683,2017-05-03 02:50:17.000,1,SINGLE_SESSION
0977427077786334196,2017-04-04 17:38:31.000,1,SINGLE_SESSION
1392754042162975190,2016-08-16 00:23:41.000,1,SINGLE_SESSION
1712593526957170290,2016-11-26 03:23:09.000,1,SINGLE_SESSION
3329655754373955251,2016-10-24 14:32:28.000,1,SINGLE_SESSION
2842342609640358960,2016-08-12 21:17:39.000,1,SINGLE_SESSION
1569773917154693900,2016-11-09 01:00:16.000,1,SINGLE_SESSION
2788555723243018631,2016-08-01 18:50:33.000,1,SINGLE_SESSION
8740219759835313049,2017-06-16 22:37:20.000,1,SINGLE_SESSION
7796097533930625172,2016-11-02 00:44:40.000,1,SINGLE_SESSION
3188526074838919259,2017-05-05 17:17:23.000,1,SINGLE_SESSION
7611245380329580634,2016-09-02 02:44:30.000,1,SINGLE_SESSION
5626321780782440576,2016-11-30 01:54:38.000,2,MULTI_SESSION
7822986627298496483,2017-03-30 19:46:06.000,1,SINGLE_SESSION
8458243418330971612,2016-11-03 16:53:31.000,1,SINGLE_SESSION
587886297354228717,2017-07-28 15:52:27.000,1,SINGLE_SESSION
5117333588734583002,2016-10-23 18:40:14.000,1,SINGLE_SESSION
0915231789774520387,2016-11-14 23:44:37.000,1,SINGLE_SESSION
4353270075467470044,2017-01-25 17:20:53.000,2,MULTI_SESSION
9697633748020539508,2017-03-06 08:03:32.000,1,SINGLE_SESSION
8445452821576503914,2017-05-03 18:47:05.000,1,SINGLE_SESSION
9465930712258878497,2016-12-14 20:58:08.000,1,SINGLE_SESSION
9494133895731511288,2016-12-12 22:25:10.000,1,SINGLE_SESSION
0457728965473786479,2016-12-12 04:52:27.000,1,SINGLE_SESSION
5608846889969953752,2016-08-18 14:31:09.000,1,SINGLE_SESSION
1121666835600584671,2017-04-28 22:53:16.000,1,SINGLE_SESSION
2468303248624748976,2016-08-06 21:21:15.000,1,SINGLE_SESSION
6824817810193692937,2016-12-29 17:11:58.000,1,SINGLE_SESSION
327577005764423652,2017-03-29 07:16:57.000,1,SINGLE_SESSION
2667313637408501115,2016-12-07 21:13:33.000,1,SINGLE_SESSION
7733098542015261271,2016-11-20 04:35:57.000,1,SINGLE_SESSION
3968161907727043413,2017-07-14 21:03:06.000,1,SINGLE_SESSION
2732522561242440799,2017-05-26 20:45:09.000,1,SINGLE_SESSION
1747158285206837296,2017-03-30 21:25:50.000,1,SINGLE_SESSION
3916484417528358536,2017-02-07 23:34:40.000,1,SINGLE_SESSION
9252419163788953027,2016-11-12 21:13:42.000,1,SINGLE_SESSION
2066533098194954022,2017-04-28 03:45:11.000,1,SINGLE_SESSION
2793309445916009863,2016-08-29 17:30:35.000,1,SINGLE_SESSION
9879056257140317872,2017-07-29 04:17:15.000,1,SINGLE_SESSION
0180651560743135704,2016-08-22 09:58:36.000,1,SINGLE_SESSION
2258248239862507643,2016-12-12 18:01:52.000,1,SINGLE_SESSION
3279130308050377426,2016-08-05 23:47:53.000,2,MULTI_SESSION
0157339933798750931,2016-12-18 03:39:34.000,1,SINGLE_SESSION
9716190683846040221,2017-05-26 17:46:31.000,1,SINGLE_SESSION
9338119404746657652,2016-08-25 17:11:03.000,1,SINGLE_SESSION
5873856705282402939,2017-06-26 16:40:32.000,2,MULTI_SESSION
6861967258484656845,2017-07-13 18:24:09.000,1,SINGLE_SESSION
480596774651345765,2017-03-24 22:08:06.000,2,MULTI_SESSION
4339698568683618436,2017-05-20 17:05:09.000,1,SINGLE_SESSION
1338601940113408411,2017-07-12 13:55:51.000,1,SINGLE_SESSION
6786160026514884079,2016-09-04 02:43:20.000,1,SINGLE_SESSION
2107882110513313421,2017-06-26 21:16:39.000,1,SINGLE_SESSION
1599233696438848114,2016-09-04 22:34:18.000,1,SINGLE_SESSION
3702724178788313621,2016-08-24 04:54:34.000,2,MULTI_SESSION
6221432242012964365,2017-05-16 15:10:37.000,2,MULTI_SESSION
4184664037098530012,2016-08-22 09:04:11.000,1,SINGLE_SESSION
9846359776693659031,2017-03-10 17:10:50.000,1,SINGLE_SESSION
0533462479025888957,2017-01-18 17:09:51.000,1,SINGLE_SESSION
5923041114491111329,2017-07-09 12:50:54.000,1,SINGLE_SESSION
8790696376081791158,2016-09-11 13:24:57.000,1,SINGLE_SESSION
6827048275264078810,2016-10-06 14:27:44.000,1,SINGLE_SESSION
7194598190853071809,2017-07-19 22:05:08.000,1,SINGLE_SESSION
1216838692754057393,2017-07-18 18:52:49.000,1,SINGLE_SESSION
0425873917948400044,2016-09-18 22:49:23.000,1,SINGLE_SESSION
9846963060470956023,2017-07-27 01:23:07.000,1,SINGLE_SESSION
9715183070192673688,2017-01-30 17:53:24.000,1,SINGLE_SESSION
6418397103576043472,2016-08-24 00:53:39.000,1,SINGLE_SESSION
6155604826063117910,2016-09-05 02:00:41.000,1,SINGLE_SESSION
3358833815079053940,2016-09-25 05:00:24.000,1,SINGLE_SESSION
1331759169231440812,2017-01-29 23:10:01.000,1,SINGLE_SESSION
5223960407923320522,2016-09-01 18:18:25.000,1,SINGLE_SESSION
2757415044412905554,2016-08-16 06:06:39.000,1,SINGLE_SESSION
0742975179867188393,2016-12-16 23:34:11.000,1,SINGLE_SESSION
591513434559245487,2016-11-10 16:50:00.000,1,SINGLE_SESSION
0618198661111278556,2016-11-06 17:13:22.000,1,SINGLE_SESSION
8014231325557842899,2016-08-04 18:56:00.000,1,SINGLE_SESSION
0214776722271775969,2017-02-02 22:56:17.000,1,SINGLE_SESSION
1421300908868537589,2016-11-30 04:11:48.000,1,SINGLE_SESSION
0548610265008552694,2017-05-03 18:41:26.000,1,SINGLE_SESSION
5724098940737285111,2017-05-17 16:44:35.000,1,SINGLE_SESSION
7308573211245935680,2016-08-19 14:23:44.000,1,SINGLE_SESSION
896930630452283097,2016-10-10 05:19:40.000,1,SINGLE_SESSION
4990198874063509353,2016-10-21 03:43:09.000,1,SINGLE_SESSION
6002383716453782350,2016-09-22 00:00:00.000,1,SINGLE_SESSION
2760610370970936430,2017-07-02 19:00:42.000,1,SINGLE_SESSION
0128432477990891906,2017-05-01 16:47:53.000,1,SINGLE_SESSION
9998996003043230595,2016-11-17 05:20:30.000,1,SINGLE_SESSION
76255265047374256,2017-06-16 21:54:54.000,1,SINGLE_SESSION
0956108016718766611,2017-07-24 00:55:12.000,1,SINGLE_SESSION
4692146566453742608,2017-06-23 18:37:00.000,1,SINGLE_SESSION
5292816814095907387,2017-04-10 21:01:06.000,1,SINGLE_SESSION
7066946419396410808,2016-12-02 17:07:03.000,1,SINGLE_SESSION
3737631371999319949,2016-08-14 16:39:05.000,2,MULTI_SESSION
4415138848494007759,2017-06-29 17:48:52.000,2,MULTI_SESSION
5107515069070553407,2017-06-20 22:44:40.000,2,MULTI_SESSION
4612789834281203555,2016-09-01 15:27:08.000,1,SINGLE_SESSION
1675106320886128979,2017-03-01 20:53:14.000,1,SINGLE_SESSION
4135072833918022797,2016-08-11 18:56:26.000,1,SINGLE_SESSION
5871441013780996077,2017-06-12 13:32:03.000,1,SINGLE_SESSION
5921955043410577506,2016-12-14 01:41:01.000,1,SINGLE_SESSION
534455027035361433,2016-10-12 07:03:55.000,1,SINGLE_SESSION
6042383150524309818,2016-11-25 21:10:36.000,1,SINGLE_SESSION
9445040027321501864,2016-11-07 19:45:30.000,1,SINGLE_SESSION
1885575457462592909,2016-08-15 16:49:38.000,1,SINGLE_SESSION
9573045056982336984,2017-04-10 22:48:02.000,1,SINGLE_SESSION
2308631730639284715,2017-07-18 18:33:42.000,1,SINGLE_SESSION
1514746421372852688,2016-12-12 17:37:14.000,1,SINGLE_SESSION
9658825846616570867,2017-02-27 20:34:10.000,1,SINGLE_SESSION
6008436631932409360,2017-02-14 21:41:58.000,1,SINGLE_SESSION
8467055724490997486,2016-08-24 04:36:34.000,1,SINGLE_SESSION
4993485206334150199,2016-08-02 03:00:50.000,1,SINGLE_SESSION
6919310682813497265,2017-03-14 16:48:42.000,1,SINGLE_SESSION
256970382442076470,2016-09-17 15:14:01.000,1,SINGLE_SESSION
9922694841308849938,2016-12-20 20:26:40.000,1,SINGLE_SESSION
1978060402738405098,2017-06-14 21:35:42.000,1,SINGLE_SESSION
8133234491242505022,2017-04-13 01:04:58.000,1,SINGLE_SESSION
4301995352469947007,2017-02-19 08:22:34.000,1,SINGLE_SESSION
6382879633644450477,2016-09-22 03:47:39.000,3,MULTI_SESSION
4191549815940169115,2017-04-09 22:23:52.000,2,MULTI_SESSION
5378279160532453494,2017-03-19 04:06:30.000,2,MULTI_SESSION
7229994429253580812,2017-03-13 19:01:19.000,1,SINGLE_SESSION
9937197778376136258,2016-08-29 17:40:21.000,1,SINGLE_SESSION
5130136663096173309,2017-05-15 17:50:43.000,1,SINGLE_SESSION
8968423580775985753,2016-08-15 18:51:00.000,1,SINGLE_SESSION
7149956682519664200,2017-05-05 15:08:53.000,1,SINGLE_SESSION
854434256389492978,2017-07-19 20:26:05.000,1,SINGLE_SESSION
3282526834147517212,2016-11-30 16:27:08.000,1,SINGLE_SESSION
5707589491690970706,2017-06-27 14:34:30.000,1,SINGLE_SESSION
2602830122596681742,2016-12-21 05:24:10.000,1,SINGLE_SESSION
0243955375764569680,2016-12-21 16:51:32.000,1,SINGLE_SESSION
0273584168531981189,2017-02-17 22:35:24.000,1,SINGLE_SESSION
5073907165451584628,2017-05-09 15:14:27.000,1,SINGLE_SESSION
8481119688738735207,2017-06-28 23:51:52.000,1,SINGLE_SESSION
146230958339102078,2017-04-24 12:31:34.000,1,SINGLE_SESSION
7545575276027340424,2017-03-13 01:08:37.000,1,SINGLE_SESSION
9332559619940886845,2017-01-03 18:34:31.000,1,SINGLE_SESSION
1790257828518199138,2016-11-16 04:48:19.000,1,SINGLE_SESSION
8160942479431419810,2016-08-01 17:04:01.000,1,SINGLE_SESSION
7303793848128238288,2017-07-14 17:37:39.000,1,SINGLE_SESSION
123515470539381845,2016-12-28 14:52:18.000,1,SINGLE_SESSION
410486793212449872,2017-04-26 17:02:03.000,1,SINGLE_SESSION
3891635216750955275,2016-08-16 13:32:16.000,1,SINGLE_SESSION
75154193118539969,2016-10-24 15:04:13.000,1,SINGLE_SESSION
8798035198491270608,2016-09-27 16:56:33.000,1,SINGLE_SESSION
5006795078292798707,2017-07-19 12:28:12.000,1,SINGLE_SESSION
6957143257664287020,2016-12-12 21:01:43.000,1,SINGLE_SESSION
8926768253847212533,2017-01-30 22:57:15.000,1,SINGLE_SESSION
8505849671977452585,2017-05-28 20:18:42.000,1,SINGLE_SESSION
6100819790518372241,2017-04-19 15:12:46.000,1,SINGLE_SESSION
0291161766415927075,2017-03-03 02:07:11.000,1,SINGLE_SESSION
0024725579067754075,2017-01-05 17:46:51.000,1,SINGLE_SESSION
6706297480707515973,2017-05-05 18:04:05.000,1,SINGLE_SESSION
1115528843070879141,2016-09-08 12:37:13.000,1,SINGLE_SESSION
7761592310264777592,2017-06-12 22:40:52.000,1,SINGLE_SESSION
8734326510553351606,2017-05-03 19:46:02.000,1,SINGLE_SESSION
7670063553528001131,2017-02-12 20:09:16.000,1,SINGLE_SESSION
8520080324772837069,2016-11-30 02:14:38.000,1,SINGLE_SESSION
0044869357011346837,2017-01-07 15:16:50.000,1,SINGLE_SESSION
4243394768010380901,2017-04-11 16:18:31.000,1,SINGLE_SESSION
4529245720390475345,2017-06-14 16:05:52.000,1,SINGLE_SESSION
9160012321913348805,2017-04-10 00:40:10.000,1,SINGLE_SESSION
3484534271391030660,2016-10-04 19:31:30.000,1,SINGLE_SESSION
1776658355119092313,2016-09-03 00:12:05.000,1,SINGLE_SESSION
6487092899541018063,2016-09-29 02:24:28.000,1,SINGLE_SESSION
6773163572466277381,2016-11-15 03:58:48.000,1,SINGLE_SESSION
8064218130870190860,2017-06-29 19:40:09.000,1,SINGLE_SESSION
0097216552247524030,2016-09-09 17:19:30.000,1,SINGLE_SESSION
0178425107324127018,2016-09-12 20:52:34.000,1,SINGLE_SESSION
8552849490437440861,2017-06-01 14:52:38.000,1,SINGLE_SESSION
7872935762023823952,2017-03-21 23:47:59.000,1,SINGLE_SESSION
0231643641360400675,2016-10-31 16:15:58.000,1,SINGLE_SESSION
531638978305910082,2017-03-07 04:08:48.000,1,SINGLE_SESSION
6236695646664370912,2017-07-05 17:18:51.000,1,SINGLE_SESSION
1636432037261130042,2017-01-03 23:46:53.000,1,SINGLE_SESSION
5492367789301420845,2016-11-03 17:57:24.000,2,MULTI_SESSION
1940236239352027930,2017-01-21 06:35:53.000,1,SINGLE_SESSION
9303597515522078918,2016-11-28 15:19:39.000,1,SINGLE_SESSION
1507016731283408269,2017-06-30 21:03:40.000,1,SINGLE_SESSION
049618887282998852,2017-07-16 03:38:57.000,1,SINGLE_SESSION
8293473430179141537,2016-10-24 03:29:13.000,1,SINGLE_SESSION
1706545499690432606,2016-08-15 03:57:24.000,1,SINGLE_SESSION
8395347447837292340,2017-01-13 16:16:29.000,1,SINGLE_SESSION
9429313791879453897,2017-02-17 22:30:47.000,1,SINGLE_SESSION
192710626799609960,2016-11-21 23:39:36.000,1,SINGLE_SESSION
187866444913017683,2016-12-04 08:21:55.000,1,SINGLE_SESSION
3788250389424945137,2016-08-24 17:11:20.000,1,SINGLE_SESSION
1761084588077503545,2017-07-26 20:05:49.000,1,SINGLE_SESSION
8024330436349031408,2016-10-07 00:06:35.000,1,SINGLE_SESSION
5793274854456231464,2016-12-20 00:07:09.000,1,SINGLE_SESSION
4271792018121577582,2017-02-21 19:34:55.000,1,SINGLE_SESSION
3763415452749528212,2017-03-15 06:43:23.000,1,SINGLE_SESSION
7141351826392674237,2016-12-06 16:00:15.000,1,SINGLE_SESSION
079827535407240779,2016-10-21 13:26:56.000,2,MULTI_SESSION
3081808777530081945,2017-01-24 21:22:32.000,1,SINGLE_SESSION
9017249703406411169,2017-02-07 21:57:00.000,2,MULTI_SESSION
9164781149169362915,2017-06-16 01:59:18.000,1,SINGLE_SESSION
7091796288058306768,2017-01-27 18:23:15.000,1,SINGLE_SESSION
7015114588825898873,2017-03-16 17:42:10.000,1,SINGLE_SESSION
0264336289575017383,2016-09-21 20:54:48.000,1,SINGLE_SESSION
5480128586099490735,2017-02-01 04:20:33.000,1,SINGLE_SESSION
1799384320519544940,2016-10-17 04:47:02.000,1,SINGLE_SESSION
1563165194353120614,2016-10-06 01:46:05.000,1,SINGLE_SESSION
8635761956186400931,2017-01-08 20:21:12.000,1,SINGLE_SESSION
4661880463561390701,2017-04-15 01:17:39.000,1,SINGLE_SESSION
8264857327019911007,2016-10-05 21:42:22.000,1,SINGLE_SESSION
0886237172305079846,2017-05-20 23:41:14.000,1,SINGLE_SESSION
4165022088136664942,2016-09-20 18:32:50.000,1,SINGLE_SESSION
5355878105237295955,2017-07-12 15:49:01.000,1,SINGLE_SESSION
773808986747306437,2017-03-02 19:50:03.000,1,SINGLE_SESSION
9578166410230124397,2017-06-17 01:24:19.000,1,SINGLE_SESSION
4575673525064621239,2017-06-25 16:56:25.000,1,SINGLE_SESSION
6219061174254481238,2016-09-06 01:05:29.000,1,SINGLE_SESSION
2303533259349444593,2017-04-20 19:47:50.000,1,SINGLE_SESSION
5581714403663520162,2017-02-07 02:01:32.000,1,SINGLE_SESSION
9874814452029274358,2017-02-13 22:25:34.000,1,SINGLE_SESSION
3113291630696450894,2017-01-12 05:04:44.000,1,SINGLE_SESSION
3479723724857890808,2016-10-18 22:36:47.000,1,SINGLE_SESSION
774160510580966551,2017-04-19 15:06:58.000,1,SINGLE_SESSION
9023823809215849131,2016-08-09 19:15:25.000,1,SINGLE_SESSION
4807533112045033919,2016-11-22 17:49:56.000,1,SINGLE_SESSION
9085889099907936864,2017-02-17 22:27:26.000,1,SINGLE_SESSION
7507699100891959218,2017-07-10 14:59:25.000,1,SINGLE_SESSION
8154924519171024692,2017-02-16 15:46:41.000,1,SINGLE_SESSION
4855915470226632443,2017-05-02 18:25:02.000,1,SINGLE_SESSION
9837789829773129524,2016-09-22 00:01:57.000,1,SINGLE_SESSION
4615176639539455551,2016-10-03 23:54:23.000,1,SINGLE_SESSION
2535148739500640560,2016-11-17 03:04:14.000,2,MULTI_SESSION
8050569800100708827,2016-12-11 20:34:52.000,1,SINGLE_SESSION
8848326438758712018,2017-05-24 16:48:16.000,1,SINGLE_SESSION
5847645820531531550,2017-01-14 15:31:25.000,1,SINGLE_SESSION
1702474213534153249,2017-01-03 03:24:36.000,1,SINGLE_SESSION
0921096082578600729,2017-06-17 03:48:13.000,1,SINGLE_SESSION
1749853719127085935,2017-05-01 14:25:39.000,1,SINGLE_SESSION
120880613308281459,2017-04-27 16:24:08.000,1,SINGLE_SESSION
8101107214208089371,2017-04-07 19:32:18.000,1,SINGLE_SESSION
4138727297471841879,2017-05-03 23:09:23.000,1,SINGLE_SESSION
1575299870459163170,2017-07-11 23:48:11.000,1,SINGLE_SESSION
3296487568107567712,2016-12-15 02:11:32.000,1,SINGLE_SESSION
6544019530150712383,2017-04-25 19:09:19.000,1,SINGLE_SESSION
8520115029387302083,2016-08-11 20:56:22.000,2,MULTI_SESSION
0249200089780217479,2016-12-21 07:01:30.000,1,SINGLE_SESSION
9113941842423951510,2016-12-09 22:43:55.000,1,SINGLE_SESSION
5615435557331654733,2017-07-13 17:36:16.000,1,SINGLE_SESSION
1781628475193347891,2017-05-03 00:19:07.000,1,SINGLE_SESSION
1483444603828015067,2016-11-28 04:24:25.000,1,SINGLE_SESSION
1120792726285615297,2017-03-26 01:19:45.000,1,SINGLE_SESSION
4503947888969674643,2016-10-22 00:00:31.000,1,SINGLE_SESSION
4233876642049714828,2016-12-17 00:49:17.000,1,SINGLE_SESSION
6810807631474905667,2016-08-31 22:32:51.000,1,SINGLE_SESSION
9374906684711010516,2017-06-14 03:27:18.000,1,SINGLE_SESSION
1647919038367422597,2017-07-13 21:27:08.000,1,SINGLE_SESSION
1157125001046476937,2016-12-07 12:14:53.000,1,SINGLE_SESSION
8174855155412050430,2016-09-14 22:26:33.000,2,MULTI_SESSION
7444317848220127323,2016-09-20 20:26:37.000,1,SINGLE_SESSION
5578954163895924793,2016-08-22 15:57:38.000,1,SINGLE_SESSION
5379025171012040932,2016-09-20 22:14:20.000,1,SINGLE_SESSION
2894074210171777551,2017-03-06 04:00:21.000,1,SINGLE_SESSION
4228070656276504245,2016-08-22 13:25:41.000,1,SINGLE_SESSION
4750281434233359843,2016-10-06 16:06:13.000,1,SINGLE_SESSION
0532638128006986594,2016-12-05 19:10:33.000,1,SINGLE_SESSION
2840425200216568867,2016-11-23 22:28:17.000,1,SINGLE_SESSION
3965352402334784734,2016-12-20 02:50:07.000,1,SINGLE_SESSION
6478380815842983691,2016-08-30 17:27:13.000,1,SINGLE_SESSION
0830215024600450137,2016-12-17 22:57:07.000,2,MULTI_SESSION
39194810552478835,2017-02-02 20:18:10.000,1,SINGLE_SESSION
8936288144041600738,2016-12-27 04:02:40.000,1,SINGLE_SESSION
3508377990231719822,2017-04-04 23:55:37.000,1,SINGLE_SESSION
3946749082213874642,2016-10-23 21:51:36.000,1,SINGLE_SESSION
4211738365685147723,2017-01-18 00:03:11.000,1,SINGLE_SESSION
2299949662109267691,2017-06-20 02:46:26.000,1,SINGLE_SESSION
2575571309189584355,2016-09-20 02:20:47.000,1,SINGLE_SESSION
5553022010175334700,2016-09-05 19:08:12.000,1,SINGLE_SESSION
4988030082667892650,2016-12-02 23:13:01.000,1,SINGLE_SESSION
4342697178095745256,2016-08-13 00:39:57.000,1,SINGLE_SESSION
0829309562527965711,2017-05-16 19:34:37.000,1,SINGLE_SESSION
5762152296727527902,2017-04-14 17:27:45.000,1,SINGLE_SESSION
3774415288380110712,2016-10-21 21:38:35.000,1,SINGLE_SESSION
0237463554769485825,2017-05-25 21:14:31.000,1,SINGLE_SESSION
922615354832601075,2016-12-14 22:01:57.000,1,SINGLE_SESSION
5626842040347507699,2016-12-10 04:09:55.000,1,SINGLE_SESSION
0436308854548495165,2017-03-25 23:32:36.000,1,SINGLE_SESSION
4645887311877010328,2016-08-30 20:46:36.000,1,SINGLE_SESSION
500771270741221130,2016-12-14 15:15:07.000,1,SINGLE_SESSION
4856298179013995726,2017-06-25 00:50:53.000,1,SINGLE_SESSION
703413205219786519,2017-05-03 18:31:12.000,1,SINGLE_SESSION
4924351208637717738,2017-05-04 14:47:47.000,1,SINGLE_SESSION
605582860135446327,2017-02-23 03:55:16.000,1,SINGLE_SESSION
8683067250916424276,2017-05-23 01:25:13.000,1,SINGLE_SESSION
4761684034404885691,2016-12-02 06:34:25.000,1,SINGLE_SESSION
7477203212403257765,2017-01-19 20:04:23.000,1,SINGLE_SESSION
850330815735906734,2017-04-27 20:04:21.000,1,SINGLE_SESSION
3158685951899841260,2016-12-11 01:59:57.000,1,SINGLE_SESSION
286670465887517107,2017-02-10 17:59:51.000,2,MULTI_SESSION
9850419624481065692,2016-12-01 00:32:24.000,1,SINGLE_SESSION
8722391434555124556,2016-08-15 18:52:58.000,1,SINGLE_SESSION
1413421667450087159,2017-07-19 21:17:53.000,1,SINGLE_SESSION
8792964538087565756,2016-12-19 21:13:01.000,1,SINGLE_SESSION
0853418856285301886,2017-04-17 00:49:46.000,1,SINGLE_SESSION
971721932033460269,2016-11-16 23:06:20.000,1,SINGLE_SESSION
8082758848088829782,2016-08-23 00:37:15.000,1,SINGLE_SESSION
2518447979646501002,2016-08-21 00:40:07.000,1,SINGLE_SESSION
7874937204637644327,2016-10-03 20:06:18.000,1,SINGLE_SESSION
6564820894573937867,2016-08-30 17:58:09.000,1,SINGLE_SESSION
425433276966204823,2017-07-10 23:11:16.000,1,SINGLE_SESSION
3355762679172766727,2016-09-01 22:33:15.000,1,SINGLE_SESSION
4154041461958944095,2017-07-13 02:03:46.000,1,SINGLE_SESSION
45695832453548364,2017-04-04 05:41:53.000,1,SINGLE_SESSION
7117790713019441087,2016-10-28 19:46:30.000,1,SINGLE_SESSION
5631096554294292900,2016-08-18 23:41:27.000,1,SINGLE_SESSION
4217904838120102001,2016-08-24 22:58:37.000,1,SINGLE_SESSION
4895568208529244728,2017-06-19 15:08:00.000,1,SINGLE_SESSION
3072906415117777345,2017-02-25 16:30:04.000,1,SINGLE_SESSION
1342022667208741287,2017-05-05 23:33:25.000,1,SINGLE_SESSION
9554575617548923526,2016-12-06 06:46:41.000,1,SINGLE_SESSION
7331519147058730868,2017-04-04 22:05:17.000,1,SINGLE_SESSION
7845967413109542320,2017-03-27 15:48:23.000,1,SINGLE_SESSION
8454863669635317148,2016-10-31 16:09:45.000,1,SINGLE_SESSION
8613941918489869666,2016-12-01 19:36:08.000,1,SINGLE_SESSION
3060407489616747309,2016-08-10 23:06:16.000,1,SINGLE_SESSION
9737166459620980047,2017-07-28 15:12:23.000,1,SINGLE_SESSION
1862421020619343868,2016-11-07 19:46:05.000,1,SINGLE_SESSION
936159302103344661,2016-12-13 04:49:23.000,1,SINGLE_SESSION
4485584998912315434,2016-08-19 20:29:41.000,1,SINGLE_SESSION
0423307133606435481,2017-05-10 00:58:29.000,1,SINGLE_SESSION
4079454182171893651,2016-10-13 13:33:06.000,1,SINGLE_SESSION
3616107560595202774,2017-05-04 19:32:45.000,1,SINGLE_SESSION
1470956649294061383,2017-05-25 14:52:38.000,1,SINGLE_SESSION
8160024468956674004,2017-03-24 22:18:50.000,1,SINGLE_SESSION
7622430498708873807,2017-06-02 16:27:01.000,1,SINGLE_SESSION
4140976428646159169,2016-09-06 18:59:54.000,1,SINGLE_SESSION
1440024345080708014,2017-01-18 15:08:16.000,1,SINGLE_SESSION
4301598633370091052,2017-01-04 17:22:57.000,1,SINGLE_SESSION
1572547756894209658,2016-10-13 17:25:37.000,1,SINGLE_SESSION
101514212085223206,2016-08-10 19:44:38.000,1,SINGLE_SESSION
0111624627546859050,2017-06-19 15:01:46.000,3,MULTI_SESSION
0250826361874221555,2016-10-05 19:18:19.000,1,SINGLE_SESSION
698616970895406010,2017-01-27 18:17:45.000,1,SINGLE_SESSION
2845007611633315187,2016-12-19 22:17:41.000,1,SINGLE_SESSION
8981902739255325984,2017-05-18 18:42:41.000,1,SINGLE_SESSION
0652686133169550028,2017-01-23 20:04:54.000,1,SINGLE_SESSION
777345811290642740,2016-12-12 12:40:24.000,1,SINGLE_SESSION
0013296981549010416,2017-04-22 01:23:13.000,1,SINGLE_SESSION
0691969555315832538,2016-08-06 13:52:50.000,1,SINGLE_SESSION
3239121026206302364,2017-01-10 19:27:56.000,1,SINGLE_SESSION
0946442826800977839,2016-12-19 15:15:41.000,1,SINGLE_SESSION
0354787200849804630,2016-11-08 05:59:42.000,1,SINGLE_SESSION
0388208942401904035,2016-11-18 18:46:05.000,1,SINGLE_SESSION
2922496597698710192,2016-08-09 03:49:10.000,1,SINGLE_SESSION
6448510043360208590,2017-07-19 16:29:00.000,1,SINGLE_SESSION
4136075982495833616,2017-05-25 14:20:33.000,1,SINGLE_SESSION
1224155758004166426,2017-03-10 02:20:59.000,1,SINGLE_SESSION
9467619663210756890,2017-02-20 15:45:36.000,19,MULTI_SESSION
8095534864331914505,2016-12-22 05:59:48.000,11,MULTI_SESSION
8867685262588027601,2016-10-03 17:04:48.000,7,MULTI_SESSION
7917962954244786091,2016-12-14 02:40:33.000,7,MULTI_SESSION
3844953690494102723,2016-12-30 10:20:43.000,16,MULTI_SESSION
1205098047899006231,2017-07-07 16:11:50.000,6,MULTI_SESSION
9263433725589070912,2017-04-27 00:12:36.000,11,MULTI_SESSION
0985098225619885190,2017-05-15 17:54:41.000,18,MULTI_SESSION
891256389600004515,2017-08-02 04:01:07.000,14,MULTI_SESSION
4724259822631281911,2016-11-17 19:49:16.000,4,MULTI_SESSION
8183327679520713401,2017-04-04 17:18:38.000,5,MULTI_SESSION
0780206376162514125,2016-09-08 22:17:03.000,4,MULTI_SESSION
6886649071985199551,2016-10-13 14:18:56.000,4,MULTI_SESSION
2105122376016897629,2017-07-24 17:06:29.000,15,MULTI_SESSION
3475041930995418580,2016-09-15 16:36:42.000,11,MULTI_SESSION
1452613891025216774,2017-06-09 13:46:42.000,5,MULTI_SESSION
61892085087294527,2017-01-31 17:39:42.000,4,MULTI_SESSION
1144912080450618887,2016-08-11 22:31:20.000,3,MULTI_SESSION
6299562525821185626,2016-12-14 02:06:00.000,4,MULTI_SESSION
8444725132150789814,2016-12-13 16:18:10.000,6,MULTI_SESSION
8125338238269523095,2016-10-13 15:11:43.000,7,MULTI_SESSION
0060873674881142784,2017-01-12 22:05:36.000,6,MULTI_SESSION
738451259641127092,2017-01-23 23:23:41.000,2,MULTI_SESSION
8258605994436403442,2017-03-08 15:59:30.000,6,MULTI_SESSION
0683358409080092864,2016-09-15 07:13:26.000,4,MULTI_SESSION
7737545548847540539,2016-12-05 06:24:06.000,2,MULTI_SESSION
8579647481420425960,2017-07-19 17:22:25.000,3,MULTI_SESSION
9179926875035453581,2017-03-22 19:58:28.000,3,MULTI_SESSION
9295804456839509915,2016-10-08 22:06:16.000,3,MULTI_SESSION
9160688801124625042,2017-03-21 05:31:29.000,3,MULTI_SESSION
0511729257667195605,2016-09-13 20:14:10.000,3,MULTI_SESSION
7999024439305263613,2016-09-19 20:52:19.000,10,MULTI_SESSION
8359659445596139520,2016-11-18 16:10:05.000,5,MULTI_SESSION
476894088375216381,2016-11-28 16:22:12.000,4,MULTI_SESSION
9738687776376381043,2016-10-22 17:42:25.000,11,MULTI_SESSION
9505488127999299537,2017-05-19 21:13:59.000,4,MULTI_SESSION
1220339310378878596,2016-09-27 23:33:58.000,4,MULTI_SESSION
8251114110522799892,2016-10-20 03:01:19.000,5,MULTI_SESSION
2272358426431745604,2016-08-12 16:16:56.000,9,MULTI_SESSION
5125140299363465569,2017-07-19 20:20:17.000,8,MULTI_SESSION
7691884507775578651,2017-03-07 19:14:16.000,5,MULTI_SESSION
6556372103175435260,2016-10-21 17:54:58.000,5,MULTI_SESSION
9205496322274361632,2017-01-02 18:00:12.000,3,MULTI_SESSION
0481562034862119313,2017-02-22 20:53:13.000,3,MULTI_SESSION
4671049020900082348,2017-06-13 14:50:14.000,3,MULTI_SESSION
9308310352918219134,2017-08-01 17:21:18.000,8,MULTI_SESSION
3792462774806211311,2017-04-28 00:55:30.000,11,MULTI_SESSION
5088165134523935332,2017-04-10 20:33:54.000,3,MULTI_SESSION
3944989619827418524,2016-08-22 16:56:25.000,7,MULTI_SESSION
4186434179887307955,2016-09-18 14:56:00.000,7,MULTI_SESSION
3891255667600812168,2017-03-30 21:47:06.000,3,MULTI_SESSION
0075449012662152580,2017-05-15 14:04:28.000,5,MULTI_SESSION
9374732127201012465,2017-07-28 21:21:10.000,8,MULTI_SESSION
5345276565851241365,2016-12-10 20:10:42.000,5,MULTI_SESSION
9755261936668961758,2017-06-07 23:00:49.000,4,MULTI_SESSION
8389503850023713567,2017-04-09 20:39:19.000,3,MULTI_SESSION
1997243885876089475,2017-03-29 11:29:59.000,11,MULTI_SESSION
0185467632009737931,2016-09-02 19:59:58.000,6,MULTI_SESSION
3235007945976260672,2016-12-04 08:28:42.000,4,MULTI_SESSION
3809242468363995194,2016-11-20 22:13:47.000,2,MULTI_SESSION
690857538975657049,2016-10-24 14:40:15.000,2,MULTI_SESSION
9520888113788925789,2016-08-23 19:11:28.000,8,MULTI_SESSION
5537140767196108194,2016-09-20 15:40:57.000,5,MULTI_SESSION
2691780862090038185,2017-05-01 13:34:05.000,3,MULTI_SESSION
7347925447338164715,2017-06-10 00:55:31.000,8,MULTI_SESSION
4560598885300753163,2017-05-02 22:48:45.000,3,MULTI_SESSION
223992111609267003,2016-12-18 20:00:32.000,7,MULTI_SESSION
6035720315860401957,2017-03-18 20:06:01.000,21,MULTI_SESSION
4216847323898828897,2016-09-13 22:14:25.000,3,MULTI_SESSION
235594707904808624,2017-05-08 00:45:41.000,5,MULTI_SESSION
0928427495961753778,2016-12-07 00:26:41.000,9,MULTI_SESSION
2149939263814499827,2016-09-20 23:24:57.000,2,MULTI_SESSION
565056780083615308,2017-01-25 12:32:04.000,9,MULTI_SESSION
3743323902703489418,2016-12-08 01:22:35.000,5,MULTI_SESSION
6214198304090570874,2016-08-18 20:17:45.000,3,MULTI_SESSION
3874262976539504946,2016-10-05 14:45:57.000,2,MULTI_SESSION
0436141361480108416,2016-11-11 22:43:33.000,5,MULTI_SESSION
6704169866475773316,2016-09-19 20:35:32.000,2,MULTI_SESSION
0603507101721972238,2017-03-29 19:45:20.000,4,MULTI_SESSION
0334916383849466701,2017-01-12 23:15:00.000,4,MULTI_SESSION
5343854079752182770,2016-10-04 19:55:58.000,5,MULTI_SESSION
239232141736563627,2016-12-14 19:33:04.000,2,MULTI_SESSION
8308144532481482080,2017-07-26 17:54:26.000,5,MULTI_SESSION
7789668913244553459,2016-11-15 15:59:36.000,8,MULTI_SESSION
0858529807992469732,2016-11-10 22:04:42.000,4,MULTI_SESSION
7115815619589342932,2017-07-25 14:31:07.000,3,MULTI_SESSION
809414136326091253,2017-02-24 17:53:47.000,5,MULTI_SESSION
6256172095558869721,2016-08-12 18:38:07.000,6,MULTI_SESSION
442359446750687328,2017-07-31 23:04:34.000,2,MULTI_SESSION
0622280363748067669,2016-08-23 23:47:42.000,4,MULTI_SESSION
6760732402251466726,2016-08-16 15:06:23.000,8,MULTI_SESSION
8854720490471825875,2017-02-05 22:13:50.000,9,MULTI_SESSION
5759869203638268545,2016-09-16 01:29:08.000,2,MULTI_SESSION
3520716110085025698,2017-04-11 00:01:08.000,4,MULTI_SESSION
3957556935782502298,2016-11-03 15:21:10.000,4,MULTI_SESSION
2958670304005364003,2017-03-29 19:20:47.000,8,MULTI_SESSION
005339642194263188,2016-12-16 17:46:39.000,14,MULTI_SESSION
7958231810407314761,2016-12-17 20:06:39.000,6,MULTI_SESSION
4702152275640391466,2016-08-15 16:26:04.000,3,MULTI_SESSION
2888741988109163849,2016-12-05 15:53:27.000,2,MULTI_SESSION
118139814032445850,2017-06-09 19:21:18.000,5,MULTI_SESSION
7105031024714443566,2017-07-28 02:45:06.000,2,MULTI_SESSION
2877243749158885566,2017-05-03 18:35:04.000,2,MULTI_SESSION
2005406430209202726,2016-08-24 21:13:45.000,3,MULTI_SESSION
1295521698300236570,2016-10-12 21:49:14.000,2,MULTI_SESSION
8649724530015932809,2016-11-28 14:50:25.000,3,MULTI_SESSION
491193409314675096,2017-02-22 20:41:32.000,2,MULTI_SESSION
2560606622677775482,2017-04-07 02:05:24.000,2,MULTI_SESSION
4584926842212769645,2017-01-22 05:39:30.000,2,MULTI_SESSION
6338909403180350961,2017-07-12 12:40:33.000,2,MULTI_SESSION
9838019020016513772,2016-09-11 05:48:02.000,6,MULTI_SESSION
4502934247228309817,2016-10-12 17:01:04.000,2,MULTI_SESSION
3527366305683922189,2017-01-18 00:01:20.000,4,MULTI_SESSION
7039433056529738996,2017-05-22 17:53:14.000,2,MULTI_SESSION
8801662579253848745,2017-04-12 00:40:46.000,2,MULTI_SESSION
0643786734868244401,2016-12-19 04:15:32.000,6,MULTI_SESSION
3978014163189358246,2016-12-07 15:58:32.000,3,MULTI_SESSION
4580502273723821061,2017-02-20 15:34:55.000,2,MULTI_SESSION
026286046518884836,2017-04-12 04:25:41.000,3,MULTI_SESSION
877618717582266931,2017-04-30 09:54:59.000,3,MULTI_SESSION
7675702584577907084,2016-09-29 20:16:26.000,2,MULTI_SESSION
435373542373805498,2016-08-30 15:21:41.000,2,MULTI_SESSION
147828372863938733,2016-09-27 17:52:51.000,11,MULTI_SESSION
3702504149982325265,2017-07-25 05:20:26.000,10,MULTI_SESSION
798497354396276590,2017-04-30 17:25:56.000,2,MULTI_SESSION
2093025970866126712,2016-12-24 16:45:46.000,2,MULTI_SESSION
654736404761929369,2017-08-01 17:29:03.000,3,MULTI_SESSION
5573862232372120211,2016-12-09 22:04:01.000,6,MULTI_SESSION
5657677988182303423,2017-07-05 15:25:00.000,6,MULTI_SESSION
2145471185371969845,2017-04-13 15:39:18.000,6,MULTI_SESSION
1569663514316885370,2017-06-21 17:49:26.000,6,MULTI_SESSION
3523546723004050529,2017-02-10 15:52:40.000,3,MULTI_SESSION
7771380615067157220,2017-07-26 16:21:04.000,5,MULTI_SESSION
1950054804441363108,2016-08-10 21:41:47.000,3,MULTI_SESSION
7602795446904794008,2017-04-25 15:25:15.000,5,MULTI_SESSION
1072391559688569305,2016-09-26 18:14:04.000,3,MULTI_SESSION
693079538830911094,2017-06-27 18:39:20.000,6,MULTI_SESSION
1989547808289808392,2017-05-08 19:00:31.000,3,MULTI_SESSION
3088956989442559269,2017-03-27 17:26:05.000,7,MULTI_SESSION
8413068470512078084,2016-12-01 19:34:49.000,7,MULTI_SESSION
4967676136502125585,2017-01-04 14:09:19.000,3,MULTI_SESSION
4943440601213672676,2017-06-15 20:29:35.000,3,MULTI_SESSION
2135877003098860196,2017-02-23 22:34:01.000,4,MULTI_SESSION
0950533423538162266,2017-01-19 19:49:33.000,2,MULTI_SESSION
8577293288032941687,2016-11-20 20:36:09.000,6,MULTI_SESSION
7079315843944655334,2017-02-06 09:49:40.000,6,MULTI_SESSION
5486423312788260329,2016-11-02 15:47:20.000,4,MULTI_SESSION
0594874658574182443,2016-09-01 17:07:57.000,4,MULTI_SESSION
2367402323702464449,2017-03-16 04:45:51.000,4,MULTI_SESSION
8130587090166604598,2016-11-22 03:44:57.000,6,MULTI_SESSION
5188970266238725427,2016-11-19 00:10:58.000,2,MULTI_SESSION
5546357899055367102,2016-12-12 20:53:02.000,3,MULTI_SESSION
1918500785081958231,2016-12-01 23:54:01.000,2,MULTI_SESSION
4605732283887224691,2017-01-10 18:35:26.000,12,MULTI_SESSION
0343104487250705794,2017-02-13 23:36:12.000,4,MULTI_SESSION
1639072713254976825,2017-06-21 22:36:41.000,3,MULTI_SESSION
3871891696772635172,2017-01-09 01:35:23.000,3,MULTI_SESSION
2575683338056092350,2017-04-13 13:52:04.000,3,MULTI_SESSION
8657760181531700072,2016-11-20 23:11:01.000,5,MULTI_SESSION
7952709367999520186,2016-12-08 21:41:38.000,2,MULTI_SESSION
6578016208706520145,2017-01-26 04:01:04.000,3,MULTI_SESSION
1191483048689991981,2016-11-18 19:12:23.000,3,MULTI_SESSION
3841458002774357152,2017-01-06 15:30:36.000,3,MULTI_SESSION
1184983596770783186,2016-12-23 19:20:54.000,4,MULTI_SESSION
1440541984553829835,2017-04-03 16:15:46.000,2,MULTI_SESSION
668227072565326523,2016-10-06 22:11:50.000,5,MULTI_SESSION
969805579159280599,2016-12-25 17:59:36.000,5,MULTI_SESSION
9941926446046145468,2016-08-12 22:53:44.000,4,MULTI_SESSION
2694580801646104350,2017-04-28 12:04:14.000,2,MULTI_SESSION
8984229209576578467,2016-10-19 23:21:01.000,2,MULTI_SESSION
7000708126985064854,2017-03-08 19:34:56.000,4,MULTI_SESSION
3137796021473000600,2016-08-26 15:23:22.000,6,MULTI_SESSION
5264845021855252769,2017-02-14 21:41:05.000,5,MULTI_SESSION
8380198705718952326,2016-09-19 01:26:24.000,2,MULTI_SESSION
6616312769485144560,2016-10-14 17:02:17.000,3,MULTI_SESSION
08635110543627771,2016-10-05 12:31:49.000,3,MULTI_SESSION
2667298817344312615,2017-06-01 16:27:09.000,2,MULTI_SESSION
9571301648285059423,2016-12-12 02:51:39.000,6,MULTI_SESSION
1860697994072848784,2017-06-16 15:09:33.000,4,MULTI_SESSION
2219058549667312453,2016-08-24 00:57:04.000,2,MULTI_SESSION
5818809333488367777,2017-05-24 18:22:28.000,3,MULTI_SESSION
0744210830143973631,2017-06-29 05:35:07.000,2,MULTI_SESSION
5385185229855474745,2016-11-04 23:42:43.000,2,MULTI_SESSION
8838657285552913253,2017-07-08 21:18:22.000,3,MULTI_SESSION
7089296120636038584,2017-07-20 22:58:20.000,3,MULTI_SESSION
2986044800448176384,2017-05-14 00:22:18.000,2,MULTI_SESSION
3689455923152943810,2017-03-23 14:06:20.000,4,MULTI_SESSION
8144887345147571750,2016-08-15 22:13:40.000,3,MULTI_SESSION
5995442471500823689,2017-03-18 23:00:04.000,5,MULTI_SESSION
3435570511670924970,2016-12-15 17:35:40.000,5,MULTI_SESSION
3317903560139792360,2016-12-06 08:00:14.000,2,MULTI_SESSION
359543575011787613,2016-09-28 19:43:50.000,5,MULTI_SESSION
1164110348121511511,2017-07-25 16:21:17.000,2,MULTI_SESSION
0509637927726464785,2017-02-21 20:40:52.000,2,MULTI_SESSION
5520761942554213462,2016-12-10 18:53:18.000,2,MULTI_SESSION
7857874876716902829,2016-12-22 01:35:01.000,2,MULTI_SESSION
7298336494740484350,2017-01-07 04:57:35.000,2,MULTI_SESSION
2345777682762972130,2016-11-21 22:26:13.000,4,MULTI_SESSION
7587138749751940102,2016-12-08 18:23:17.000,3,MULTI_SESSION
6959603963564869161,2016-08-15 21:36:24.000,2,MULTI_SESSION
5018379661055949961,2017-05-22 22:50:41.000,3,MULTI_SESSION
8493357153364319748,2017-04-12 05:02:55.000,3,MULTI_SESSION
6597110312639955010,2016-11-28 17:03:42.000,2,MULTI_SESSION
8844595455983709186,2017-06-04 03:56:35.000,4,MULTI_SESSION
079475762358903551,2017-02-15 19:23:38.000,3,MULTI_SESSION
2060318762356474784,2017-03-04 21:26:58.000,3,MULTI_SESSION
6658963377176900998,2017-05-09 14:53:35.000,3,MULTI_SESSION
4593551567898241658,2016-12-08 23:22:49.000,4,MULTI_SESSION
0755655563816873558,2017-06-27 04:45:22.000,3,MULTI_SESSION
3424918216070852195,2017-07-26 12:34:20.000,3,MULTI_SESSION
212879651166366114,2016-10-05 16:36:35.000,4,MULTI_SESSION
5613784133853070022,2017-06-23 19:42:24.000,4,MULTI_SESSION
1176365243573269624,2017-06-06 22:49:18.000,2,MULTI_SESSION
2645557375569096181,2017-07-07 01:45:10.000,5,MULTI_SESSION
2654985870202060107,2016-12-06 19:31:09.000,4,MULTI_SESSION
1869599090210681270,2017-06-05 22:39:25.000,9,MULTI_SESSION
1856789034184748379,2016-11-08 21:10:12.000,6,MULTI_SESSION
9589822168101300209,2017-04-25 13:34:45.000,3,MULTI_SESSION
7281719665961519039,2016-12-16 08:42:00.000,6,MULTI_SESSION
6847022427590388886,2017-06-14 15:29:43.000,6,MULTI_SESSION
1339321155836182076,2016-11-17 18:26:54.000,4,MULTI_SESSION
4362730247925977615,2016-09-15 19:13:14.000,3,MULTI_SESSION
327132720272185354,2016-10-07 19:15:51.000,2,MULTI_SESSION
7298416213438900925,2017-04-05 20:28:50.000,2,MULTI_SESSION
9863787389438412366,2017-03-11 19:56:14.000,5,MULTI_SESSION
6979205517954044794,2017-07-12 17:04:09.000,3,MULTI_SESSION
2801499422088453532,2017-03-10 09:05:57.000,6,MULTI_SESSION
1667607933860052004,2017-05-04 22:50:28.000,2,MULTI_SESSION
3187154400551133371,2017-02-13 19:20:18.000,10,MULTI_SESSION
4552275222012095884,2017-07-22 07:24:12.000,2,MULTI_SESSION
3090631969460248576,2016-10-27 18:20:43.000,6,MULTI_SESSION
9228091811246318377,2017-02-03 20:51:58.000,2,MULTI_SESSION
3034798095913703775,2016-09-16 17:02:59.000,4,MULTI_SESSION
5175920907996496542,2016-11-26 02:18:37.000,5,MULTI_SESSION
9204558610482507007,2017-03-22 17:38:03.000,6,MULTI_SESSION
1721806610766296421,2017-03-10 23:06:30.000,3,MULTI_SESSION
5835011534221003810,2017-08-01 20:51:19.000,3,MULTI_SESSION
3723930083196057545,2017-06-11 17:28:30.000,4,MULTI_SESSION
4583845190402124485,2016-09-22 04:15:19.000,3,MULTI_SESSION
27819532062608348,2016-09-29 00:37:59.000,5,MULTI_SESSION
1835132804289989526,2017-07-07 21:35:15.000,4,MULTI_SESSION
8072259894939566931,2017-05-04 21:55:59.000,3,MULTI_SESSION
6005829572969771144,2017-07-12 17:29:17.000,3,MULTI_SESSION
8404908998499788213,2017-04-03 19:51:07.000,2,MULTI_SESSION
6593140710602470169,2016-12-01 17:26:03.000,5,MULTI_SESSION
5651255012455106470,2017-05-10 00:18:05.000,2,MULTI_SESSION
2895356317388379178,2016-10-19 16:22:55.000,5,MULTI_SESSION
3468052702997743438,2016-09-21 20:37:46.000,4,MULTI_SESSION
3798576854040953242,2017-02-03 19:31:35.000,6,MULTI_SESSION
5952403374581782630,2017-05-13 02:37:33.000,3,MULTI_SESSION
8131817196837005031,2017-04-21 19:28:03.000,5,MULTI_SESSION
5876745703341154088,2017-02-27 16:38:44.000,2,MULTI_SESSION
2977355807683568190,2017-04-29 13:43:00.000,3,MULTI_SESSION
4374634500110118515,2017-04-26 20:44:15.000,3,MULTI_SESSION
4704759198904427269,2017-05-04 17:05:53.000,2,MULTI_SESSION
7259906781649779181,2017-05-11 22:04:48.000,2,MULTI_SESSION
5261961522397535940,2016-11-29 18:47:54.000,3,MULTI_SESSION
5196691607031491991,2017-06-05 22:23:49.000,4,MULTI_SESSION
8718806684615672297,2017-02-21 01:59:27.000,4,MULTI_SESSION
5922545727078253740,2017-07-17 18:43:53.000,2,MULTI_SESSION
2848995850651736137,2016-11-09 18:48:58.000,3,MULTI_SESSION
5793548802534178170,2016-11-14 23:21:26.000,8,MULTI_SESSION
9175759822797346321,2016-11-21 21:54:22.000,2,MULTI_SESSION
7980102376114249169,2016-12-05 15:14:15.000,3,MULTI_SESSION
9097173062370236070,2017-03-29 00:08:02.000,5,MULTI_SESSION
6367005961240877024,2017-06-07 19:17:14.000,2,MULTI_SESSION
7520548445569838487,2016-10-24 14:07:36.000,3,MULTI_SESSION
1743883708888557342,2016-12-06 17:24:45.000,2,MULTI_SESSION
5040013333654434796,2017-01-23 19:33:24.000,2,MULTI_SESSION
5433393935590550771,2016-08-19 17:22:48.000,3,MULTI_SESSION
9095439474545827790,2016-10-20 15:13:13.000,4,MULTI_SESSION
7729298327600931364,2017-05-16 17:09:49.000,2,MULTI_SESSION
25383618704224288,2016-08-22 19:41:21.000,2,MULTI_SESSION
3343911594542334618,2016-09-26 04:48:59.000,2,MULTI_SESSION
7378987659821753405,2016-12-12 19:40:53.000,2,MULTI_SESSION
9225056479434506088,2017-05-21 12:30:23.000,4,MULTI_SESSION
4332781117641254031,2017-07-18 07:00:04.000,6,MULTI_SESSION
8590369633898567459,2017-03-29 22:52:09.000,3,MULTI_SESSION
8013820676715807864,2017-03-24 19:25:32.000,2,MULTI_SESSION
4694443488552439139,2016-08-28 21:04:18.000,3,MULTI_SESSION
0095747507496204221,2017-06-16 19:01:29.000,3,MULTI_SESSION
0947035350589071135,2017-05-31 17:58:57.000,2,MULTI_SESSION
703975525619015480,2016-10-10 13:53:23.000,4,MULTI_SESSION
0642830728760694475,2016-11-04 14:04:50.000,3,MULTI_SESSION
7806950251446529341,2017-05-31 19:56:05.000,3,MULTI_SESSION
1160204963389257110,2017-06-22 03:31:53.000,3,MULTI_SESSION
8668902316036611419,2016-12-22 21:18:46.000,4,MULTI_SESSION
1029117971501759934,2016-11-18 00:18:49.000,2,MULTI_SESSION
7383823269227966775,2016-08-15 19:11:38.000,4,MULTI_SESSION
8489866858804913505,2016-10-31 15:59:30.000,2,MULTI_SESSION
6250022739137848428,2016-12-08 01:27:13.000,2,MULTI_SESSION
5901801479470276689,2016-11-29 19:14:04.000,3,MULTI_SESSION
7218697724746319622,2016-11-17 20:46:23.000,3,MULTI_SESSION
921328071414321865,2016-10-17 13:47:25.000,3,MULTI_SESSION
8376588599505232518,2017-01-20 05:50:09.000,2,MULTI_SESSION
5541013582108624556,2016-08-24 21:27:50.000,2,MULTI_SESSION
1758403603414007957,2017-01-19 21:30:48.000,4,MULTI_SESSION
5356435119809410470,2016-11-03 14:43:11.000,7,MULTI_SESSION
1173816642552637005,2017-03-09 14:26:49.000,2,MULTI_SESSION
5418879524729998284,2017-04-06 22:01:18.000,3,MULTI_SESSION
0012561433643490595,2017-06-03 03:31:16.000,3,MULTI_SESSION
2785285614162305625,2017-02-22 03:35:17.000,2,MULTI_SESSION
2187177207543456316,2016-12-18 19:39:53.000,3,MULTI_SESSION
820975458829073449,2016-10-24 23:13:52.000,2,MULTI_SESSION
9968035159703740191,2017-03-27 10:02:21.000,4,MULTI_SESSION
8223058588270427668,2016-11-10 17:52:50.000,3,MULTI_SESSION
1884511874414753238,2016-08-08 05:42:32.000,3,MULTI_SESSION
8386920340998668390,2017-04-18 17:46:05.000,5,MULTI_SESSION
9372618001980854712,2016-11-16 02:54:30.000,5,MULTI_SESSION
3084488537462893210,2016-09-20 14:22:55.000,3,MULTI_SESSION
5506296400494129114,2017-03-30 16:21:52.000,2,MULTI_SESSION
8171725495673246334,2016-09-02 02:05:52.000,3,MULTI_SESSION
1393633173328801040,2017-07-29 20:56:32.000,3,MULTI_SESSION
8681536568147881987,2016-12-04 01:30:05.000,4,MULTI_SESSION
1336773302249657175,2016-12-12 14:45:02.000,2,MULTI_SESSION
662174499954069675,2016-10-04 04:58:01.000,2,MULTI_SESSION
5130291544315310058,2016-12-06 03:04:04.000,2,MULTI_SESSION
2936976853577355487,2017-03-23 23:13:49.000,2,MULTI_SESSION
4830184868046076720,2016-08-12 04:23:15.000,4,MULTI_SESSION
3508419666243874603,2017-06-23 18:21:21.000,4,MULTI_SESSION
783433940623046043,2016-09-16 00:29:18.000,2,MULTI_SESSION
7849560023703448121,2016-10-31 14:40:12.000,10,MULTI_SESSION
9040029218099206694,2016-08-02 19:01:54.000,2,MULTI_SESSION
3779884879150825384,2016-12-12 16:03:05.000,3,MULTI_SESSION
3308953517897542519,2017-07-27 20:19:51.000,3,MULTI_SESSION
8683107895227989538,2017-06-26 17:35:11.000,4,MULTI_SESSION
9585994831948642933,2017-04-11 21:57:43.000,2,MULTI_SESSION
1906926996764473743,2017-02-17 21:22:53.000,3,MULTI_SESSION
0080479763428955064,2017-07-21 14:09:51.000,3,MULTI_SESSION
2969957690756250633,2017-03-23 21:40:08.000,4,MULTI_SESSION
60802643524541285,2016-12-11 20:20:01.000,3,MULTI_SESSION
4371319639324019730,2017-05-25 23:12:28.000,2,MULTI_SESSION
5702250706179149383,2017-05-22 02:45:13.000,2,MULTI_SESSION
5513331212846933396,2016-08-11 23:08:12.000,3,MULTI_SESSION
910504852442385120,2016-10-21 17:10:23.000,2,MULTI_SESSION
1423245652069790681,2017-04-24 07:53:03.000,3,MULTI_SESSION
9560188227657174682,2017-06-30 14:05:17.000,4,MULTI_SESSION
8835299295328484368,2016-10-07 13:56:54.000,5,MULTI_SESSION
307884915539160890,2017-02-17 23:10:08.000,4,MULTI_SESSION
8989237843879391411,2016-12-15 19:00:09.000,3,MULTI_SESSION
144847938814859371,2017-06-11 19:23:49.000,2,MULTI_SESSION
6431612783925997248,2016-12-05 21:55:18.000,4,MULTI_SESSION
4773573244753299893,2016-12-06 02:05:26.000,3,MULTI_SESSION
2308970056076735364,2017-01-11 19:28:32.000,2,MULTI_SESSION
8303950448649190197,2017-07-13 23:01:12.000,2,MULTI_SESSION
7841078781730568178,2017-02-06 21:03:30.000,2,MULTI_SESSION
3909763381289527043,2017-03-22 16:59:24.000,2,MULTI_SESSION
4822424580888281003,2017-04-05 01:34:05.000,4,MULTI_SESSION
9921480541153586613,2017-02-12 17:00:10.000,3,MULTI_SESSION
5962830800899970265,2017-07-27 01:38:03.000,2,MULTI_SESSION
897189708290538264,2016-09-20 23:11:46.000,2,MULTI_SESSION
2422865366235727605,2017-07-31 04:15:32.000,4,MULTI_SESSION
2347471050544884892,2016-08-17 16:59:18.000,4,MULTI_SESSION
0139256351437404200,2017-05-22 21:39:21.000,2,MULTI_SESSION
7581944643988473648,2017-03-02 23:58:58.000,4,MULTI_SESSION
1817256435818850257,2016-08-01 23:36:16.000,3,MULTI_SESSION
4013470531611520402,2017-07-06 15:28:31.000,3,MULTI_SESSION
9637722417818323113,2017-02-25 06:27:41.000,4,MULTI_SESSION
2019475323321472449,2017-06-02 21:40:58.000,2,MULTI_SESSION
753068173118806777,2017-05-08 20:32:59.000,4,MULTI_SESSION
2127057091012391877,2016-12-17 21:00:46.000,2,MULTI_SESSION
155711517942843047,2017-01-03 19:16:15.000,5,MULTI_SESSION
3976777755892990824,2016-11-11 14:28:00.000,2,MULTI_SESSION
0820978656614964451,2017-05-13 01:29:40.000,2,MULTI_SESSION
9642795519040209415,2016-08-31 18:56:17.000,3,MULTI_SESSION
6370686241050647967,2016-11-28 06:10:27.000,4,MULTI_SESSION
8424419632246672447,2016-12-29 01:51:11.000,2,MULTI_SESSION
2937923833297072633,2016-10-13 00:02:40.000,3,MULTI_SESSION
408893888652154187,2016-11-10 03:22:02.000,4,MULTI_SESSION
2056532343381851123,2016-12-28 18:34:51.000,2,MULTI_SESSION
6127323333777409997,2016-09-29 20:01:47.000,3,MULTI_SESSION
4423806705087796169,2016-12-30 00:14:12.000,5,MULTI_SESSION
7321764593218311455,2017-05-01 21:43:21.000,2,MULTI_SESSION
0676786607056065282,2017-03-30 16:47:14.000,3,MULTI_SESSION
949851277313958084,2017-03-20 01:56:07.000,3,MULTI_SESSION
4921798700570421930,2017-07-25 15:02:39.000,2,MULTI_SESSION
827758820563592695,2016-12-17 05:20:33.000,4,MULTI_SESSION
1070774421633587976,2016-09-13 22:06:38.000,2,MULTI_SESSION
0601406166745975278,2016-11-02 15:01:42.000,3,MULTI_SESSION
5556519873090300831,2016-10-12 21:39:15.000,3,MULTI_SESSION
2303199190024622321,2017-04-25 17:12:54.000,2,MULTI_SESSION
0654327480845915716,2017-03-08 04:55:12.000,2,MULTI_SESSION
4329684992044034266,2017-06-01 21:31:01.000,3,MULTI_SESSION
7338051264625149881,2017-02-09 14:52:03.000,2,MULTI_SESSION
8284521095885214097,2017-04-04 23:29:20.000,2,MULTI_SESSION
754193085382700442,2016-12-12 17:35:03.000,2,MULTI_SESSION
8726427406034606152,2017-06-29 15:21:03.000,2,MULTI_SESSION
4473177961901728664,2016-08-10 23:16:23.000,4,MULTI_SESSION
0109278995741921995,2016-08-09 17:47:43.000,2,MULTI_SESSION
5844499585021930653,2017-03-29 21:45:58.000,2,MULTI_SESSION
7190366246319919792,2016-12-09 18:20:17.000,2,MULTI_SESSION
0535797652559788641,2017-07-22 03:49:12.000,2,MULTI_SESSION
7884800380653018929,2017-05-26 19:47:25.000,3,MULTI_SESSION
8038666867803422742,2016-12-09 08:13:49.000,2,MULTI_SESSION
8610829181848499351,2016-10-06 12:33:03.000,2,MULTI_SESSION
2312901196911116113,2016-12-28 16:46:10.000,4,MULTI_SESSION
5467849241888825970,2017-01-10 22:03:18.000,2,MULTI_SESSION
5840295243911523760,2017-07-27 03:06:02.000,3,MULTI_SESSION
2553957087129235590,2017-01-26 15:39:35.000,2,MULTI_SESSION
5642185407180731609,2017-02-09 14:59:16.000,2,MULTI_SESSION
6937662175873658557,2016-08-17 03:56:38.000,2,MULTI_SESSION
6858581199056101379,2017-02-26 18:50:50.000,2,MULTI_SESSION
1502528664071512300,2017-05-22 05:37:34.000,3,MULTI_SESSION
5874652729047848960,2016-08-08 18:53:07.000,2,MULTI_SESSION
7247213948842661209,2017-06-20 07:54:41.000,2,MULTI_SESSION
9272602657052463173,2016-09-22 15:14:44.000,2,MULTI_SESSION
0020342483972052451,2016-12-07 01:37:42.000,2,MULTI_SESSION
6361004934465135812,2017-07-17 21:24:02.000,4,MULTI_SESSION
4561223317257088622,2016-12-27 18:11:41.000,2,MULTI_SESSION
5712192985842423649,2016-08-18 15:31:48.000,3,MULTI_SESSION
0084834161383601528,2016-08-16 21:31:43.000,2,MULTI_SESSION
9264586279385429570,2016-08-26 16:36:43.000,2,MULTI_SESSION
5508164318239659326,2017-07-16 17:57:08.000,2,MULTI_SESSION
0744194450160663160,2017-05-23 23:11:56.000,2,MULTI_SESSION
8754452884191338331,2017-02-08 15:04:27.000,2,MULTI_SESSION
3170422263023415862,2017-02-17 19:25:51.000,2,MULTI_SESSION
664885127935747173,2017-02-10 11:08:02.000,3,MULTI_SESSION
6007466842428480250,2016-12-12 00:43:09.000,2,MULTI_SESSION
8130967170149576800,2017-03-07 14:34:48.000,2,MULTI_SESSION
3860895983574499248,2016-12-27 03:24:06.000,2,MULTI_SESSION
4534000853584837474,2016-12-28 13:55:09.000,2,MULTI_SESSION
0994272213284505294,2017-05-30 04:59:45.000,2,MULTI_SESSION
8883064592655631631,2016-12-05 22:16:34.000,3,MULTI_SESSION
4794407036950111332,2016-09-15 22:56:27.000,3,MULTI_SESSION
1079388627585956636,2016-11-22 02:48:39.000,3,MULTI_SESSION
6822760560564314761,2017-06-01 17:21:37.000,2,MULTI_SESSION
3836209289653625827,2017-06-04 20:26:32.000,2,MULTI_SESSION
7847878753909959497,2017-05-27 19:03:27.000,2,MULTI_SESSION
268469528689115459,2016-08-23 01:31:56.000,6,MULTI_SESSION
0617283905493277793,2017-02-07 19:43:47.000,3,MULTI_SESSION
372706149688864468,2016-11-01 20:39:52.000,3,MULTI_SESSION
6403816382362616234,2017-08-01 17:41:08.000,2,MULTI_SESSION
094901025743788716,2017-05-18 18:18:11.000,2,MULTI_SESSION
9031724260430223922,2017-04-18 17:46:20.000,2,MULTI_SESSION
6470814882136589176,2017-02-17 20:50:28.000,3,MULTI_SESSION
3783478137758293911,2017-06-08 00:31:33.000,3,MULTI_SESSION
766779490317492129,2016-09-06 20:35:17.000,3,MULTI_SESSION
7742753003683875687,2017-01-04 18:29:27.000,2,MULTI_SESSION
0829523931932991940,2016-11-18 21:39:43.000,3,MULTI_SESSION
6331954478763048800,2017-05-09 20:30:39.000,2,MULTI_SESSION
1924458237730000404,2016-12-08 23:16:36.000,3,MULTI_SESSION
4119448635627172848,2017-07-14 21:01:38.000,2,MULTI_SESSION
9574540989591143939,2017-02-09 17:30:21.000,2,MULTI_SESSION
2061193526205671721,2016-12-24 18:37:22.000,2,MULTI_SESSION
2426082201157703136,2017-04-04 20:24:55.000,2,MULTI_SESSION
4056272724436098353,2017-06-15 16:41:51.000,2,MULTI_SESSION
0969777692857274703,2017-06-28 22:39:32.000,5,MULTI_SESSION
0188247823522588210,2017-05-03 20:02:37.000,2,MULTI_SESSION
5357834743142863382,2017-06-27 19:08:53.000,2,MULTI_SESSION
0197640110870848557,2017-04-27 01:45:47.000,2,MULTI_SESSION
7032925674295119702,2017-04-21 16:04:22.000,2,MULTI_SESSION
963205524675368812,2017-01-04 02:31:13.000,2,MULTI_SESSION
985292324813109533,2016-10-11 00:20:26.000,2,MULTI_SESSION
8048940618687997612,2017-04-11 13:21:41.000,2,MULTI_SESSION
4937590539132421841,2017-06-26 03:38:42.000,3,MULTI_SESSION
8504210729882302627,2017-02-08 16:18:41.000,2,MULTI_SESSION
2510765460977989271,2017-04-25 18:10:35.000,2,MULTI_SESSION
1012363918031449847,2017-02-07 23:34:06.000,2,MULTI_SESSION
2160706963987531641,2016-08-23 20:51:04.000,2,MULTI_SESSION
1505005738555930573,2017-05-09 18:56:29.000,4,MULTI_SESSION
9345236291311011831,2016-11-23 18:38:04.000,2,MULTI_SESSION
20772809165725592,2016-10-18 20:36:20.000,3,MULTI_SESSION
031607904142435840,2016-10-18 17:03:22.000,2,MULTI_SESSION
9084528523233662200,2016-10-15 19:02:27.000,3,MULTI_SESSION
8487348999733948081,2017-05-17 21:29:15.000,2,MULTI_SESSION
2460723540924398520,2017-04-11 20:42:53.000,3,MULTI_SESSION
6213994431207095726,2017-01-03 19:21:31.000,2,MULTI_SESSION
403789659645595849,2017-06-28 22:28:05.000,4,MULTI_SESSION
645131442954167518,2016-11-21 16:51:04.000,2,MULTI_SESSION
6757157297870594584,2017-06-12 20:15:55.000,2,MULTI_SESSION
1579204935033750564,2016-09-25 14:46:20.000,2,MULTI_SESSION
5549135228417306285,2017-02-10 19:40:07.000,2,MULTI_SESSION
4636139656248532582,2016-10-06 18:12:12.000,3,MULTI_SESSION
0618831613303765725,2016-12-22 17:09:55.000,2,MULTI_SESSION
0895662371717946210,2016-12-24 00:52:42.000,2,MULTI_SESSION
4584928655327301095,2016-09-14 17:12:31.000,2,MULTI_SESSION
32080452871669006,2017-02-17 22:17:50.000,2,MULTI_SESSION
589967396396729491,2016-08-21 16:25:53.000,3,MULTI_SESSION
0061519776091452595,2016-09-14 14:20:46.000,2,MULTI_SESSION
854480075976735047,2017-02-20 13:44:00.000,2,MULTI_SESSION
6773336867278757036,2016-08-17 21:55:17.000,4,MULTI_SESSION
1907624706752111002,2017-03-22 23:39:43.000,2,MULTI_SESSION
4950411203281265700,2017-03-01 00:01:02.000,2,MULTI_SESSION
9894212842135396605,2016-08-12 21:17:52.000,3,MULTI_SESSION
6001085697453639910,2017-03-22 22:52:39.000,4,MULTI_SESSION
5804926577039377233,2016-09-04 05:02:08.000,2,MULTI_SESSION
1229962015086120441,2016-12-11 18:16:13.000,2,MULTI_SESSION
4239174393004519889,2016-08-26 01:31:54.000,2,MULTI_SESSION
1889446797400507159,2016-09-25 23:45:53.000,2,MULTI_SESSION
1634397925109674668,2016-09-21 22:19:15.000,2,MULTI_SESSION
062337808774510362,2016-10-06 16:52:46.000,6,MULTI_SESSION
5292294760335216459,2017-07-14 00:48:04.000,2,MULTI_SESSION
698203322681818933,2016-10-03 15:20:38.000,3,MULTI_SESSION
1023615951662839630,2016-09-13 14:44:11.000,3,MULTI_SESSION
8821259122819000444,2016-08-17 16:06:45.000,2,MULTI_SESSION
4928384463163013533,2017-03-26 18:54:20.000,2,MULTI_SESSION
0910294048272999367,2016-08-12 20:52:57.000,2,MULTI_SESSION
4969287766057721513,2016-09-16 22:03:54.000,4,MULTI_SESSION
3870523357204139831,2016-08-17 12:28:38.000,4,MULTI_SESSION
467904620717928287,2017-06-05 03:15:17.000,2,MULTI_SESSION
5239443997664471780,2017-07-29 21:38:25.000,2,MULTI_SESSION
7438635676004197181,2016-12-19 05:11:36.000,2,MULTI_SESSION
8035911212149258356,2016-11-30 19:26:30.000,3,MULTI_SESSION
0060552898118020687,2016-10-16 18:24:10.000,2,MULTI_SESSION
4100243947088783573,2016-12-15 01:01:03.000,2,MULTI_SESSION
7272617006657421843,2016-08-23 16:28:11.000,4,MULTI_SESSION
5760753352577829144,2016-08-01 23:53:25.000,2,MULTI_SESSION
096830421763570474,2016-09-27 16:26:55.000,3,MULTI_SESSION
072256802357894342,2017-05-01 16:59:45.000,2,MULTI_SESSION
9807072102349488174,2016-08-16 13:47:34.000,2,MULTI_SESSION
354395446181773550,2017-07-08 22:09:56.000,2,MULTI_SESSION
2434821222031951612,2016-12-30 23:45:22.000,3,MULTI_SESSION
8694355452575545728,2017-03-31 16:35:12.000,3,MULTI_SESSION
0714601935287141843,2016-11-29 22:15:40.000,2,MULTI_SESSION
9369594665112316825,2017-04-03 21:50:44.000,3,MULTI_SESSION
1722461121471854562,2016-12-19 15:37:29.000,2,MULTI_SESSION
82422266360134560,2016-11-23 22:18:02.000,2,MULTI_SESSION
6210742299083383433,2017-06-02 23:54:30.000,2,MULTI_SESSION
4834259788821936917,2016-11-01 18:39:29.000,2,MULTI_SESSION
1041762663745396837,2016-08-18 18:13:50.000,2,MULTI_SESSION
5308952469141468647,2016-11-22 00:41:01.000,3,MULTI_SESSION
9868557064314705324,2017-07-18 17:27:22.000,2,MULTI_SESSION
3545123060029364265,2016-08-05 20:22:14.000,2,MULTI_SESSION
0193041826287662991,2016-08-18 22:42:17.000,3,MULTI_SESSION
0110888394822957190,2016-10-02 21:01:27.000,2,MULTI_SESSION
852340024895888997,2016-12-05 15:17:25.000,2,MULTI_SESSION
8434433458217392549,2017-02-17 22:07:52.000,2,MULTI_SESSION
3332096924398880004,2017-04-02 13:33:45.000,4,MULTI_SESSION
5041710037464068064,2017-06-20 02:05:45.000,2,MULTI_SESSION
4860834865862297118,2016-09-29 00:25:43.000,2,MULTI_SESSION
0121856061140944855,2016-08-15 15:22:21.000,2,MULTI_SESSION
3219030339075413961,2016-11-07 02:04:08.000,2,MULTI_SESSION
8100515448851904856,2017-03-06 18:31:31.000,2,MULTI_SESSION
9793419613813560755,2017-06-12 22:54:45.000,2,MULTI_SESSION
9963197880398595287,2017-07-01 05:09:30.000,2,MULTI_SESSION
5577094187209955353,2017-05-16 22:22:21.000,2,MULTI_SESSION
3544319698789912473,2016-11-30 16:42:42.000,2,MULTI_SESSION
8795588873125044253,2017-04-05 05:02:30.000,2,MULTI_SESSION
7935549301309973853,2017-06-22 20:06:32.000,2,MULTI_SESSION
0290333981372798422,2017-05-15 18:29:44.000,2,MULTI_SESSION
7522241323789304840,2016-12-29 21:36:46.000,2,MULTI_SESSION
8574963214851619381,2017-05-20 02:41:10.000,4,MULTI_SESSION
6405066128213218855,2016-08-24 03:12:05.000,3,MULTI_SESSION
536428604379922267,2017-05-01 17:56:23.000,2,MULTI_SESSION
1253103077765832819,2017-03-12 22:01:46.000,2,MULTI_SESSION
1203064658945924144,2016-12-24 23:41:06.000,2,MULTI_SESSION
539181992389988672,2017-05-14 03:25:19.000,3,MULTI_SESSION
051257374560700342,2016-08-11 00:51:53.000,2,MULTI_SESSION
3303063218833425180,2017-05-27 13:39:20.000,2,MULTI_SESSION
4440722243417687000,2016-09-28 00:42:31.000,2,MULTI_SESSION
6818117303364696962,2017-04-01 23:58:19.000,2,MULTI_SESSION
7947262115800453109,2017-05-28 04:39:09.000,3,MULTI_SESSION
2712138254756572869,2016-12-09 19:51:53.000,2,MULTI_SESSION
0358654455062914123,2016-11-22 17:50:15.000,2,MULTI_SESSION
848056005472327761,2017-02-23 20:39:41.000,2,MULTI_SESSION
3973742615068285577,2017-02-25 19:51:36.000,2,MULTI_SESSION
4140173886122763982,2017-04-18 01:23:57.000,3,MULTI_SESSION
9901114469536551008,2017-04-22 18:05:12.000,2,MULTI_SESSION
3028560396160352119,2017-07-19 05:03:08.000,2,MULTI_SESSION
1592947394109793824,2016-10-29 01:07:05.000,2,MULTI_SESSION
7346307461579354249,2016-12-19 23:20:55.000,2,MULTI_SESSION
2076204015500549342,2017-06-01 18:50:01.000,2,MULTI_SESSION
7796255033922388892,2016-12-13 18:46:42.000,2,MULTI_SESSION
1561119018673987946,2016-08-16 20:41:48.000,2,MULTI_SESSION
1675608109098320028,2017-07-26 03:06:23.000,2,MULTI_SESSION
3855473804472998317,2017-05-29 19:16:53.000,2,MULTI_SESSION
4462569127423521108,2017-07-12 04:38:03.000,2,MULTI_SESSION
0057826677844639343,2017-06-13 15:09:24.000,3,MULTI_SESSION
941920762595255747,2017-06-21 19:01:48.000,2,MULTI_SESSION
7354616878013161932,2017-05-30 23:06:14.000,2,MULTI_SESSION
339334311045885434,2017-07-13 17:24:23.000,2,MULTI_SESSION
7402906360219067209,2017-06-26 05:48:57.000,2,MULTI_SESSION
4069497283751295817,2017-06-08 13:21:48.000,2,MULTI_SESSION
4314863785819790681,2017-01-17 20:08:45.000,2,MULTI_SESSION
9465600959747280653,2016-08-08 17:51:07.000,1,SINGLE_SESSION
8789089219161512447,2017-05-27 21:43:46.000,1,SINGLE_SESSION
1787782148988607954,2016-11-15 18:21:58.000,1,SINGLE_SESSION
0321747208131220508,2017-02-22 22:44:22.000,1,SINGLE_SESSION
0349598333236458498,2017-07-28 15:20:11.000,1,SINGLE_SESSION
0047078955120420928,2017-07-31 22:59:51.000,1,SINGLE_SESSION
3057038827643916934,2017-05-09 20:59:41.000,1,SINGLE_SESSION
2920950269946903107,2016-12-12 21:20:48.000,1,SINGLE_SESSION
0946754583633776766,2016-10-27 21:03:59.000,1,SINGLE_SESSION
819875025512378535,2016-12-28 21:02:24.000,1,SINGLE_SESSION
7124586983063984332,2016-10-14 03:32:49.000,1,SINGLE_SESSION
2284555599203977570,2017-08-01 16:34:04.000,2,MULTI_SESSION
8919239727747917945,2016-11-03 21:44:17.000,2,MULTI_SESSION
2199373686188473715,2017-07-30 08:09:04.000,1,SINGLE_SESSION
1297718838071700682,2017-02-07 20:49:45.000,1,SINGLE_SESSION
4030851960983791121,2017-08-01 01:28:25.000,1,SINGLE_SESSION
7478999854159501077,2016-08-17 01:39:48.000,1,SINGLE_SESSION
0718076753301188235,2017-01-08 16:32:42.000,1,SINGLE_SESSION
5613309265736264398,2016-08-07 17:26:36.000,1,SINGLE_SESSION
1495136807015005077,2016-12-17 16:59:22.000,1,SINGLE_SESSION
8474121815405616583,2016-08-09 15:32:19.000,1,SINGLE_SESSION
892253650152462516,2016-12-13 21:53:43.000,1,SINGLE_SESSION
7999476853921506700,2016-09-03 23:04:21.000,1,SINGLE_SESSION
655649189295800064,2017-06-05 14:25:53.000,1,SINGLE_SESSION
6481748736257427496,2017-05-01 16:19:28.000,1,SINGLE_SESSION
3630056635010786272,2016-08-30 22:00:59.000,1,SINGLE_SESSION
2948331056122711323,2017-02-17 22:43:25.000,1,SINGLE_SESSION
3290765995277477899,2016-11-27 17:29:51.000,1,SINGLE_SESSION
7637175405665019213,2016-11-05 02:00:13.000,1,SINGLE_SESSION
344249657622392251,2016-08-25 20:52:54.000,1,SINGLE_SESSION
4140559214164857738,2017-06-06 21:13:28.000,1,SINGLE_SESSION
6499749315992064304,2016-12-14 13:50:14.000,1,SINGLE_SESSION
8293848749722274504,2016-09-28 18:48:49.000,1,SINGLE_SESSION
8274198779829884845,2017-05-18 14:05:33.000,1,SINGLE_SESSION
0572135527461851083,2017-07-23 07:38:28.000,1,SINGLE_SESSION
9388951771131521213,2017-02-22 16:01:54.000,1,SINGLE_SESSION
1077076810453289235,2016-11-30 04:35:57.000,1,SINGLE_SESSION
3746316960999614032,2017-02-03 23:41:56.000,1,SINGLE_SESSION
8292770276291302207,2016-11-29 03:58:10.000,1,SINGLE_SESSION
7228304059983177365,2017-04-10 21:11:30.000,1,SINGLE_SESSION
8575483505094728323,2016-09-12 18:46:26.000,1,SINGLE_SESSION
7121475808884851135,2016-12-13 17:59:39.000,1,SINGLE_SESSION
0036194035121102485,2017-02-07 19:12:22.000,1,SINGLE_SESSION
4327496999674034617,2017-07-27 16:25:28.000,1,SINGLE_SESSION
3874062777339116474,2017-02-20 06:36:41.000,1,SINGLE_SESSION
1665687379365770562,2017-07-08 01:09:04.000,1,SINGLE_SESSION
873320659256976904,2017-07-31 05:59:39.000,2,MULTI_SESSION
7012131705583674177,2017-07-20 05:05:00.000,1,SINGLE_SESSION
8010010692264835422,2017-03-22 16:14:54.000,1,SINGLE_SESSION
9138724730025253369,2016-11-05 00:00:27.000,1,SINGLE_SESSION
3022821826736981569,2017-02-05 04:17:17.000,1,SINGLE_SESSION
9509621049646377285,2017-02-24 21:56:53.000,2,MULTI_SESSION
9323069406687793647,2017-01-27 22:00:50.000,1,SINGLE_SESSION
7180222975879135190,2016-08-11 04:12:09.000,1,SINGLE_SESSION
3864611430766835993,2017-04-19 22:24:41.000,1,SINGLE_SESSION
4009285433489388850,2017-03-01 20:24:16.000,1,SINGLE_SESSION
7256651340144904184,2017-06-02 17:56:10.000,2,MULTI_SESSION
702564824793049879,2017-07-10 17:41:44.000,1,SINGLE_SESSION
0084383590795093998,2016-09-07 21:58:00.000,1,SINGLE_SESSION
5841808203140445242,2016-08-08 20:02:28.000,1,SINGLE_SESSION
5166912309670646785,2017-04-27 19:08:35.000,1,SINGLE_SESSION
4905791994421501030,2017-06-03 22:14:39.000,1,SINGLE_SESSION
5901766721898280376,2016-12-09 17:21:49.000,1,SINGLE_SESSION
4194358025108259323,2017-06-12 21:25:37.000,1,SINGLE_SESSION
1029323150011228171,2017-01-31 22:50:08.000,1,SINGLE_SESSION
9002522655121012194,2017-04-04 00:18:46.000,1,SINGLE_SESSION
8885298272066714457,2016-09-14 19:53:28.000,1,SINGLE_SESSION
2625348375324306671,2016-08-16 16:20:48.000,1,SINGLE_SESSION
9710480501909231921,2016-08-22 14:46:17.000,1,SINGLE_SESSION
5481081028229796179,2017-07-20 00:57:55.000,1,SINGLE_SESSION
3329734681034119907,2017-02-16 17:50:57.000,1,SINGLE_SESSION
0349098195293316395,2017-03-13 21:20:57.000,1,SINGLE_SESSION
1643426621514516428,2017-04-19 07:18:49.000,1,SINGLE_SESSION
0643575983930852714,2017-03-03 18:34:29.000,1,SINGLE_SESSION
4042880551685271731,2017-07-20 13:10:23.000,1,SINGLE_SESSION
8154133792067968045,2017-02-22 23:17:38.000,1,SINGLE_SESSION
512376512516526849,2017-01-14 17:03:34.000,1,SINGLE_SESSION
5357337729352210856,2017-04-04 15:15:28.000,1,SINGLE_SESSION
7930995706732204088,2016-12-09 18:13:18.000,1,SINGLE_SESSION
8221116605801885969,2016-12-19 04:52:15.000,1,SINGLE_SESSION
6305026098623511290,2017-05-21 08:27:28.000,1,SINGLE_SESSION
4237736699372437949,2016-10-02 13:29:28.000,2,MULTI_SESSION
2269933673702362109,2016-11-18 16:37:41.000,1,SINGLE_SESSION
6659787227990413375,2016-10-12 17:27:13.000,1,SINGLE_SESSION
2310334534790814231,2017-05-02 17:12:31.000,1,SINGLE_SESSION
2076013084401203762,2017-06-13 17:16:39.000,1,SINGLE_SESSION
9221994018681606788,2016-12-06 22:51:14.000,1,SINGLE_SESSION
2163555648381499404,2017-07-07 23:14:51.000,1,SINGLE_SESSION
6417028332559300792,2017-01-27 20:12:31.000,1,SINGLE_SESSION
382764578031539000,2016-10-14 19:33:03.000,1,SINGLE_SESSION
7534352887152867436,2016-08-13 14:43:03.000,1,SINGLE_SESSION
3797990038447668987,2016-09-01 01:29:30.000,1,SINGLE_SESSION
8722485686890283296,2016-12-14 22:18:18.000,1,SINGLE_SESSION
9024790933657280533,2017-05-18 21:34:59.000,1,SINGLE_SESSION
2533003348216867648,2017-06-20 14:55:02.000,1,SINGLE_SESSION
1375499184080589570,2016-08-15 21:05:44.000,3,MULTI_SESSION
0394685600472849886,2017-06-13 16:41:06.000,1,SINGLE_SESSION
9562131572678756288,2016-08-28 15:11:23.000,2,MULTI_SESSION
5148203255288090886,2017-01-24 22:16:36.000,1,SINGLE_SESSION
7376293826718831934,2017-01-11 04:27:43.000,1,SINGLE_SESSION
928839756281131178,2016-11-09 16:07:21.000,1,SINGLE_SESSION
459251814254391578,2017-05-22 21:03:11.000,1,SINGLE_SESSION
5174058643764541753,2017-04-02 21:45:43.000,1,SINGLE_SESSION
1766466254683326555,2016-08-23 17:43:56.000,1,SINGLE_SESSION
3061506083618689594,2017-03-14 19:19:05.000,1,SINGLE_SESSION
7336999582235222237,2017-03-30 19:19:43.000,1,SINGLE_SESSION
758865850483706593,2016-10-25 11:14:43.000,1,SINGLE_SESSION
851810354222358259,2016-08-26 05:14:01.000,1,SINGLE_SESSION
1094337368520422037,2017-03-24 20:08:57.000,1,SINGLE_SESSION
3130936952600859212,2017-05-31 13:46:22.000,1,SINGLE_SESSION
1725749160800980058,2016-12-02 05:35:27.000,1,SINGLE_SESSION
1649731062336600949,2016-12-17 02:10:14.000,1,SINGLE_SESSION
3143111598793306337,2017-02-07 14:25:27.000,1,SINGLE_SESSION
1896035155990573311,2016-08-17 21:21:21.000,1,SINGLE_SESSION
9981562221973608723,2017-01-05 00:42:18.000,1,SINGLE_SESSION
3545109447122075336,2017-03-27 18:20:20.000,1,SINGLE_SESSION
5168711164353008425,2016-11-09 19:27:17.000,1,SINGLE_SESSION
5970035247923497864,2016-10-31 00:56:15.000,1,SINGLE_SESSION
4655370901384105026,2016-09-08 16:27:45.000,1,SINGLE_SESSION
0869973880883570633,2017-06-20 15:49:52.000,1,SINGLE_SESSION
4796156942815623953,2017-04-25 01:06:19.000,1,SINGLE_SESSION
3949362954057733036,2017-05-12 14:40:55.000,1,SINGLE_SESSION
24304007537579808,2017-01-18 20:12:00.000,1,SINGLE_SESSION
5723778422683345632,2016-10-04 22:46:44.000,1,SINGLE_SESSION
3873009955813000135,2016-10-28 22:44:01.000,1,SINGLE_SESSION
1496770085953274945,2017-01-23 18:09:50.000,1,SINGLE_SESSION
6310913035223827948,2017-07-14 15:24:49.000,2,MULTI_SESSION
0740071062904614725,2016-11-21 21:57:33.000,1,SINGLE_SESSION
8573185463089844920,2017-05-10 19:50:51.000,1,SINGLE_SESSION
782614754453902695,2017-05-12 02:44:54.000,1,SINGLE_SESSION
5763778291499877019,2016-08-30 23:38:52.000,1,SINGLE_SESSION
0225374027452882593,2017-06-03 23:49:41.000,1,SINGLE_SESSION
5639438910924480453,2017-07-18 17:08:30.000,1,SINGLE_SESSION
4154862368078054055,2017-01-24 02:16:45.000,1,SINGLE_SESSION
8043579389028466016,2016-10-20 02:28:49.000,1,SINGLE_SESSION
3093109555389164661,2016-10-24 18:19:01.000,1,SINGLE_SESSION
1269914564415915273,2016-08-12 16:06:56.000,1,SINGLE_SESSION
458269436653090518,2016-10-31 20:12:59.000,2,MULTI_SESSION
7839731383337024710,2017-05-21 00:42:02.000,1,SINGLE_SESSION
8363178793377014434,2017-03-01 18:06:54.000,1,SINGLE_SESSION
3597020423335627391,2016-08-16 03:09:36.000,1,SINGLE_SESSION
0315387128062353822,2017-03-01 15:50:16.000,1,SINGLE_SESSION
0356092515832769251,2017-04-07 23:14:52.000,2,MULTI_SESSION
1648291834073448774,2017-03-16 02:23:57.000,2,MULTI_SESSION
63411837669447330,2017-05-15 19:45:38.000,1,SINGLE_SESSION
6849604863010168468,2016-10-03 18:33:14.000,1,SINGLE_SESSION
5155349483223850645,2017-05-10 02:36:11.000,1,SINGLE_SESSION
4926891053674493225,2016-12-20 04:04:57.000,1,SINGLE_SESSION
3283030329692495258,2017-03-25 21:28:33.000,1,SINGLE_SESSION
6802209883969763729,2017-04-27 18:50:52.000,1,SINGLE_SESSION
0928714306844952412,2017-02-16 03:25:29.000,1,SINGLE_SESSION
7544182239493168188,2016-08-25 23:52:47.000,1,SINGLE_SESSION
0178222732694337574,2017-02-02 02:17:05.000,1,SINGLE_SESSION
4229694241096268399,2016-08-10 21:37:52.000,1,SINGLE_SESSION
6235355077630549336,2017-04-18 19:47:47.000,1,SINGLE_SESSION
4726621620185814943,2017-05-25 18:42:34.000,1,SINGLE_SESSION
6106972683590328878,2016-08-26 20:22:01.000,1,SINGLE_SESSION
3504024407215071221,2017-03-13 07:16:35.000,1,SINGLE_SESSION
4352760646905266733,2017-06-12 22:48:21.000,1,SINGLE_SESSION
4096318129790050754,2017-04-18 19:38:51.000,1,SINGLE_SESSION
746975101244077459,2016-12-23 06:35:29.000,1,SINGLE_SESSION
8819842572136871109,2017-06-29 00:04:02.000,1,SINGLE_SESSION
8005660040592987731,2017-06-28 12:02:20.000,1,SINGLE_SESSION
3499571954427096935,2017-01-17 22:02:56.000,1,SINGLE_SESSION
5482268323591147486,2017-02-14 15:21:30.000,1,SINGLE_SESSION
0953889584295924240,2017-07-21 13:24:02.000,2,MULTI_SESSION
3031054342565069351,2016-10-05 02:41:36.000,2,MULTI_SESSION
5610034740726325654,2017-05-18 16:16:39.000,1,SINGLE_SESSION
496188460748118919,2016-09-19 16:47:33.000,1,SINGLE_SESSION
3764170977560568314,2017-03-10 17:06:30.000,1,SINGLE_SESSION
4075624190371781954,2017-05-19 15:10:25.000,1,SINGLE_SESSION
888829318637574099,2017-04-13 19:27:41.000,1,SINGLE_SESSION
021724590578150399,2016-09-29 18:23:13.000,1,SINGLE_SESSION
8286146551540018170,2016-09-25 22:40:16.000,1,SINGLE_SESSION
2694541934290288611,2017-05-17 21:24:34.000,1,SINGLE_SESSION
5124393242439975020,2016-11-26 21:33:57.000,1,SINGLE_SESSION
0683732886676120900,2017-03-20 17:31:57.000,1,SINGLE_SESSION
2604472846435898379,2016-08-10 18:04:15.000,1,SINGLE_SESSION
0039844092206555576,2016-09-21 23:57:46.000,1,SINGLE_SESSION
9426148810376053164,2017-04-19 06:22:31.000,1,SINGLE_SESSION
7737049103084491745,2016-08-23 15:48:15.000,1,SINGLE_SESSION
1741172694620038876,2017-07-29 18:01:26.000,1,SINGLE_SESSION
3829716080953461211,2016-10-31 16:09:23.000,1,SINGLE_SESSION
9219609257103359166,2017-07-27 21:06:30.000,2,MULTI_SESSION
7745913892709272663,2017-07-28 07:27:34.000,1,SINGLE_SESSION
498824129707847807,2016-12-24 19:00:29.000,1,SINGLE_SESSION
7462494643176224339,2017-04-18 14:15:49.000,1,SINGLE_SESSION
6679426098761347973,2017-04-07 01:45:45.000,1,SINGLE_SESSION
7875893829613781625,2017-05-02 15:29:01.000,1,SINGLE_SESSION
2779352561946841357,2017-02-14 03:21:06.000,1,SINGLE_SESSION
6997840417339284915,2017-02-16 19:06:38.000,1,SINGLE_SESSION
5519604416801831347,2016-09-09 17:14:29.000,1,SINGLE_SESSION
5824723295057782001,2017-02-23 01:24:13.000,1,SINGLE_SESSION
1700283249840383567,2016-11-17 04:08:36.000,1,SINGLE_SESSION
235352179583924900,2017-07-13 17:01:12.000,1,SINGLE_SESSION
3972031438204538458,2017-01-26 19:06:48.000,1,SINGLE_SESSION
8259120017511248267,2016-08-16 01:38:46.000,1,SINGLE_SESSION
8377041631259444171,2017-06-12 13:19:44.000,1,SINGLE_SESSION
6797327850087338835,2016-12-01 19:01:30.000,1,SINGLE_SESSION
0102967551018757579,2017-04-05 05:36:55.000,1,SINGLE_SESSION
5204949067979541223,2016-08-29 13:57:54.000,1,SINGLE_SESSION
8005996482635469170,2017-07-27 20:07:24.000,2,MULTI_SESSION
4230104325532739733,2016-12-02 06:02:19.000,2,MULTI_SESSION
0151961311923926411,2016-08-25 15:32:19.000,1,SINGLE_SESSION
4537734029074486595,2016-10-27 16:55:06.000,1,SINGLE_SESSION
2606909581831356927,2017-04-21 12:56:06.000,1,SINGLE_SESSION
6311424614094967654,2017-01-08 21:10:43.000,1,SINGLE_SESSION
6623534661206058922,2017-07-23 04:34:04.000,1,SINGLE_SESSION
0752227123296140158,2017-03-10 19:39:11.000,1,SINGLE_SESSION
6782606439350714916,2016-09-21 15:32:47.000,1,SINGLE_SESSION
7057542698176321878,2016-08-17 20:32:36.000,1,SINGLE_SESSION
3460381469953102628,2016-12-07 16:07:44.000,1,SINGLE_SESSION
9962134079133468457,2017-02-21 16:31:43.000,2,MULTI_SESSION
1494235640064680515,2016-08-21 20:07:33.000,1,SINGLE_SESSION
6762079218801830407,2017-05-09 01:39:32.000,1,SINGLE_SESSION
9236937732573035200,2017-03-23 15:53:18.000,1,SINGLE_SESSION
0663614479606200802,2017-07-13 00:23:24.000,1,SINGLE_SESSION
5306924012372478603,2017-05-10 22:30:06.000,2,MULTI_SESSION
9851301756919291624,2017-05-02 18:41:56.000,1,SINGLE_SESSION
1292106186822118847,2017-05-06 18:32:46.000,1,SINGLE_SESSION
4525326450497146494,2017-01-14 05:15:04.000,1,SINGLE_SESSION
8569875679640708,2016-08-24 07:03:26.000,1,SINGLE_SESSION
1394447537856759149,2016-10-16 22:29:37.000,1,SINGLE_SESSION
9040954603851979954,2016-08-29 03:13:14.000,1,SINGLE_SESSION
535271430252634961,2017-06-02 00:37:05.000,1,SINGLE_SESSION
7139641432934028349,2017-06-23 02:39:05.000,1,SINGLE_SESSION
6888488517293978579,2016-10-24 17:56:22.000,1,SINGLE_SESSION
688332067410799097,2017-05-26 18:08:52.000,1,SINGLE_SESSION
1814633817459117169,2016-08-07 19:11:30.000,1,SINGLE_SESSION
9092825759558883226,2016-09-24 15:56:54.000,1,SINGLE_SESSION
590094729131157044,2016-12-12 02:38:36.000,1,SINGLE_SESSION
2583318836591839554,2016-08-19 21:40:11.000,1,SINGLE_SESSION
418240738826473159,2016-11-03 21:07:15.000,1,SINGLE_SESSION
2202174012699515596,2016-12-05 05:19:56.000,1,SINGLE_SESSION
0375424311834211727,2016-12-15 04:15:59.000,1,SINGLE_SESSION
4348096254147373029,2016-08-26 17:41:38.000,1,SINGLE_SESSION
9418685082988026045,2016-12-11 05:25:03.000,1,SINGLE_SESSION
036266427154622625,2016-09-27 17:47:11.000,1,SINGLE_SESSION
1084191101294648051,2017-04-28 22:44:03.000,1,SINGLE_SESSION
6360297512415625815,2017-02-14 17:08:28.000,1,SINGLE_SESSION
2079305443218957036,2016-10-19 23:22:57.000,1,SINGLE_SESSION
7449855264846001419,2017-06-20 22:45:13.000,1,SINGLE_SESSION
6214016505412778340,2016-12-07 00:26:12.000,1,SINGLE_SESSION
2217213818593358400,2016-08-28 18:01:02.000,1,SINGLE_SESSION
8135224127864726768,2017-06-17 11:16:18.000,1,SINGLE_SESSION
5048032165513639051,2016-10-10 21:11:44.000,1,SINGLE_SESSION
1849906954215296139,2017-01-30 07:11:29.000,1,SINGLE_SESSION
5477663559280891818,2016-12-22 19:32:13.000,1,SINGLE_SESSION
0582615830345755974,2017-04-26 00:30:34.000,1,SINGLE_SESSION
5043024428253608330,2016-12-20 02:55:15.000,1,SINGLE_SESSION
9431575744211678902,2017-07-11 19:34:10.000,1,SINGLE_SESSION
6592789576297039396,2016-12-16 20:11:38.000,1,SINGLE_SESSION
7495731308701213207,2017-02-27 06:36:00.000,1,SINGLE_SESSION
8917539256990829389,2016-08-09 01:36:59.000,1,SINGLE_SESSION
6604978116094701484,2016-10-28 20:52:32.000,1,SINGLE_SESSION
5110726428801714241,2017-01-25 14:44:44.000,1,SINGLE_SESSION
5646538776794070198,2017-05-27 23:52:32.000,1,SINGLE_SESSION
7072012010426211154,2016-11-01 14:19:14.000,1,SINGLE_SESSION
2264010855758956307,2017-07-16 22:04:59.000,2,MULTI_SESSION
6064571221213436391,2016-12-12 15:58:01.000,1,SINGLE_SESSION
0140251351786321746,2017-06-22 02:35:13.000,1,SINGLE_SESSION
0854188600885318735,2017-04-05 00:26:49.000,1,SINGLE_SESSION
7456688096098328743,2016-11-02 03:37:23.000,1,SINGLE_SESSION
2770590171579767874,2016-12-01 14:53:22.000,1,SINGLE_SESSION
4530153590058587596,2017-04-09 05:24:02.000,1,SINGLE_SESSION
201226261435270434,2016-12-19 18:09:44.000,1,SINGLE_SESSION
4983264713224875783,2017-03-05 00:03:33.000,1,SINGLE_SESSION
4019564737576499248,2016-08-30 17:08:48.000,1,SINGLE_SESSION
5183210238809213015,2016-09-14 19:15:15.000,2,MULTI_SESSION
4577377706293036618,2017-07-13 18:52:47.000,1,SINGLE_SESSION
4169715348324033215,2016-12-10 06:18:35.000,1,SINGLE_SESSION
3245361038398109550,2017-03-31 16:20:45.000,2,MULTI_SESSION
4535878237328113213,2017-01-30 18:55:55.000,1,SINGLE_SESSION
8751305504518329482,2016-11-18 09:30:26.000,1,SINGLE_SESSION
4462404968773429244,2017-02-18 21:32:31.000,1,SINGLE_SESSION
1977256117656372433,2017-03-13 02:15:45.000,1,SINGLE_SESSION
4291359009156094257,2017-04-21 01:20:27.000,1,SINGLE_SESSION
4985703629807810187,2017-01-26 23:55:27.000,1,SINGLE_SESSION
4089068901954686821,2016-09-04 23:03:49.000,1,SINGLE_SESSION
9928617535489326376,2016-08-12 23:10:54.000,1,SINGLE_SESSION
8687950969845469175,2016-11-21 13:59:42.000,1,SINGLE_SESSION
7039771343084259446,2017-04-20 01:57:56.000,1,SINGLE_SESSION
872868652972070012,2017-06-12 16:25:05.000,1,SINGLE_SESSION
8192167653246147286,2016-08-13 05:26:40.000,1,SINGLE_SESSION
653069947099114599,2017-05-19 21:06:13.000,1,SINGLE_SESSION
2763002839330123118,2017-02-15 22:40:37.000,2,MULTI_SESSION
2070894761735382608,2017-03-05 19:26:23.000,1,SINGLE_SESSION
9657742098396819155,2017-03-14 23:19:27.000,1,SINGLE_SESSION
4871978976437661341,2017-07-24 14:01:48.000,1,SINGLE_SESSION
9423576751760739793,2017-01-03 19:30:53.000,1,SINGLE_SESSION
7385533995680230366,2017-01-04 01:07:35.000,1,SINGLE_SESSION
60707564057653567,2016-08-17 23:53:33.000,1,SINGLE_SESSION
7758762749403908429,2016-09-23 15:01:32.000,1,SINGLE_SESSION
7251826796213283354,2016-12-21 23:41:55.000,1,SINGLE_SESSION
1208436519613837144,2016-09-16 20:31:03.000,1,SINGLE_SESSION
2979158334748499173,2017-07-24 14:35:01.000,1,SINGLE_SESSION
0415088391126514183,2017-06-07 10:35:42.000,1,SINGLE_SESSION
1230380996732562013,2017-05-09 17:19:02.000,1,SINGLE_SESSION
9440207305045075925,2016-08-06 20:35:33.000,1,SINGLE_SESSION
4966706943943178506,2017-01-11 02:16:33.000,1,SINGLE_SESSION
0433977539031077073,2017-02-02 19:45:01.000,2,MULTI_SESSION
5369128368163820088,2017-07-24 19:17:24.000,2,MULTI_SESSION
0405484788554421584,2017-05-16 15:14:27.000,1,SINGLE_SESSION
469837372694186370,2016-10-05 00:48:58.000,1,SINGLE_SESSION
7363830162579680921,2016-10-01 12:10:21.000,1,SINGLE_SESSION
541723931810773095,2016-08-15 18:41:19.000,1,SINGLE_SESSION
0862593861789084986,2017-07-04 21:06:53.000,1,SINGLE_SESSION
2357660474306216468,2016-08-23 19:58:38.000,1,SINGLE_SESSION
1631417180035527260,2016-12-20 22:00:13.000,2,MULTI_SESSION
7098823865292700867,2016-08-18 18:06:18.000,1,SINGLE_SESSION
8241534264339644155,2017-02-16 15:07:05.000,1,SINGLE_SESSION
472971982753353098,2017-05-29 19:09:52.000,1,SINGLE_SESSION
0347855419861857256,2017-04-28 22:35:26.000,1,SINGLE_SESSION
1453028927786904034,2016-09-21 23:25:55.000,1,SINGLE_SESSION
5869870458569209553,2016-12-01 19:13:04.000,1,SINGLE_SESSION
0142116411233847758,2017-07-05 00:18:24.000,1,SINGLE_SESSION
9007384118935693611,2016-10-05 18:08:25.000,1,SINGLE_SESSION
6592244527170877583,2016-09-21 03:28:57.000,1,SINGLE_SESSION
5506252636984240806,2017-03-19 03:56:07.000,1,SINGLE_SESSION
0316167355630094350,2017-05-01 15:29:21.000,1,SINGLE_SESSION
7871079031879063569,2017-05-15 21:51:30.000,1,SINGLE_SESSION
7285721176134268388,2016-08-13 18:41:52.000,1,SINGLE_SESSION
3545737526614462587,2017-03-14 09:47:16.000,1,SINGLE_SESSION
278006067838626060,2016-12-20 01:10:10.000,1,SINGLE_SESSION
0764130080355318963,2017-04-29 23:54:02.000,1,SINGLE_SESSION
3932233549634136384,2016-10-01 03:31:34.000,1,SINGLE_SESSION
1467141040071374986,2016-11-30 20:16:47.000,1,SINGLE_SESSION
2228401718515331222,2016-08-16 21:23:20.000,1,SINGLE_SESSION
9558145388456421164,2016-12-01 02:26:22.000,1,SINGLE_SESSION
215127855032555146,2016-09-10 17:40:13.000,1,SINGLE_SESSION
9283384332468140262,2017-06-12 17:08:58.000,1,SINGLE_SESSION
7446797504335369892,2016-10-06 20:46:56.000,2,MULTI_SESSION
7681832015202637738,2016-12-19 15:14:45.000,1,SINGLE_SESSION
1761839274702082188,2016-08-15 17:52:42.000,1,SINGLE_SESSION
1335574436340895717,2016-12-15 17:25:28.000,1,SINGLE_SESSION
6953920802665298773,2016-10-24 02:22:21.000,1,SINGLE_SESSION
397096195399292263,2017-05-18 18:52:24.000,1,SINGLE_SESSION
9022213382661765375,2016-10-29 07:14:46.000,1,SINGLE_SESSION
9880297921932182386,2016-10-26 15:20:46.000,1,SINGLE_SESSION
8084104839232710920,2017-02-02 22:51:25.000,1,SINGLE_SESSION
780755997851042697,2017-03-24 23:26:55.000,1,SINGLE_SESSION
3514808551180416782,2016-08-19 01:49:52.000,1,SINGLE_SESSION
560684445670763197,2016-08-05 17:09:47.000,1,SINGLE_SESSION
3138792896874178988,2016-12-17 20:15:58.000,1,SINGLE_SESSION
6190665694440692761,2016-12-16 03:39:23.000,1,SINGLE_SESSION
1442960211530041793,2017-02-13 23:32:42.000,2,MULTI_SESSION
8991883753998763488,2016-12-18 22:57:56.000,2,MULTI_SESSION
5745416288055628376,2016-10-23 21:02:08.000,1,SINGLE_SESSION
0945565598848860451,2017-06-19 18:42:15.000,1,SINGLE_SESSION
0421965906840211099,2016-08-12 18:07:30.000,1,SINGLE_SESSION
8309271673651230831,2016-10-24 02:21:35.000,1,SINGLE_SESSION
6731593907536054375,2016-11-21 18:07:54.000,1,SINGLE_SESSION
7253029414128792018,2016-08-16 14:48:56.000,2,MULTI_SESSION
6630027914163180636,2017-05-11 03:59:42.000,1,SINGLE_SESSION
9891815404632176641,2016-08-31 19:45:02.000,1,SINGLE_SESSION
544222846238969798,2017-07-10 09:05:25.000,1,SINGLE_SESSION
6452285658468801695,2016-08-01 19:14:35.000,1,SINGLE_SESSION
9278147896530416985,2017-07-27 13:09:18.000,1,SINGLE_SESSION
952212470728454329,2017-06-01 18:32:48.000,2,MULTI_SESSION
9946129061582785641,2016-09-23 18:08:17.000,1,SINGLE_SESSION
3577891646273486122,2016-12-13 14:45:49.000,1,SINGLE_SESSION
7355682969727116264,2017-02-06 02:41:52.000,1,SINGLE_SESSION
9326855238826836003,2017-01-24 21:29:36.000,1,SINGLE_SESSION
6843737679875735650,2017-01-12 04:00:28.000,1,SINGLE_SESSION
148720899219079299,2016-08-02 01:50:16.000,1,SINGLE_SESSION
764274607292877218,2017-03-12 19:43:06.000,1,SINGLE_SESSION
1772086270996280264,2017-04-13 19:45:49.000,1,SINGLE_SESSION
5450844266039297896,2016-11-15 18:33:34.000,1,SINGLE_SESSION
3073219633014134177,2017-03-16 17:59:39.000,2,MULTI_SESSION
8186007457246709564,2016-08-17 04:36:18.000,1,SINGLE_SESSION
6820200829240883942,2017-05-11 17:43:33.000,1,SINGLE_SESSION
8928538201921041758,2016-10-27 19:23:26.000,1,SINGLE_SESSION
116430981904323422,2016-12-10 20:53:06.000,1,SINGLE_SESSION
9116179941398163691,2016-12-23 00:05:55.000,1,SINGLE_SESSION
065245131914018329,2016-11-23 17:14:17.000,1,SINGLE_SESSION
4659137506040378751,2017-01-25 08:59:44.000,1,SINGLE_SESSION
6292071509874937149,2016-12-19 18:34:22.000,1,SINGLE_SESSION
321677574274707983,2016-11-01 09:15:58.000,1,SINGLE_SESSION
5127153771428959505,2017-03-28 20:19:59.000,2,MULTI_SESSION
3458355427562318061,2016-12-17 18:04:40.000,2,MULTI_SESSION
1945460168303919891,2016-11-14 23:11:25.000,1,SINGLE_SESSION
6779452888201593499,2017-04-17 17:12:09.000,1,SINGLE_SESSION
9161549067325106850,2017-06-11 21:24:20.000,1,SINGLE_SESSION
5652426289480928478,2016-10-12 03:42:11.000,1,SINGLE_SESSION
9265868027745743240,2016-10-26 20:44:13.000,1,SINGLE_SESSION
383882812253630720,2016-11-21 15:17:03.000,1,SINGLE_SESSION
7454160401328902482,2017-07-13 22:11:40.000,1,SINGLE_SESSION
0063706256894298571,2016-12-25 23:14:05.000,1,SINGLE_SESSION
0644443100947741701,2016-12-25 15:45:37.000,1,SINGLE_SESSION
0394724420324392696,2017-04-18 18:20:03.000,1,SINGLE_SESSION
2841388694787862215,2016-09-12 19:32:23.000,1,SINGLE_SESSION
0774541134631990830,2016-12-16 14:57:48.000,1,SINGLE_SESSION
9990183617359422098,2017-03-30 18:15:00.000,1,SINGLE_SESSION
6250076658796836800,2017-04-07 22:28:15.000,1,SINGLE_SESSION
6614746514617472151,2016-11-13 15:14:32.000,1,SINGLE_SESSION
5206644155829437888,2017-01-31 00:42:22.000,1,SINGLE_SESSION
0544953081124286184,2016-12-11 13:43:59.000,1,SINGLE_SESSION
8907488943105277340,2017-05-25 17:27:32.000,1,SINGLE_SESSION
434565836567581245,2016-10-21 21:10:31.000,1,SINGLE_SESSION
7611051448678038108,2016-10-18 19:07:42.000,1,SINGLE_SESSION
1783799156295580451,2017-02-16 18:55:51.000,1,SINGLE_SESSION
4548523148385419281,2016-12-07 21:11:53.000,1,SINGLE_SESSION
5233741676972718010,2016-11-15 15:50:28.000,2,MULTI_SESSION
1116747719002148640,2016-08-25 00:06:13.000,3,MULTI_SESSION
6020712706224683224,2017-04-03 15:24:01.000,1,SINGLE_SESSION
8880653820119720366,2016-08-17 18:14:05.000,1,SINGLE_SESSION
1866457015323944789,2017-01-17 16:21:53.000,1,SINGLE_SESSION
3592516706572936690,2016-10-26 18:46:06.000,1,SINGLE_SESSION
5642313646372078492,2016-12-01 00:00:47.000,1,SINGLE_SESSION
0389488682405584834,2017-07-31 23:29:21.000,1,SINGLE_SESSION
2254917769100463770,2017-06-03 18:17:22.000,1,SINGLE_SESSION
9954048786263371625,2017-03-03 22:00:54.000,1,SINGLE_SESSION
8894186086393552891,2017-03-11 01:29:25.000,1,SINGLE_SESSION
0395050647250429598,2017-05-15 21:18:29.000,2,MULTI_SESSION
1285137808569536764,2017-02-13 18:16:22.000,2,MULTI_SESSION
7921241728788576695,2017-05-11 15:48:59.000,1,SINGLE_SESSION
0473815800118504130,2017-02-17 22:19:10.000,1,SINGLE_SESSION
1733632650779554771,2017-04-10 14:47:58.000,1,SINGLE_SESSION
7911961580493101960,2017-07-10 22:54:30.000,1,SINGLE_SESSION
9904201230891066243,2016-08-08 18:43:43.000,1,SINGLE_SESSION
0036515130282846944,2016-08-22 19:01:37.000,1,SINGLE_SESSION
9876655880508708318,2016-12-11 14:08:05.000,1,SINGLE_SESSION
7956245656986449961,2017-05-11 00:14:49.000,1,SINGLE_SESSION
4904369688778979379,2016-08-22 13:50:29.000,1,SINGLE_SESSION
0802213573857061957,2016-08-25 19:19:48.000,1,SINGLE_SESSION
9693524201785668348,2017-02-14 21:44:07.000,1,SINGLE_SESSION
7188768914363923661,2017-08-01 02:16:16.000,1,SINGLE_SESSION
6668929778819384913,2017-03-20 20:05:47.000,1,SINGLE_SESSION
7886298582663945846,2017-04-27 03:29:40.000,1,SINGLE_SESSION
9584184125095401285,2016-11-05 21:26:06.000,1,SINGLE_SESSION
1901353870943864683,2017-04-24 17:51:08.000,1,SINGLE_SESSION
8143826864916032135,2016-08-13 22:06:05.000,1,SINGLE_SESSION
1765448131945417161,2017-02-22 01:10:41.000,1,SINGLE_SESSION
6030141817614722657,2017-02-25 16:52:46.000,1,SINGLE_SESSION
7959091864119809907,2016-11-28 14:08:21.000,1,SINGLE_SESSION
8761209909981705857,2016-08-23 04:53:05.000,1,SINGLE_SESSION
0171495933986068782,2017-04-23 19:58:09.000,1,SINGLE_SESSION
8964370317018374549,2016-12-13 00:50:55.000,1,SINGLE_SESSION
2391114070454648344,2017-04-06 02:59:22.000,1,SINGLE_SESSION
6223539301349818074,2017-06-09 16:26:10.000,1,SINGLE_SESSION
294715325435275737,2016-09-07 19:16:10.000,1,SINGLE_SESSION
847691446006208389,2017-06-13 16:36:18.000,1,SINGLE_SESSION
2363078321976030491,2016-10-27 18:27:14.000,1,SINGLE_SESSION
7709616629393983673,2017-05-28 09:01:57.000,1,SINGLE_SESSION
9372380334741229572,2017-06-20 14:17:45.000,1,SINGLE_SESSION
5017076577058711324,2017-01-09 16:17:26.000,1,SINGLE_SESSION
3147835366173133217,2016-11-21 18:04:20.000,1,SINGLE_SESSION
3917578150848610596,2016-12-07 14:14:16.000,1,SINGLE_SESSION
671417952592573132,2016-10-18 18:43:30.000,1,SINGLE_SESSION
1519300050555957150,2016-12-05 02:28:09.000,1,SINGLE_SESSION
2912701831834893456,2016-08-25 14:29:44.000,2,MULTI_SESSION
672079571220837015,2016-10-11 15:31:55.000,2,MULTI_SESSION
8346636224920881105,2017-06-12 17:31:50.000,1,SINGLE_SESSION
7137675061715531940,2017-05-22 20:12:41.000,1,SINGLE_SESSION
7757837653152946419,2016-12-05 16:09:40.000,1,SINGLE_SESSION
7746647628358905257,2016-10-08 20:10:39.000,1,SINGLE_SESSION
1442096132173976146,2017-02-01 06:22:40.000,1,SINGLE_SESSION
5172416976475241536,2016-12-12 22:57:04.000,1,SINGLE_SESSION
4031786889496632722,2017-04-22 00:12:38.000,1,SINGLE_SESSION
8484431848057067080,2017-05-09 15:10:44.000,1,SINGLE_SESSION
4626142310562755511,2016-09-20 15:40:28.000,1,SINGLE_SESSION
4812856323349906835,2017-05-13 22:49:34.000,1,SINGLE_SESSION
2491238829943520906,2017-07-25 23:36:47.000,1,SINGLE_SESSION
2149997451012964461,2017-03-17 00:20:45.000,1,SINGLE_SESSION
0920785317626373504,2017-01-29 17:17:53.000,1,SINGLE_SESSION
3427093772559563094,2016-10-05 22:14:02.000,1,SINGLE_SESSION
0693664182055359688,2017-05-02 15:26:30.000,1,SINGLE_SESSION
3193356620853190867,2016-09-18 20:43:39.000,1,SINGLE_SESSION
8119248827866217059,2017-05-31 18:07:07.000,1,SINGLE_SESSION
2892628358622963670,2017-06-13 05:31:12.000,1,SINGLE_SESSION
2983171108603027589,2016-12-16 03:00:35.000,1,SINGLE_SESSION
1318990660958602931,2017-03-12 04:30:15.000,2,MULTI_SESSION
4504720902999431932,2017-03-27 17:15:59.000,1,SINGLE_SESSION
0165267667365212716,2016-11-21 18:12:50.000,1,SINGLE_SESSION
8952979124957210771,2016-10-20 01:43:49.000,1,SINGLE_SESSION
1509098808540073763,2016-12-19 20:13:30.000,1,SINGLE_SESSION
2154618794882145315,2017-05-30 20:18:09.000,1,SINGLE_SESSION
439352190837086995,2017-04-28 22:31:33.000,1,SINGLE_SESSION
4391920938803045261,2016-08-23 16:24:59.000,1,SINGLE_SESSION
3760583534389307379,2017-01-18 06:10:43.000,1,SINGLE_SESSION
709264891712119534,2017-05-08 23:46:41.000,1,SINGLE_SESSION
1267576619278838235,2017-03-09 04:36:36.000,1,SINGLE_SESSION
8986419064533048234,2016-11-23 17:36:13.000,2,MULTI_SESSION
7651728310132014868,2016-08-15 01:37:38.000,1,SINGLE_SESSION
7089498775181839224,2017-02-16 02:48:29.000,1,SINGLE_SESSION
9365923038189145929,2017-06-25 21:25:22.000,1,SINGLE_SESSION
3972533149099656083,2017-06-16 18:49:03.000,1,SINGLE_SESSION
7870849325324206691,2017-02-02 23:51:32.000,1,SINGLE_SESSION
911835760713815281,2016-10-25 15:57:37.000,1,SINGLE_SESSION
6284057134084082177,2016-09-29 14:58:32.000,1,SINGLE_SESSION
96749416396933823,2017-05-24 01:34:40.000,1,SINGLE_SESSION
2856851067532814805,2017-03-30 20:04:04.000,1,SINGLE_SESSION
2376144863648346076,2017-06-01 14:55:47.000,1,SINGLE_SESSION
0915479593407308816,2017-06-06 16:24:06.000,1,SINGLE_SESSION
4395896663902576097,2016-12-10 02:16:36.000,2,MULTI_SESSION
1740096949560523754,2016-12-24 20:19:34.000,1,SINGLE_SESSION
4590648138044772597,2017-05-01 23:51:18.000,1,SINGLE_SESSION
4799654034151044930,2017-05-01 18:52:34.000,1,SINGLE_SESSION
2053317929607865427,2017-05-26 18:33:20.000,1,SINGLE_SESSION
8455273438163563940,2017-01-03 03:05:37.000,1,SINGLE_SESSION
6101138053723740346,2016-09-27 14:36:24.000,1,SINGLE_SESSION
9810394160327877765,2017-06-02 05:28:48.000,1,SINGLE_SESSION
4245593031177499216,2016-09-29 14:51:58.000,1,SINGLE_SESSION
1473787731334256605,2016-12-01 16:39:52.000,1,SINGLE_SESSION
9552836893396913614,2016-09-17 19:51:32.000,1,SINGLE_SESSION
554532408320415638,2016-08-28 22:04:13.000,1,SINGLE_SESSION
9963340111077611257,2016-08-14 20:47:11.000,1,SINGLE_SESSION
703967290140600051,2017-05-13 19:59:35.000,1,SINGLE_SESSION
9654830487352643520,2017-04-28 22:47:20.000,1,SINGLE_SESSION
4896852909072476432,2017-04-04 16:48:44.000,1,SINGLE_SESSION
8845114678141238765,2017-02-08 20:43:21.000,1,SINGLE_SESSION
9020693101547107991,2017-05-14 20:00:20.000,1,SINGLE_SESSION
7219614926445866208,2016-08-05 18:09:10.000,1,SINGLE_SESSION
1206924775112167365,2017-06-01 17:01:26.000,1,SINGLE_SESSION
2905796782942169922,2016-09-05 14:15:35.000,1,SINGLE_SESSION
2948011125803479044,2017-04-27 22:48:25.000,1,SINGLE_SESSION
9421912012077740280,2017-06-14 15:03:12.000,1,SINGLE_SESSION
7695578750853411684,2017-02-08 17:08:18.000,1,SINGLE_SESSION
3774621747521479544,2017-05-16 14:25:24.000,1,SINGLE_SESSION
0591820689738311862,2016-08-24 19:26:23.000,1,SINGLE_SESSION
7220686449275700604,2017-04-25 05:15:38.000,1,SINGLE_SESSION
6894849374667482787,2016-12-05 23:22:21.000,1,SINGLE_SESSION
260404193548201384,2017-02-16 16:33:19.000,1,SINGLE_SESSION
1542973893665520458,2016-10-21 13:40:57.000,1,SINGLE_SESSION
2768669822276347024,2016-10-06 15:20:52.000,1,SINGLE_SESSION
3028550427151363393,2016-10-23 05:32:35.000,1,SINGLE_SESSION
4687536620631231250,2016-12-14 02:12:32.000,1,SINGLE_SESSION
596895434219823695,2016-08-20 21:51:02.000,1,SINGLE_SESSION
6569605994631186947,2016-08-01 20:56:46.000,1,SINGLE_SESSION
55230885834366137,2016-08-27 23:12:55.000,1,SINGLE_SESSION
9549186864389701668,2017-06-21 22:51:58.000,1,SINGLE_SESSION
3859230004341473722,2017-06-27 20:28:56.000,1,SINGLE_SESSION
0546450430035162938,2017-07-24 04:48:52.000,1,SINGLE_SESSION
5633631220777079493,2017-04-10 19:42:46.000,1,SINGLE_SESSION
4511704618243693613,2016-09-05 19:53:55.000,1,SINGLE_SESSION
4539597857733998702,2017-01-17 23:10:39.000,1,SINGLE_SESSION
0896209330500207582,2017-06-01 21:08:22.000,1,SINGLE_SESSION
180838537120109242,2016-11-07 21:19:08.000,1,SINGLE_SESSION
6546857129496008623,2017-05-20 23:57:39.000,1,SINGLE_SESSION
8195115218682006813,2017-03-17 23:57:01.000,2,MULTI_SESSION
6176979987115887287,2016-11-01 18:20:48.000,1,SINGLE_SESSION
8495435396140444674,2017-04-07 19:03:41.000,2,MULTI_SESSION
4673385160566403214,2016-11-18 21:46:25.000,1,SINGLE_SESSION
9929718464015751383,2016-12-10 02:46:47.000,1,SINGLE_SESSION
2173668037003458952,2016-12-06 17:23:40.000,1,SINGLE_SESSION
5540724306740925009,2017-07-10 14:44:13.000,1,SINGLE_SESSION
9220624765783417577,2017-06-18 15:35:47.000,1,SINGLE_SESSION
6007444138968758475,2017-02-23 20:29:57.000,1,SINGLE_SESSION
1728187854815713111,2016-08-09 20:06:07.000,1,SINGLE_SESSION
4655715907193364487,2017-01-28 03:20:54.000,1,SINGLE_SESSION
7001424081538361044,2017-01-25 20:48:35.000,1,SINGLE_SESSION
6622305862930947973,2017-04-10 04:06:32.000,1,SINGLE_SESSION
0517434536441380071,2016-09-06 03:49:35.000,1,SINGLE_SESSION
8544910212244329397,2017-05-15 19:49:49.000,1,SINGLE_SESSION
5864660038605471307,2017-04-26 19:53:05.000,1,SINGLE_SESSION
0431394148721181795,2016-11-10 01:43:10.000,1,SINGLE_SESSION
0339607919256111349,2017-06-14 18:27:37.000,1,SINGLE_SESSION
4819176962773320146,2016-12-20 02:21:34.000,1,SINGLE_SESSION
1509207029214764906,2017-05-19 17:56:29.000,1,SINGLE_SESSION
3927815032450931689,2017-07-22 19:44:26.000,1,SINGLE_SESSION
5399436309961622385,2016-11-28 20:34:05.000,1,SINGLE_SESSION
6337016759218580239,2017-06-29 19:45:38.000,1,SINGLE_SESSION
5107254786255889019,2017-03-08 19:33:47.000,1,SINGLE_SESSION
2004440512410253851,2016-09-05 12:33:15.000,1,SINGLE_SESSION
2885242437093283542,2017-06-27 22:36:30.000,2,MULTI_SESSION
3221924345288041502,2017-07-17 22:40:29.000,2,MULTI_SESSION
3592785671281234637,2017-06-20 23:48:25.000,1,SINGLE_SESSION
9705361545058587946,2017-06-12 18:15:45.000,1,SINGLE_SESSION
5726599650920385444,2017-02-06 16:20:57.000,1,SINGLE_SESSION
6324348497900492040,2016-12-19 18:45:43.000,1,SINGLE_SESSION
9990797196896345494,2017-04-21 13:38:39.000,1,SINGLE_SESSION
2575004222422356117,2017-05-06 04:14:52.000,1,SINGLE_SESSION
5747990905511584859,2016-12-09 20:08:22.000,1,SINGLE_SESSION
2934242886567182756,2016-08-16 01:11:00.000,1,SINGLE_SESSION
019772767330770548,2016-09-06 21:43:28.000,1,SINGLE_SESSION
9997409246962677759,2016-12-09 02:31:23.000,1,SINGLE_SESSION
7646951145864334861,2017-04-04 18:31:47.000,1,SINGLE_SESSION
4786631423539137051,2016-09-07 22:10:45.000,1,SINGLE_SESSION
6827945352712857729,2017-07-28 18:14:51.000,2,MULTI_SESSION
7923717574756069195,2017-02-12 19:31:06.000,1,SINGLE_SESSION
3695477254118891941,2016-10-11 16:47:02.000,1,SINGLE_SESSION
7352817445808452606,2016-08-16 17:12:30.000,1,SINGLE_SESSION
1895007641407662784,2017-02-08 22:36:42.000,1,SINGLE_SESSION
9725818592109154839,2016-09-12 05:10:36.000,1,SINGLE_SESSION
3769216008640439142,2017-01-18 06:08:20.000,1,SINGLE_SESSION
4891719971837029019,2016-12-07 01:34:28.000,1,SINGLE_SESSION
3152246617474456269,2016-08-31 16:45:26.000,1,SINGLE_SESSION
2658678838785413275,2017-06-24 02:56:23.000,1,SINGLE_SESSION
4648414726793828042,2016-10-19 00:43:19.000,1,SINGLE_SESSION
7291346718031890073,2016-08-01 18:44:46.000,1,SINGLE_SESSION
1111470101899387454,2016-11-23 10:45:41.000,2,MULTI_SESSION
3898563466459211162,2017-07-30 18:42:51.000,1,SINGLE_SESSION
9692965964258784311,2017-06-10 12:52:12.000,1,SINGLE_SESSION
8519577869545508855,2017-03-22 02:34:32.000,1,SINGLE_SESSION
5397831032804503408,2017-04-19 17:02:50.000,1,SINGLE_SESSION
0725021958135646864,2016-11-15 05:14:22.000,1,SINGLE_SESSION
5526675926038480325,2017-03-04 21:41:44.000,1,SINGLE_SESSION
6548626246130862757,2016-11-12 20:27:19.000,2,MULTI_SESSION
8403870234646174771,2017-06-17 14:46:03.000,1,SINGLE_SESSION
9712244099278864842,2017-06-05 14:53:43.000,1,SINGLE_SESSION
7048178855517326129,2016-11-25 16:17:27.000,1,SINGLE_SESSION
8867871460130530179,2017-02-17 22:22:10.000,1,SINGLE_SESSION
5541640831411954613,2016-11-17 20:51:32.000,1,SINGLE_SESSION
4750202728702828353,2016-10-10 23:29:31.000,1,SINGLE_SESSION
1323131540348895975,2017-02-07 17:30:31.000,1,SINGLE_SESSION
3085716023208993484,2017-01-27 23:29:25.000,1,SINGLE_SESSION
8699673475078836442,2016-10-23 16:29:13.000,1,SINGLE_SESSION
8467482024221985291,2017-03-30 20:10:31.000,1,SINGLE_SESSION
3616346989046528559,2016-08-15 15:12:27.000,1,SINGLE_SESSION
9417857471295131045,2017-07-13 13:08:35.000,1,SINGLE_SESSION
0750845334721949296,2017-06-23 13:53:24.000,1,SINGLE_SESSION
0099448207973363509,2017-06-18 19:14:56.000,1,SINGLE_SESSION
6253727679164041606,2017-06-27 20:36:56.000,1,SINGLE_SESSION
5201418842615044194,2017-06-05 16:10:22.000,1,SINGLE_SESSION
2527528149176601,2016-12-02 12:15:16.000,1,SINGLE_SESSION
4631129802514106099,2016-08-01 14:29:05.000,1,SINGLE_SESSION
8462260515362907602,2016-12-01 04:32:15.000,1,SINGLE_SESSION
1274369026865386328,2016-08-08 15:08:07.000,1,SINGLE_SESSION
1482296984579878669,2017-05-08 23:15:16.000,3,MULTI_SESSION
9974461982959135812,2017-01-19 16:10:21.000,1,SINGLE_SESSION
8698140093733128307,2017-07-18 01:05:41.000,1,SINGLE_SESSION
5490718760386524678,2017-06-25 15:16:21.000,1,SINGLE_SESSION
3177465633793530867,2016-12-07 14:07:46.000,1,SINGLE_SESSION
4370268639929292773,2016-12-01 19:30:14.000,1,SINGLE_SESSION
7895169393941050088,2016-12-15 22:04:45.000,1,SINGLE_SESSION
364162594599982277,2017-02-16 16:17:25.000,1,SINGLE_SESSION
4137617404832390200,2017-04-28 00:40:14.000,1,SINGLE_SESSION
5623565664347898852,2016-11-16 17:26:34.000,1,SINGLE_SESSION
7039005406963383727,2016-08-12 21:48:25.000,1,SINGLE_SESSION
2590629993785032145,2017-01-06 14:11:41.000,1,SINGLE_SESSION
6249334762900875907,2017-06-05 01:56:08.000,1,SINGLE_SESSION
1195443770877125809,2016-11-09 22:48:28.000,3,MULTI_SESSION
1925633389522225305,2017-02-07 17:59:26.000,2,MULTI_SESSION
0981755101938488888,2017-05-02 16:40:40.000,1,SINGLE_SESSION
1334328276765013089,2016-10-13 21:33:49.000,1,SINGLE_SESSION
685977378128136688,2016-11-21 01:12:50.000,1,SINGLE_SESSION
0672623205835845653,2016-08-22 23:51:38.000,1,SINGLE_SESSION
8844888920708607331,2017-05-11 14:56:00.000,2,MULTI_SESSION
3405098531081951348,2017-04-30 22:27:10.000,1,SINGLE_SESSION
8764063470465485753,2017-05-20 16:15:37.000,1,SINGLE_SESSION
7071796515432628889,2016-12-09 21:13:09.000,1,SINGLE_SESSION
676268909460399442,2016-11-09 22:33:53.000,1,SINGLE_SESSION
9624789523147347433,2017-03-24 21:53:09.000,1,SINGLE_SESSION
7544229451088045395,2016-12-03 18:09:57.000,1,SINGLE_SESSION
0071731629789524187,2016-09-27 21:25:10.000,1,SINGLE_SESSION
3450551762764650398,2016-12-14 03:45:18.000,1,SINGLE_SESSION
3296839339658161126,2016-09-09 18:45:12.000,1,SINGLE_SESSION
3188303245564110099,2016-09-08 19:48:10.000,1,SINGLE_SESSION
455277019106287876,2016-10-11 19:33:12.000,1,SINGLE_SESSION
4019823049713520813,2017-01-05 22:29:49.000,1,SINGLE_SESSION
1063651652107093288,2016-10-12 20:00:21.000,17,MULTI_SESSION
3877662166463811188,2017-04-10 23:57:18.000,38,MULTI_SESSION
8693174288442040841,2017-04-05 00:26:03.000,5,MULTI_SESSION
4518084412353571470,2017-05-22 02:09:46.000,17,MULTI_SESSION
3308039382193082920,2016-11-16 03:03:35.000,5,MULTI_SESSION
5881420815591584294,2016-12-05 22:40:46.000,7,MULTI_SESSION
4749249531312034536,2017-05-03 04:11:31.000,5,MULTI_SESSION
8777213135454243540,2017-01-05 23:32:48.000,6,MULTI_SESSION
689975324856739942,2016-10-21 22:19:08.000,8,MULTI_SESSION
6468324397294207967,2017-02-09 04:44:48.000,5,MULTI_SESSION
3435879975978458700,2016-12-09 23:36:27.000,3,MULTI_SESSION
4458329221243726234,2017-05-29 19:43:48.000,12,MULTI_SESSION
6448832262240591897,2017-05-12 18:01:32.000,4,MULTI_SESSION
7405540212923249469,2016-10-27 14:38:24.000,4,MULTI_SESSION
502027330594674519,2017-03-02 18:38:50.000,13,MULTI_SESSION
7797999885990809909,2016-11-30 04:57:50.000,8,MULTI_SESSION
5623116547642226257,2017-02-17 20:55:40.000,4,MULTI_SESSION
6551633812942032898,2017-03-29 23:31:32.000,7,MULTI_SESSION
6077626541330989540,2016-11-25 15:27:06.000,6,MULTI_SESSION
8190690604112443321,2016-11-14 15:43:29.000,2,MULTI_SESSION
4934955623514361329,2016-08-10 23:14:50.000,3,MULTI_SESSION
6016169532034396504,2016-12-11 22:53:46.000,7,MULTI_SESSION
1563728423937786678,2017-02-08 04:12:27.000,3,MULTI_SESSION
4080275155760695849,2017-04-04 21:18:58.000,7,MULTI_SESSION
667466244691499033,2017-06-28 18:08:09.000,5,MULTI_SESSION
8843025310060521600,2016-08-11 21:47:55.000,7,MULTI_SESSION
6887689755860406789,2017-02-28 18:56:35.000,5,MULTI_SESSION
0101246539776970727,2016-09-01 16:05:09.000,5,MULTI_SESSION
5028327649793847107,2016-08-06 01:19:13.000,4,MULTI_SESSION
3724344539154169107,2017-04-07 23:49:36.000,9,MULTI_SESSION
1762309596636885789,2017-06-12 19:45:49.000,3,MULTI_SESSION
9415047435363681557,2016-08-26 17:34:23.000,3,MULTI_SESSION
4623397335807191742,2017-04-07 22:43:47.000,7,MULTI_SESSION
1489909135644077602,2017-05-20 06:34:42.000,5,MULTI_SESSION
3439925516647058668,2017-05-05 04:51:05.000,4,MULTI_SESSION
7656166664902363407,2017-05-04 00:19:28.000,5,MULTI_SESSION
2779594039917451826,2017-07-24 18:02:34.000,3,MULTI_SESSION
3454904914738069096,2016-09-02 01:52:34.000,6,MULTI_SESSION
8430240768850820716,2016-08-05 14:59:48.000,6,MULTI_SESSION
4572473880059546924,2017-07-14 22:15:15.000,6,MULTI_SESSION
8696221716564059206,2016-10-05 02:39:18.000,5,MULTI_SESSION
8064625150033508396,2017-07-31 13:36:28.000,4,MULTI_SESSION
7344091753437822948,2017-04-18 02:57:53.000,5,MULTI_SESSION
1443139528202497204,2016-11-05 19:40:49.000,4,MULTI_SESSION
740013212735960815,2016-12-09 21:41:04.000,5,MULTI_SESSION
7552589182628406304,2017-02-23 02:34:56.000,29,MULTI_SESSION
2346359290191771618,2017-05-03 16:14:13.000,7,MULTI_SESSION
8007564628670829915,2017-06-06 02:22:19.000,5,MULTI_SESSION
0813572144884353388,2017-03-06 05:06:35.000,5,MULTI_SESSION
8122301832779303001,2017-05-16 20:41:40.000,4,MULTI_SESSION
5409985606814283467,2016-09-28 02:35:33.000,8,MULTI_SESSION
3751433429956400495,2016-10-24 09:03:30.000,12,MULTI_SESSION
1111875891012788851,2016-09-16 22:07:06.000,3,MULTI_SESSION
1262082110712343410,2017-02-12 22:51:21.000,6,MULTI_SESSION
9620923631569343304,2016-10-13 13:57:36.000,6,MULTI_SESSION
3931961473816782577,2017-07-09 20:04:40.000,3,MULTI_SESSION
8153111037173030058,2017-01-12 18:23:38.000,3,MULTI_SESSION
1426215359136239319,2017-04-20 02:02:42.000,3,MULTI_SESSION
0686766074904091675,2017-03-20 22:42:41.000,10,MULTI_SESSION
7587690701654566627,2016-11-29 23:11:20.000,5,MULTI_SESSION
1478304759820778936,2016-09-08 16:03:52.000,10,MULTI_SESSION
3123912150867532904,2017-07-24 04:58:24.000,7,MULTI_SESSION
730458429523691231,2016-09-21 04:13:37.000,4,MULTI_SESSION
708898149037036750,2017-02-28 23:46:44.000,3,MULTI_SESSION
7268732315672412988,2017-04-29 00:02:07.000,5,MULTI_SESSION
8461110695299432015,2016-09-24 02:37:06.000,2,MULTI_SESSION
5677740195938501149,2016-12-05 22:02:37.000,3,MULTI_SESSION
2357073894289283929,2016-10-14 16:46:20.000,9,MULTI_SESSION
0555790844446941439,2016-09-20 17:23:15.000,3,MULTI_SESSION
1332936186691040151,2016-12-06 19:53:32.000,5,MULTI_SESSION
6325377874048923314,2017-07-16 19:54:32.000,4,MULTI_SESSION
8637646972279713218,2017-05-22 19:15:48.000,6,MULTI_SESSION
9826816980924031810,2017-03-24 15:09:16.000,4,MULTI_SESSION
7452591958167406113,2017-01-31 02:23:48.000,3,MULTI_SESSION
5687848862260392694,2016-12-13 05:08:25.000,5,MULTI_SESSION
6569964390858147530,2017-02-01 00:44:39.000,7,MULTI_SESSION
407927208045481071,2016-09-17 03:00:05.000,6,MULTI_SESSION
0509972280802528263,2017-08-01 20:59:51.000,4,MULTI_SESSION
553904149065456549,2017-01-13 12:07:04.000,4,MULTI_SESSION
9792836485846811388,2017-05-24 16:20:49.000,3,MULTI_SESSION
840090579696794382,2017-03-19 23:13:21.000,6,MULTI_SESSION
7657116022844782849,2016-09-09 13:51:58.000,2,MULTI_SESSION
5031234556107572838,2016-09-12 01:52:51.000,12,MULTI_SESSION
5761840295662617853,2016-08-16 10:08:02.000,9,MULTI_SESSION
5107268531954786591,2017-03-15 04:52:17.000,3,MULTI_SESSION
4218616966389581358,2017-06-29 17:32:51.000,2,MULTI_SESSION
5442500961218255804,2016-10-24 02:38:00.000,5,MULTI_SESSION
5532417941225696082,2017-06-26 22:15:59.000,7,MULTI_SESSION
6563742407321664584,2016-09-08 16:25:48.000,3,MULTI_SESSION
9004668593024428031,2017-02-01 21:35:35.000,8,MULTI_SESSION
4893030302006714352,2016-12-13 00:30:20.000,6,MULTI_SESSION
6350637494394255961,2016-11-11 00:21:07.000,11,MULTI_SESSION
4031993507382416569,2017-05-01 21:39:05.000,4,MULTI_SESSION
9401702056400438327,2017-05-03 16:12:22.000,2,MULTI_SESSION
9535165767399175841,2017-01-09 00:59:45.000,5,MULTI_SESSION
5687667730920600613,2017-02-10 01:42:22.000,2,MULTI_SESSION
7459944171076059050,2017-06-04 04:14:18.000,2,MULTI_SESSION
527512175460551498,2016-10-09 22:37:31.000,3,MULTI_SESSION
1315772786660606104,2016-10-02 18:32:56.000,4,MULTI_SESSION
2255733734516957926,2016-09-10 00:51:43.000,5,MULTI_SESSION
0740400499011848560,2017-02-28 00:30:51.000,3,MULTI_SESSION
9562948220302753056,2017-02-03 15:53:22.000,2,MULTI_SESSION
3369201896722684732,2017-06-10 03:04:12.000,2,MULTI_SESSION
8002426910576120967,2017-01-25 17:37:02.000,5,MULTI_SESSION
3950894021411842984,2016-10-19 18:44:18.000,3,MULTI_SESSION
5811368078800551365,2017-05-17 06:31:55.000,2,MULTI_SESSION
2030710570879226632,2016-09-06 14:30:25.000,2,MULTI_SESSION
7608996347103620557,2017-04-18 23:05:50.000,2,MULTI_SESSION
6509863579619140812,2017-03-11 19:30:46.000,5,MULTI_SESSION
7773367694615408886,2016-12-03 04:47:54.000,3,MULTI_SESSION
2618807484848182971,2017-07-24 04:16:54.000,6,MULTI_SESSION
8833612323012512340,2016-09-30 12:10:08.000,4,MULTI_SESSION
3080226370978858590,2016-11-28 01:51:13.000,2,MULTI_SESSION
4599293151185767579,2016-12-20 01:55:30.000,2,MULTI_SESSION
7303461177926085857,2017-07-23 16:23:19.000,3,MULTI_SESSION
2287637838474850444,2016-09-14 01:13:36.000,5,MULTI_SESSION
6958136256460936943,2017-01-19 22:24:57.000,13,MULTI_SESSION
8461125385427313402,2016-12-26 22:59:31.000,3,MULTI_SESSION
0456995923783583208,2017-04-28 15:07:02.000,4,MULTI_SESSION
8488247280044091366,2016-10-26 17:38:33.000,4,MULTI_SESSION
9832479082059669028,2017-03-15 16:22:55.000,5,MULTI_SESSION
2505251876994724986,2016-08-10 21:16:26.000,2,MULTI_SESSION
0758186940251087967,2017-05-11 21:42:30.000,4,MULTI_SESSION
3287424336851494398,2016-12-15 15:17:03.000,8,MULTI_SESSION
5515350445753934486,2016-09-27 00:46:15.000,5,MULTI_SESSION
5879552143073361372,2016-10-30 19:12:20.000,3,MULTI_SESSION
654122007935553683,2016-09-13 16:45:05.000,6,MULTI_SESSION
7756103894574714837,2016-12-01 03:44:07.000,8,MULTI_SESSION
8518736572243003083,2016-08-11 21:47:31.000,8,MULTI_SESSION
9508546152429052363,2016-11-28 14:53:18.000,3,MULTI_SESSION
9106626115494639878,2017-04-07 22:09:45.000,2,MULTI_SESSION
9758235511148216157,2017-06-16 01:06:08.000,2,MULTI_SESSION
0312226371899637611,2017-07-04 22:07:12.000,6,MULTI_SESSION
9014136210132782367,2016-11-30 02:56:13.000,4,MULTI_SESSION
3033027578792702692,2016-08-26 04:17:54.000,3,MULTI_SESSION
8517640021399044163,2017-03-07 21:18:40.000,3,MULTI_SESSION
0488236137527169951,2016-08-15 23:28:09.000,5,MULTI_SESSION
5083565941848511171,2016-10-12 04:58:34.000,3,MULTI_SESSION
3862093055992617004,2017-02-17 23:42:34.000,2,MULTI_SESSION
3826933837621771483,2016-11-28 21:08:04.000,6,MULTI_SESSION
2475923624267106686,2016-08-10 20:10:49.000,4,MULTI_SESSION
2446685875964479851,2016-10-18 02:53:28.000,3,MULTI_SESSION
1945823643105525576,2017-06-16 07:01:17.000,4,MULTI_SESSION
3736964846520654455,2017-07-12 04:09:14.000,2,MULTI_SESSION
395878510909861453,2017-07-14 16:21:59.000,2,MULTI_SESSION
7282058185499112847,2017-05-22 21:30:38.000,2,MULTI_SESSION
5045635710262870815,2017-03-25 21:43:43.000,3,MULTI_SESSION
5676016082432448460,2016-08-25 14:47:40.000,5,MULTI_SESSION
2867026002929382725,2016-12-14 04:34:05.000,4,MULTI_SESSION
9952616174324085427,2016-10-19 18:33:08.000,14,MULTI_SESSION
5826166060122171191,2017-05-30 00:58:12.000,2,MULTI_SESSION
2266837403735683845,2017-07-27 06:22:13.000,6,MULTI_SESSION
1551685942677239452,2016-12-13 00:18:21.000,3,MULTI_SESSION
5656797100186681238,2017-07-03 18:34:13.000,3,MULTI_SESSION
6392933882994138879,2016-12-09 02:56:25.000,2,MULTI_SESSION
4213021997659947745,2016-08-12 16:05:35.000,5,MULTI_SESSION
9972043774359472649,2016-08-31 07:14:49.000,3,MULTI_SESSION
2861315377512617150,2017-04-18 18:49:46.000,4,MULTI_SESSION
1790056396751623380,2017-05-09 23:59:20.000,7,MULTI_SESSION
3882155860208938967,2017-04-19 22:08:05.000,3,MULTI_SESSION
1390764594937000351,2017-01-06 17:50:16.000,2,MULTI_SESSION
0328080880890336475,2017-04-28 20:00:25.000,4,MULTI_SESSION
3111088785117643818,2016-11-01 14:25:31.000,4,MULTI_SESSION
2878531913092321151,2016-12-11 15:55:20.000,4,MULTI_SESSION
9125898229130280539,2016-12-06 19:13:12.000,4,MULTI_SESSION
9122350425856868704,2017-01-23 18:39:31.000,3,MULTI_SESSION
4090254339243061472,2017-03-28 02:26:26.000,3,MULTI_SESSION
94024465151480107,2017-02-12 03:29:20.000,6,MULTI_SESSION
7942338055212909628,2017-03-15 23:06:30.000,5,MULTI_SESSION
8525552808729629890,2017-07-05 22:22:45.000,3,MULTI_SESSION
7528605281471957603,2017-05-02 16:05:53.000,4,MULTI_SESSION
4460562484368912716,2016-08-26 16:20:54.000,2,MULTI_SESSION
190492934318255272,2017-07-20 15:51:37.000,3,MULTI_SESSION
0667721082352794491,2017-04-18 20:19:34.000,2,MULTI_SESSION
6962915449516970048,2016-12-07 21:28:43.000,4,MULTI_SESSION
1828339986405784308,2017-05-11 01:21:37.000,6,MULTI_SESSION
8740176326132717435,2016-10-21 00:33:54.000,5,MULTI_SESSION
30596413607230095,2017-03-21 16:16:38.000,6,MULTI_SESSION
4618938783388951743,2016-12-14 18:26:27.000,4,MULTI_SESSION
3550517741801560701,2017-07-13 19:36:39.000,5,MULTI_SESSION
6426645361872979743,2016-10-06 15:39:06.000,3,MULTI_SESSION
5158802402159118276,2017-06-12 21:37:56.000,2,MULTI_SESSION
7743552132615586742,2016-09-01 20:56:06.000,3,MULTI_SESSION
0139838509739212862,2016-09-26 16:36:13.000,5,MULTI_SESSION
6983052768258089610,2016-08-24 21:09:51.000,3,MULTI_SESSION
2998366531691727863,2016-10-29 14:50:27.000,4,MULTI_SESSION
0026203741366904270,2016-09-07 16:33:24.000,5,MULTI_SESSION
9135708143864560661,2017-05-25 15:25:48.000,4,MULTI_SESSION
9770143532481532256,2016-08-13 22:51:13.000,7,MULTI_SESSION
4258400920909579017,2017-04-28 23:10:14.000,2,MULTI_SESSION
5056841379210378275,2017-07-16 07:00:04.000,5,MULTI_SESSION
2570270404850350503,2017-04-28 17:47:25.000,3,MULTI_SESSION
4076862635585033778,2017-01-10 19:37:11.000,4,MULTI_SESSION
0975931442450346746,2017-07-21 18:09:20.000,2,MULTI_SESSION
7045327197067164006,2017-04-10 00:03:40.000,2,MULTI_SESSION
8276434531874543884,2017-03-15 18:01:35.000,2,MULTI_SESSION
3196293108485281495,2017-06-08 04:45:03.000,3,MULTI_SESSION
4498676906009083606,2016-10-26 00:18:34.000,2,MULTI_SESSION
5857676743018965961,2017-05-11 21:53:23.000,7,MULTI_SESSION
8551112991718773193,2017-05-26 23:22:03.000,5,MULTI_SESSION
0496833883845920731,2017-03-28 17:35:50.000,4,MULTI_SESSION
5157028803252486506,2016-09-04 06:46:08.000,3,MULTI_SESSION
8156693537451506265,2017-01-13 00:29:52.000,2,MULTI_SESSION
7627090613587216352,2017-02-02 16:01:54.000,3,MULTI_SESSION
9972641923092309898,2017-07-30 04:53:12.000,2,MULTI_SESSION
9377458374004899718,2016-12-21 01:13:37.000,3,MULTI_SESSION
4266823904408093435,2016-12-17 23:27:09.000,4,MULTI_SESSION
3647087839870525439,2016-09-16 22:06:16.000,5,MULTI_SESSION
9337603034215016451,2016-09-19 21:59:10.000,2,MULTI_SESSION
5381050713444161214,2016-09-29 19:24:17.000,6,MULTI_SESSION
972856631604465767,2017-07-12 16:02:31.000,4,MULTI_SESSION
1481084267519588690,2017-03-25 16:47:56.000,2,MULTI_SESSION
7576219858086855027,2017-05-27 02:11:25.000,2,MULTI_SESSION
8767345170065465322,2017-02-21 08:20:32.000,3,MULTI_SESSION
6904415728032094280,2017-04-14 13:32:35.000,3,MULTI_SESSION
9884258024135679219,2016-08-26 01:21:57.000,6,MULTI_SESSION
8785356457446164394,2016-11-09 02:58:49.000,2,MULTI_SESSION
1062035005539274644,2016-10-17 17:30:42.000,2,MULTI_SESSION
3041665208670915405,2017-06-21 05:09:20.000,4,MULTI_SESSION
5618988196982024867,2017-02-08 23:51:25.000,2,MULTI_SESSION
7199611745811583535,2017-01-04 18:25:05.000,2,MULTI_SESSION
5655215807507744512,2016-10-10 02:40:16.000,3,MULTI_SESSION
8643842096517952124,2016-08-26 16:08:41.000,7,MULTI_SESSION
9982895886072793603,2016-12-20 03:21:40.000,3,MULTI_SESSION
4758916657085060917,2017-01-09 22:59:55.000,3,MULTI_SESSION
438887787668714744,2016-08-22 18:52:37.000,2,MULTI_SESSION
6426341208737197562,2017-06-11 21:47:07.000,2,MULTI_SESSION
0211945437070044601,2016-10-09 20:49:29.000,3,MULTI_SESSION
4842938114795919150,2017-04-27 18:40:58.000,2,MULTI_SESSION
5751162786265833024,2017-03-16 13:32:08.000,6,MULTI_SESSION
5150728570406198608,2016-10-11 15:54:58.000,2,MULTI_SESSION
7376750587981554489,2017-04-05 15:51:40.000,3,MULTI_SESSION
1388827316063999339,2017-03-15 13:41:59.000,4,MULTI_SESSION
0113842242927238752,2016-12-23 21:19:09.000,4,MULTI_SESSION
4914075329436815761,2017-06-09 19:15:36.000,3,MULTI_SESSION
1599852514978862986,2016-12-07 01:54:49.000,6,MULTI_SESSION
1774756696067199606,2017-01-09 01:24:15.000,4,MULTI_SESSION
8947946498901524856,2017-02-07 04:08:07.000,3,MULTI_SESSION
5062455429781775081,2017-03-23 01:00:36.000,2,MULTI_SESSION
2217355463780107340,2017-03-28 06:08:26.000,2,MULTI_SESSION
2341448488539470965,2017-07-15 05:01:57.000,2,MULTI_SESSION
1217627082294977824,2017-02-01 16:40:43.000,4,MULTI_SESSION
8706126538675944851,2016-11-30 00:19:58.000,2,MULTI_SESSION
3305485862461522985,2017-02-01 22:37:19.000,3,MULTI_SESSION
4788403189075258589,2017-02-21 01:50:11.000,3,MULTI_SESSION
9817395183603701442,2016-08-25 17:12:48.000,3,MULTI_SESSION
1852474862116270404,2017-03-23 03:32:50.000,3,MULTI_SESSION
8558475151840397703,2017-04-07 18:13:39.000,3,MULTI_SESSION
3660706083878335924,2016-12-06 14:38:42.000,3,MULTI_SESSION
5308677468260522097,2016-10-10 12:58:48.000,3,MULTI_SESSION
9556564333684881224,2017-02-20 19:21:57.000,3,MULTI_SESSION
0967510812862831126,2017-07-10 15:15:19.000,4,MULTI_SESSION
2981548266609585981,2017-05-05 15:03:53.000,2,MULTI_SESSION
6539054271579803553,2016-12-09 18:53:44.000,3,MULTI_SESSION
1829928690197170019,2016-08-09 22:36:49.000,2,MULTI_SESSION
8180992226439641389,2017-07-13 04:17:31.000,3,MULTI_SESSION
3320129517544307519,2016-10-20 14:22:02.000,3,MULTI_SESSION
2955586208662590607,2016-10-17 16:54:45.000,3,MULTI_SESSION
2627508925809214754,2016-12-23 02:43:57.000,5,MULTI_SESSION
1573919593896895308,2017-07-31 17:13:12.000,2,MULTI_SESSION
2511032786245371752,2016-10-06 03:59:09.000,2,MULTI_SESSION
4795790370118359645,2017-07-12 21:09:10.000,2,MULTI_SESSION
6386115578941374832,2016-10-28 21:09:48.000,4,MULTI_SESSION
9802926311803722380,2017-07-10 19:49:51.000,4,MULTI_SESSION
7328092280392160838,2017-03-14 07:37:29.000,4,MULTI_SESSION
2404730522088263435,2017-05-08 02:09:13.000,3,MULTI_SESSION
7427669167259347728,2016-11-10 15:13:44.000,2,MULTI_SESSION
8163699947659294653,2017-02-24 01:39:41.000,4,MULTI_SESSION
0674198499072575604,2016-09-11 17:39:08.000,4,MULTI_SESSION
7410648917338692919,2016-12-19 15:14:52.000,3,MULTI_SESSION
1193832537421178696,2017-07-08 05:42:28.000,5,MULTI_SESSION
8526450853963599523,2017-04-05 17:47:47.000,3,MULTI_SESSION
6559285755206861388,2017-03-22 14:27:12.000,3,MULTI_SESSION
9344661624535255277,2017-05-19 21:33:11.000,5,MULTI_SESSION
5697412043275754287,2016-10-19 15:06:21.000,3,MULTI_SESSION
5028300438174569492,2017-02-23 19:54:31.000,5,MULTI_SESSION
4786162895403148605,2017-06-15 03:43:32.000,2,MULTI_SESSION
0191633990580866366,2017-06-01 04:40:18.000,3,MULTI_SESSION
1466669446695203037,2016-12-08 09:18:22.000,3,MULTI_SESSION
9383567792856137029,2017-06-17 02:03:31.000,2,MULTI_SESSION
3594748537350114699,2017-05-12 14:15:58.000,10,MULTI_SESSION
7585321373986269779,2017-05-18 12:07:15.000,3,MULTI_SESSION
652992594863430909,2017-05-23 15:02:46.000,3,MULTI_SESSION
1716182036681293379,2016-12-05 07:38:28.000,3,MULTI_SESSION
719763844495200108,2017-07-10 18:45:02.000,3,MULTI_SESSION
7256432076983849562,2016-11-08 08:00:08.000,8,MULTI_SESSION
497209842877259289,2017-02-14 20:36:25.000,3,MULTI_SESSION
3996247155986231536,2016-10-28 15:41:53.000,3,MULTI_SESSION
7674192003340295500,2016-12-04 18:26:15.000,2,MULTI_SESSION
4406321641138445418,2016-11-02 02:58:02.000,2,MULTI_SESSION
9447628234251166900,2017-04-27 17:01:08.000,2,MULTI_SESSION
80533986466271934,2016-08-02 15:44:34.000,3,MULTI_SESSION
2432203658822493030,2016-12-16 20:58:33.000,4,MULTI_SESSION
3918073616784112922,2017-02-02 15:43:08.000,2,MULTI_SESSION
0047868538532140235,2017-01-18 12:54:29.000,3,MULTI_SESSION
4899803417936737547,2017-05-26 17:35:52.000,3,MULTI_SESSION
8838851880121159305,2017-04-20 04:30:51.000,3,MULTI_SESSION
2997672988390707183,2016-12-05 06:08:16.000,2,MULTI_SESSION
8197613511305133207,2016-08-18 19:18:24.000,5,MULTI_SESSION
5302571039827656728,2017-01-10 16:30:56.000,2,MULTI_SESSION
7426804494460200831,2016-08-16 16:50:54.000,5,MULTI_SESSION
2420397679231012493,2017-03-23 14:42:33.000,2,MULTI_SESSION
5286653810282194817,2017-07-17 19:41:21.000,4,MULTI_SESSION
7939722678554181163,2017-06-08 23:50:44.000,3,MULTI_SESSION
665197592745084056,2017-04-06 07:00:00.000,2,MULTI_SESSION
4163967138563839128,2017-01-13 20:27:13.000,2,MULTI_SESSION
8364082612050395902,2017-07-24 04:52:38.000,4,MULTI_SESSION
7382792588713799931,2017-03-11 19:03:44.000,4,MULTI_SESSION
1668298604221469868,2017-02-15 00:18:14.000,3,MULTI_SESSION
3104697128151646874,2016-10-10 17:23:11.000,2,MULTI_SESSION
1634896680671589410,2017-02-17 21:58:18.000,3,MULTI_SESSION
8082342727738025464,2016-10-26 14:46:24.000,3,MULTI_SESSION
1656531747952187328,2016-09-01 19:09:17.000,2,MULTI_SESSION
7044592028544350936,2017-05-03 23:00:51.000,7,MULTI_SESSION
4136548162519732667,2017-06-30 14:38:35.000,2,MULTI_SESSION
1409238456546431449,2016-10-31 18:05:49.000,3,MULTI_SESSION
6079111180589876762,2016-12-02 17:52:27.000,3,MULTI_SESSION
8243678505312262823,2016-10-10 12:44:33.000,2,MULTI_SESSION
6525565523346061607,2017-02-01 01:27:36.000,4,MULTI_SESSION
3769184752556746361,2016-11-17 23:31:22.000,2,MULTI_SESSION
9791969825416528969,2017-04-07 18:57:34.000,2,MULTI_SESSION
4479691304452949746,2016-10-05 21:07:19.000,3,MULTI_SESSION
451272146698301239,2017-04-28 21:41:23.000,4,MULTI_SESSION
7497654040371634388,2016-08-19 23:09:15.000,2,MULTI_SESSION
9241394751815106636,2017-04-10 20:15:23.000,3,MULTI_SESSION
9344315745283537381,2017-07-03 01:22:29.000,6,MULTI_SESSION
6100219091617645291,2016-12-09 02:35:45.000,3,MULTI_SESSION
9713078881816410558,2016-12-08 05:29:29.000,3,MULTI_SESSION
7511533079690059775,2017-04-27 15:54:31.000,5,MULTI_SESSION
1561221900766291424,2017-05-11 15:26:18.000,2,MULTI_SESSION
1685233972617661487,2017-01-30 08:19:59.000,3,MULTI_SESSION
8184421504690024643,2017-05-12 14:58:25.000,2,MULTI_SESSION
0382608034711593401,2017-06-06 20:43:08.000,2,MULTI_SESSION
3312961883012111762,2017-02-16 20:57:15.000,2,MULTI_SESSION
1672029100835337721,2016-08-30 22:56:32.000,2,MULTI_SESSION
7316352846759466679,2017-03-28 00:16:14.000,3,MULTI_SESSION
1986045889598602804,2016-11-28 19:15:09.000,2,MULTI_SESSION
4793388674495960680,2017-05-23 21:03:27.000,3,MULTI_SESSION
6928017474634138268,2016-10-29 13:06:34.000,3,MULTI_SESSION
4068647851581953751,2017-07-10 17:46:46.000,3,MULTI_SESSION
024164219255036061,2016-09-12 23:16:01.000,5,MULTI_SESSION
2110584778013739100,2017-04-14 16:03:25.000,2,MULTI_SESSION
8186865458665389919,2016-09-14 15:06:31.000,2,MULTI_SESSION
859169837119660000,2017-07-13 07:00:07.000,2,MULTI_SESSION
7738303201145232755,2017-01-03 20:48:23.000,3,MULTI_SESSION
950676259034422019,2017-07-14 22:07:37.000,4,MULTI_SESSION
4454245994662532846,2016-09-29 19:05:54.000,2,MULTI_SESSION
4871061239735971842,2017-08-01 16:19:00.000,4,MULTI_SESSION
0371602582972882095,2017-04-19 19:51:53.000,2,MULTI_SESSION
129249086143937145,2017-03-25 01:22:10.000,2,MULTI_SESSION
2008785002910996057,2017-08-01 19:11:03.000,2,MULTI_SESSION
0827721047010562264,2016-12-13 17:08:27.000,2,MULTI_SESSION
6453950151397418687,2016-12-05 15:53:03.000,3,MULTI_SESSION
0744307603598668939,2017-01-18 19:04:05.000,2,MULTI_SESSION
2310697779956713856,2016-09-01 22:15:21.000,2,MULTI_SESSION
689318192161645703,2017-07-25 19:48:40.000,6,MULTI_SESSION
8390158103120899776,2017-04-25 14:39:26.000,5,MULTI_SESSION
5087617268001908286,2016-11-08 19:12:05.000,4,MULTI_SESSION
0040361081244991496,2017-03-30 21:29:45.000,2,MULTI_SESSION
4242693912596237127,2017-07-07 17:45:10.000,2,MULTI_SESSION
2144281539931737104,2016-08-31 15:04:44.000,2,MULTI_SESSION
0894441452857839509,2016-08-17 23:08:21.000,2,MULTI_SESSION
9457643087878203141,2016-12-05 23:56:19.000,4,MULTI_SESSION
4134498426819570935,2017-03-12 22:49:14.000,6,MULTI_SESSION
5512744925410659627,2017-05-03 04:27:55.000,5,MULTI_SESSION
7436604361557442905,2016-12-08 22:10:17.000,3,MULTI_SESSION
9918252406090832709,2017-01-17 00:30:02.000,2,MULTI_SESSION
0244256673220806549,2016-12-17 05:15:32.000,2,MULTI_SESSION
5896536036728324632,2016-08-28 17:05:25.000,5,MULTI_SESSION
9321967957655029034,2016-08-11 22:51:12.000,2,MULTI_SESSION
7675869407000236910,2017-02-24 15:49:46.000,6,MULTI_SESSION
2896773240947804856,2017-03-03 11:43:26.000,4,MULTI_SESSION
6615374904571614092,2017-03-05 06:33:54.000,6,MULTI_SESSION
963126344221316701,2017-01-04 17:57:54.000,3,MULTI_SESSION
0767090408793298602,2017-05-31 13:19:49.000,4,MULTI_SESSION
8136695157497866307,2017-05-14 21:08:23.000,3,MULTI_SESSION
9233239597587770346,2016-11-17 15:57:47.000,3,MULTI_SESSION
0751672591869658635,2017-04-12 14:41:09.000,2,MULTI_SESSION
3907770685196037697,2016-08-01 20:49:39.000,4,MULTI_SESSION
9503263320769884901,2016-12-20 15:12:23.000,4,MULTI_SESSION
2003719620641352767,2016-09-14 20:19:11.000,4,MULTI_SESSION
4011202411252216664,2016-11-04 05:20:42.000,2,MULTI_SESSION
2586051974603380942,2016-12-09 17:38:15.000,3,MULTI_SESSION
8674825610490991214,2016-12-15 23:30:41.000,3,MULTI_SESSION
3188368730358313533,2016-10-03 22:41:50.000,2,MULTI_SESSION
9067391538272092242,2016-11-15 14:16:44.000,2,MULTI_SESSION
6781934558737955524,2016-10-30 18:28:05.000,3,MULTI_SESSION
0756687281868981844,2017-04-19 19:30:28.000,4,MULTI_SESSION
072871379479619546,2017-03-17 04:30:00.000,2,MULTI_SESSION
3053950714909876467,2017-04-07 14:34:19.000,2,MULTI_SESSION
0911550486858499476,2017-01-25 00:32:17.000,2,MULTI_SESSION
8843039531306434746,2016-09-14 18:50:57.000,3,MULTI_SESSION
3368850852007044287,2016-11-11 12:09:39.000,6,MULTI_SESSION
4882055783656603340,2017-05-22 13:39:36.000,6,MULTI_SESSION
2864376493455301677,2016-11-04 23:06:10.000,6,MULTI_SESSION
1484502136369116439,2016-11-13 15:55:27.000,5,MULTI_SESSION
9535515835082372493,2017-02-08 19:48:02.000,3,MULTI_SESSION
6052206455243513477,2017-07-23 21:23:13.000,3,MULTI_SESSION
5920338215143617287,2017-01-25 16:32:21.000,3,MULTI_SESSION
2503504680943602888,2016-11-30 16:11:02.000,5,MULTI_SESSION
5919562379041618004,2016-12-18 03:51:53.000,4,MULTI_SESSION
9374455635799053074,2017-05-12 19:06:40.000,4,MULTI_SESSION
4055437795713459104,2016-08-29 16:54:38.000,2,MULTI_SESSION
1495824928611619172,2017-05-08 18:22:37.000,2,MULTI_SESSION
6822031209977352236,2016-09-01 21:41:22.000,2,MULTI_SESSION
2288612869810526130,2017-05-09 04:34:49.000,2,MULTI_SESSION
8652691250363359598,2017-06-21 03:47:56.000,2,MULTI_SESSION
3628984853054173022,2017-03-14 19:28:35.000,3,MULTI_SESSION
5948399215486527929,2016-12-14 22:27:20.000,6,MULTI_SESSION
514478324726152361,2016-11-29 21:55:02.000,2,MULTI_SESSION
8202507786150001667,2016-12-16 03:16:00.000,2,MULTI_SESSION
9280788141225702561,2017-06-12 17:58:39.000,4,MULTI_SESSION
806304580282256912,2017-01-26 01:00:03.000,5,MULTI_SESSION
691720966691550944,2017-05-03 20:45:09.000,5,MULTI_SESSION
3045945458040660189,2016-10-05 17:22:38.000,2,MULTI_SESSION
3442295857384899473,2016-11-20 03:15:21.000,3,MULTI_SESSION
1543258820368301539,2017-06-05 20:36:10.000,3,MULTI_SESSION
0069780920436052632,2016-11-15 17:41:41.000,2,MULTI_SESSION
5176344820502043789,2017-04-29 18:49:05.000,2,MULTI_SESSION
5423482530849493225,2016-08-30 23:26:38.000,2,MULTI_SESSION
1996773434304553418,2017-02-23 07:45:27.000,2,MULTI_SESSION
8181960330163795224,2016-10-16 22:36:11.000,2,MULTI_SESSION
8092136662808852323,2017-01-25 20:54:02.000,2,MULTI_SESSION
4652788532519261576,2016-08-14 22:34:45.000,4,MULTI_SESSION
9293575840819435961,2017-01-20 15:16:06.000,3,MULTI_SESSION
9392183378177213313,2016-09-08 02:22:20.000,2,MULTI_SESSION
5738378843215726738,2016-10-10 22:34:22.000,3,MULTI_SESSION
0631033932630241909,2016-08-31 03:56:37.000,3,MULTI_SESSION
3244885836845029978,2016-08-22 18:50:23.000,3,MULTI_SESSION
5887849058822875277,2016-10-04 04:12:51.000,2,MULTI_SESSION
4284747478619287722,2017-06-26 22:12:35.000,3,MULTI_SESSION
7721327606863421352,2016-09-19 00:21:22.000,2,MULTI_SESSION
3321426483601293625,2016-08-17 02:50:31.000,8,MULTI_SESSION
9584543788078228989,2016-12-19 18:56:37.000,2,MULTI_SESSION
7288253836631073413,2017-03-08 22:33:07.000,2,MULTI_SESSION
8375075536798804409,2017-07-26 22:27:41.000,2,MULTI_SESSION
8160051185492681700,2017-04-06 15:21:50.000,3,MULTI_SESSION
1894617860778311526,2017-06-13 01:46:54.000,4,MULTI_SESSION
0239598330790272854,2017-01-09 02:07:48.000,2,MULTI_SESSION
6453410957469058316,2017-06-19 19:17:26.000,4,MULTI_SESSION
5603141733790765998,2017-03-21 02:38:23.000,4,MULTI_SESSION
4198604247843103568,2016-08-15 05:14:58.000,3,MULTI_SESSION
513403330506317388,2017-01-10 14:26:34.000,2,MULTI_SESSION
8269418639715927246,2016-12-26 03:18:49.000,2,MULTI_SESSION
9349161317881541522,2017-03-15 05:40:28.000,4,MULTI_SESSION
7296264109687715813,2017-04-07 07:00:02.000,2,MULTI_SESSION
7501496730606583691,2016-12-07 22:59:58.000,2,MULTI_SESSION
5430879576678891336,2016-11-16 17:50:12.000,2,MULTI_SESSION
0116189328741483178,2017-03-01 22:07:31.000,2,MULTI_SESSION
6428761163255691160,2017-04-02 08:19:43.000,2,MULTI_SESSION
60709694942461401,2016-11-12 23:45:02.000,2,MULTI_SESSION
1710046532262949205,2016-09-02 17:01:34.000,2,MULTI_SESSION
1386841622492700501,2016-08-18 21:38:05.000,2,MULTI_SESSION
3701126995342341310,2017-03-15 14:48:59.000,3,MULTI_SESSION
1316642940221663736,2017-05-21 00:29:57.000,4,MULTI_SESSION
1017523686792237118,2017-02-24 22:50:14.000,3,MULTI_SESSION
5017352267517896224,2016-10-24 17:32:17.000,3,MULTI_SESSION
3494892884724881756,2016-10-05 23:00:25.000,2,MULTI_SESSION
733935141047180090,2017-07-14 23:44:11.000,2,MULTI_SESSION
587844728135319683,2016-08-12 16:24:21.000,3,MULTI_SESSION
3091668257669224026,2016-12-10 19:52:40.000,2,MULTI_SESSION
2766162501835274072,2017-07-31 20:46:08.000,2,MULTI_SESSION
2689556653800639103,2017-06-19 18:23:37.000,3,MULTI_SESSION
0869725361322469597,2016-09-13 17:45:58.000,4,MULTI_SESSION
0316080058721038988,2017-07-19 22:47:26.000,2,MULTI_SESSION
478403815632492375,2017-07-07 21:04:22.000,3,MULTI_SESSION
7970246388355187791,2017-03-14 18:11:51.000,3,MULTI_SESSION
4961305064447921198,2017-05-31 07:37:01.000,6,MULTI_SESSION
0135432212707864703,2016-12-10 00:58:13.000,2,MULTI_SESSION
9085030584269619160,2016-10-07 17:39:42.000,2,MULTI_SESSION
6773504129316656025,2017-01-17 21:13:37.000,2,MULTI_SESSION
2402527199731150932,2016-10-12 20:47:53.000,3,MULTI_SESSION
9892878855186083289,2016-08-12 22:22:25.000,2,MULTI_SESSION
3614504595188750460,2017-06-03 01:26:08.000,2,MULTI_SESSION
543100701177479713,2017-04-20 02:19:06.000,2,MULTI_SESSION
1271739936649587420,2017-02-03 20:52:24.000,4,MULTI_SESSION
9426279967175711043,2017-06-14 01:21:50.000,2,MULTI_SESSION
4747307744317979027,2017-04-30 22:39:21.000,2,MULTI_SESSION
6043590789804259117,2017-02-12 18:14:31.000,2,MULTI_SESSION
4024901454245358856,2017-04-28 22:31:32.000,2,MULTI_SESSION
1900751757344358129,2016-11-04 18:06:30.000,2,MULTI_SESSION
5747102383457651943,2016-09-21 18:19:35.000,3,MULTI_SESSION
7843562488071473206,2017-01-31 16:01:46.000,2,MULTI_SESSION
0922459569275829915,2016-12-08 14:19:47.000,2,MULTI_SESSION
647846008417877869,2016-12-17 04:32:57.000,2,MULTI_SESSION
3928984782689072204,2016-10-26 21:23:23.000,3,MULTI_SESSION
1891868313007224972,2017-05-25 17:03:36.000,2,MULTI_SESSION
41955139058139143,2016-10-23 00:23:16.000,3,MULTI_SESSION
3174192822404489741,2016-08-10 17:00:33.000,2,MULTI_SESSION
6931833927582821050,2017-02-20 21:38:03.000,3,MULTI_SESSION
2105686286348643381,2016-08-19 22:54:05.000,3,MULTI_SESSION
5200523013513210232,2017-05-03 14:51:13.000,2,MULTI_SESSION
6381379755303153849,2017-01-10 00:32:22.000,2,MULTI_SESSION
644061149609662421,2017-05-15 13:13:08.000,2,MULTI_SESSION
4390937504431620724,2016-12-21 21:39:53.000,3,MULTI_SESSION
6836107306781208493,2017-01-06 21:22:47.000,3,MULTI_SESSION
3939381864309559028,2017-02-16 16:48:09.000,5,MULTI_SESSION
1364033099778280988,2017-05-03 23:36:55.000,2,MULTI_SESSION
8772028441330038912,2016-11-18 21:56:36.000,2,MULTI_SESSION
0102527091741838919,2017-06-07 16:51:06.000,4,MULTI_SESSION
9843808262868142262,2016-12-14 05:12:26.000,2,MULTI_SESSION
7547767069516152606,2016-12-05 21:22:19.000,2,MULTI_SESSION
8545209036610253088,2017-03-25 00:52:17.000,2,MULTI_SESSION
1049505592515499633,2016-12-14 01:42:54.000,2,MULTI_SESSION
6168219447090843569,2016-12-16 05:40:10.000,2,MULTI_SESSION
8607094794616630053,2017-02-17 02:59:23.000,2,MULTI_SESSION
7857037940227176848,2016-11-23 15:31:49.000,2,MULTI_SESSION
4049931840976625289,2017-05-08 15:07:51.000,2,MULTI_SESSION
2751354013646268533,2017-02-14 21:08:03.000,4,MULTI_SESSION
4657067382048340368,2016-11-08 19:31:35.000,3,MULTI_SESSION
6432310188343340425,2017-05-30 22:51:23.000,2,MULTI_SESSION
404597489263781955,2016-08-18 04:10:37.000,2,MULTI_SESSION
9227772112500941696,2017-06-21 15:41:55.000,4,MULTI_SESSION
8007300615127214527,2016-09-02 21:06:57.000,3,MULTI_SESSION
3296760629290615445,2017-07-31 14:51:40.000,2,MULTI_SESSION
5155783472607862274,2016-09-28 16:25:52.000,2,MULTI_SESSION
5411864857395220243,2017-06-08 17:33:21.000,2,MULTI_SESSION
5097087346105463693,2017-06-06 20:02:17.000,2,MULTI_SESSION
2218435795495225691,2016-08-10 20:26:52.000,2,MULTI_SESSION
5427859943259762848,2016-11-22 17:45:41.000,3,MULTI_SESSION
4742933285600029816,2016-11-19 22:05:00.000,2,MULTI_SESSION
3090961484770076582,2016-10-18 18:59:37.000,2,MULTI_SESSION
3171569265705804808,2017-05-30 00:53:10.000,2,MULTI_SESSION
214415686397071336,2017-05-25 23:44:35.000,3,MULTI_SESSION
8993051197543109728,2016-10-09 02:16:27.000,3,MULTI_SESSION
2253237370492207387,2016-12-12 15:58:18.000,2,MULTI_SESSION
4688701882146101937,2017-04-11 06:31:45.000,2,MULTI_SESSION
057216119262557235,2017-03-10 14:36:41.000,2,MULTI_SESSION
3840560758083039332,2016-11-22 00:45:26.000,2,MULTI_SESSION
6609719769387131665,2017-06-06 09:13:36.000,2,MULTI_SESSION
770591642514840189,2016-12-24 06:42:53.000,3,MULTI_SESSION
4548615784771221404,2016-08-18 00:47:24.000,4,MULTI_SESSION
9974232250427988367,2016-11-30 20:48:42.000,2,MULTI_SESSION
3080209354082466305,2017-01-12 22:25:54.000,2,MULTI_SESSION
6006657047016577071,2017-03-10 15:38:01.000,2,MULTI_SESSION
7017315069726154959,2016-08-22 22:30:53.000,3,MULTI_SESSION
3955976140316873313,2016-11-02 17:38:46.000,2,MULTI_SESSION
5793599862151444630,2017-05-01 17:27:53.000,2,MULTI_SESSION
1628482803394048934,2017-03-30 15:06:53.000,2,MULTI_SESSION
247613008812895646,2016-09-09 20:45:14.000,4,MULTI_SESSION
4792870216119315911,2017-04-18 15:48:52.000,2,MULTI_SESSION
5371765273068173605,2016-10-21 16:13:14.000,2,MULTI_SESSION
4788683874386053804,2017-02-06 23:18:05.000,2,MULTI_SESSION
699221213149021065,2017-05-24 15:53:11.000,3,MULTI_SESSION
3487053922511237877,2016-08-16 16:44:23.000,2,MULTI_SESSION
0091725120799498455,2017-03-14 00:31:33.000,2,MULTI_SESSION
1922879125134891876,2017-06-07 04:29:32.000,2,MULTI_SESSION
8229626512664616626,2017-05-23 01:06:47.000,3,MULTI_SESSION
3371636154189541417,2016-11-14 00:28:01.000,2,MULTI_SESSION
4105754576329014219,2017-07-06 02:38:25.000,2,MULTI_SESSION
589243891238071459,2017-01-10 04:16:05.000,2,MULTI_SESSION
2936634930290678437,2017-01-20 03:30:45.000,3,MULTI_SESSION
1205811658742251528,2017-04-21 16:40:34.000,2,MULTI_SESSION
7999804494517330141,2017-07-07 22:13:40.000,5,MULTI_SESSION
4495098615981928560,2017-06-12 17:46:40.000,3,MULTI_SESSION
1066481935929752638,2017-04-21 14:53:41.000,2,MULTI_SESSION
0900425121344019826,2017-06-11 17:19:11.000,2,MULTI_SESSION
0652202420147185334,2017-07-25 16:45:11.000,2,MULTI_SESSION
1271048198095464423,2016-09-28 18:26:30.000,3,MULTI_SESSION
2311098311158255548,2016-10-11 16:37:09.000,2,MULTI_SESSION
0702289726935404752,2017-07-28 12:44:34.000,2,MULTI_SESSION
4752567709813602757,2016-08-17 18:24:35.000,3,MULTI_SESSION
8436111518276224123,2016-12-15 03:27:34.000,2,MULTI_SESSION
4128917041709885631,2017-06-29 17:06:54.000,2,MULTI_SESSION
7701613595320832147,2017-07-05 22:13:08.000,3,MULTI_SESSION
7976621551830058686,2017-03-11 00:03:15.000,2,MULTI_SESSION
62301548425288744,2017-05-12 19:33:01.000,2,MULTI_SESSION
87422696443112888,2016-08-21 19:39:50.000,3,MULTI_SESSION
7687734256049052066,2016-11-03 16:18:24.000,2,MULTI_SESSION
8639551625314218823,2017-07-14 22:57:52.000,2,MULTI_SESSION
5498699578432669706,2017-04-04 05:36:36.000,2,MULTI_SESSION
2630626637929580327,2016-10-27 05:07:01.000,2,MULTI_SESSION
2512335805046114445,2017-02-02 06:13:35.000,2,MULTI_SESSION
5567359390625542326,2016-09-05 22:34:00.000,2,MULTI_SESSION
9676863188506481453,2017-02-01 21:45:42.000,2,MULTI_SESSION
7211075105637086382,2017-07-15 19:51:59.000,2,MULTI_SESSION
198403235748042235,2016-12-01 19:33:56.000,2,MULTI_SESSION
6932737592368590436,2017-05-26 15:33:10.000,2,MULTI_SESSION
8009715103196438268,2016-09-21 03:48:35.000,2,MULTI_SESSION
1727715375435944327,2017-07-30 21:47:10.000,3,MULTI_SESSION
9213598316210983037,2016-08-12 20:35:50.000,4,MULTI_SESSION
1930047629399360131,2016-09-20 18:57:21.000,2,MULTI_SESSION
1035287577797151816,2017-06-14 15:42:02.000,2,MULTI_SESSION
1435605154130548810,2017-03-15 15:57:03.000,2,MULTI_SESSION
1143734033169248522,2016-10-03 07:14:45.000,4,MULTI_SESSION
5834989441193256083,2017-05-27 16:56:53.000,2,MULTI_SESSION
085857472938612779,2017-06-19 17:45:36.000,3,MULTI_SESSION
8706577222412136430,2016-11-23 14:56:49.000,2,MULTI_SESSION
2275632617171622582,2017-05-16 22:53:21.000,3,MULTI_SESSION
848918463822839205,2016-10-12 03:44:49.000,2,MULTI_SESSION
8134457531307751744,2017-06-11 23:56:03.000,2,MULTI_SESSION
6114533554915949070,2017-05-31 16:50:37.000,2,MULTI_SESSION
9452086584507678214,2017-05-24 20:11:10.000,2,MULTI_SESSION
1615259019878986588,2016-12-22 22:19:33.000,3,MULTI_SESSION
6835707118991448680,2017-06-02 14:46:09.000,2,MULTI_SESSION
5971687779393280751,2017-03-24 04:45:44.000,2,MULTI_SESSION
1799811796285351595,2016-12-12 18:12:28.000,2,MULTI_SESSION
264141526022556434,2016-12-26 04:27:29.000,3,MULTI_SESSION
6646071329246119871,2017-04-21 00:02:37.000,2,MULTI_SESSION
1311599839630894482,2017-05-06 13:26:24.000,2,MULTI_SESSION
227952716086847756,2016-12-02 18:45:14.000,2,MULTI_SESSION
5179586107192059934,2017-01-13 21:23:32.000,2,MULTI_SESSION
4377229152478614182,2016-10-19 00:06:23.000,3,MULTI_SESSION
8879965876172125518,2016-08-02 06:26:54.000,2,MULTI_SESSION
2616726267850019328,2017-04-05 22:48:55.000,3,MULTI_SESSION
9461085764410174486,2016-08-25 22:11:06.000,2,MULTI_SESSION
6484779449302553395,2016-12-06 18:03:40.000,3,MULTI_SESSION
7131571032267158042,2017-03-15 05:54:22.000,2,MULTI_SESSION
7908892250153476680,2017-02-22 01:01:43.000,4,MULTI_SESSION
9785268681128245172,2016-11-29 21:41:38.000,2,MULTI_SESSION
3487356770056641150,2017-05-05 17:02:19.000,2,MULTI_SESSION
1211742763650822422,2016-12-19 18:48:55.000,2,MULTI_SESSION
4365809776716151144,2017-01-09 19:02:09.000,2,MULTI_SESSION
2035309554670535987,2017-04-06 14:54:31.000,3,MULTI_SESSION
779994217986978664,2017-05-11 14:27:07.000,3,MULTI_SESSION
191995188120830505,2016-12-09 23:28:55.000,2,MULTI_SESSION
1387130239596231760,2017-06-15 14:06:27.000,2,MULTI_SESSION
7834618145872510794,2016-12-16 20:08:30.000,2,MULTI_SESSION
0496156536586018580,2016-10-20 16:49:08.000,2,MULTI_SESSION
2341884364013186402,2017-06-02 17:46:19.000,2,MULTI_SESSION
4861727380918168218,2016-12-01 21:12:08.000,2,MULTI_SESSION
9039546167108792600,2017-02-09 05:42:40.000,2,MULTI_SESSION
9904371777257029279,2016-08-08 06:08:53.000,2,MULTI_SESSION
4117715707586638029,2016-09-26 16:35:16.000,3,MULTI_SESSION
6668081558564900297,2017-03-28 18:53:18.000,2,MULTI_SESSION
5579921985700518049,2017-04-11 15:06:33.000,2,MULTI_SESSION
229738108093221604,2017-03-07 19:45:26.000,3,MULTI_SESSION
5313510578745248325,2016-12-13 16:43:44.000,2,MULTI_SESSION
937994839279902527,2017-02-03 01:40:07.000,2,MULTI_SESSION
3855110230603514242,2016-11-21 01:54:29.000,3,MULTI_SESSION
36617629525523089,2016-12-04 23:36:52.000,3,MULTI_SESSION
8146644046556936641,2017-03-13 04:05:52.000,2,MULTI_SESSION
9808813686211268341,2016-08-23 20:23:39.000,2,MULTI_SESSION
8214783832710678228,2016-10-28 01:49:58.000,2,MULTI_SESSION
8651862803150633528,2017-04-03 19:08:17.000,2,MULTI_SESSION
8461560860601581176,2016-12-31 23:01:56.000,2,MULTI_SESSION
8947840269258098991,2016-11-08 19:31:41.000,2,MULTI_SESSION
5034741422855713026,2016-10-10 21:57:50.000,2,MULTI_SESSION
331726548434689533,2017-06-28 20:54:31.000,2,MULTI_SESSION
8008255526797390672,2016-11-09 22:43:42.000,2,MULTI_SESSION
6396061240253387986,2017-05-16 21:57:40.000,2,MULTI_SESSION
2345845626331322279,2017-06-08 16:42:30.000,2,MULTI_SESSION
6968323948324124881,2017-07-25 17:28:36.000,2,MULTI_SESSION
5531467304590272597,2016-11-16 16:47:58.000,3,MULTI_SESSION
9865893747933434812,2017-04-13 16:14:07.000,2,MULTI_SESSION
8445777031468826793,2016-08-31 18:32:27.000,2,MULTI_SESSION
5409062916318934931,2016-08-23 18:41:30.000,2,MULTI_SESSION
4196418886710432062,2016-11-19 01:11:58.000,2,MULTI_SESSION
8039691484832064792,2017-02-22 04:02:19.000,2,MULTI_SESSION
3809826692297033526,2016-11-05 17:53:11.000,4,MULTI_SESSION
6803371393192136951,2017-03-10 19:52:33.000,2,MULTI_SESSION
5505580572887892960,2016-12-11 01:33:56.000,2,MULTI_SESSION
7557284395994307792,2016-10-07 20:08:34.000,3,MULTI_SESSION
0159084910202112487,2017-01-04 17:53:33.000,2,MULTI_SESSION
3179753420864580633,2017-06-05 23:37:15.000,2,MULTI_SESSION
0906961330340669974,2017-02-17 15:17:43.000,2,MULTI_SESSION
2906498737565159529,2016-10-12 12:31:31.000,3,MULTI_SESSION
460762242311738436,2016-09-15 16:25:25.000,2,MULTI_SESSION
2592638729105052123,2017-01-13 20:38:01.000,2,MULTI_SESSION
7565550967344737972,2017-06-23 04:41:48.000,2,MULTI_SESSION
2136031415967879248,2017-05-03 16:48:45.000,2,MULTI_SESSION
6261546303371333008,2016-10-25 19:27:20.000,3,MULTI_SESSION
4697582732814209554,2017-06-30 17:05:38.000,2,MULTI_SESSION
1381218680079061144,2016-09-14 18:34:32.000,2,MULTI_SESSION
4755168908070236728,2016-09-02 20:53:28.000,2,MULTI_SESSION
7930731506451371847,2017-01-18 23:36:57.000,2,MULTI_SESSION
8882815059081298260,2016-08-16 14:18:02.000,2,MULTI_SESSION
2397431554777461893,2016-11-11 23:01:53.000,2,MULTI_SESSION
8489033194414810248,2017-02-23 17:00:19.000,2,MULTI_SESSION
4509141952596688546,2017-05-06 01:47:05.000,2,MULTI_SESSION
0709049510464090446,2017-04-21 16:50:25.000,3,MULTI_SESSION
6576129990528649726,2017-02-23 07:17:16.000,3,MULTI_SESSION
053534274976399191,2017-02-28 18:35:53.000,2,MULTI_SESSION
249856897836798285,2016-11-04 20:18:15.000,2,MULTI_SESSION
911428964962660656,2016-12-08 19:31:47.000,2,MULTI_SESSION
8718769444040470230,2017-07-24 19:54:21.000,2,MULTI_SESSION
6790593881313685979,2016-10-04 15:05:04.000,2,MULTI_SESSION
604365545479003017,2016-09-11 19:40:27.000,2,MULTI_SESSION
5185882727774791811,2017-07-05 15:00:14.000,2,MULTI_SESSION
942194966104729969,2016-08-12 14:27:33.000,2,MULTI_SESSION
682549734570999775,2017-07-16 22:28:25.000,2,MULTI_SESSION
4824957994423812753,2016-08-12 15:24:44.000,2,MULTI_SESSION
4166700707688517424,2016-08-01 10:12:45.000,2,MULTI_SESSION
0968815662109493799,2017-06-18 14:23:46.000,2,MULTI_SESSION
9813933631966543232,2016-09-01 14:27:42.000,2,MULTI_SESSION
4043213349973775886,2016-08-08 14:40:42.000,2,MULTI_SESSION
2868494413354804849,2016-08-18 20:07:50.000,2,MULTI_SESSION
3835134197841326255,2016-11-17 17:36:30.000,2,MULTI_SESSION
7591955684159608805,2017-07-18 23:38:49.000,2,MULTI_SESSION
3449924104971285851,2016-12-28 16:29:05.000,3,MULTI_SESSION
0811142338209922640,2016-08-18 06:32:46.000,3,MULTI_SESSION
7344519175727343086,2016-08-21 05:28:06.000,3,MULTI_SESSION
944798354555847366,2016-12-26 19:34:58.000,3,MULTI_SESSION
3183822495344470855,2016-09-12 00:21:18.000,2,MULTI_SESSION
7873356892876973109,2016-09-15 03:00:30.000,3,MULTI_SESSION
7530827035841642644,2016-08-23 04:35:06.000,2,MULTI_SESSION
029534875378731789,2016-08-07 15:18:51.000,2,MULTI_SESSION
5538435101700540876,2017-07-06 02:03:40.000,3,MULTI_SESSION
6148711186133871559,2016-11-22 02:54:50.000,2,MULTI_SESSION
