VISITOR_ID,PURCHASE_SESSION_TIMESTAMP,PRIOR_TOUCHPOINTS,PRIOR_TOUCHPOINT_COUNT,CUMULATIVE_PRIOR_PURCHASE_SESSION_COUNT
7103321195030738247,2016-08-24 17:49:47.000,"Direct, Direct",2,0
1817256435818850257,2016-08-09 19:31:52.000,"PURCHASE, Organic Search, Organic Search, Organic Search",4,1
5415003861533964374,2016-08-27 19:26:24.000,"Referral, Referral, Referral",3,0
330289116549575054,2016-08-31 18:44:31.000,"Referral, Referral",2,0
5632276788326171571,2016-09-16 14:20:43.000,"Direct, Direct, Direct, Direct",4,0
0276648651758070096,2016-08-16 04:29:15.000,"Direct, Direct, Direct",3,0
562303340035925415,2016-08-08 21:37:11.000,"Referral, Organic Search, Organic Search",3,0
0281795238965680893,2016-08-10 17:09:43.000,Direct,1,0
8516103494116609949,2016-08-26 04:09:47.000,"PURCHASE, Referral, Referral, Referral, Referral, Referral",6,1
6760732402251466726,2016-08-24 15:49:49.000,PURCHASE,1,2
5676016082432448460,2016-08-25 14:47:40.000,"Referral, Referral, Referral, Referral",4,0
4632705432965404799,2016-10-14 01:41:30.000,"Referral, Referral, Referral",3,0
7476117049919443921,2016-08-29 18:03:25.000,Referral,1,0
9141220446851563090,2017-04-16 07:56:13.000,"Direct, Direct, Direct, Direct, Referral, Referral, Referral, Referral",8,0
9438258078214082431,2016-09-25 14:08:10.000,Organic Search,1,0
9044068295785235529,2016-10-13 14:50:57.000,Paid Search,1,0
9958703050592305834,2016-10-09 20:11:41.000,"Display, Referral",2,0
6370686241050647967,2016-11-28 06:10:27.000,"Organic Search, Organic Search, Organic Search",3,0
327132720272185354,2016-11-09 12:56:42.000,PURCHASE,1,1
457499068268843030,2016-10-07 21:30:44.000,Paid Search,1,0
2141731581139824096,2016-11-03 00:26:22.000,"Direct, Direct, Direct",3,0
8359659445596139520,2016-11-18 16:10:05.000,"Direct, Direct, Direct, Direct",4,0
5385185229855474745,2016-11-04 23:42:43.000,Organic Search,1,0
9233239597587770346,2016-11-17 15:57:47.000,"Direct, Referral",2,0
3732823678511009325,2016-10-29 01:32:43.000,Organic Search,1,0
5480097913363459675,2016-11-10 21:48:50.000,"Direct, Direct, Direct",3,0
9636637171171801959,2016-11-23 17:01:37.000,Organic Search,1,0
8694856978867122948,2016-12-06 17:53:28.000,"Referral, Referral",2,0
0113842242927238752,2016-12-23 21:19:09.000,"Referral, Referral, Referral",3,0
668412102235086407,2016-12-08 06:01:32.000,Paid Search,1,0
4691824911067935393,2016-12-07 00:03:13.000,Referral,1,0
1799811796285351595,2016-12-12 18:12:28.000,Referral,1,0
1439206441625639697,2016-12-15 03:47:12.000,Referral,1,0
5821918724383894548,2016-12-15 22:38:22.000,Organic Search,1,0
6237874653844289432,2016-12-17 01:14:22.000,Referral,1,0
9490705353206455281,2016-12-21 04:18:07.000,Referral,1,0
5106751521300969299,2017-03-22 01:27:59.000,"Referral, Referral, Referral, Referral, Referral, Referral",6,0
9205496322274361632,2017-01-02 18:00:12.000,"Organic Search, Organic Search",2,0
2449425615576273633,2017-01-03 20:08:12.000,"PURCHASE, Organic Search",2,2
2020115174591875878,2017-01-31 22:07:39.000,"PURCHASE, Referral",2,1
3305485862461522985,2017-04-25 21:35:03.000,"PURCHASE, Direct, Direct, Direct, Direct, Direct, Direct, Direct",8,1
2396848817613598114,2017-03-04 19:45:22.000,Social,1,0
9441031549900042682,2017-04-26 22:40:20.000,"PURCHASE, Organic Search, Organic Search, Organic Search, Organic Search",5,2
2832884882260579085,2017-05-19 19:07:56.000,"Referral, Organic Search, Organic Search, Organic Search",4,0
5018379661055949961,2017-05-24 17:08:24.000,"PURCHASE, Referral",2,1
2536718676534980101,2017-06-12 16:45:07.000,"Referral, Referral, Referral",3,0
1571410643102231537,2017-06-19 16:57:52.000,Referral,1,0
9475000972333610150,2017-07-18 00:17:20.000,Referral,1,0
4073209630928256180,2017-07-25 03:16:05.000,Organic Search,1,0
8491796434246453900,2016-08-22 19:47:40.000,Organic Search,1,0
435373542373805498,2016-11-06 03:20:23.000,"PURCHASE, Referral, Referral, Referral, Referral, Referral",6,1
420252480915406869,2016-10-07 01:17:27.000,"Referral, Referral, Referral, Referral",4,0
8289823105768261598,2016-09-09 07:09:34.000,Paid Search,1,0
9592404849906839377,2016-10-12 20:07:14.000,Referral,1,0
662174499954069675,2016-10-04 04:58:01.000,Referral,1,0
3598720718130713222,2017-04-03 14:51:52.000,"Paid Search, Paid Search, Paid Search, Organic Search, Organic Search, Organic Search, Organic Search, Paid Search",8,0
2522184112201185014,2016-10-11 17:23:19.000,"Referral, Referral",2,0
4036695378449540485,2016-12-12 18:12:24.000,"Organic Search, Organic Search, Organic Search, Organic Search, Paid Search",5,0
7427669167259347728,2016-11-10 15:13:44.000,Organic Search,1,0
2416466435320363096,2016-12-11 00:09:02.000,Referral,1,0
1142710637622471759,2016-12-18 17:57:08.000,Organic Search,1,0
2775394985633648624,2016-12-05 20:24:07.000,Paid Search,1,0
1655308906576481640,2016-12-22 23:28:49.000,Organic Search,1,0
1596912606849218999,2017-01-17 20:24:34.000,PURCHASE,1,1
4123909121225276066,2017-02-15 14:33:33.000,"Referral, Referral, Organic Search, Organic Search",4,0
009046037663524262,2017-02-14 22:51:33.000,"Referral, Referral",2,0
770343271394368802,2017-02-05 08:45:41.000,"Organic Search, Referral, Referral",3,0
1017523686792237118,2017-02-24 22:50:14.000,"Referral, Referral",2,0
0617283905493277793,2017-04-04 14:18:07.000,"PURCHASE, Referral, Referral, Referral, Referral",5,1
7194697843629533346,2017-05-24 16:29:40.000,"Organic Search, Organic Search",2,0
6777096292963112230,2017-02-20 06:24:44.000,"PURCHASE, Organic Search",2,1
5263059809967138936,2017-03-08 16:16:00.000,PURCHASE,1,2
2337937577672192523,2017-03-15 15:33:51.000,"Direct, Referral",2,0
1481084267519588690,2017-03-25 16:47:56.000,Direct,1,0
3053688223431493183,2017-04-06 17:22:41.000,"Referral, Referral, Referral, Referral, Referral",5,0
5506296400494129114,2017-03-30 16:21:52.000,Direct,1,0
9447628234251166900,2017-04-27 17:01:08.000,Direct,1,0
9501779440932333497,2017-06-16 20:49:44.000,"Referral, Referral, Referral, Referral, Referral, Referral, Referral, Referral, Referral, Referral, Referral",11,0
4757786080947166229,2017-05-29 18:42:38.000,"Direct, Direct",2,0
8043915706646697572,2017-05-29 21:00:21.000,Organic Search,1,0
5411864857395220243,2017-06-08 17:33:21.000,Referral,1,0
126587065113364520,2017-06-13 23:08:36.000,Organic Search,1,0
384990845055862114,2017-06-24 02:31:18.000,"Organic Search, Organic Search, Organic Search, Organic Search, Organic Search, Organic Search, Organic Search, Organic Search, Organic Search, Organic Search",10,0
3700714855829972615,2017-07-19 23:36:17.000,"Referral, Organic Search",2,0
2366243354794689639,2017-07-19 14:56:04.000,"Display, Display, Display",3,0
3809242468363995194,2016-11-20 22:13:47.000,Direct,1,0
7798456604809994672,2016-12-01 15:00:11.000,Referral,1,0
9117420367534778573,2016-12-16 15:36:56.000,Direct,1,0
6010250598436085923,2017-02-16 03:10:51.000,"PURCHASE, Direct",2,4
7041939324822632725,2017-02-06 10:10:30.000,Organic Search,1,0
8947946498901524856,2017-02-07 04:08:07.000,"Organic Search, Organic Search",2,0
4081895043014351508,2017-05-21 02:18:50.000,"Organic Search, Organic Search, Organic Search, Organic Search, Paid Search",5,0
3529021574881130911,2017-03-10 08:13:59.000,"Direct, Direct",2,0
650056086385776129,2017-04-04 21:06:14.000,"Direct, Direct",2,0
5579921985700518049,2017-04-11 15:06:33.000,Referral,1,0
3637274724338240822,2017-04-28 23:24:05.000,"Direct, Direct",2,0
5112369122544987822,2017-05-16 20:45:36.000,"PURCHASE, Organic Search, Organic Search, Organic Search, Organic Search, Organic Search, Organic Search, Organic Search",8,1
4116206238605404224,2017-05-09 19:34:43.000,"Referral, Referral",2,0
4937590539132421841,2017-06-26 03:38:42.000,"Paid Search, Paid Search",2,0
1280993661204347450,2017-07-16 20:33:48.000,"Referral, Referral",2,0
6247025136768010466,2017-05-30 21:09:53.000,"Referral, Referral",2,0
0500460722094613747,2017-07-21 21:47:45.000,"Referral, Referral, Referral, Referral, Referral",5,0
8430240768850820716,2016-08-05 14:59:48.000,"Referral, Referral, Referral, Referral, Referral",5,0
9048067102444753039,2016-10-17 15:23:27.000,"Direct, Direct, Direct, Referral, Referral, Referral, Referral, Referral",8,0
80533986466271934,2016-08-02 15:44:34.000,"Display, Display",2,0
9892878855186083289,2016-08-12 22:22:25.000,Referral,1,0
7062970528826442292,2016-08-16 00:23:05.000,"Referral, Referral, Referral, Referral, Referral, Referral",6,0
051257374560700342,2016-08-11 00:51:53.000,Referral,1,0
7716135827542308176,2016-08-09 03:07:25.000,Referral,1,0
8163699947659294653,2017-02-24 01:39:41.000,"Referral, Referral, Referral",3,0
9961396584113412108,2016-09-29 02:38:17.000,"Direct, Referral, Referral, Referral",4,0
6531277595713835073,2016-08-19 16:47:06.000,"Organic Search, Organic Search, Organic Search, Organic Search, Organic Search",5,0
2194592743396253647,2016-09-08 14:05:16.000,"Direct, Direct, Direct, Direct, Direct, Direct, Direct, Direct, Direct, Direct, Direct, Direct, Direct, Direct, Direct, Direct, Direct, Social, Social, Social, Social, Social, Social, Social, Social, Social, Social, Social, Social, Social, Social, Social, Social",33,0
3676060292760160435,2016-08-31 16:33:04.000,"Organic Search, Organic Search, Organic Search, Organic Search",4,0
9941749289816017941,2016-09-12 22:55:26.000,"Organic Search, Organic Search",2,0
5606007994781234894,2016-09-14 22:03:02.000,"Direct, Direct, Referral",3,0
3445194212240387141,2016-09-20 21:06:55.000,Direct,1,0
4067986469497332117,2016-09-27 08:34:41.000,Organic Search,1,0
1531540148956296102,2016-10-18 16:24:18.000,Referral,1,0
3681004164006425285,2016-11-15 06:48:52.000,Direct,1,0
5960127137243713650,2017-07-06 03:22:58.000,"Direct, Referral, Organic Search, Referral, Referral, Referral, Referral",7,0
2644257335535694123,2016-10-30 06:23:53.000,"PURCHASE, Organic Search, Organic Search, Referral",4,1
6932673168120406334,2016-10-28 01:14:36.000,"Organic Search, Organic Search, Referral",3,0
6347736525399420278,2017-01-06 00:26:44.000,"Direct, Direct, Referral, Referral, Referral, Referral, Referral, Referral",8,0
1856789034184748379,2016-11-08 21:10:12.000,"Direct, Referral, Referral, Referral, Referral",5,0
9029794295932939024,2016-11-17 12:12:31.000,"PURCHASE, Referral",2,1
2193251253036865639,2016-11-13 04:49:16.000,"Direct, Direct, Referral",3,0
3712492351053577643,2017-04-29 17:23:47.000,"Referral, Referral, Referral, Referral, Referral, Referral, Referral, Referral, Referral, Referral, Referral, Referral",12,0
2109053541085110320,2016-11-30 02:34:24.000,Organic Search,1,0
7168226225550508027,2017-01-26 17:36:06.000,"Display, Display",2,0
4961475611241206847,2016-12-16 20:41:50.000,Referral,1,0
9113512902535723065,2017-02-10 19:51:05.000,"Direct, Direct, Direct",3,0
6594015384875997141,2017-02-13 19:12:06.000,"Direct, Direct",2,0
6858857361782315379,2017-02-06 21:42:28.000,"Referral, Referral",2,0
1882187047309796513,2017-02-08 16:27:36.000,Organic Search,1,0
0220695720492664721,2017-04-05 23:40:12.000,"PURCHASE, Display, Referral, Referral, Referral, Referral, Referral, Referral",8,1
057074893306125434,2017-02-24 22:39:26.000,Referral,1,0
8100515448851904856,2017-03-06 18:31:31.000,Direct,1,0
8436822453341818983,2017-03-13 15:08:24.000,Referral,1,0
9702922854313747953,2017-04-06 22:35:43.000,"PURCHASE, Referral, Referral, Referral",4,1
7032925674295119702,2017-04-21 16:04:22.000,Direct,1,0
4623397335807191742,2017-04-07 22:43:47.000,"Organic Search, Organic Search, Organic Search, Organic Search, Organic Search, Organic Search",6,0
2105122376016897629,2017-07-24 17:06:29.000,"Referral, Referral, Referral, Referral, Referral, Referral, Referral, Referral, Referral, Referral, Referral, Referral, Referral, Referral",14,0
7441074498173829277,2017-04-17 21:57:47.000,"Organic Search, Organic Search, Organic Search, Organic Search",4,0
3016739586039841037,2017-04-25 10:43:25.000,"Organic Search, Organic Search, Organic Search",3,0
7488526074421709685,2017-04-21 13:56:30.000,Referral,1,0
8889391457640720040,2017-05-28 02:30:12.000,PURCHASE,1,1
4329684992044034266,2017-06-01 21:31:01.000,"Direct, Paid Search",2,0
6894660104034700303,2017-05-19 02:49:43.000,"Organic Search, Organic Search, Organic Search",3,0
7311242886083854158,2017-06-08 23:22:27.000,PURCHASE,1,10
1957458976293878100,2017-06-08 18:16:54.000,PURCHASE,1,11
1420571529363353703,2017-06-26 15:29:17.000,"PURCHASE, Referral, Referral",3,1
377447207002641791,2017-06-28 13:47:13.000,Direct,1,0
5310038077394154434,2016-08-12 18:02:06.000,Direct,1,0
493200894475132340,2016-09-04 22:28:35.000,"Referral, Referral, Referral",3,0
6541355777027217465,2016-09-16 22:01:51.000,Referral,1,0
7806422854441917723,2016-10-24 01:38:18.000,"Organic Search, Organic Search, Organic Search",3,0
5175920907996496542,2016-11-26 02:18:37.000,"Organic Search, Display, Display, Organic Search",4,0
0682695636245631382,2016-11-06 20:38:14.000,Organic Search,1,0
7661043951104922558,2016-12-06 04:32:34.000,"Organic Search, Organic Search, Organic Search",3,0
908686415962464519,2016-11-23 22:06:59.000,Referral,1,0
9590846031894656114,2016-11-24 08:00:33.000,Referral,1,0
852340024895888997,2016-12-05 15:17:25.000,Organic Search,1,0
6010250598436085923,2017-01-18 15:15:41.000,"PURCHASE, Direct, Direct",3,3
1034770188837469990,2016-12-18 19:59:30.000,Referral,1,0
8598995083021048462,2016-12-23 20:21:01.000,Referral,1,0
0895662371717946210,2016-12-24 00:52:42.000,Organic Search,1,0
6129059309050021920,2017-01-02 02:56:14.000,Organic Search,1,0
277995947055991027,2017-01-05 13:23:37.000,"Organic Search, Referral",2,0
656429934624637021,2017-05-11 00:51:48.000,"Referral, Referral, Referral, Referral, Referral",5,0
822991725683805208,2017-03-23 19:51:44.000,"Direct, Direct",2,0
9029794295932939024,2017-03-22 20:45:41.000,PURCHASE,1,8
6428761163255691160,2017-04-02 08:19:43.000,Direct,1,0
0876622834480671437,2017-04-13 16:40:01.000,Organic Search,1,0
6904415728032094280,2017-04-26 17:14:10.000,"PURCHASE, Referral",2,1
691720966691550944,2017-05-03 20:45:09.000,"Organic Search, Organic Search, Paid Search, Paid Search",4,0
5130925613790258931,2017-05-04 03:27:57.000,Direct,1,0
1295206490988113981,2017-05-13 22:00:20.000,Organic Search,1,0
1327488227980815621,2017-05-23 19:08:31.000,Referral,1,0
8239546374178075911,2017-07-31 04:24:46.000,"Referral, Paid Search, Organic Search, Organic Search, Organic Search",5,0
7545000103569508809,2017-05-28 17:12:15.000,Referral,1,0
2796082769378041079,2017-06-10 20:58:48.000,"Referral, Referral",2,0
0111624627546859050,2017-06-19 15:01:46.000,"Organic Search, Organic Search",2,0
067475292701707948,2017-07-10 21:01:13.000,"Direct, Organic Search, Referral",3,0
4370296679036736835,2017-07-30 05:23:45.000,"Referral, Referral, Referral, Referral",4,0
5001293816565919651,2017-07-17 19:17:26.000,Paid Search,1,0
5292294760335216459,2017-07-14 00:48:04.000,Referral,1,0
016600374334482677,2016-11-16 23:05:00.000,"Referral, Referral",2,0
0445007965605847225,2017-04-04 21:46:27.000,"Direct, Referral, Referral, Referral",4,0
3844370939009340218,2017-03-22 23:49:52.000,Referral,1,0
3153380067864919818,2017-04-25 20:35:55.000,Direct,1,0
0439226753637545757,2017-05-10 18:48:03.000,Organic Search,1,0
6794948187699910130,2017-06-23 05:45:36.000,Referral,1,0
4284747478619287722,2017-07-28 03:57:10.000,"PURCHASE, Referral, Referral, Referral, Referral, Referral",6,1
8308144532481482080,2017-07-26 17:54:26.000,"Organic Search, Organic Search, Organic Search, Organic Search",4,0
7602795446904794008,2017-04-25 15:25:15.000,"Organic Search, Organic Search, Organic Search, Organic Search",4,0
8436426603099391262,2016-08-06 17:32:01.000,"Referral, Referral, Referral",3,0
8520115029387302083,2016-08-11 20:56:22.000,Referral,1,0
2311098311158255548,2016-10-11 16:37:09.000,Direct,1,0
0643786734868244401,2016-12-19 04:15:32.000,"Organic Search, Referral, Referral, Referral, Referral",5,0
8475830242904550241,2016-08-05 17:24:43.000,Referral,1,0
6002698185791753794,2016-08-11 17:30:27.000,Referral,1,0
04868452367846670,2016-08-16 01:32:16.000,Organic Search,1,0
7360285709701515415,2016-08-20 03:39:57.000,"Direct, Direct, Direct",3,0
296416077588295589,2016-08-15 17:15:56.000,Referral,1,0
3155899346527936936,2016-08-24 13:37:31.000,"Referral, Referral",2,0
6413366656495153463,2016-08-23 00:24:24.000,"Referral, Referral, Referral, Referral",4,0
743123551680199202,2016-08-26 13:05:05.000,"Social, Social",2,0
7435052038545127483,2016-08-25 22:07:50.000,"PURCHASE, Referral",2,1
1145352016498070156,2016-08-26 19:18:51.000,Referral,1,0
0170546418513334382,2016-09-16 07:33:44.000,Referral,1,0
3688060710283758752,2016-09-07 19:37:15.000,Organic Search,1,0
5137390233868271533,2016-10-10 04:44:33.000,"Direct, Direct, Direct",3,0
966739175376367480,2016-09-11 00:55:57.000,Organic Search,1,0
730458429523691231,2016-09-21 04:13:37.000,"Referral, Referral, Referral",3,0
2334679953234796784,2016-09-19 19:59:53.000,Organic Search,1,0
431719229375940985,2016-09-30 11:26:52.000,"Social, Social",2,0
4928238772423642345,2017-03-01 22:26:26.000,"Organic Search, Organic Search, Organic Search, Organic Search",4,0
4478485114168698618,2016-09-29 01:16:53.000,"Organic Search, Organic Search, Organic Search, Organic Search, Organic Search",5,0
1639589047263376521,2016-10-31 06:35:41.000,"PURCHASE, Referral, Referral, Referral, Referral",5,1
2992265049080278009,2016-10-11 20:09:29.000,"Organic Search, Organic Search, Organic Search",3,0
2121255844999750374,2016-10-27 23:57:22.000,Organic Search,1,0
7587690701654566627,2016-11-29 23:11:20.000,"Referral, Referral, Referral, Referral",4,0
1956307607572137989,2016-11-10 22:29:55.000,PURCHASE,1,3
6760732402251466726,2016-11-17 15:48:38.000,PURCHASE,1,13
7674192003340295500,2016-12-04 18:26:15.000,Organic Search,1,0
2528551022767237058,2016-12-18 16:40:20.000,"Referral, Referral, Referral, Referral, Referral, Referral",6,0
7378987659821753405,2016-12-12 19:40:53.000,Referral,1,0
6587536713587064638,2016-12-18 02:46:51.000,Referral,1,0
2528551022767237058,2016-12-18 19:33:43.000,"PURCHASE, Referral",2,1
9670996124580137796,2017-01-05 01:15:39.000,"Referral, Referral, Organic Search",3,0
9029794295932939024,2017-02-14 15:17:22.000,"PURCHASE, Referral, Referral",3,5
798497354396276590,2017-04-30 17:25:56.000,Direct,1,0
7266739596439998508,2017-03-20 14:30:06.000,"PURCHASE, Referral",2,2
6944288019130180719,2017-03-08 16:55:00.000,PURCHASE,1,3
6803371393192136951,2017-03-10 19:52:33.000,Organic Search,1,0
2613946236686066431,2017-04-29 16:00:22.000,"Referral, Referral, Referral, Display, Display, Referral",6,0
8274321599109591674,2017-03-23 17:59:35.000,Direct,1,0
6187652750765797994,2017-04-07 19:33:58.000,"Referral, Referral, Referral, Referral, Referral, Referral, Referral, Referral",8,0
3370010142093281141,2017-04-05 21:16:51.000,"Referral, Referral",2,0
5623787405926174172,2017-04-09 01:07:32.000,Referral,1,0
0975975497732415345,2017-05-21 00:46:40.000,Direct,1,0
0450212169679268027,2017-05-19 15:34:04.000,"Organic Search, Organic Search, Organic Search, Organic Search, Organic Search",5,0
1569663514316885370,2017-06-21 17:49:26.000,"Referral, Referral, Referral, Referral, Referral",5,0
7115504822552725751,2017-06-09 23:39:04.000,"Referral, Referral",2,0
1265954026564910088,2017-05-25 19:43:08.000,Direct,1,0
2633688470819438128,2017-06-14 21:02:34.000,Referral,1,0
2180515369167502520,2017-06-20 15:51:46.000,"PURCHASE, Direct, Direct",3,1
5922545727078253740,2017-07-17 18:43:53.000,Referral,1,0
1065722595338308305,2016-09-10 03:09:10.000,Organic Search,1,0
4795764855587336001,2016-12-15 00:56:52.000,Referral,1,0
1054368481850016599,2017-04-21 18:16:49.000,"Organic Search, Organic Search, Organic Search, Organic Search, Organic Search",5,0
6010250598436085923,2016-11-04 12:44:35.000,PURCHASE,1,1
9740683001373444377,2016-10-31 18:43:29.000,Direct,1,0
079827535407240779,2016-11-18 15:52:37.000,"PURCHASE, Direct",2,1
1638979583737081570,2017-03-13 10:38:52.000,"Organic Search, Organic Search, Organic Search, Organic Search",4,0
374253765923087294,2017-05-15 21:04:29.000,"Referral, Referral, Referral",3,0
2751456102223302101,2016-12-06 21:30:36.000,Direct,1,0
652634152265730494,2016-12-08 01:51:14.000,Organic Search,1,0
0628736701415781712,2017-01-25 05:39:33.000,Organic Search,1,0
7118031954619805826,2017-01-31 01:11:57.000,Organic Search,1,0
7081230071374452681,2017-07-01 05:34:32.000,"Organic Search, Organic Search, Organic Search, Organic Search, Organic Search, Organic Search, Organic Search, Organic Search, Organic Search",9,0
626650043568445812,2017-05-05 20:12:25.000,"Organic Search, Organic Search",2,0
0040361081244991496,2017-03-30 21:29:45.000,Direct,1,0
4921413806940784676,2017-04-06 03:56:58.000,PURCHASE,1,2
8790419059934322944,2017-05-04 02:14:08.000,Direct,1,0
4624790961997446284,2017-07-29 21:18:18.000,"PURCHASE, Paid Search, Paid Search, Paid Search, Organic Search",5,1
2341884364013186402,2017-06-02 17:46:19.000,Organic Search,1,0
3558104655978527434,2017-07-16 19:22:00.000,Referral,1,0
4697582732814209554,2017-06-30 17:05:38.000,Referral,1,0
1957458976293878100,2017-06-14 17:17:24.000,"PURCHASE, Display",2,13
5691228855195017010,2017-07-08 19:33:16.000,"Organic Search, Organic Search, Organic Search, Organic Search",4,0
0658019277799848735,2017-07-08 07:00:25.000,"Referral, Referral",2,0
5369585818624352954,2017-07-12 16:01:41.000,Referral,1,0
5322397769480961983,2017-07-21 22:43:37.000,"Paid Search, Organic Search",2,0
7079315843944655334,2017-02-06 09:49:40.000,"Paid Search, Paid Search, Paid Search, Paid Search, Paid Search",5,0
1655430627864078480,2017-02-22 10:39:49.000,Organic Search,1,0
079656074413776629,2017-03-25 14:59:49.000,Referral,1,0
9865389122450632094,2017-04-11 22:27:35.000,PURCHASE,1,1
8864604309741280372,2017-05-30 15:38:29.000,"Referral, Referral",2,0
6400178996598013044,2017-07-18 21:31:05.000,Referral,1,0
1164110348121511511,2017-07-25 16:21:17.000,Direct,1,0
758577373703531857,2016-09-07 16:56:49.000,"Referral, Referral, Referral",3,0
4956502806670434584,2016-11-09 16:34:45.000,"Referral, Referral, Referral, Referral, Referral, Referral, Referral, Referral, Referral, Referral, Referral, Referral, Referral",13,0
7545121588966245443,2017-04-04 16:02:15.000,"Referral, Referral, Referral, Referral, Referral, Referral, Referral, Referral, Referral, Referral, Referral, Referral, Referral, Referral, Referral, Referral, Referral, Referral, Referral",19,0
7851878234225373633,2016-08-08 00:44:54.000,Organic Search,1,0
4544326774395648224,2016-08-07 16:00:50.000,Organic Search,1,0
7851653566519396144,2016-08-12 17:57:16.000,"Display, Display",2,0
8100631432407926233,2017-01-05 20:00:49.000,"Organic Search, Organic Search",2,0
6118933348572020566,2016-11-01 19:09:42.000,"Direct, Direct, Organic Search, Referral",4,0
0020502892485275044,2016-09-11 17:00:44.000,Direct,1,0
8821259122819000444,2016-08-17 16:06:45.000,Direct,1,0
4709133566024199228,2016-10-27 15:25:10.000,"Organic Search, Organic Search",2,0
8851822767477687842,2016-09-07 16:33:50.000,PURCHASE,1,2
1095886019324498043,2016-09-02 17:01:20.000,Referral,1,0
147828372863938733,2016-09-27 17:52:51.000,"Organic Search, Organic Search, Organic Search, Organic Search, Organic Search, Organic Search, Organic Search, Organic Search, Organic Search, Organic Search",10,0
8698795898814095008,2016-09-19 18:47:11.000,Organic Search,1,0
2773403605706356104,2016-11-04 21:42:35.000,"Direct, Direct, Referral",3,0
2135877003098860196,2017-02-23 22:34:01.000,"Referral, Referral, Referral",3,0
6077435441708793249,2016-09-27 19:10:25.000,"Organic Search, Organic Search, Organic Search, Organic Search, Organic Search, Organic Search, Organic Search",7,0
4502934247228309817,2016-10-12 17:01:04.000,Organic Search,1,0
9821043739851308814,2016-09-28 02:16:31.000,Organic Search,1,0
1615259019878986588,2016-12-22 22:19:33.000,"Referral, Referral",2,0
2511032786245371752,2016-10-06 03:59:09.000,Paid Search,1,0
3444642706013409818,2016-10-29 01:48:34.000,Direct,1,0
6572523505337160165,2016-11-05 17:19:13.000,Referral,1,0
2454306711782802609,2016-11-07 01:36:27.000,"Direct, Referral",2,0
9963742951438650349,2016-12-04 20:40:19.000,"Direct, Direct, Direct",3,0
3855110230603514242,2016-11-21 01:54:29.000,"Referral, Referral",2,0
0111261597665013586,2016-11-21 04:41:16.000,Referral,1,0
3312961883012111762,2017-02-16 20:57:15.000,Direct,1,0
6297315177129333197,2016-12-12 13:37:43.000,Direct,1,0
6890419448387689000,2016-12-21 23:16:43.000,Referral,1,0
9748388824239957018,2016-12-19 00:05:12.000,"Referral, Referral",2,0
0830215024600450137,2016-12-17 22:57:07.000,Paid Search,1,0
0758186940251087967,2017-05-11 21:42:30.000,"Direct, Direct, Direct",3,0
0909158646354924303,2017-03-07 08:00:11.000,"Referral, Referral, Referral, Referral, Referral, Referral, Referral, Organic Search, Referral",9,0
7642599988772992308,2017-03-23 00:25:44.000,"Display, Referral, Display, Referral, Referral, Display, Referral",7,0
6010250598436085923,2017-03-20 01:29:27.000,"PURCHASE, Direct, Direct, Direct",4,5
7321764593218311455,2017-05-01 21:43:21.000,Direct,1,0
8039691484832064792,2017-02-22 04:02:19.000,Referral,1,0
1285137808569536764,2017-02-27 14:56:43.000,"PURCHASE, Direct",2,5
3378090868516348221,2017-03-28 20:14:57.000,Referral,1,0
2603582189520418632,2017-05-03 21:58:33.000,Direct,1,0
2925179999316963442,2017-05-12 13:32:46.000,Social,1,0
6984664807825476732,2017-05-20 15:26:55.000,"Organic Search, Referral",2,0
684586979835492905,2017-05-26 17:40:40.000,"Referral, Referral, Referral, Referral, Referral",5,0
3840247020317877106,2017-06-04 06:07:16.000,"Direct, Direct, Direct, Direct, Direct, Direct",6,0
8202388090302209552,2017-06-28 16:46:33.000,"Referral, Referral",2,0
0456807427403774085,2017-07-12 21:59:20.000,"Referral, Referral",2,0
8141749716169872712,2016-08-08 13:01:05.000,"Organic Search, Organic Search, Organic Search, Organic Search, Organic Search, Organic Search",6,0
6442597469017696977,2016-08-12 18:20:49.000,Direct,1,0
2969808094161834172,2016-10-14 19:25:13.000,"Organic Search, Organic Search",2,0
0617283905493277793,2017-02-07 19:43:47.000,"Referral, Referral",2,0
9620923631569343304,2017-01-13 20:14:19.000,"PURCHASE, Direct",2,2
3458355427562318061,2016-12-17 18:04:40.000,Organic Search,1,0
0536559199229561402,2017-03-11 22:56:47.000,"Social, Social",2,0
0205723721674321991,2017-04-29 02:40:32.000,"Organic Search, Organic Search, Referral",3,0
9720544232071502970,2017-02-23 09:45:43.000,Organic Search,1,0
8276434531874543884,2017-03-15 18:01:35.000,Organic Search,1,0
9672097680372886188,2017-03-28 14:02:31.000,PURCHASE,1,2
3590767994555565324,2017-04-18 03:26:28.000,"Referral, Referral, Referral, Referral",4,0
2880019277233079024,2017-03-29 23:19:55.000,Direct,1,0
9078321444578002385,2017-05-10 16:00:33.000,"PURCHASE, Organic Search, Organic Search, Organic Search, Social",5,1
7444340499297101269,2017-04-21 02:58:19.000,Referral,1,0
4669628548646471061,2017-05-05 23:52:41.000,"Referral, Referral",2,0
9550705733723196313,2017-05-04 18:59:36.000,Direct,1,0
5952403374581782630,2017-05-13 02:37:33.000,"Referral, Referral",2,0
9335042568264282780,2017-06-13 15:17:57.000,"Organic Search, Organic Search",2,0
1411452354779781065,2017-06-16 15:26:26.000,Referral,1,0
7445235885559107095,2017-07-31 20:42:29.000,"PURCHASE, Organic Search, Organic Search, Organic Search, Organic Search, Organic Search, Organic Search",7,3
990017562279683512,2017-07-06 01:28:09.000,Paid Search,1,0
6968323948324124881,2017-07-25 17:28:36.000,Organic Search,1,0
0509637927726464785,2017-03-06 16:57:44.000,"PURCHASE, Referral, Referral",3,1
8728228319865882103,2017-03-20 07:29:55.000,Organic Search,1,0
441571162186980261,2017-05-18 05:21:23.000,"Direct, Direct, Referral",3,0
7567817112637547239,2017-07-13 07:00:35.000,"Referral, Paid Search",2,0
6443595642175123029,2017-07-06 00:27:16.000,"Referral, Referral, Referral, Referral",4,0
1722480716347032461,2017-07-12 01:50:55.000,"Referral, Referral",2,0
3296760629290615445,2017-07-31 14:51:40.000,Referral,1,0
7239459406664799488,2016-08-11 09:32:57.000,"Organic Search, Organic Search, Organic Search",3,0
4566348072922735662,2016-08-12 15:20:13.000,Referral,1,0
2505251876994724986,2016-08-10 21:16:26.000,Referral,1,0
8015709468280846772,2016-08-12 16:04:44.000,Social,1,0
4348410205666534917,2016-08-15 19:19:07.000,Referral,1,0
266182930830968097,2016-08-18 21:49:22.000,Direct,1,0
3568066398889653649,2017-05-16 23:39:44.000,"Referral, Referral",2,0
6328989540373870447,2016-08-23 17:21:55.000,"Referral, Referral, Referral",3,0
1116747719002148640,2016-08-25 00:06:13.000,"Referral, Referral",2,0
5805087483556745945,2016-08-30 07:00:10.000,Organic Search,1,0
8521734765148999907,2016-09-02 02:25:41.000,Organic Search,1,0
1178631092086054574,2016-09-06 15:54:47.000,Referral,1,0
8851822767477687842,2016-09-27 14:35:23.000,"PURCHASE, Referral, Referral, Referral, Referral, Referral, Referral, Referral",8,3
8243678505312262823,2016-10-10 12:44:33.000,Referral,1,0
4730946449578884508,2016-10-10 20:40:30.000,"Direct, Referral, Referral",3,0
6441139153486258905,2016-09-29 04:14:39.000,Referral,1,0
4656013451214852982,2016-12-09 18:33:32.000,"Referral, Referral, Referral",3,0
1195443770877125809,2016-11-09 22:48:28.000,"Referral, Referral",2,0
213465488216513322,2016-10-17 15:18:37.000,Direct,1,0
6147396474895233852,2016-11-11 01:48:54.000,"PURCHASE, Direct, Direct, Direct",4,1
5421072236704434146,2016-11-11 00:03:56.000,"Organic Search, Organic Search",2,0
5510313651975953337,2016-11-08 00:58:12.000,Organic Search,1,0
168621227564680642,2016-11-22 04:28:49.000,Organic Search,1,0
2446685875964479851,2016-11-30 17:11:04.000,PURCHASE,1,4
4586209916232697951,2016-12-03 20:17:48.000,"Referral, Referral, Referral, Referral",4,0
4593551567898241658,2016-12-08 23:22:49.000,"Referral, Referral, Referral",3,0
2523857652235025784,2017-03-16 23:14:50.000,"Referral, Paid Search",2,0
397897232696727433,2017-01-05 14:50:36.000,Referral,1,0
119870259714905967,2017-03-22 03:11:08.000,"PURCHASE, Direct, Direct",3,3
5787719394143012193,2017-02-16 00:02:53.000,"Referral, Referral, Referral",3,0
156905236318704928,2017-03-03 16:20:18.000,"Direct, Direct, Direct, Direct, Direct, Direct",6,0
3523546723004050529,2017-02-10 15:52:40.000,"Referral, Referral",2,0
0898161291686965750,2017-03-07 20:53:48.000,Referral,1,0
6421960756925082099,2017-03-12 20:23:46.000,Direct,1,0
7651073139895028250,2017-03-18 21:16:50.000,Referral,1,0
5062455429781775081,2017-03-23 01:00:36.000,Organic Search,1,0
2402527199731150932,2017-05-16 04:28:19.000,"PURCHASE, Direct, Direct",3,14
1939626548556560921,2017-05-04 15:58:03.000,"Referral, Referral, Referral",3,0
9541996968314639199,2017-07-13 07:55:16.000,"PURCHASE, Organic Search, Organic Search",3,1
6238089889459333091,2017-06-25 22:37:25.000,"Referral, Referral, Referral",3,0
465397546668226126,2017-06-14 17:29:54.000,Referral,1,0
2618807484848182971,2017-07-24 04:16:54.000,"Paid Search, Organic Search, Organic Search, Organic Search, Organic Search",5,0
8010758488625619131,2017-07-13 07:00:00.000,"Direct, Direct, Direct, Direct",4,0
3117505679893009709,2017-07-22 00:02:17.000,"Referral, Referral",2,0
2837725284997269762,2017-07-18 02:36:24.000,"Direct, Organic Search",2,0
2384690472453465720,2016-09-07 02:17:54.000,Organic Search,1,0
9337603034215016451,2016-09-19 21:59:10.000,Referral,1,0
8439747176401083617,2016-10-26 19:56:18.000,"Referral, Referral, Referral",3,0
5276450311991413532,2016-10-30 05:51:52.000,Direct,1,0
327132720272185354,2016-11-21 23:31:02.000,PURCHASE,1,2
8402574004959447870,2016-12-17 17:17:59.000,Direct,1,0
0911550486858499476,2017-01-25 00:32:17.000,Organic Search,1,0
4727798162657055121,2017-02-23 16:43:57.000,"Direct, Referral",2,0
2512335805046114445,2017-02-02 06:13:35.000,Organic Search,1,0
9321992357308939253,2017-03-17 08:13:39.000,"Organic Search, Organic Search",2,0
7040224635883969893,2017-03-24 20:43:10.000,"Referral, Referral, Referral",3,0
5844499585021930653,2017-04-06 16:31:27.000,"PURCHASE, Direct",2,1
5082563130101167793,2017-05-12 23:05:44.000,"Referral, Referral, Referral, Referral",4,0
8852490676110541015,2017-05-04 22:59:29.000,Direct,1,0
3704081881488905199,2017-05-06 00:45:24.000,Direct,1,0
8983751556062713329,2017-05-10 13:13:13.000,"Organic Search, Organic Search, Organic Search",3,0
5577094187209955353,2017-05-16 22:22:21.000,Referral,1,0
6487028704457611703,2017-06-09 16:28:27.000,"Organic Search, Organic Search, Organic Search, Organic Search",4,0
7288819554682048730,2017-06-06 19:27:35.000,Organic Search,1,0
120951074287268149,2017-07-13 19:28:33.000,Direct,1,0
0006911334202687206,2017-07-19 05:26:51.000,Organic Search,1,0
5232863160454746212,2017-07-28 22:26:55.000,Referral,1,0
6797432899513428583,2016-10-27 21:09:45.000,Referral,1,0
7737545548847540539,2016-12-05 06:24:06.000,Paid Search,1,0
8373484914224526482,2017-03-05 23:09:17.000,Referral,1,0
6884119514914214806,2017-03-17 22:31:16.000,Referral,1,0
9696420302967750807,2017-04-24 17:17:29.000,"Direct, Referral",2,0
8520669029121182420,2017-04-07 21:04:08.000,Organic Search,1,0
0075449012662152580,2017-05-15 14:04:28.000,"Referral, Organic Search, Referral, Referral",4,0
4260129132154097031,2017-05-26 14:23:28.000,"Referral, Referral, Referral, Referral",4,0
7576219858086855027,2017-05-27 02:11:25.000,Organic Search,1,0
7354616878013161932,2017-05-30 23:06:14.000,Organic Search,1,0
9884876722285756468,2017-06-13 22:41:40.000,Referral,1,0
7935549301309973853,2017-06-22 20:06:32.000,Organic Search,1,0
8919239727747917945,2016-11-03 21:44:17.000,Referral,1,0
5438008470160894903,2017-03-31 20:56:31.000,Direct,1,0
2761824185690808203,2017-04-06 21:24:00.000,"Organic Search, Organic Search",2,0
4064008221273566105,2017-06-23 19:23:44.000,Referral,1,0
0376394056092189113,2017-07-12 19:12:43.000,"PURCHASE, Referral",2,1
0010295111715775250,2017-08-01 01:13:17.000,Referral,1,0
5793599862151444630,2017-05-01 17:27:53.000,Referral,1,0
0437273981466271229,2016-08-23 18:29:20.000,Referral,1,0
766779490317492129,2016-09-06 20:35:17.000,"Referral, Referral",2,0
1494014144412248651,2016-08-15 18:08:35.000,"Referral, Referral, Referral, Referral, Referral",5,0
7861360542752225034,2016-09-28 20:55:39.000,"Display, Organic Search, Organic Search, Organic Search",4,0
3487053922511237877,2016-08-16 16:44:23.000,Referral,1,0
7194312596693049929,2016-08-23 07:02:31.000,"Organic Search, Organic Search",2,0
8197492801805308758,2016-08-19 21:20:36.000,Referral,1,0
5423659711610895780,2016-08-30 17:19:46.000,Direct,1,0
6207999688575993846,2016-09-03 20:55:30.000,"Organic Search, Referral, Referral",3,0
4186434179887307955,2016-09-18 14:56:00.000,"Organic Search, Organic Search, Organic Search, Organic Search, Organic Search, Organic Search",6,0
4269941844937478608,2016-09-13 05:50:46.000,Direct,1,0
3763611934787349856,2016-09-22 02:44:43.000,"Organic Search, Paid Search, Organic Search",3,0
3739478431097008625,2016-10-11 16:41:10.000,"Direct, Direct, Direct, Direct, Direct",5,0
666582393118140484,2016-09-28 19:25:38.000,"PURCHASE, Referral",2,1
2526542957776125951,2016-09-22 19:18:06.000,PURCHASE,1,1
9272602657052463173,2016-09-22 15:14:44.000,Organic Search,1,0
3039060719981952485,2016-10-03 20:56:48.000,"Direct, Direct",2,0
1930841378800737827,2016-10-01 03:29:32.000,"Organic Search, Organic Search, Organic Search, Organic Search",4,0
5189398404527635970,2016-12-07 00:37:42.000,Referral,1,0
6616312769485144560,2016-10-14 17:02:17.000,"Organic Search, Organic Search",2,0
4605732283887224691,2017-01-10 18:35:26.000,"Referral, Referral, Referral, Referral, Referral, Referral, Referral, Referral, Referral, Referral, Referral",11,0
0190642816438085656,2016-11-03 20:27:51.000,"Referral, Referral, Referral, Referral",4,0
5410884318948869106,2016-11-11 19:54:00.000,Organic Search,1,0
8130587090166604598,2016-11-22 03:44:57.000,"Referral, Referral, Referral, Referral, Referral",5,0
072595322994470645,2016-11-29 16:49:08.000,"Referral, Referral",2,0
3080226370978858590,2016-11-28 01:51:13.000,Organic Search,1,0
4519532330271293397,2016-11-29 01:02:15.000,"Direct, Direct, Direct",3,0
4734664452187566278,2017-01-24 01:48:10.000,"Direct, Direct, Direct, Direct, Direct, Direct",6,0
0060873674881142784,2017-01-12 22:05:36.000,"Referral, Referral, Referral, Referral, Referral",5,0
5473881678861602565,2017-03-03 21:58:33.000,Referral,1,0
7796255033922388892,2016-12-13 18:46:42.000,Referral,1,0
9164894477297734993,2016-12-29 05:27:44.000,Paid Search,1,0
7311242886083854158,2017-01-16 22:29:05.000,PURCHASE,1,4
5264845021855252769,2017-02-14 21:41:05.000,"Referral, Referral, Referral, Referral",4,0
8539433516671325668,2017-02-09 14:41:32.000,"Direct, Direct, Direct, Direct",4,0
5687667730920600613,2017-02-10 01:42:22.000,Organic Search,1,0
4835082938415020542,2017-03-06 02:11:48.000,"PURCHASE, Direct, Direct, Organic Search, Organic Search",5,5
6697182263056162374,2017-03-22 19:21:08.000,"Direct, Referral",2,0
6331954478763048800,2017-05-09 20:30:39.000,Direct,1,0
0211475535612871703,2017-02-23 14:21:42.000,PURCHASE,1,1
061548717459564263,2017-05-20 20:49:26.000,"Referral, Referral",2,0
9672097680372886188,2017-03-23 20:32:50.000,"PURCHASE, Referral, Referral, Referral",4,1
6551633812942032898,2017-03-29 23:31:32.000,"Referral, Referral, Referral, Referral, Referral, Referral",6,0
3829457209830058915,2017-05-08 22:19:01.000,"Referral, Referral, Referral",3,0
8160051185492681700,2017-05-04 17:09:00.000,"PURCHASE, Referral, Referral, Referral, Referral",5,1
0045204488424585972,2017-04-07 18:51:23.000,Direct,1,0
5289228483445260579,2017-05-17 17:26:43.000,"Referral, Referral, Referral, Referral, Referral",5,0
8147175075790536758,2017-05-17 03:30:21.000,"Organic Search, Organic Search",2,0
8910230714986920649,2017-06-05 12:53:02.000,Organic Search,1,0
0304674693006681857,2017-06-28 17:15:49.000,"Referral, Referral, Referral, Referral, Referral, Referral",6,0
0012561433643490595,2017-06-03 03:31:16.000,"Paid Search, Paid Search",2,0
5954999562906219668,2016-09-13 18:52:59.000,"PURCHASE, Direct, Direct, Direct, Direct",5,1
3660706083878335924,2016-12-06 14:38:42.000,"Referral, Referral",2,0
3325370036069152242,2016-09-18 14:26:22.000,"Referral, Referral, Referral",3,0
3343911594542334618,2016-09-26 04:48:59.000,Referral,1,0
8441639142548296911,2016-10-04 19:04:10.000,Direct,1,0
7707232974827201453,2016-10-12 01:20:30.000,Referral,1,0
871496658333014729,2016-10-20 20:42:07.000,"Organic Search, Organic Search",2,0
650592587910089346,2016-11-15 17:15:03.000,Organic Search,1,0
5715888696810396175,2016-12-01 02:05:34.000,Referral,1,0
5130291544315310058,2016-12-06 03:04:04.000,Direct,1,0
8726813153683135107,2017-05-02 16:22:24.000,"Referral, Referral",2,0
1618402686799055031,2016-12-10 07:41:03.000,"Referral, Referral, Referral, Referral",4,0
7886613135451853273,2016-12-09 03:54:38.000,Organic Search,1,0
9850558045899887104,2016-12-12 01:17:02.000,Referral,1,0
1081131800379517088,2016-12-23 18:58:14.000,"PURCHASE, Organic Search",2,1
1759779356678951325,2017-01-26 21:51:54.000,"PURCHASE, Direct, Direct",3,3
7199611745811583535,2017-01-04 18:25:05.000,Referral,1,0
4655118610930382512,2017-02-22 23:22:08.000,"Direct, Direct, Direct",3,0
5179586107192059934,2017-01-13 21:23:32.000,Direct,1,0
1021564728056895088,2017-01-14 03:03:39.000,Paid Search,1,0
9519453598438934808,2017-01-31 21:11:06.000,PURCHASE,1,1
2020115174591875878,2017-02-28 19:33:59.000,PURCHASE,1,2
6954387213546558639,2017-02-03 20:19:01.000,Direct,1,0
1930306935121258634,2017-03-21 19:00:54.000,"Referral, Referral, Referral",3,0
9813095973388605327,2017-03-15 22:23:44.000,"Paid Search, Paid Search",2,0
8482358096465271237,2017-04-27 15:40:03.000,"Referral, Referral, Organic Search, Organic Search",4,0
7316352846759466679,2017-03-28 00:16:14.000,"Organic Search, Paid Search",2,0
5727689295522031666,2017-03-27 22:14:55.000,Referral,1,0
9067286853388783670,2017-05-04 14:22:46.000,"PURCHASE, Organic Search",2,1
0382608034711593401,2017-06-06 20:43:08.000,Referral,1,0
833073323421806487,2017-05-15 15:08:13.000,Referral,1,0
2118556556010692812,2017-07-20 21:00:30.000,Direct,1,0
4462569127423521108,2017-07-12 04:38:03.000,Referral,1,0
1707391697504379709,2017-06-03 19:23:20.000,Referral,1,0
850560433361022079,2017-06-13 19:39:39.000,"Referral, Display",2,0
8151988731272450660,2017-07-07 13:15:03.000,"Referral, Referral, Referral, Referral",4,0
9383567792856137029,2017-06-17 02:03:31.000,Direct,1,0
0370316422769734568,2017-06-19 13:45:38.000,Organic Search,1,0
682549734570999775,2017-07-16 22:28:25.000,Referral,1,0
5960127137243713650,2017-07-27 07:01:54.000,"PURCHASE, Referral, Referral, Referral",4,1
1090774782213816251,2017-07-16 20:33:43.000,"Referral, Referral, Referral",3,0
3053164528707250163,2017-07-11 14:35:40.000,Direct,1,0
2872390777688988558,2017-07-25 00:39:25.000,"Referral, Referral",2,0
1029342389721979537,2016-12-13 07:24:16.000,"Organic Search, Referral",2,0
7148144150778064807,2016-12-12 20:30:22.000,"Direct, Direct, Direct",3,0
8733651591299904619,2016-11-29 14:33:20.000,Organic Search,1,0
8280304533450595822,2017-01-16 12:26:03.000,Direct,1,0
4262513756531099314,2017-02-03 21:09:43.000,Referral,1,0
3108986775464139138,2017-03-17 14:23:44.000,PURCHASE,1,1
0667721082352794491,2017-04-18 20:19:34.000,Organic Search,1,0
2981548266609585981,2017-05-05 15:03:53.000,Organic Search,1,0
1038049739561083712,2017-05-17 22:34:51.000,"Paid Search, Paid Search, Paid Search",3,0
7256651340144904184,2017-06-02 17:56:10.000,Organic Search,1,0
1028027052924107685,2017-06-27 15:16:24.000,Direct,1,0
6246146960091353412,2017-07-10 18:12:28.000,"Organic Search, Organic Search, Organic Search, Organic Search, Organic Search, Organic Search, Organic Search, Organic Search, Organic Search",9,0
4495063769575332986,2017-02-02 16:29:21.000,"Organic Search, Organic Search",2,0
4037519945413635287,2017-05-05 20:42:44.000,Direct,1,0
7873937527041182412,2017-05-10 17:17:02.000,Referral,1,0
9341891163458549514,2017-05-29 18:34:22.000,"Referral, Referral",2,0
3179753420864580633,2017-06-05 23:37:15.000,Organic Search,1,0
372494637846892090,2016-08-15 15:37:26.000,"Referral, Referral, Referral",3,0
6860857645256589576,2016-08-15 22:16:30.000,"Referral, Referral, Referral, Referral, Referral",5,0
3568593840277988902,2016-08-12 22:04:25.000,"Direct, Direct, Direct",3,0
0060402135554655326,2016-08-10 17:04:05.000,Direct,1,0
3137253471555883779,2016-08-12 20:03:24.000,Referral,1,0
8643842096517952124,2016-08-26 16:08:41.000,"Organic Search, Organic Search, Organic Search, Organic Search, Organic Search, Organic Search",6,0
271500268252738088,2016-09-12 23:35:05.000,"Referral, Referral, Referral, Referral, Referral",5,0
2105686286348643381,2016-08-19 22:54:05.000,"Organic Search, Referral",2,0
8096379746481186433,2016-08-18 22:43:32.000,Referral,1,0
1124880760670566396,2016-09-22 00:52:56.000,PURCHASE,1,1
7138878677525256548,2016-08-30 20:37:42.000,"Referral, Referral",2,0
1710046532262949205,2016-09-16 20:37:19.000,PURCHASE,1,1
4969287766057721513,2016-09-16 22:03:54.000,"Organic Search, Organic Search, Organic Search",3,0
7341792877185657270,2016-09-11 05:22:10.000,Direct,1,0
1997243885876089475,2017-03-29 11:29:59.000,"Paid Search, Organic Search, Organic Search, Display, Paid Search, Paid Search, Organic Search, Organic Search, Organic Search, Social",10,0
2575256090311301096,2016-10-09 22:37:07.000,PURCHASE,1,1
2705981917839130365,2016-10-17 16:52:50.000,Referral,1,0
4818479610455261172,2016-10-12 18:34:07.000,Organic Search,1,0
198403235748042235,2016-12-01 19:33:56.000,Referral,1,0
2074164338647079047,2016-10-27 21:27:43.000,PURCHASE,1,2
6567450857887663751,2016-10-30 15:16:22.000,Referral,1,0
3928984782689072204,2016-10-26 21:23:23.000,"Direct, Direct",2,0
1276106485558955732,2016-11-23 20:22:42.000,"Referral, Referral",2,0
9372618001980854712,2016-11-16 02:54:30.000,"Direct, Direct, Direct, Referral",4,0
3849055062112562467,2016-12-05 17:58:39.000,Organic Search,1,0
6331108098497207662,2017-01-29 17:39:08.000,"PURCHASE, Referral",2,1
7247995041552365194,2016-12-01 01:54:17.000,"Organic Search, Organic Search, Organic Search, Organic Search",4,0
4977770037657405515,2016-11-07 15:55:42.000,Organic Search,1,0
1537806691973735253,2016-11-10 14:53:33.000,"Direct, Direct, Direct",3,0
3557316886784013473,2016-11-29 04:00:04.000,Direct,1,0
4456079065742860006,2016-12-06 13:31:30.000,"Organic Search, Organic Search, Organic Search",3,0
5958728222060412682,2016-12-18 15:01:54.000,"Referral, Referral, Referral, Referral, Referral, Referral",6,0
4085534559120905575,2016-12-14 17:25:22.000,"PURCHASE, Referral",2,1
867222691898422653,2017-01-23 23:14:35.000,"Referral, Referral, Referral, Referral, Referral, Referral",6,0
1482296984579878669,2017-05-08 23:15:16.000,"Referral, Referral",2,0
2804925631896756050,2016-12-18 18:52:32.000,Referral,1,0
9638518335828715596,2017-01-08 01:03:37.000,"Referral, Referral",2,0
3706266616666362685,2017-02-10 08:00:07.000,"Direct, Direct, Direct",3,0
3197533100947860058,2017-02-28 16:57:47.000,"Direct, Direct, Direct, Direct, Direct, Organic Search, Organic Search",7,0
0806705536235074744,2017-03-01 13:55:18.000,Organic Search,1,0
2345055969142696624,2017-03-13 18:40:46.000,"Referral, Referral",2,0
9952985751740974556,2017-03-22 17:55:20.000,Referral,1,0
0603507101721972238,2017-03-29 21:07:11.000,PURCHASE,1,1
2625954590881807574,2017-03-30 01:16:56.000,Organic Search,1,0
4391647281645962679,2017-04-07 18:19:33.000,"Direct, Direct",2,0
6104963094502152821,2017-04-03 17:03:45.000,Referral,1,0
6060508924396042346,2017-04-13 14:49:37.000,Organic Search,1,0
3769632740374536577,2017-04-27 18:53:54.000,Direct,1,0
1708063999877429517,2017-04-20 21:34:00.000,PURCHASE,1,2
3858877675940046816,2017-06-24 23:13:10.000,"Paid Search, Paid Search",2,0
871388660341234241,2017-06-21 23:33:05.000,"Organic Search, Organic Search, Organic Search",3,0
0633547848089854806,2017-07-09 23:47:51.000,Organic Search,1,0
4143932736586919766,2017-07-10 00:13:04.000,PURCHASE,1,1
8639551625314218823,2017-07-14 22:57:52.000,Referral,1,0
5018705656651660794,2016-08-24 21:24:34.000,"Direct, Direct",2,0
9377429831454005466,2016-10-03 02:57:23.000,"PURCHASE, Organic Search, Organic Search",3,5
4056641951555237332,2016-11-12 04:24:28.000,"Paid Search, Paid Search, Paid Search",3,0
3084488537462893210,2016-09-20 14:22:55.000,"Referral, Referral",2,0
407927208045481071,2016-11-14 13:29:26.000,"PURCHASE, Organic Search",2,2
5859181689255214491,2016-09-24 19:34:04.000,Organic Search,1,0
1710046532262949205,2016-11-02 20:36:50.000,"PURCHASE, Referral",2,3
0829523931932991940,2016-11-18 21:39:43.000,"Direct, Direct",2,0
4230104325532739733,2016-12-02 06:02:19.000,Direct,1,0
9259810944241867637,2016-12-19 23:46:12.000,"Referral, Referral",2,0
8444725132150789814,2016-12-13 16:18:10.000,"Referral, Referral, Referral, Referral, Referral",5,0
5429486512675747179,2016-12-07 00:12:05.000,"Referral, Referral",2,0
2196696088271959039,2017-01-10 18:34:08.000,"Organic Search, Referral, Referral",3,0
44860406295705915,2016-12-15 03:55:54.000,Referral,1,0
1724440306318274648,2017-01-05 15:42:01.000,"Direct, Direct, Direct, Referral, Referral",5,0
5084365397599422550,2017-01-22 19:30:54.000,Referral,1,0
6388824250276633832,2017-03-31 06:17:53.000,"PURCHASE, Organic Search, Paid Search, Paid Search, Paid Search",5,1
0866685156179538803,2017-04-29 14:26:39.000,"Direct, Direct, Direct",3,0
7561014297963838461,2017-03-07 03:31:49.000,PURCHASE,1,2
372706149688864468,2017-05-04 13:15:54.000,"PURCHASE, Referral, Direct",3,5
9672097680372886188,2017-06-14 14:10:20.000,"PURCHASE, Referral, Referral, Referral",4,3
997271511212133268,2017-04-05 23:11:40.000,"Referral, Referral, Referral",3,0
0328080880890336475,2017-05-31 21:45:19.000,PURCHASE,1,1
3003781131878505230,2017-05-04 02:28:42.000,Direct,1,0
1931486566224793189,2017-07-04 05:00:31.000,"Referral, Referral",2,0
7445235885559107095,2017-06-26 15:48:42.000,"PURCHASE, Organic Search, Organic Search, Organic Search, Organic Search, Organic Search, Organic Search, Organic Search, Organic Search, Organic Search, Organic Search, Organic Search, Organic Search",13,2
5402571042001627330,2017-07-05 13:00:04.000,"Referral, Display",2,0
9452086584507678214,2017-05-24 20:11:10.000,Referral,1,0
5158802402159118276,2017-06-12 21:37:56.000,Organic Search,1,0
8788548305613954215,2017-06-05 17:33:48.000,"Direct, Direct",2,0
909727084059682263,2017-06-11 12:09:56.000,PURCHASE,1,1
7866268239897048336,2017-07-14 19:57:53.000,"Referral, Referral",2,0
4464961438459587947,2017-06-16 11:43:27.000,Organic Search,1,0
719763844495200108,2017-07-10 18:45:02.000,"Direct, Direct",2,0
6246146960091353412,2017-07-27 21:12:13.000,"PURCHASE, Organic Search, Organic Search, Organic Search, Organic Search, Organic Search",6,1
4218367025544931420,2017-07-31 18:34:26.000,Referral,1,0
6323342664060848949,2016-10-25 02:38:17.000,Organic Search,1,0
9968035159703740191,2017-03-27 10:02:21.000,"Organic Search, Organic Search, Organic Search",3,0
6904415728032094280,2017-04-14 13:32:35.000,"Referral, Referral",2,0
2864376493455301677,2017-05-02 21:36:16.000,PURCHASE,1,2
8783898015767070689,2017-04-20 00:41:06.000,Referral,1,0
1011144777893683612,2017-05-03 16:31:34.000,"Direct, Direct",2,0
9913737248744802178,2017-05-03 03:04:37.000,"Direct, Direct",2,0
4518084412353571470,2017-05-22 02:09:46.000,"Direct, Direct, Direct, Direct, Direct, Direct, Direct, Direct, Direct, Direct, Direct, Direct, Direct, Direct, Direct, Organic Search",16,0
081556422471965129,2017-05-24 05:09:01.000,Referral,1,0
395878510909861453,2017-07-14 16:21:59.000,Referral,1,0
4013470531611520402,2017-07-06 15:28:31.000,"Referral, Referral",2,0
238925310298938861,2017-08-01 00:05:26.000,"Referral, Referral, Referral",3,0
4166700707688517424,2016-08-01 10:12:45.000,Direct,1,0
1076513025655678778,2016-08-13 00:22:55.000,"Referral, Referral, Referral, Referral, Referral, Referral, Referral",7,0
8182918671103013679,2016-08-14 17:37:29.000,"Organic Search, Organic Search, Organic Search, Organic Search, Organic Search, Organic Search, Organic Search, Organic Search, Organic Search",9,0
0305113785839637634,2016-08-09 19:03:30.000,"Referral, Referral",2,0
5513331212846933396,2016-08-11 23:08:12.000,"Referral, Referral",2,0
502027330594674519,2017-03-02 18:38:50.000,"Organic Search, Organic Search, Organic Search, Organic Search, Organic Search, Direct, Organic Search, Organic Search, Organic Search, Organic Search, Organic Search, Organic Search",12,0
3339969886638037862,2016-08-31 15:32:19.000,"Organic Search, Display",2,0
1884511874414753238,2016-08-08 05:42:32.000,"Organic Search, Organic Search",2,0
611556253076247456,2017-02-10 08:32:21.000,"Organic Search, Organic Search, Organic Search, Referral, Referral",5,0
1144912080450618887,2016-10-26 20:54:06.000,"PURCHASE, Referral, Referral, Referral, Referral, Referral, Referral, Referral",8,1
9330433473613640440,2016-09-09 23:20:20.000,"Referral, Referral, Referral",3,0
9264804092676520813,2016-08-25 13:11:23.000,Organic Search,1,0
9415047435363681557,2016-09-09 20:52:56.000,"PURCHASE, Direct",2,1
7406034241760755547,2016-08-27 08:10:21.000,Organic Search,1,0
2030710570879226632,2016-09-06 14:30:25.000,Referral,1,0
8851822767477687842,2016-09-01 16:21:15.000,PURCHASE,1,1
0037518757923116572,2016-09-16 05:13:13.000,"Referral, Referral",2,0
8565474882130184766,2016-10-26 09:57:59.000,"Referral, Referral, Referral, Referral, Referral, Referral, Referral, Referral, Referral, Referral, Referral, Referral, Referral, Referral, Referral, Referral, Referral, Referral, Referral, Referral, Referral, Referral",22,0
3689862038819738204,2016-09-09 14:40:04.000,Display,1,0
5890457827882423801,2016-09-15 04:42:25.000,Organic Search,1,0
703975525619015480,2016-10-10 13:53:23.000,"Referral, Referral, Referral",3,0
7721327606863421352,2016-09-19 00:21:22.000,Organic Search,1,0
6289042057007415577,2016-09-23 22:35:01.000,"Direct, Direct",2,0
0985098225619885190,2017-05-15 17:54:41.000,"Referral, Referral, Referral, Referral, Referral, Referral, Referral, Referral, Referral, Referral, Referral, Referral, Referral, Referral, Referral, Referral, Referral",17,0
6047640651761300200,2017-03-09 21:23:35.000,"Referral, Referral, Referral, Referral, Referral, Referral",6,0
6760732402251466726,2016-11-16 17:27:25.000,"PURCHASE, Referral",2,12
7311242886083854158,2016-12-16 21:39:04.000,"PURCHASE, Direct",2,2
8136695157497866307,2017-05-14 21:08:23.000,"Referral, Referral",2,0
1986045889598602804,2016-11-28 19:15:09.000,Display,1,0
6103744486531866196,2016-12-05 14:35:14.000,Referral,1,0
6895246311530693138,2016-12-12 19:30:08.000,Organic Search,1,0
2528617155272094595,2016-12-14 03:30:45.000,Referral,1,0
3280132197483942848,2016-12-20 18:20:02.000,Organic Search,1,0
4419213333970429526,2017-01-06 19:07:25.000,Referral,1,0
4792822839185962320,2017-01-31 03:50:22.000,Organic Search,1,0
497209842877259289,2017-02-14 20:36:25.000,"Referral, Referral",2,0
3135132394776964687,2017-02-17 15:38:34.000,Direct,1,0
1048387524675825671,2017-03-27 23:31:26.000,"PURCHASE, Referral",2,1
4223742424126889400,2017-03-10 00:14:31.000,Referral,1,0
7635012716697544709,2017-03-28 20:14:59.000,"Direct, Organic Search, Organic Search",3,0
8477265213767844589,2017-03-28 20:02:10.000,"Direct, Referral",2,0
895520819465154077,2017-03-29 01:38:58.000,Referral,1,0
4921413806940784676,2017-05-08 23:13:49.000,"PURCHASE, Organic Search, Organic Search, Organic Search, Organic Search, Organic Search, Organic Search",7,3
0356092515832769251,2017-04-07 23:14:52.000,Referral,1,0
1205811658742251528,2017-04-21 16:40:34.000,Referral,1,0
8108485834336096648,2017-05-16 23:24:08.000,Direct,1,0
5201800617685913658,2017-06-15 15:45:26.000,Organic Search,1,0
4758004505760363513,2017-06-26 17:39:17.000,Organic Search,1,0
1393633173328801040,2017-07-29 20:56:32.000,"Referral, Referral",2,0
7637038443893798015,2017-07-31 17:07:43.000,"Referral, Referral",2,0
163910434575936100,2017-07-18 01:34:29.000,"Organic Search, Organic Search",2,0
3708624609955414339,2017-07-18 14:58:52.000,Referral,1,0
2058369199877139726,2016-10-17 05:24:24.000,Referral,1,0
2703909094790015330,2016-08-27 05:06:51.000,Organic Search,1,0
8007300615127214527,2016-09-02 21:06:57.000,"Organic Search, Organic Search",2,0
9794005369838434901,2016-09-12 15:00:17.000,"Direct, Referral",2,0
4606500893659686682,2016-11-10 19:06:51.000,Referral,1,0
1639589047263376521,2016-10-04 05:47:00.000,Referral,1,0
759913108523269841,2017-03-10 22:04:35.000,"Referral, Referral, Referral, Referral, Referral, Referral, Referral, Referral, Referral, Referral",10,0
5682452231721622029,2016-10-15 23:01:12.000,"PURCHASE, Paid Search, Organic Search",3,2
8657760181531700072,2016-11-20 23:11:01.000,"Referral, Referral, Referral, Referral",4,0
9386787389707627667,2016-12-12 01:19:17.000,Referral,1,0
6229870571121837755,2016-11-24 20:01:34.000,Referral,1,0
6371969436359305820,2016-12-05 04:40:53.000,Referral,1,0
1127359726951964431,2016-12-06 00:34:46.000,"Referral, Referral, Referral",3,0
077910788641080085,2016-12-09 01:59:42.000,"Direct, Direct",2,0
1553504908601719051,2016-12-13 18:16:18.000,"Organic Search, Referral, Referral",3,0
770591642514840189,2016-12-24 06:42:53.000,"Organic Search, Organic Search",2,0
6988456629622921225,2016-12-16 22:04:23.000,"Organic Search, Organic Search, Organic Search",3,0
3835134197841326255,2017-02-16 17:24:28.000,"PURCHASE, Direct, Referral",3,2
0328080880890336475,2017-04-28 20:00:25.000,"Referral, Referral, Referral",3,0
148135394525872002,2017-01-18 20:18:27.000,Organic Search,1,0
8715196944012266147,2017-01-23 08:00:16.000,Organic Search,1,0
2896773240947804856,2017-03-03 11:43:26.000,"Referral, Referral, Referral",3,0
7284466025557220497,2017-03-27 14:51:13.000,PURCHASE,1,3
5341271361784611942,2017-02-23 01:15:28.000,"PURCHASE, Direct",2,2
7288253836631073413,2017-03-08 22:33:07.000,Referral,1,0
7642599988772992308,2017-04-21 19:13:12.000,PURCHASE,1,1
345388872996692187,2017-03-29 19:02:31.000,"Organic Search, Referral",2,0
1614961404175770147,2017-04-04 01:35:37.000,Direct,1,0
5418879524729998284,2017-04-06 22:01:18.000,"Direct, Direct",2,0
8361920675798597013,2017-04-08 04:38:50.000,PURCHASE,1,1
2570270404850350503,2017-04-28 17:47:25.000,"Direct, Direct",2,0
4118874374266805808,2017-04-26 03:54:21.000,Referral,1,0
5062597525991769187,2017-04-27 18:12:20.000,Direct,1,0
9418009854931436193,2017-04-29 02:29:57.000,Direct,1,0
9153398667901840439,2017-04-29 00:40:19.000,Direct,1,0
650915590272619388,2017-05-05 13:54:22.000,"Direct, Direct",2,0
6928471103546165344,2017-05-24 17:30:58.000,"Direct, Direct",2,0
7402906360219067209,2017-06-26 05:48:57.000,Direct,1,0
3369201896722684732,2017-06-10 03:04:12.000,Direct,1,0
633090494027651510,2017-06-10 18:46:59.000,Paid Search,1,0
627911872499384695,2017-06-19 18:03:13.000,"Referral, Referral, Organic Search, Organic Search, Organic Search",5,0
9083435306748007208,2017-06-24 20:06:07.000,"Organic Search, Organic Search",2,0
5197010601731138144,2017-06-19 18:56:32.000,Organic Search,1,0
4031210768119686086,2017-06-22 14:36:53.000,Organic Search,1,0
2689556653800639103,2017-07-21 01:12:03.000,PURCHASE,1,2
7803437096506812413,2017-07-25 20:49:27.000,Organic Search,1,0
8676763420791275254,2017-07-18 15:53:47.000,Organic Search,1,0
9598871851189945502,2017-07-31 17:40:01.000,PURCHASE,1,1
6701329268278625221,2017-01-09 16:13:36.000,"Referral, Referral, Referral, Referral, Referral, Referral, Referral",7,0
6966256087320527646,2017-02-14 02:12:26.000,Direct,1,0
1685152054831161722,2017-05-05 01:31:49.000,"Direct, Direct",2,0
3701126995342341310,2017-03-15 14:48:59.000,"Direct, Referral",2,0
3233846931580119453,2017-04-25 18:28:32.000,"Organic Search, Organic Search",2,0
8459417204266603118,2017-05-11 16:58:39.000,Referral,1,0
8910769516525628891,2017-07-08 17:04:56.000,Referral,1,0
8072259894939566931,2017-05-04 21:55:59.000,"Referral, Referral",2,0
4957726121513589856,2017-05-05 23:17:24.000,Referral,1,0
4102118060900872415,2017-06-02 16:10:43.000,"Referral, Referral, Referral",3,0
3891707253957252733,2017-07-13 15:54:37.000,"Referral, Referral, Referral",3,0
0207758697026045863,2017-06-10 09:25:09.000,Direct,1,0
9784853758319873850,2017-07-17 21:01:59.000,PURCHASE,1,1
4230960861530232531,2017-07-18 19:54:12.000,"Organic Search, Organic Search",2,0
689318192161645703,2017-07-26 17:25:47.000,PURCHASE,1,1
3424918216070852195,2017-08-01 14:11:01.000,PURCHASE,1,1
1804930412747691262,2017-06-16 02:16:55.000,Referral,1,0
2357073894289283929,2016-10-14 16:46:20.000,"Referral, Referral, Referral, Referral, Referral, Referral, Referral, Referral",8,0
5729167288225910625,2016-09-08 19:11:07.000,"PURCHASE, Referral, Referral, Referral, Referral",5,1
3438386296748685726,2016-10-24 17:14:03.000,"Referral, Referral, Referral, Referral, Referral",5,0
5134534584402689966,2016-08-19 13:32:06.000,"Referral, Referral, Referral",3,0
7383823269227966775,2016-10-19 18:15:19.000,"PURCHASE, Referral, Referral, Referral, Referral, Referral, Referral",7,1
6760732402251466726,2016-08-22 15:55:34.000,"PURCHASE, Referral, Referral",3,1
4297151124311422842,2016-08-31 21:32:05.000,"Organic Search, Organic Search, Organic Search",3,0
1832154460054501004,2016-09-09 21:02:38.000,"Referral, Referral",2,0
4332670999936880007,2016-08-31 14:03:03.000,"Direct, Organic Search",2,0
5964418919606294332,2017-02-19 02:00:56.000,"PURCHASE, Referral, Referral, Referral, Referral",5,1
0419611240165258862,2016-09-16 18:57:42.000,"Referral, Referral, Referral",3,0
1023615951662839630,2016-09-22 05:33:45.000,PURCHASE,1,1
897189708290538264,2016-09-20 23:11:46.000,Organic Search,1,0
7010905385006464130,2016-10-19 18:13:14.000,Referral,1,0
0591773013265200816,2016-10-10 22:40:18.000,Organic Search,1,0
438293355702649619,2016-10-13 21:19:38.000,Direct,1,0
4257313700212414419,2016-11-01 15:55:52.000,Referral,1,0
8125338238269523095,2016-10-14 17:04:11.000,PURCHASE,1,1
1063651652107093288,2016-10-26 15:25:14.000,"PURCHASE, Direct, Direct, Direct, Direct, Direct, Direct, Direct, Direct, Direct, Direct, Direct, Direct, Direct, Direct",15,2
5590743844926892757,2016-10-14 18:40:22.000,Direct,1,0
2402527199731150932,2016-10-20 17:46:04.000,PURCHASE,1,2
0092577710025173656,2016-10-17 23:00:58.000,Organic Search,1,0
7695366805532091485,2016-11-04 15:54:50.000,Referral,1,0
0190642816438085656,2016-12-08 16:24:16.000,"PURCHASE, Referral, Referral",3,1
1338395065492103820,2016-11-10 16:06:48.000,Referral,1,0
6871033222959309564,2016-12-13 17:28:29.000,"Referral, Referral",2,0
0860415108038967350,2017-03-10 02:31:00.000,"PURCHASE, Referral",2,1
7632396110260336309,2016-12-16 19:16:11.000,"Referral, Referral, Referral, Referral, Referral",5,0
1716182036681293379,2016-12-05 07:38:28.000,"Referral, Referral",2,0
8389155277807224818,2016-12-13 04:27:18.000,"PURCHASE, Direct, Direct, Direct",4,1
6179415313155508546,2017-01-03 17:05:37.000,"PURCHASE, Referral",2,1
9746124619174084370,2017-02-22 19:24:35.000,"Referral, Referral, Referral, Referral",4,0
0840608732692239910,2017-01-13 15:20:17.000,Referral,1,0
61892085087294527,2017-01-31 17:39:42.000,"Organic Search, Organic Search, Organic Search",3,0
9921480541153586613,2017-02-12 17:00:10.000,"Referral, Referral",2,0
3474523697794005642,2017-02-20 18:14:42.000,Referral,1,0
0343104487250705794,2017-02-14 16:19:02.000,PURCHASE,1,1
5684662466118174042,2017-02-14 21:28:11.000,Display,1,0
575603546892390824,2017-02-17 03:22:08.000,Referral,1,0
3322842320727852756,2017-04-10 18:48:28.000,Organic Search,1,0
5921718666533314694,2017-03-17 21:40:54.000,"Referral, Organic Search",2,0
3783357047189991250,2017-03-04 01:05:00.000,"PURCHASE, Organic Search",2,1
7108454213160487838,2017-03-27 15:41:31.000,"Referral, Referral, Referral",3,0
5891082663141859878,2017-04-06 16:29:09.000,"Organic Search, Referral, Referral",3,0
129249086143937145,2017-03-25 01:22:10.000,Referral,1,0
8399546162159355177,2017-04-14 02:45:51.000,"Direct, Direct, Direct",3,0
9477829551781094415,2017-04-12 15:58:20.000,Direct,1,0
5250499107867802403,2017-04-21 19:55:23.000,"Referral, Referral",2,0
5858408190498927717,2017-06-27 22:09:59.000,"Referral, Referral, Referral, Referral, Referral, Referral",6,0
980432803323288584,2017-06-12 21:37:17.000,Direct,1,0
0755655563816873558,2017-06-27 04:45:22.000,"Referral, Referral",2,0
4613547766859466698,2017-07-19 15:44:31.000,"Referral, Referral, Referral",3,0
5614933090112217012,2017-07-24 18:33:19.000,"Paid Search, Paid Search, Paid Search",3,0
5753687412615654863,2017-07-13 17:29:27.000,"Referral, Referral, Referral",3,0
146782520456386149,2016-09-08 19:41:04.000,Organic Search,1,0
3905941547672756712,2016-10-18 00:22:10.000,"PURCHASE, Referral, Referral",3,1
6382879633644450477,2016-09-22 04:41:22.000,PURCHASE,1,1
4334012559135160920,2016-09-27 19:44:35.000,Organic Search,1,0
0070976956518566605,2016-09-26 20:55:00.000,"Referral, Referral",2,0
8800711536412818925,2016-10-13 10:05:39.000,Direct,1,0
8740176326132717435,2016-11-01 11:38:21.000,"PURCHASE, Organic Search",2,1
963545935326060098,2016-12-11 18:48:15.000,"Direct, Direct, Direct",3,0
5626321780782440576,2016-11-30 01:54:38.000,Paid Search,1,0
2411322974724385937,2016-12-09 13:56:51.000,Referral,1,0
2814872551544320279,2017-01-09 22:11:48.000,Organic Search,1,0
7394010699967893588,2017-01-23 22:01:51.000,"Referral, Referral, Referral",3,0
4776430236860680101,2017-01-16 08:02:09.000,"Referral, Referral",2,0
2415085382840318427,2017-02-02 23:19:26.000,"Referral, Referral",2,0
8200223105926163583,2017-03-01 05:18:02.000,"Organic Search, Organic Search",2,0
2556948849524550835,2017-04-02 01:50:44.000,Organic Search,1,0
8091819011425358061,2017-03-03 21:12:29.000,Referral,1,0
2620684501904017348,2017-03-15 18:43:44.000,"Referral, Referral, Referral, Referral, Referral, Referral, Referral",7,0
0406062413536161782,2017-03-10 01:03:55.000,Referral,1,0
3520716110085025698,2017-04-11 00:01:08.000,"Referral, Referral, Referral",3,0
2196278703508702410,2017-03-18 04:30:50.000,Referral,1,0
9917525450459164301,2017-03-22 22:15:24.000,Direct,1,0
3381137962857755397,2017-03-29 01:44:13.000,Referral,1,0
3570610366124089261,2017-04-10 17:38:08.000,Organic Search,1,0
9603605279207456197,2017-04-19 16:36:30.000,"Organic Search, Organic Search",2,0
4914075329436815761,2017-06-09 19:15:36.000,"Referral, Referral",2,0
8378544677792713974,2017-05-08 20:19:52.000,Organic Search,1,0
6436454707480049919,2017-05-15 19:55:47.000,Referral,1,0
9219439174856712797,2017-06-14 23:41:54.000,Direct,1,0
8855225089630002391,2017-05-17 18:16:35.000,"Direct, Referral",2,0
725981616433523164,2017-06-14 21:45:22.000,"Direct, Display",2,0
8220211701749350854,2017-07-06 04:21:34.000,"Referral, Paid Search",2,0
4143932736586919766,2017-07-09 23:09:19.000,"Referral, Referral, Referral, Referral",4,0
3847010446682215352,2017-06-15 13:24:58.000,Direct,1,0
1270972824994660533,2017-06-16 13:03:41.000,"Referral, Referral",2,0
1947343681843355858,2017-07-10 17:33:39.000,Direct,1,0
7395718173947720444,2017-07-20 03:27:10.000,"Referral, Referral, Referral, Referral",4,0
5584411114546174652,2017-07-26 19:27:37.000,"PURCHASE, Referral, Referral",3,1
1174647913878447921,2017-07-27 20:57:11.000,Referral,1,0
3219030339075413961,2016-11-07 02:04:08.000,Organic Search,1,0
2559541037359538765,2016-11-02 22:47:51.000,Organic Search,1,0
5217184662856598595,2016-12-18 00:53:59.000,Referral,1,0
1868935000075627039,2016-12-16 18:20:57.000,"Organic Search, Organic Search",2,0
0290663072707523580,2017-03-08 23:59:26.000,"PURCHASE, Organic Search, Paid Search, Organic Search, Organic Search, Organic Search",6,1
0405613301455395523,2017-02-16 18:12:43.000,PURCHASE,1,1
6130248785422352959,2017-03-13 19:45:24.000,Referral,1,0
1144189395052969889,2017-03-27 14:15:25.000,"Referral, Referral",2,0
8389503850023713567,2017-04-09 20:39:19.000,"Organic Search, Organic Search",2,0
5720584332217047483,2017-05-03 14:57:30.000,"PURCHASE, Referral, Referral",3,1
4497523886443399219,2017-06-21 16:05:38.000,Referral,1,0
5811368078800551365,2017-06-02 08:52:08.000,PURCHASE,1,1
6085227967956663557,2017-05-20 18:06:57.000,Direct,1,0
6432310188343340425,2017-05-30 22:51:23.000,Direct,1,0
5807278314451544984,2017-07-13 15:56:23.000,Referral,1,0
0169854884741652554,2017-07-19 19:15:00.000,"Referral, Referral, Referral",3,0
2415337345055025215,2017-04-19 15:20:20.000,"Referral, Referral, Referral, Referral",4,0
1682749722677874840,2017-06-13 20:32:11.000,"Referral, Referral",2,0
6035720315860401957,2017-03-18 20:06:01.000,"Referral, Referral, Referral, Referral, Referral, Referral, Referral, Referral, Referral, Referral, Referral, Referral, Referral, Referral, Referral, Referral, Referral, Referral, Referral, Referral",20,0
5615659499306558316,2016-08-05 19:07:39.000,Direct,1,0
2232874791267570747,2016-08-19 16:13:01.000,Referral,1,0
943037327921712050,2016-08-25 16:45:09.000,Referral,1,0
7298179462068144853,2016-08-23 18:16:10.000,"Organic Search, Organic Search, Organic Search, Organic Search",4,0
1228194844972973772,2016-08-17 15:40:05.000,Referral,1,0
4332637852472133654,2017-06-16 19:43:09.000,"Referral, Referral",2,0
2450343366982060398,2016-09-16 13:13:26.000,Referral,1,0
5594550862521912148,2016-08-28 20:12:01.000,Referral,1,0
6722355366831429055,2017-04-16 02:02:16.000,"Referral, Referral, Referral, Referral, Referral, Referral",6,0
2310697779956713856,2016-09-01 22:15:21.000,Organic Search,1,0
8436426603099391262,2016-09-26 00:17:20.000,"PURCHASE, Referral, Referral, Referral, Referral",5,2
4452394555375070876,2016-09-06 23:47:03.000,"Referral, Referral",2,0
2986064566980892993,2016-09-06 18:34:37.000,"Paid Search, Paid Search",2,0
2287637838474850444,2016-09-14 01:13:36.000,"Direct, Direct, Direct, Direct",4,0
2447827715810849371,2016-09-13 20:06:04.000,"Direct, Direct, Direct",3,0
6095240958469403590,2017-03-09 01:41:12.000,Referral,1,0
824955529524013757,2016-11-21 19:27:12.000,"Referral, Referral",2,0
1044832976156649069,2016-09-26 23:15:50.000,"Referral, Referral, Referral",3,0
7515865863351246169,2016-11-06 01:12:24.000,"Referral, Referral, Referral",3,0
0998815629012556775,2016-10-09 22:02:38.000,Direct,1,0
7118356426522960182,2016-10-19 04:43:20.000,Referral,1,0
429905913707585380,2016-10-03 18:30:03.000,"Organic Search, Organic Search",2,0
9733639222165329418,2016-10-06 02:43:41.000,Referral,1,0
4834223815849545406,2016-10-11 15:58:56.000,"Referral, Referral",2,0
8693174288442040841,2017-04-05 00:26:03.000,"Organic Search, Organic Search, Organic Search, Organic Search",4,0
5034741422855713026,2016-10-10 21:57:50.000,Organic Search,1,0
3345163376310988493,2016-11-15 22:17:55.000,"PURCHASE, Direct, Direct",3,3
191995188120830505,2016-12-09 23:28:55.000,Referral,1,0
8730493892218660083,2017-08-01 22:12:41.000,Referral,1,0
1075314772722686078,2016-11-13 02:31:08.000,"Referral, Referral",2,0
1329871856127534519,2016-11-29 18:40:11.000,Referral,1,0
0166887489328887096,2016-11-28 19:39:57.000,Direct,1,0
5576035049116841174,2016-12-04 22:24:11.000,Referral,1,0
7834618145872510794,2016-12-16 20:08:30.000,Referral,1,0
5082310728519609149,2016-12-17 13:16:41.000,"Direct, Direct, Direct, Direct",4,0
2434821222031951612,2016-12-30 23:45:22.000,"Referral, Organic Search",2,0
6773504129316656025,2017-01-17 21:13:37.000,Direct,1,0
1178664219909406421,2017-02-09 18:01:06.000,"Organic Search, Organic Search",2,0
0998406341643073720,2017-03-30 18:50:35.000,"Organic Search, Referral",2,0
1476938238176225678,2017-04-30 20:46:59.000,"PURCHASE, Referral",2,1
6344125332989627562,2017-03-16 16:40:26.000,"Organic Search, Organic Search",2,0
7207269090239542768,2017-04-14 23:25:37.000,"Referral, Referral, Referral",3,0
5263059809967138936,2017-04-07 17:53:40.000,"PURCHASE, Direct",2,3
1541266830764459196,2017-04-12 01:02:07.000,PURCHASE,1,1
8545209036610253088,2017-03-25 00:52:17.000,Referral,1,0
8183327679520713401,2017-04-04 17:18:38.000,"Referral, Referral, Referral, Referral",4,0
713731982901764318,2017-06-01 18:36:54.000,"Referral, Referral, Referral, Referral, Referral, Referral",6,0
9301277772206384773,2017-05-18 11:15:31.000,"Organic Search, Organic Search",2,0
9901114469536551008,2017-04-22 18:05:12.000,Referral,1,0
1582078837281421428,2017-04-27 17:15:11.000,"Organic Search, Organic Search",2,0
7884800380653018929,2017-05-26 19:47:25.000,"Referral, Referral",2,0
387849079599046538,2017-07-31 15:04:11.000,"PURCHASE, Referral, Referral, Referral, Referral, Referral, Referral, Referral, Referral, Referral, Referral, Referral, Referral, Referral, Referral, Referral, Referral, Referral, Referral, Referral, Referral, Referral",22,1
7939722678554181163,2017-06-08 23:50:44.000,"Direct, Direct",2,0
3041665208670915405,2017-06-21 05:09:20.000,"Referral, Referral, Referral",3,0
8461110695299432015,2016-09-24 02:37:06.000,Direct,1,0
6642860833043298836,2016-10-04 20:40:39.000,Organic Search,1,0
3320129517544307519,2016-10-20 14:22:02.000,"Referral, Referral",2,0
4724259822631281911,2016-11-17 19:49:16.000,"Referral, Referral, Referral",3,0
4835082938415020542,2016-10-28 02:22:58.000,"PURCHASE, Direct, Direct",3,1
3802905913750930180,2016-10-26 14:19:54.000,Referral,1,0
2120280500988585465,2016-11-20 03:59:17.000,"Paid Search, Organic Search, Organic Search, Organic Search, Display, Display",6,0
9069857677561627108,2016-11-19 04:56:47.000,"Paid Search, Paid Search, Paid Search, Referral",4,0
99879093370825436,2017-06-26 15:05:16.000,"Organic Search, Organic Search",2,0
8635032301713979066,2016-12-16 14:51:48.000,Referral,1,0
5222227778576702992,2016-12-04 00:47:15.000,Organic Search,1,0
7990135994432965391,2016-12-20 19:00:44.000,"PURCHASE, Direct, Direct, Direct, Direct",5,1
2187177207543456316,2016-12-18 19:39:53.000,"Direct, Direct",2,0
9388969702302248585,2017-02-13 18:05:01.000,Referral,1,0
8713712358107522024,2017-02-03 01:09:59.000,"Organic Search, Organic Search, Organic Search, Organic Search, Organic Search",5,0
6676417252598129629,2017-01-27 15:00:30.000,Referral,1,0
0366796863244619267,2017-02-27 07:07:04.000,Referral,1,0
2719057200121237933,2017-04-18 15:30:03.000,"Referral, Referral",2,0
4191549815940169115,2017-04-09 22:23:52.000,Referral,1,0
5455606693891929152,2017-04-20 22:55:32.000,"Direct, Direct",2,0
6248428368327517195,2017-04-20 03:08:53.000,Direct,1,0
4388449500360008950,2017-05-24 19:18:58.000,"Direct, Direct, Direct, Direct, Direct, Direct, Direct, Direct, Direct",9,0
6757157297870594584,2017-06-12 20:15:55.000,Direct,1,0
5811368078800551365,2017-05-17 06:31:55.000,Direct,1,0
8889391457640720040,2017-06-16 18:02:11.000,PURCHASE,1,2
5696607948314871944,2017-06-05 19:57:39.000,"Referral, Referral, Referral, Referral",4,0
5217030869773802032,2017-06-23 01:18:36.000,Referral,1,0
8572246047047081810,2017-07-31 16:43:39.000,"Direct, Direct",2,0
6274615038428740035,2017-07-21 17:17:18.000,Paid Search,1,0
6312194749319574796,2017-07-27 12:54:48.000,Organic Search,1,0
5962830800899970265,2017-07-27 01:38:03.000,Referral,1,0
7105031024714443566,2017-07-28 02:45:06.000,Direct,1,0
654736404761929369,2017-08-01 17:29:03.000,"Referral, Referral",2,0
9150407128657944902,2016-11-09 20:03:11.000,"Referral, Referral",2,0
7980102376114249169,2016-12-05 15:14:15.000,"Referral, Referral",2,0
160575523826516091,2016-12-16 23:21:45.000,Paid Search,1,0
953107632787978757,2017-04-13 05:20:12.000,Organic Search,1,0
8955721323152136358,2017-05-12 01:16:12.000,Referral,1,0
5408240703525920538,2017-06-02 15:11:54.000,Paid Search,1,0
2832807519496817186,2017-06-10 02:21:30.000,Referral,1,0
9363207205094761073,2017-07-13 17:37:36.000,"Referral, Referral, Referral, Referral, Referral, Referral, Referral, Referral, Referral",9,0
7517997316226476864,2016-12-06 05:21:25.000,Referral,1,0
6736977205570964943,2017-07-30 01:08:05.000,"Referral, Referral, Referral, Referral, Referral, Referral, Referral",7,0
491427743200379908,2017-05-08 03:42:14.000,Direct,1,0
3651236178297413161,2016-08-04 20:05:25.000,Organic Search,1,0
2567500041926407190,2016-08-09 00:11:22.000,"Referral, Referral, Referral",3,0
1308843236768324191,2016-12-01 04:02:50.000,"Organic Search, Organic Search, Organic Search, Organic Search, Organic Search, Organic Search, Organic Search, Referral, Referral, Referral, Organic Search, Organic Search",12,0
0218721670797647024,2017-04-05 16:50:55.000,"Referral, Referral, Referral",3,0
2720618835767911516,2016-08-09 20:14:56.000,Organic Search,1,0
3424367831137944734,2016-08-10 03:33:56.000,Direct,1,0
3681691345354167550,2016-08-30 15:01:49.000,PURCHASE,1,1
9152155335060859016,2016-08-19 10:31:36.000,Organic Search,1,0
5696877921911680957,2017-06-09 02:55:22.000,Referral,1,0
3988230898728933862,2016-08-23 20:11:12.000,Organic Search,1,0
6173812362189693,2016-08-25 13:11:44.000,"PURCHASE, Direct",2,1
4086591768623181940,2016-08-26 15:07:05.000,Organic Search,1,0
112305056557684257,2016-09-15 15:17:40.000,"PURCHASE, Referral, Referral",3,1
6258496391273943408,2017-01-12 03:46:42.000,"Referral, Referral",2,0
7360768108223062056,2016-09-15 01:13:24.000,"Direct, Direct, Display, Display, Display",5,0
2778479454208664084,2016-09-20 04:11:04.000,"PURCHASE, Direct",2,1
280738376597848400,2016-09-14 19:41:35.000,"PURCHASE, Referral",2,1
8380198705718952326,2016-09-19 01:26:24.000,Organic Search,1,0
7190366246319919792,2016-12-09 18:20:17.000,Organic Search,1,0
1143734033169248522,2016-10-03 07:14:45.000,"Organic Search, Organic Search, Organic Search",3,0
8750540969678184280,2016-10-07 20:06:47.000,"Direct, Referral, Referral, Referral",4,0
668227072565326523,2016-10-06 22:11:50.000,"Paid Search, Paid Search, Paid Search, Paid Search",4,0
9138953117283252035,2017-02-09 21:45:29.000,"Referral, Referral",2,0
3452334912084453714,2017-01-27 23:32:49.000,Referral,1,0
2517364798811740879,2017-02-16 17:53:25.000,"PURCHASE, Direct, Direct, Direct, Direct, Direct, Direct, Direct, Direct",9,1
3738320234051643877,2016-11-17 14:00:34.000,PURCHASE,1,2
4835082938415020542,2016-11-17 00:03:41.000,"PURCHASE, Direct, Direct, Direct",4,2
383083436389104117,2016-11-14 17:45:52.000,Referral,1,0
3209681780730962666,2016-11-06 07:00:35.000,"Organic Search, Organic Search, Organic Search",3,0
8883600023735279403,2016-12-19 20:28:55.000,PURCHASE,1,1
977244245594974922,2017-01-12 08:27:13.000,Organic Search,1,0
5535005184327242090,2016-12-13 13:02:25.000,Paid Search,1,0
0767090408793298602,2017-05-31 13:19:49.000,"Referral, Referral, Referral",3,0
3682115393898564983,2016-12-16 21:45:16.000,"Referral, Referral",2,0
9963131995239003867,2017-01-24 16:31:26.000,"Referral, Organic Search, Referral, Referral",4,0
1318990660958602931,2017-03-12 04:30:15.000,Organic Search,1,0
3332096924398880004,2017-04-02 13:33:45.000,"Organic Search, Organic Search, Organic Search",3,0
9467619663210756890,2017-04-21 14:51:57.000,"PURCHASE, Direct, Direct, Direct, Direct",5,1
1091802616723319272,2017-04-06 19:40:42.000,"PURCHASE, Referral, Referral, Referral",4,1
2127438408373285198,2017-03-14 10:38:57.000,Organic Search,1,0
7626451325930281264,2017-03-20 14:35:19.000,Referral,1,0
7541330018561344090,2017-04-26 19:15:06.000,"Referral, Referral, Display, Referral",4,0
3602581120186705822,2017-06-20 14:00:29.000,"Direct, Organic Search",2,0
9249130983722228273,2017-07-13 17:52:02.000,"Referral, Referral, Referral, Referral, Referral, Referral, Referral, Referral, Referral",9,0
9018439696824607924,2017-06-28 03:21:42.000,Referral,1,0
3870523357204139831,2016-08-17 12:28:38.000,"Referral, Referral, Referral",3,0
330289116549575054,2017-01-12 14:51:33.000,"PURCHASE, Referral, Referral, Referral, Referral, Referral, Referral, Referral, Referral, Referral, Referral, Referral, Referral",13,1
3246079438339709804,2017-01-19 18:01:58.000,PURCHASE,1,1
3732860122805248629,2016-11-01 17:32:58.000,"Direct, Referral",2,0
4578640586284138624,2016-10-17 18:38:43.000,"PURCHASE, Organic Search, Organic Search",3,5
4092654193706632876,2016-11-14 23:18:59.000,"Referral, Referral, Organic Search, Organic Search, Organic Search, Organic Search",6,0
1484502136369116439,2016-11-13 15:55:27.000,"Organic Search, Organic Search, Organic Search, Organic Search",4,0
8856514354723478027,2016-10-31 19:53:33.000,Organic Search,1,0
2546464604912220860,2016-11-29 17:29:47.000,Referral,1,0
6760732402251466726,2016-11-18 18:01:02.000,"PURCHASE, Referral",2,14
5921438305564932958,2016-12-13 14:12:57.000,"Social, Social, Referral",3,0
5059670462842291942,2016-12-07 21:29:47.000,"Referral, Referral, Referral, Referral",4,0
5370842366618648178,2016-12-09 20:35:06.000,"Display, Organic Search, Organic Search",3,0
6033687710864775123,2016-12-12 20:35:09.000,Organic Search,1,0
8612454810238832902,2016-12-20 16:41:16.000,Referral,1,0
3538928341316369424,2016-12-29 21:08:17.000,"Organic Search, Referral",2,0
3440941357653473285,2017-01-21 23:33:34.000,Referral,1,0
7552589182628406304,2017-02-23 02:34:56.000,"Organic Search, Organic Search, Organic Search, Organic Search, Organic Search, Organic Search, Organic Search, Organic Search, Organic Search, Organic Search, Organic Search, Organic Search, Organic Search, Organic Search, Organic Search, Organic Search, Organic Search, Organic Search, Organic Search, Organic Search, Organic Search, Organic Search, Organic Search, Organic Search, Organic Search, Organic Search, Organic Search, Organic Search",28,0
8322693232285500367,2017-02-10 23:30:43.000,Direct,1,0
92836986022494187,2017-05-05 18:57:30.000,"Direct, Direct",2,0
1817098361006619114,2017-03-29 22:28:15.000,Referral,1,0
9412874126037419152,2017-04-14 01:32:45.000,Direct,1,0
2303199190024622321,2017-04-25 17:12:54.000,Organic Search,1,0
2610708601231231422,2017-05-23 21:07:08.000,PURCHASE,1,1
4785023226103851500,2017-06-30 04:41:52.000,"Referral, Referral, Referral",3,0
426890790154936586,2017-06-01 03:02:29.000,Organic Search,1,0
8525552808729629890,2017-07-05 22:22:45.000,"Direct, Referral",2,0
2054197499443311442,2017-06-06 19:20:06.000,"Direct, Direct",2,0
8194948038979976753,2017-07-11 17:34:35.000,"Direct, Referral, Referral, Referral",4,0
8718769444040470230,2017-07-24 19:54:21.000,Referral,1,0
4406321641138445418,2016-11-02 02:58:02.000,Organic Search,1,0
2831548695576636242,2016-11-28 16:35:37.000,Organic Search,1,0
7501496730606583691,2016-12-07 22:59:58.000,Direct,1,0
7419167186572756753,2017-01-12 17:57:25.000,"Direct, Direct, Referral",3,0
7565764107128651335,2017-01-05 23:05:25.000,Paid Search,1,0
2402527199731150932,2017-02-01 23:02:07.000,"PURCHASE, Direct",2,6
6643309753401682133,2017-02-15 21:33:43.000,Direct,1,0
3753158727494093380,2017-05-11 17:53:36.000,"PURCHASE, Referral, Referral",3,1
7013028488637904040,2017-04-07 18:19:18.000,Organic Search,1,0
3685754350536487265,2017-04-13 19:01:44.000,"Referral, Referral",2,0
4693483789252266944,2017-04-30 07:00:00.000,Organic Search,1,0
0290333981372798422,2017-05-15 18:29:44.000,Referral,1,0
684586979835492905,2017-06-02 16:03:47.000,"PURCHASE, Referral, Referral, Referral, Referral",5,1
7806950251446529341,2017-05-31 19:56:05.000,"Referral, Referral",2,0
6381866992087813472,2017-05-31 19:51:46.000,Referral,1,0
713731982901764318,2017-07-06 19:23:57.000,"PURCHASE, Referral, Referral",3,1
9717690429113938490,2017-06-17 20:57:19.000,Organic Search,1,0
2621030918006073381,2017-02-19 00:10:37.000,"Direct, Direct",2,0
6215409591124058773,2017-05-02 15:43:15.000,"Direct, Direct",2,0
906130361364979592,2017-06-02 23:07:42.000,"Referral, Referral, Referral, Referral",4,0
7356046119944247540,2017-06-25 23:17:43.000,"Referral, Referral",2,0
1663588776724483567,2017-06-29 14:02:55.000,"Referral, Referral",2,0
1468478016521432136,2017-07-27 12:11:28.000,"Direct, Direct",2,0
2440247376986125183,2017-05-30 16:54:50.000,Direct,1,0
4578640586284138624,2016-09-14 22:30:08.000,"Direct, Direct, Direct, Direct, Direct, Direct, Direct, Direct, Direct, Direct, Direct, Direct, Direct, Direct, Direct, Direct, Direct, Direct, Direct, Direct, Direct, Direct, Direct, Direct, Direct, Direct, Direct, Direct, Direct, Direct, Direct, Direct, Direct, Direct, Direct, Direct, Direct, Direct, Direct, Direct, Direct, Direct, Direct, Direct, Direct",45,0
9994767073213036303,2016-08-09 20:00:18.000,"Organic Search, Organic Search, Organic Search, Organic Search",4,0
2272358426431745604,2016-08-12 16:16:56.000,"Display, Display, Display, Display, Organic Search, Organic Search, Display, Display",8,0
1579204935033750564,2016-09-25 14:46:20.000,Organic Search,1,0
4791240216779123406,2016-08-08 20:17:46.000,Referral,1,0
6557047754873330077,2016-08-09 16:58:59.000,Organic Search,1,0
9520888113788925789,2016-08-23 19:11:28.000,"Direct, Organic Search, Organic Search, Organic Search, Organic Search, Organic Search, Organic Search",7,0
0769891055069398469,2016-10-03 00:20:49.000,Referral,1,0
6173812362189693,2016-08-24 01:05:02.000,"Direct, Direct, Direct, Direct, Direct",5,0
3107820119942090267,2016-09-06 20:17:45.000,Referral,1,0
7785229083090323902,2016-10-19 03:17:52.000,"Referral, Referral, Referral, Referral, Referral, Referral",6,0
8896354517270377478,2016-09-17 20:36:43.000,Referral,1,0
3743841623706674212,2016-09-22 18:13:21.000,"Direct, Referral, Referral",3,0
8481378651104296608,2016-10-07 01:54:27.000,"Referral, Referral, Referral",3,0
3387281260224146216,2016-11-14 23:45:02.000,Organic Search,1,0
5789628268074280391,2016-12-23 20:30:13.000,"Referral, Referral, Direct, Referral",4,0
9677387117802304062,2016-10-10 20:40:20.000,Organic Search,1,0
2623654307647595583,2016-10-10 23:31:16.000,"Paid Search, Organic Search",2,0
1295521698300236570,2016-10-12 21:49:14.000,Referral,1,0
2955586208662590607,2016-10-17 16:54:45.000,"Organic Search, Organic Search",2,0
2402527199731150932,2016-11-25 17:01:06.000,PURCHASE,1,3
369829332229344580,2016-11-09 00:20:03.000,Organic Search,1,0
1966408168791591743,2016-10-26 18:55:00.000,"Referral, Referral",2,0
0226612145817715297,2016-11-09 05:15:23.000,"Organic Search, Organic Search, Organic Search",3,0
5492367789301420845,2016-11-03 17:57:24.000,Organic Search,1,0
5246872524436020591,2016-11-21 23:27:18.000,"Organic Search, Organic Search",2,0
8947840269258098991,2016-11-08 19:31:41.000,Referral,1,0
0714601935287141843,2016-11-29 22:15:40.000,Organic Search,1,0
1429990945500722210,2017-02-10 07:12:51.000,"Referral, Referral",2,0
0757950347466502177,2016-11-17 19:20:55.000,Direct,1,0
645131442954167518,2016-11-21 16:51:04.000,Referral,1,0
9033474883204542086,2016-12-14 17:04:02.000,"Referral, Referral, Referral, Referral, Referral, Referral, Referral, Referral, Referral, Referral, Referral, Referral, Referral, Referral",14,0
9458478946174454541,2016-12-16 19:34:54.000,Paid Search,1,0
728804413269267006,2016-12-26 03:11:47.000,"Organic Search, Organic Search, Organic Search, Organic Search, Organic Search, Organic Search",6,0
8264946937115630193,2017-02-01 15:26:58.000,"Referral, Referral, Referral, Referral, Referral",5,0
9077649148974613765,2017-06-25 23:52:38.000,"PURCHASE, Referral, Referral, Referral, Referral",5,1
6758967380059816274,2017-02-13 14:10:14.000,Organic Search,1,0
6944288019130180719,2017-03-07 15:49:03.000,PURCHASE,1,2
0039541267107154262,2017-03-17 22:24:24.000,PURCHASE,1,1
6001085697453639910,2017-03-22 22:52:39.000,"Organic Search, Organic Search, Organic Search",3,0
7732090134568997347,2017-05-03 23:41:34.000,Direct,1,0
0567114702296201573,2017-05-03 17:27:08.000,Referral,1,0
9687976620185337812,2017-07-31 15:29:08.000,Referral,1,0
9398461133792674482,2017-05-17 15:03:43.000,Organic Search,1,0
7933171750259720017,2017-06-28 16:58:35.000,"Paid Search, Organic Search, Organic Search",3,0
9196760344600861355,2017-06-22 21:43:28.000,"Referral, Referral",2,0
5357834743142863382,2017-06-27 19:08:53.000,Organic Search,1,0
7980598881440576861,2016-09-20 01:05:51.000,"Referral, Referral",2,0
8223058588270427668,2016-11-10 17:52:50.000,"Organic Search, Organic Search",2,0
9508546152429052363,2016-11-28 14:53:18.000,"Organic Search, Organic Search",2,0
1759779356678951325,2016-12-16 18:14:37.000,"PURCHASE, Direct, Direct, Direct",4,1
987691770768938785,2016-12-08 22:15:21.000,"Referral, Referral, Referral, Display",4,0
200523063890471612,2017-01-30 01:03:20.000,"Referral, Referral, Referral",3,0
2402527199731150932,2016-12-19 22:56:38.000,"PURCHASE, Direct",2,4
223992111609267003,2016-12-18 20:00:32.000,"Organic Search, Organic Search, Organic Search, Organic Search, Organic Search, Referral",6,0
8022178122812724446,2017-01-09 14:59:21.000,"Direct, Referral, Referral, Referral, Referral, Referral, Referral",7,0
7741113614366580526,2016-12-29 18:22:50.000,Display,1,0
4293807246358895318,2017-01-19 03:09:30.000,"Referral, Referral, Referral, Referral, Referral",5,0
28714765282885780,2017-02-04 05:24:44.000,"Referral, Referral, Referral, Referral",4,0
1721806610766296421,2017-03-10 23:06:30.000,"Referral, Referral",2,0
594022882962204579,2017-01-22 23:46:13.000,"Organic Search, Organic Search, Organic Search",3,0
0433977539031077073,2017-02-02 19:45:01.000,Organic Search,1,0
7691884507775578651,2017-03-07 19:14:16.000,"Organic Search, Organic Search, Paid Search, Paid Search",4,0
4544075373074742738,2017-02-24 19:35:31.000,"Referral, Referral, Referral, Referral, Referral, Referral",6,0
7216832908334831114,2017-03-30 23:41:25.000,"Organic Search, Organic Search, Organic Search, Organic Search",4,0
6158998502530077576,2017-04-21 00:38:05.000,Organic Search,1,0
1708063999877429517,2017-04-13 20:41:35.000,"Display, Display",2,0
7045327197067164006,2017-04-10 00:03:40.000,Organic Search,1,0
3552628610490649880,2017-05-01 14:39:44.000,Paid Search,1,0
2275632617171622582,2017-05-16 22:53:21.000,"Referral, Referral",2,0
7181633001164008604,2017-06-13 02:56:36.000,Referral,1,0
2076204015500549342,2017-06-01 18:50:01.000,Paid Search,1,0
987390821892515431,2017-06-23 18:17:38.000,Organic Search,1,0
8441639142548296911,2016-10-05 15:34:43.000,PURCHASE,1,1
438364665131336868,2016-12-10 03:42:36.000,Paid Search,1,0
8436426603099391262,2017-01-31 19:14:53.000,"PURCHASE, Referral, Organic Search, Organic Search, Referral, Referral",6,7
5541886923093040975,2016-12-19 08:45:11.000,"Referral, Referral, Referral",3,0
4191379935308714195,2017-01-05 13:59:33.000,"Organic Search, Organic Search",2,0
4359929883683645809,2017-03-04 19:50:01.000,"Referral, Referral, Referral, Referral, Referral, Referral, Referral, Referral, Referral, Referral, Referral, Referral, Referral",13,0
2549182723988683065,2017-02-02 20:32:57.000,Display,1,0
1971879185768782326,2017-03-31 15:27:03.000,Referral,1,0
5857676743018965961,2017-05-11 21:53:23.000,"Referral, Referral, Referral, Referral, Referral, Referral",6,0
2846265945939289063,2017-05-16 14:24:54.000,Organic Search,1,0
6006657047016577071,2017-06-12 18:09:31.000,"PURCHASE, Referral",2,4
0883480197021534726,2017-06-07 16:54:26.000,Direct,1,0
9673964860189487919,2017-07-28 21:51:29.000,Referral,1,0
6668081558564900297,2017-04-17 18:32:57.000,PURCHASE,1,1
6720643639676411949,2017-05-04 21:26:17.000,"Direct, Direct",2,0
7282058185499112847,2017-05-22 21:30:38.000,Direct,1,0
6075418837768242958,2017-07-12 00:48:47.000,"Referral, Referral",2,0
8844262168616364981,2016-08-01 18:49:35.000,Organic Search,1,0
5760753352577829144,2016-08-01 23:53:25.000,Direct,1,0
9040029218099206694,2016-08-02 19:01:54.000,Direct,1,0
315017261115039181,2016-09-11 18:22:47.000,"Direct, Direct, Direct, Direct, Direct, Direct, Direct, Direct, Direct, Direct, Direct, Direct, Direct, Direct, Direct, Direct, Direct",17,0
1478304759820778936,2016-09-08 16:03:52.000,"Referral, Referral, Referral, Referral, Referral, Referral, Referral, Referral, Referral",9,0
944726393618734388,2016-08-17 05:18:16.000,"Referral, Referral",2,0
3182046558551540109,2016-08-13 15:12:39.000,"Direct, Direct, Direct, Direct",4,0
0883559197202999847,2016-09-16 12:15:28.000,Referral,1,0
5575489198519963160,2016-08-26 17:21:59.000,PURCHASE,1,1
4362809979067745350,2016-09-09 03:15:26.000,"Referral, Referral",2,0
5791622267997002,2016-08-31 22:17:00.000,Display,1,0
2353966916541086672,2016-10-05 20:29:09.000,"Referral, Referral, Referral, Referral, Referral, Referral",6,0
8410353231365247459,2016-09-18 19:55:05.000,Referral,1,0
3215564925046357694,2016-10-10 19:41:00.000,"Direct, Referral, Referral, Referral",4,0
1271048198095464423,2016-09-28 18:26:30.000,"Referral, Referral",2,0
5241647858965846935,2016-10-01 20:46:39.000,Organic Search,1,0
5241647858965846935,2016-10-07 00:26:27.000,PURCHASE,1,1
1449837580028486750,2016-11-13 00:50:08.000,"Organic Search, Organic Search, Organic Search",3,0
0038111265827681261,2016-10-14 18:12:22.000,Direct,1,0
6010250598436085923,2016-10-14 15:11:42.000,Direct,1,0
7554501152738675328,2016-11-22 14:59:31.000,"Organic Search, Organic Search, Organic Search, Organic Search, Organic Search, Organic Search",6,0
2752688798072608210,2016-11-23 17:54:29.000,"Referral, Referral",2,0
7631154109847654517,2016-10-25 18:03:08.000,Organic Search,1,0
6288725097585538705,2017-01-09 17:51:29.000,"Direct, Organic Search",2,0
2241578867926472295,2016-12-09 14:17:12.000,"Organic Search, Organic Search",2,0
36617629525523089,2016-12-04 23:36:52.000,"Organic Search, Referral",2,0
730475210878766422,2016-12-13 04:13:44.000,Organic Search,1,0
9867098324358727615,2016-12-07 23:25:34.000,"Paid Search, Paid Search",2,0
6966023444510052421,2016-12-09 20:07:57.000,Direct,1,0
1807168875830631146,2017-01-11 19:47:54.000,"Referral, Referral, Referral, Referral, Referral",5,0
037220895437756047,2017-05-05 17:02:56.000,"Referral, Referral",2,0
5012216957441063220,2016-12-21 02:15:27.000,Organic Search,1,0
1271739936649587420,2017-02-03 20:52:24.000,"Referral, Referral, Referral",3,0
8209866700423757600,2017-03-02 22:58:39.000,"Direct, Direct",2,0
6128896276202796996,2017-03-08 04:32:13.000,"Organic Search, Organic Search, Organic Search",3,0
8493357153364319748,2017-04-12 05:02:55.000,"Referral, Referral",2,0
9865389122450632094,2017-03-28 17:32:41.000,Organic Search,1,0
147270510979304610,2017-03-29 00:49:13.000,Organic Search,1,0
6622161244934752871,2017-04-11 02:47:24.000,"Referral, Referral, Referral, Referral",4,0
0371602582972882095,2017-04-19 19:51:53.000,Organic Search,1,0
7268732315672412988,2017-05-04 04:39:16.000,"PURCHASE, Organic Search, Organic Search, Organic Search, Organic Search, Organic Search, Organic Search, Organic Search, Organic Search, Organic Search, Organic Search",11,1
5260253601763943122,2017-05-16 18:53:08.000,Referral,1,0
944996758495906062,2017-05-10 18:34:42.000,"Organic Search, Organic Search",2,0
2966611128426241872,2017-07-27 19:03:07.000,Direct,1,0
5952422370450576468,2017-07-24 01:36:55.000,Organic Search,1,0
454845221896711463,2017-08-01 17:23:36.000,"PURCHASE, Referral",2,1
0972673302515080474,2017-07-12 14:52:53.000,"Organic Search, Organic Search",2,0
7800508396890862296,2016-09-11 03:18:47.000,"Organic Search, Paid Search",2,0
784499115644338284,2016-10-11 15:16:01.000,"Referral, Referral",2,0
4011202411252216664,2016-11-04 05:20:42.000,Organic Search,1,0
8190690604112443321,2016-11-14 15:43:29.000,Direct,1,0
8986419064533048234,2016-11-23 17:36:13.000,Referral,1,0
3506641252508018377,2016-11-25 17:23:02.000,Direct,1,0
944798354555847366,2016-12-26 19:34:58.000,"Direct, Organic Search",2,0
9377458374004899718,2016-12-21 01:13:37.000,"Referral, Referral",2,0
5888035730986809120,2017-03-08 11:42:06.000,"Organic Search, Organic Search, Organic Search, Organic Search, Organic Search",5,0
7838650270550176403,2016-12-31 03:19:07.000,PURCHASE,1,1
054391506396728030,2017-01-23 17:53:26.000,Direct,1,0
4314863785819790681,2017-01-17 20:08:45.000,Referral,1,0
4417423808310929192,2017-02-24 21:31:59.000,"Organic Search, Organic Search",2,0
3394557957149163238,2017-02-14 19:45:44.000,Organic Search,1,0
3909763381289527043,2017-03-22 16:59:24.000,Referral,1,0
6823900200556222450,2017-05-18 00:36:59.000,"Organic Search, Organic Search, Organic Search, Organic Search",4,0
0554657701286789547,2017-04-27 15:44:59.000,PURCHASE,1,1
5720584332217047483,2017-04-18 16:18:59.000,Organic Search,1,0
6827945352712857729,2017-07-28 18:14:51.000,Referral,1,0
276483305236391136,2017-06-01 19:11:22.000,"Direct, Direct",2,0
3876864671784763078,2017-06-06 15:58:26.000,"Referral, Referral",2,0
4786162895403148605,2017-06-15 03:43:32.000,Referral,1,0
8250431010473509037,2017-07-11 21:16:56.000,"Referral, Referral",2,0
4660460246407615039,2017-01-30 17:35:57.000,Organic Search,1,0
1906926996764473743,2017-02-17 21:22:53.000,"Referral, Referral",2,0
6470814882136589176,2017-02-17 20:50:28.000,"Organic Search, Organic Search",2,0
5430871113071179635,2017-03-28 20:40:03.000,"Referral, Referral, Referral, Referral",4,0
530238188668261857,2017-03-17 22:40:35.000,"Direct, Direct",2,0
8161117182595468101,2017-06-07 02:43:30.000,"Display, Organic Search",2,0
0818860449344258953,2017-04-14 19:34:46.000,Referral,1,0
153202739036956642,2017-04-22 19:27:29.000,Referral,1,0
7128507522052528547,2017-06-20 00:13:34.000,Referral,1,0
4719737087574073999,2017-06-22 20:39:47.000,Referral,1,0
3179916194458138070,2017-07-05 18:05:20.000,"Direct, Direct, Direct, Direct",4,0
9560188227657174682,2017-06-30 14:05:17.000,"Organic Search, Referral, Referral",3,0
4589770341349031986,2017-06-22 18:35:26.000,Organic Search,1,0
9302767552528832368,2017-07-11 20:37:24.000,Organic Search,1,0
3471594580435227032,2017-07-05 19:34:13.000,Paid Search,1,0
5753687412615654863,2017-07-18 15:36:12.000,PURCHASE,1,1
7724099657846251773,2017-07-23 02:55:05.000,Referral,1,0
1063109698143249629,2017-07-24 07:00:36.000,"Organic Search, Organic Search",2,0
0634506282991036601,2017-05-02 18:11:28.000,"Direct, Direct, Direct",3,0
2539723678842817509,2017-05-08 22:36:33.000,"Direct, Referral",2,0
1447257816279888170,2017-07-27 13:41:37.000,"Referral, Referral, Referral, Referral",4,0
1927175312147751345,2016-12-09 22:54:45.000,"Referral, Referral, Referral",3,0
3137796021473000600,2016-08-26 15:23:22.000,"Direct, Direct, Direct, Direct, Direct",5,0
0981418362280472767,2016-09-24 18:15:00.000,"Referral, Referral, Referral, Referral",4,0
0155890066027533778,2016-08-12 18:00:31.000,Referral,1,0
6467250659124993626,2016-08-15 23:54:39.000,"Display, Referral",2,0
071298010648822329,2016-08-23 14:57:22.000,"Direct, Direct, Direct, Direct",4,0
6476783278979674523,2016-08-17 00:35:30.000,Organic Search,1,0
6373804829064456349,2016-08-18 18:39:10.000,Direct,1,0
4587300217226571258,2016-08-27 16:21:38.000,Social,1,0
0898833886828084827,2016-09-07 18:03:19.000,"Referral, Referral, Referral, Referral",4,0
9377429831454005466,2016-08-30 22:13:01.000,PURCHASE,1,2
7657116022844782849,2016-09-09 13:51:58.000,Referral,1,0
9377429831454005466,2016-09-15 21:35:19.000,"PURCHASE, Organic Search, Organic Search, Organic Search, Organic Search",5,4
2616726267850019328,2017-04-05 22:48:55.000,"Direct, Organic Search",2,0
4362809979067745350,2016-10-03 21:59:15.000,"PURCHASE, Referral, Referral, Referral, Referral",5,1
9020183156357919977,2016-09-09 17:11:35.000,"Direct, Referral",2,0
4021608342887037417,2016-09-21 00:17:09.000,Direct,1,0
9641579430088545210,2016-09-27 04:28:04.000,"Organic Search, Referral",2,0
8959460688137585797,2016-10-05 17:55:05.000,"PURCHASE, Direct",2,1
8139395515641968950,2016-10-23 04:53:47.000,"Referral, Referral, Referral",3,0
0211945437070044601,2016-10-09 20:49:29.000,"Referral, Referral",2,0
0940602166699838745,2016-10-18 02:23:38.000,"Referral, Referral, Referral, Referral",4,0
9952616174324085427,2016-11-05 00:58:04.000,"PURCHASE, Direct",2,2
3996247155986231536,2016-10-28 15:41:53.000,"Referral, Referral",2,0
8441678566500031275,2016-11-15 22:59:08.000,Referral,1,0
969805579159280599,2016-12-25 17:59:36.000,"Referral, Referral, Referral, Referral",4,0
2449425615576273633,2016-11-25 17:42:29.000,"Paid Search, Paid Search",2,0
0928427495961753778,2016-12-07 00:26:41.000,"Direct, Direct, Direct, Direct, Direct, Direct, Direct, Direct",8,0
0357440337109667396,2017-02-19 01:35:13.000,"Direct, Direct, Direct, Direct, Direct, Paid Search, Paid Search",7,0
3695951262891299439,2016-11-28 22:55:19.000,"Organic Search, Organic Search",2,0
7594746937801444625,2016-12-06 19:01:13.000,Referral,1,0
754193085382700442,2016-12-12 17:35:03.000,Referral,1,0
738777585657711314,2016-12-20 22:14:03.000,"Display, Display, Display",3,0
1078162902479144133,2017-01-10 20:12:04.000,"Referral, Referral",2,0
3080209354082466305,2017-01-12 22:25:54.000,Referral,1,0
0199756139590139879,2017-01-30 15:56:50.000,"Direct, Direct, Direct, Direct, Direct, Direct",6,0
3594748537350114699,2017-05-12 14:15:58.000,"Referral, Referral, Referral, Referral, Referral, Referral, Referral, Referral, Referral",9,0
2217355463780107340,2017-03-28 06:08:26.000,Organic Search,1,0
3623082378035847520,2017-04-03 16:32:51.000,"Organic Search, Organic Search",2,0
9241394751815106636,2017-04-10 20:15:23.000,"Referral, Referral",2,0
3351204506101423400,2017-04-17 20:39:02.000,Referral,1,0
8390158103120899776,2017-04-25 14:39:26.000,"Referral, Referral, Referral, Referral",4,0
6407020613319085956,2017-06-05 04:19:00.000,"Referral, Referral",2,0
562678147042735,2017-04-24 14:27:36.000,Organic Search,1,0
1720457021844230550,2017-05-02 20:50:23.000,"Referral, Referral, Referral",3,0
3955127543379144640,2017-05-01 20:05:22.000,"PURCHASE, Referral",2,1
5526624295443259064,2017-05-06 21:58:26.000,"Organic Search, Paid Search, Paid Search",3,0
6125563692107396483,2017-07-14 01:27:57.000,Direct,1,0
0994272213284505294,2017-05-30 04:59:45.000,Social,1,0
4943672858297748788,2017-06-13 21:11:24.000,Referral,1,0
4708133624098231997,2017-07-05 14:51:58.000,"Referral, Referral, Referral",3,0
8573628711430738315,2017-07-19 00:36:53.000,"Referral, Referral",2,0
6760732402251466726,2016-09-08 14:59:03.000,PURCHASE,1,8
9419904291932489665,2016-10-10 19:34:51.000,"Direct, Direct, Direct",3,0
1956307607572137989,2016-11-08 18:47:58.000,"Organic Search, Organic Search, Organic Search, Paid Search, Organic Search, Organic Search, Organic Search, Organic Search, Referral, Organic Search, Organic Search",11,0
8577293288032941687,2016-11-20 20:36:09.000,"Direct, Referral, Direct, Referral, Referral",5,0
3560070001469930919,2016-11-21 22:45:24.000,"Referral, Referral, Referral, Referral",4,0
8379398938146461034,2016-12-19 23:51:59.000,Referral,1,0
8883600023735279403,2016-12-06 22:23:26.000,"Organic Search, Organic Search, Organic Search, Organic Search",4,0
5441087838163342931,2016-12-06 18:01:37.000,Referral,1,0
6963887866811727980,2016-12-09 17:32:53.000,Referral,1,0
2061193526205671721,2016-12-24 18:37:22.000,Display,1,0
2527621344230499541,2016-12-14 15:56:51.000,Organic Search,1,0
4924742829648731109,2016-12-28 16:42:19.000,"PURCHASE, Referral, Referral",3,1
5149788969578895545,2017-02-26 19:34:28.000,"PURCHASE, Referral",2,1
155711517942843047,2017-01-10 01:43:16.000,"PURCHASE, Organic Search, Organic Search, Organic Search",4,1
1759779356678951325,2017-02-14 22:58:21.000,PURCHASE,1,4
4359929883683645809,2017-04-07 03:30:21.000,"PURCHASE, Referral, Referral, Referral, Referral, Referral, Referral, Referral, Referral, Referral, Referral, Referral, Referral",13,1
1163445611219743080,2017-03-22 22:26:02.000,Direct,1,0
9575515287846808484,2017-06-28 02:26:23.000,"Direct, Referral",2,0
4688701882146101937,2017-04-26 13:43:26.000,PURCHASE,1,1
7044592028544350936,2017-05-03 23:00:51.000,"Paid Search, Paid Search, Paid Search, Paid Search, Paid Search, Paid Search",6,0
1311599839630894482,2017-05-06 13:26:24.000,Organic Search,1,0
5764262000762138586,2017-05-10 00:53:09.000,"Organic Search, Organic Search",2,0
6396061240253387986,2017-05-16 21:57:40.000,Referral,1,0
0858059046468321718,2017-05-20 14:43:57.000,Direct,1,0
2345845626331322279,2017-06-08 16:42:30.000,Referral,1,0
1452613891025216774,2017-06-09 13:46:42.000,"Referral, Referral, Referral, Referral",4,0
9839986196824974326,2017-06-13 14:15:18.000,Referral,1,0
987390821892515431,2017-06-23 21:05:43.000,PURCHASE,1,1
3257459878780605999,2017-06-28 03:12:41.000,"Organic Search, Organic Search",2,0
9707913144913687378,2017-07-10 17:42:58.000,"Referral, Referral",2,0
354395446181773550,2017-07-08 22:09:56.000,Social,1,0
7591955684159608805,2017-07-18 23:38:49.000,Direct,1,0
8540688286241364465,2017-07-30 22:48:21.000,Paid Search,1,0
9240425877262756231,2017-07-28 19:41:34.000,Direct,1,0
3468690642506593738,2016-11-17 16:51:48.000,"PURCHASE, Referral, Referral, Referral",4,1
6218917791895202821,2016-12-09 20:42:59.000,Referral,1,0
9894656893993782511,2017-01-26 04:26:25.000,"Organic Search, Organic Search",2,0
2327809759534404336,2017-04-18 19:06:21.000,Organic Search,1,0
0291002892578472269,2017-05-05 14:54:48.000,Organic Search,1,0
6108513116421518895,2017-06-29 22:51:47.000,Referral,1,0
7497654040371634388,2016-08-19 23:09:15.000,Referral,1,0
0281795238965680893,2016-08-22 15:46:22.000,"PURCHASE, Direct, Direct, Direct, Direct",5,1
0240177559062852098,2016-08-10 19:25:55.000,Direct,1,0
7510366323696167693,2016-08-12 17:04:49.000,Direct,1,0
2144281539931737104,2016-08-31 15:04:44.000,Referral,1,0
6941556461186083517,2016-08-23 01:13:06.000,"Direct, Referral, Referral",3,0
7998818416650846708,2016-08-18 18:58:41.000,Direct,1,0
0150038807203175716,2016-09-01 20:28:53.000,"Referral, Referral",2,0
1656531747952187328,2016-09-01 19:09:17.000,Organic Search,1,0
5756208439960248003,2016-08-19 22:40:14.000,Organic Search,1,0
25383618704224288,2016-08-22 19:41:21.000,Organic Search,1,0
3897097305375760587,2016-09-04 17:06:43.000,"Referral, Referral",2,0
1220339310378878596,2016-09-27 23:33:58.000,"Referral, Referral, Referral",3,0
2071600581309850742,2016-09-12 21:40:03.000,"Direct, Referral",2,0
0674198499072575604,2016-09-11 17:39:08.000,"Direct, Referral, Referral",3,0
4923243433046835289,2016-09-15 15:53:06.000,Direct,1,0
1511633690597496390,2016-10-20 21:37:18.000,"Direct, Direct, Direct, Direct, Direct",5,0
6452846542924661655,2016-09-30 15:40:17.000,"Referral, Referral",2,0
026401348536755877,2016-10-01 00:02:01.000,"Organic Search, Referral, Referral, Referral, Referral, Referral, Referral",7,0
6127323333777409997,2016-09-29 20:01:47.000,"Referral, Referral",2,0
359543575011787613,2016-09-28 23:10:04.000,PURCHASE,1,1
5785105569692968481,2016-10-06 01:15:27.000,Referral,1,0
5100328694524368177,2016-10-12 17:20:49.000,"Referral, Referral",2,0
2402527199731150932,2016-10-17 19:19:42.000,PURCHASE,1,1
408893888652154187,2016-11-10 03:22:02.000,"Organic Search, Organic Search, Organic Search",3,0
9127648314670892401,2016-11-17 18:10:49.000,"Direct, Referral, Referral, Referral",4,0
5233741676972718010,2016-11-15 15:50:28.000,Referral,1,0
2926339495422227598,2017-01-03 23:07:11.000,"PURCHASE, Direct, Direct, Direct, Direct",5,1
3247985918659922679,2016-12-02 05:23:50.000,Referral,1,0
7370090587515633465,2016-11-22 19:48:12.000,Referral,1,0
2972947690277479777,2016-11-30 15:26:20.000,"Organic Search, Organic Search",2,0
56623046680377668,2016-11-28 22:19:27.000,Organic Search,1,0
1738877552800780559,2016-12-06 16:45:25.000,Referral,1,0
072595322994470645,2016-12-15 21:41:59.000,PURCHASE,1,1
9167619143528536175,2016-11-30 00:56:25.000,Referral,1,0
6229372461405540359,2016-12-06 14:51:50.000,Referral,1,0
8191371294306245008,2016-12-14 00:45:17.000,"Organic Search, Organic Search, Social, Organic Search, Referral, Referral",6,0
1109190750765217972,2016-12-05 22:46:03.000,PURCHASE,1,1
4656013451214852982,2017-02-15 00:29:29.000,"PURCHASE, Referral",2,1
6726478899201625475,2017-01-04 14:52:33.000,PURCHASE,1,1
9293575840819435961,2017-01-20 15:16:06.000,"Organic Search, Organic Search",2,0
6366738125554594213,2017-02-09 01:17:29.000,"PURCHASE, Referral",2,1
4123860234327657457,2017-01-04 19:48:33.000,Direct,1,0
9338374006954760146,2017-03-20 15:11:53.000,PURCHASE,1,2
9974232250427988367,2017-03-29 18:53:52.000,"PURCHASE, Direct",2,2
9263921253881961615,2017-02-04 16:31:27.000,"Referral, Display",2,0
645993360426050019,2017-03-06 17:11:54.000,Organic Search,1,0
8889736070492596057,2017-02-02 15:08:15.000,Organic Search,1,0
156905236318704928,2017-03-29 22:38:55.000,PURCHASE,1,1
2295240953686921101,2017-05-08 21:09:37.000,"PURCHASE, Referral",2,1
235594707904808624,2017-05-08 00:45:41.000,"Direct, Paid Search, Paid Search, Paid Search",4,0
5426964543213202381,2017-04-11 18:32:35.000,Referral,1,0
1806006534240481243,2017-06-14 02:21:44.000,"Organic Search, Organic Search",2,0
6068102071010648164,2017-06-07 19:52:13.000,Referral,1,0
6310913035223827948,2017-07-14 15:24:49.000,Referral,1,0
9219609257103359166,2017-07-27 21:06:30.000,Referral,1,0
3303034042373276972,2017-07-28 17:26:30.000,"Referral, Referral, Referral",3,0
6391833308528377505,2016-08-26 18:30:51.000,Direct,1,0
428994201200499894,2016-09-07 11:47:35.000,PURCHASE,1,2
9275813847347927121,2016-09-04 00:38:09.000,Paid Search,1,0
4624790961997446284,2017-05-13 20:32:50.000,"Organic Search, Organic Search, Referral, Paid Search, Organic Search",5,0
1759779356678951325,2016-10-27 16:57:35.000,"Direct, Direct, Direct, Direct",4,0
3170270941303013554,2016-10-26 17:46:20.000,Referral,1,0
3440800253483644462,2016-12-18 20:11:27.000,"Referral, Referral, Referral, Referral, Referral, Referral, Referral, Referral, Referral",9,0
7466083443246048335,2016-10-21 18:35:18.000,Display,1,0
2852655994444801734,2016-11-01 17:25:20.000,"Organic Search, Organic Search",2,0
0635884302803759037,2016-11-17 01:14:29.000,Referral,1,0
6453950151397418687,2016-12-05 15:53:03.000,"Referral, Referral",2,0
6358287541607688443,2016-12-09 15:53:24.000,Referral,1,0
0929362987214513491,2016-12-10 03:32:53.000,Referral,1,0
528231576022767993,2016-12-15 23:51:11.000,"Referral, Referral",2,0
0686766074904091675,2017-03-20 22:42:41.000,"Direct, Direct, Direct, Referral, Referral, Referral, Referral, Referral, Referral",9,0
2528551022767237058,2016-12-20 19:46:25.000,"PURCHASE, Referral, Referral",3,2
7908882748835077246,2017-01-19 22:33:10.000,"Direct, Direct",2,0
8100631432407926233,2017-03-27 02:54:21.000,"PURCHASE, Organic Search, Organic Search, Organic Search, Organic Search, Organic Search, Organic Search, Direct",8,1
2913067759054132692,2017-03-09 00:46:31.000,"Organic Search, Organic Search, Organic Search, Organic Search, Organic Search, Organic Search, Organic Search, Organic Search, Organic Search, Organic Search, Organic Search, Organic Search, Organic Search, Organic Search, Organic Search, Organic Search, Organic Search, Organic Search, Organic Search, Organic Search, Organic Search, Organic Search, Organic Search, Organic Search, Organic Search, Organic Search, Organic Search",27,0
2077293997030984346,2017-01-31 23:21:27.000,"Direct, Direct",2,0
7452591958167406113,2017-01-31 02:23:48.000,"Referral, Referral",2,0
8326216661433256672,2017-02-15 00:51:05.000,"Organic Search, Display, Organic Search, Organic Search",4,0
9236502013498900724,2017-02-14 13:41:39.000,"Referral, Referral",2,0
3474268755825175033,2017-02-17 22:50:02.000,Direct,1,0
7000708126985064854,2017-03-08 19:34:56.000,"Display, Organic Search, Organic Search",3,0
6850824417325260656,2017-03-19 19:13:25.000,"Organic Search, Organic Search, Organic Search",3,0
2610708601231231422,2017-04-25 17:00:49.000,"Referral, Referral, Referral",3,0
1957458976293878100,2017-04-05 20:19:40.000,"PURCHASE, Display, Display, Display, Display, Display",6,2
8651862803150633528,2017-04-03 19:08:17.000,Organic Search,1,0
7412384587534122484,2017-04-18 00:18:54.000,"Organic Search, Organic Search",2,0
405641263394677056,2017-05-04 19:42:39.000,"Referral, Referral, Referral",3,0
341126939247417424,2017-06-19 17:30:40.000,"Direct, Referral, Referral",3,0
4495098615981928560,2017-06-12 17:46:40.000,"Referral, Referral",2,0
239011216868684634,2017-06-19 15:38:07.000,"Referral, Referral, Referral",3,0
0348641465070077039,2017-05-12 18:15:25.000,"Direct, Referral",2,0
320727560379630083,2017-05-30 23:15:06.000,Referral,1,0
7303461177926085857,2017-07-23 16:23:19.000,"Direct, Direct",2,0
3407395331246980159,2017-06-05 18:14:35.000,"Organic Search, Organic Search",2,0
5429642908355908578,2017-06-13 19:58:35.000,Referral,1,0
7499829957338497070,2017-06-24 21:08:35.000,"Organic Search, Organic Search",2,0
7933171750259720017,2017-07-03 16:03:31.000,PURCHASE,1,1
5256372508003021503,2017-07-06 17:22:26.000,"Referral, Referral, Referral, Referral",4,0
3680806121011427493,2017-07-06 23:33:57.000,Referral,1,0
1973279275238171732,2017-07-15 23:53:19.000,Direct,1,0
213223799802259232,2017-06-16 22:15:20.000,Paid Search,1,0
9372757256015495422,2017-04-04 19:10:23.000,"Referral, Referral, Referral",3,0
4178920875112145091,2017-03-07 01:01:47.000,"Organic Search, Organic Search",2,0
1440541984553829835,2017-04-03 16:15:46.000,Organic Search,1,0
7878351670032839098,2017-04-24 17:35:50.000,"PURCHASE, Organic Search",2,1
9333802179902056601,2017-04-28 17:06:50.000,Organic Search,1,0
2479467739525533377,2017-05-08 15:27:00.000,"Organic Search, Organic Search, Organic Search, Organic Search, Organic Search, Organic Search",6,0
5949575431286593178,2017-05-08 05:17:50.000,"Organic Search, Organic Search, Organic Search",3,0
6925331235673331081,2017-05-21 04:15:24.000,"Paid Search, Paid Search, Paid Search, Paid Search, Paid Search, Paid Search, Organic Search, Paid Search, Paid Search, Paid Search",10,0
0893919105830368772,2017-07-17 17:28:07.000,"Referral, Referral, Referral",3,0
2996218243014661996,2017-06-29 23:09:05.000,"Direct, Direct, Direct",3,0
5041710037464068064,2017-06-20 02:05:45.000,Paid Search,1,0
403789659645595849,2017-06-28 22:28:05.000,"Direct, Direct, Organic Search",3,0
7181128763936845788,2017-07-22 16:19:31.000,"Paid Search, Organic Search",2,0
2818796658906330904,2017-07-07 21:48:16.000,"Referral, Referral, Referral",3,0
4186654201396383023,2016-08-05 18:06:51.000,"Referral, Referral",2,0
4061386306679952654,2016-08-05 00:36:39.000,"Direct, Organic Search",2,0
4224696907303131562,2016-10-07 21:47:38.000,"Organic Search, Organic Search, Organic Search, Organic Search, Organic Search, Organic Search, Organic Search, Organic Search, Organic Search, Organic Search, Organic Search, Organic Search, Organic Search, Organic Search, Organic Search, Organic Search",16,0
7757321613072475237,2016-08-09 20:52:43.000,"Referral, Referral",2,0
770431600902969839,2016-08-15 17:55:57.000,"Referral, Referral, Referral, Referral",4,0
8950892768643244752,2016-08-14 20:01:07.000,"Referral, Paid Search",2,0
8430240768850820716,2016-08-10 18:31:16.000,"PURCHASE, Referral",2,1
2385451684587900506,2016-08-18 20:29:23.000,Organic Search,1,0
4009492225738165709,2016-08-09 05:05:21.000,"Referral, Referral",2,0
1884511874414753238,2016-10-31 06:34:36.000,"PURCHASE, Organic Search, Organic Search, Organic Search",4,1
2020115174591875878,2017-01-13 15:54:03.000,"Referral, Referral, Referral, Referral, Direct, Direct, Referral, Referral",8,0
1315772786660606104,2016-10-02 18:32:56.000,"Referral, Referral, Referral",3,0
0686296766200627569,2016-08-16 14:45:37.000,PURCHASE,1,1
1182594311076605554,2016-08-15 13:21:23.000,Direct,1,0
1152783773288271074,2016-08-27 05:39:56.000,"Referral, Referral, Referral, Referral, Referral",5,0
0844230928212889556,2016-11-22 19:43:55.000,"Direct, Direct",2,0
1386841622492700501,2016-08-18 21:38:05.000,Direct,1,0
3861180496381149226,2016-08-23 22:20:33.000,"PURCHASE, Organic Search, Organic Search, Organic Search",4,1
1293569204679360479,2016-08-21 19:12:30.000,"Direct, Direct, Direct",3,0
5541013582108624556,2016-08-24 21:27:50.000,Direct,1,0
7884773385633780909,2016-08-24 17:01:45.000,Display,1,0
2778479454208664084,2016-09-14 17:12:13.000,Direct,1,0
8532069530739848157,2016-09-04 20:09:11.000,"Paid Search, Organic Search, Organic Search",3,0
359543575011787613,2016-09-28 19:43:50.000,"Paid Search, Paid Search, Paid Search, Paid Search",4,0
4077897320198403283,2016-11-10 20:39:18.000,"Organic Search, Organic Search, Organic Search, Organic Search, Display, Display, Direct, Direct",8,0
56746998029721050,2016-10-31 22:54:25.000,"Organic Search, Organic Search, Organic Search, Organic Search",4,0
7088670546795941056,2016-11-04 20:19:23.000,"Referral, Referral, Referral, Referral, Referral",5,0
0642830728760694475,2016-11-04 14:04:50.000,"Referral, Referral",2,0
959901135395206593,2016-12-14 17:03:48.000,"Referral, Referral, Referral",3,0
858907398877026247,2016-12-06 17:41:02.000,"Organic Search, Organic Search",2,0
5544703101015232605,2016-12-15 19:06:17.000,"Referral, Referral, Referral",3,0
0594824422792523749,2017-03-01 21:28:32.000,"PURCHASE, Referral",2,1
1827763305655925232,2016-12-15 18:00:37.000,"Referral, Referral",2,0
5302571039827656728,2017-01-10 16:30:56.000,Referral,1,0
4846439934286422830,2017-01-13 00:51:43.000,Direct,1,0
8696957377453802990,2017-01-16 01:31:09.000,Organic Search,1,0
072871522029318255,2017-01-25 06:57:31.000,"Direct, Organic Search",2,0
8504210729882302627,2017-02-08 16:18:41.000,Organic Search,1,0
853098633014712543,2017-04-05 03:13:20.000,"PURCHASE, Organic Search, Organic Search, Organic Search, Organic Search",5,1
4284278279892078822,2017-03-07 16:15:17.000,Organic Search,1,0
9238627988469145785,2017-03-10 21:43:08.000,Referral,1,0
7021513890220777555,2017-05-03 18:46:03.000,Direct,1,0
6349916551056809056,2017-05-31 18:16:23.000,"PURCHASE, Referral, Referral",3,1
6221432242012964365,2017-05-16 15:10:37.000,Organic Search,1,0
1891868313007224972,2017-05-25 17:03:36.000,Organic Search,1,0
5469079519715865124,2017-05-31 20:08:06.000,"Direct, Direct, Referral, Referral",4,0
5097087346105463693,2017-07-11 23:39:43.000,"PURCHASE, Organic Search, Organic Search",3,1
4069497283751295817,2017-06-08 13:21:48.000,Direct,1,0
2632912654814776637,2016-09-02 01:39:58.000,"Organic Search, Organic Search",2,0
9377429831454005466,2016-08-29 23:57:38.000,PURCHASE,1,1
0509428697410335222,2016-09-11 06:29:48.000,"Referral, Referral",2,0
1063651652107093288,2016-10-12 20:00:21.000,"Direct, Direct, Direct, Direct, Direct, Direct, Direct, Direct, Direct, Direct, Direct, Direct, Direct, Direct, Direct, Direct",16,0
7849560023703448121,2016-10-31 14:40:12.000,"Direct, Direct, Direct, Referral, Referral, Referral, Referral, Referral, Referral",9,0
1233984196205205270,2016-11-29 04:02:22.000,PURCHASE,1,1
400913504715815672,2016-11-05 02:11:55.000,"Paid Search, Organic Search",2,0
9503263320769884901,2016-12-20 15:12:23.000,"Organic Search, Referral, Referral",3,0
3709746839130866401,2017-02-14 18:55:19.000,"Referral, Referral",2,0
0873520573729672168,2016-11-17 19:05:28.000,"Referral, Referral, Referral, Referral",4,0
2496439703637913793,2016-12-21 01:24:41.000,"Direct, Referral, Referral, Referral",4,0
8512789014299357843,2016-11-29 23:49:29.000,"Referral, Referral, Organic Search",3,0
6061471079783335159,2016-12-09 02:02:11.000,"Direct, Direct",2,0
2645531348518887881,2016-12-14 18:41:29.000,Direct,1,0
2411322974724385937,2016-12-15 20:02:15.000,PURCHASE,1,2
4390937504431620724,2016-12-21 21:39:53.000,"Referral, Referral",2,0
4561223317257088622,2017-03-10 05:33:22.000,PURCHASE,1,1
205818826345710444,2017-01-27 02:18:25.000,"Organic Search, Organic Search, Organic Search, Organic Search, Organic Search",5,0
7843562488071473206,2017-01-31 16:01:46.000,Direct,1,0
9004668593024428031,2017-02-01 21:35:35.000,"Direct, Referral, Organic Search, Organic Search, Referral, Referral, Referral",7,0
987095605185435799,2017-02-20 23:15:27.000,Referral,1,0
4863941202505455588,2017-02-23 22:56:17.000,"Referral, Referral",2,0
1618884882553763938,2017-03-11 04:02:48.000,PURCHASE,1,1
0921549306877802147,2017-04-26 05:38:30.000,"Referral, Referral",2,0
9400788889925375458,2017-04-18 04:05:41.000,Organic Search,1,0
0760185147017673561,2017-04-29 21:54:16.000,Referral,1,0
6089414993077577412,2017-05-09 17:15:10.000,Referral,1,0
339334311045885434,2017-07-13 17:24:23.000,Referral,1,0
3454415788904146693,2017-07-26 03:22:24.000,"Organic Search, Organic Search, Organic Search, Organic Search, Organic Search, Organic Search, Organic Search",7,0
3582956015657288253,2016-12-24 16:06:45.000,"Direct, Direct",2,0
6396549139085874526,2016-12-15 16:52:57.000,"Referral, Referral",2,0
8461125385427313402,2016-12-26 22:59:31.000,"Direct, Direct",2,0
1439206441625639697,2016-12-19 20:07:30.000,PURCHASE,1,1
5783843869687303136,2016-12-17 01:43:53.000,Organic Search,1,0
7522241323789304840,2016-12-29 21:36:46.000,Referral,1,0
8156693537451506265,2017-01-13 00:29:52.000,Referral,1,0
9535515835082372493,2017-02-08 19:48:02.000,"Organic Search, Organic Search",2,0
0027729301290398668,2017-01-18 04:09:55.000,Direct,1,0
9530011325522794445,2017-03-22 18:17:30.000,"Referral, Referral, Referral",3,0
8601291069934991536,2017-03-02 16:50:47.000,"Referral, Referral, Referral",3,0
7093542318581071543,2017-03-13 21:56:31.000,"Referral, Referral",2,0
560045648140089234,2017-03-06 21:39:19.000,Referral,1,0
7347861354836730309,2017-04-19 17:41:29.000,"Referral, Referral, Referral",3,0
5542844395633027147,2017-04-28 19:31:58.000,PURCHASE,1,1
4576899251593207371,2017-04-27 20:17:10.000,Direct,1,0
0744194450160663160,2017-05-23 23:11:56.000,Referral,1,0
9793419613813560755,2017-06-12 22:54:45.000,Organic Search,1,0
77222285299709169,2016-12-27 01:13:30.000,Organic Search,1,0
0314533611538644167,2017-02-13 17:45:15.000,Referral,1,0
1460451526173244694,2017-05-11 19:39:09.000,Direct,1,0
3161406189281338784,2017-06-21 16:13:55.000,Direct,1,0
8579647481420425960,2017-07-19 17:22:25.000,"Referral, Referral",2,0
0014262055593378383,2017-07-15 17:24:22.000,"PURCHASE, Referral",2,2
1817256435818850257,2016-08-01 23:36:16.000,"Organic Search, Organic Search",2,0
3104253382416349385,2016-09-22 11:59:01.000,"Direct, Direct, Referral, Referral",4,0
7397945137080548470,2016-08-04 21:14:23.000,"Referral, Referral",2,0
3944989619827418524,2016-08-22 16:56:25.000,"Direct, Direct, Direct, Direct, Referral, Referral",6,0
6903095151297107595,2016-09-28 03:59:02.000,"PURCHASE, Direct, Direct, Direct",4,1
2393197369360097718,2016-08-11 18:51:24.000,Referral,1,0
1562776623325712285,2016-09-12 15:14:30.000,"Referral, Referral, Referral, Referral, Referral, Referral, Referral, Referral",8,0
4739974666602376469,2016-12-05 18:51:48.000,Direct,1,0
1228194844972973772,2016-08-18 12:24:15.000,"PURCHASE, Referral, Referral",3,1
8256695624571036150,2016-08-23 05:29:31.000,"Organic Search, Paid Search",2,0
0520662463655484321,2016-08-22 15:54:12.000,Direct,1,0
1417164451104634851,2016-08-26 16:43:12.000,Organic Search,1,0
1476938238176225678,2017-02-13 21:32:51.000,"Referral, Referral, Referral, Referral",4,0
743123551680199202,2016-08-26 17:10:09.000,PURCHASE,1,1
0061519776091452595,2016-09-14 14:20:46.000,Organic Search,1,0
6660289189786531179,2016-09-13 04:24:04.000,Direct,1,0
0396718069117936487,2017-07-22 15:50:29.000,"Referral, Referral",2,0
7970882488065232755,2016-09-23 03:17:36.000,Display,1,0
261239019059518659,2016-09-29 17:44:24.000,Referral,1,0
4214801094653561091,2016-10-11 21:55:31.000,"Referral, Referral, Referral",3,0
5531467304590272597,2016-11-16 16:47:58.000,"Referral, Organic Search",2,0
2517364798811740879,2016-10-21 00:24:08.000,"Direct, Direct, Direct, Direct, Direct",5,0
2435691687281327196,2016-10-20 20:41:21.000,"Referral, Referral",2,0
4150045937038585512,2016-11-02 16:54:51.000,Referral,1,0
0244766556983704128,2016-11-05 23:08:33.000,Paid Search,1,0
217550297208282577,2016-12-06 01:34:21.000,"Paid Search, Organic Search, Organic Search",3,0
2997672988390707183,2016-12-05 06:08:16.000,Referral,1,0
9974232250427988367,2017-01-06 18:04:23.000,PURCHASE,1,1
1167024322256715151,2017-01-05 23:18:51.000,"Direct, Direct, Direct, Direct",4,0
1184983596770783186,2016-12-23 19:20:54.000,"Organic Search, Organic Search, Organic Search",3,0
3158455409969332495,2017-02-09 21:09:34.000,"PURCHASE, Referral, Referral, Referral, Referral",5,1
2402527199731150932,2017-01-26 18:02:36.000,PURCHASE,1,5
8398495866792940081,2016-12-23 22:39:12.000,"PURCHASE, Organic Search",2,1
7857874876716902829,2016-12-22 01:35:01.000,Referral,1,0
9612869627266957386,2016-12-25 03:12:26.000,Paid Search,1,0
4664319107970739921,2017-02-03 15:53:22.000,"Direct, Direct, Direct, Direct",4,0
30596413607230095,2017-03-21 16:16:38.000,"Direct, Direct, Direct, Direct, Direct",5,0
3753158727494093380,2017-04-02 17:22:48.000,"Referral, Referral, Referral",3,0
0039541267107154262,2017-03-09 23:28:40.000,Organic Search,1,0
6768770758966882890,2017-03-08 02:19:48.000,Referral,1,0
9372618001980854712,2017-03-28 15:35:59.000,PURCHASE,1,4
6361909939784591562,2017-03-29 14:37:34.000,Organic Search,1,0
7298416213438900925,2017-06-22 20:29:45.000,"PURCHASE, Paid Search, Organic Search, Organic Search, Organic Search, Organic Search",6,1
2292975471852115027,2017-04-12 18:09:50.000,Organic Search,1,0
5501735992704421396,2017-05-23 12:55:01.000,"Direct, Direct, Direct",3,0
487776113418404925,2017-05-04 15:22:16.000,Direct,1,0
6995967173645019061,2017-06-16 17:25:55.000,Direct,1,0
4793388674495960680,2017-05-23 21:03:27.000,"Organic Search, Organic Search",2,0
4319698081839959433,2017-05-30 16:55:48.000,Referral,1,0
9822492926505552185,2017-06-02 15:23:12.000,Referral,1,0
3747190338602183092,2017-06-13 14:22:16.000,"Organic Search, Organic Search, Organic Search",3,0
0376394056092189113,2017-07-12 16:10:29.000,"Referral, Referral",2,0
3221924345288041502,2017-07-17 22:40:29.000,Referral,1,0
8885051388942907862,2016-08-25 23:06:51.000,"PURCHASE, Referral",2,1
3095756132882918441,2016-08-30 17:23:01.000,PURCHASE,1,1
2686617890416738717,2016-11-07 19:21:30.000,"Organic Search, Referral, Referral, Referral, Referral, Referral, Organic Search",7,0
5241647858965846935,2016-11-13 20:29:54.000,"PURCHASE, Organic Search, Organic Search, Paid Search, Display, Organic Search, Paid Search, Paid Search, Paid Search, Paid Search, Paid Search, Paid Search, Paid Search",13,2
8392868908637772371,2016-11-17 04:06:44.000,"PURCHASE, Referral",2,1
4977770037657405515,2016-11-13 23:04:23.000,PURCHASE,1,1
0069780920436052632,2016-11-15 17:41:41.000,Direct,1,0
4973306700711399156,2016-12-07 19:41:16.000,"Organic Search, Organic Search, Organic Search, Organic Search",4,0
532016816923357737,2016-11-28 00:05:20.000,Direct,1,0
9014136210132782367,2016-11-30 02:56:13.000,"Referral, Referral, Referral",3,0
0951979273858392158,2016-12-07 17:49:08.000,"Paid Search, Organic Search, Paid Search",3,0
6147396474895233852,2017-01-31 16:20:20.000,PURCHASE,1,4
5189398404527635970,2017-02-16 22:51:27.000,"PURCHASE, Referral, Referral",3,1
5590743844926892757,2016-12-19 15:44:00.000,"PURCHASE, Direct, Direct, Direct, Direct",5,2
531400332110604167,2016-12-14 20:32:58.000,Referral,1,0
6224639817725111721,2016-12-18 04:15:47.000,Paid Search,1,0
6515057374372191963,2016-12-19 09:18:46.000,"Organic Search, Social",2,0
9803295841650471013,2016-12-20 20:03:21.000,Direct,1,0
2093025970866126712,2016-12-24 16:45:46.000,Referral,1,0
0047868538532140235,2017-01-18 12:54:29.000,"Direct, Direct",2,0
9523142287027067833,2017-01-03 03:50:31.000,"PURCHASE, Referral, Referral",3,2
0950533423538162266,2017-01-19 19:49:33.000,Referral,1,0
2513134404212328094,2017-02-09 17:12:03.000,"PURCHASE, Referral, Referral, Referral, Referral, Referral, Referral, Referral",8,1
053534274976399191,2017-02-28 18:35:53.000,Referral,1,0
5263059809967138936,2017-03-06 20:46:21.000,"PURCHASE, Direct",2,1
0209588266013545629,2017-03-24 21:26:15.000,Referral,1,0
9271646111007364974,2017-04-18 14:21:37.000,Organic Search,1,0
120266359617148298,2017-04-06 22:43:38.000,"Organic Search, Organic Search",2,0
9067286853388783670,2017-06-05 14:06:12.000,"PURCHASE, Organic Search, Organic Search, Organic Search",4,2
7727831218148659507,2017-05-11 22:12:50.000,"Direct, Direct",2,0
7691826110185211654,2017-05-19 17:53:10.000,"Organic Search, Organic Search",2,0
3508419666243874603,2017-06-23 18:21:21.000,"Organic Search, Organic Search, Referral",3,0
4309014252649761894,2017-05-17 19:38:31.000,Referral,1,0
5097087346105463693,2017-06-06 20:02:17.000,Organic Search,1,0
7273056780415192375,2017-06-14 18:14:40.000,"Referral, Referral",2,0
7247213948842661209,2017-06-20 07:54:41.000,Direct,1,0
9732592243898924812,2017-06-21 15:23:55.000,Direct,1,0
9356220375344128149,2017-06-25 00:13:09.000,Organic Search,1,0
7999804494517330141,2017-07-07 22:13:40.000,"Organic Search, Organic Search, Organic Search, Organic Search",4,0
9079614112770240084,2016-12-13 16:32:05.000,Direct,1,0
3906220352266938232,2016-12-19 04:06:10.000,Referral,1,0
6578016208706520145,2017-01-26 04:01:04.000,"Direct, Direct",2,0
8131657665328866600,2017-05-30 22:09:50.000,"Referral, Referral, Referral, Referral, Referral",5,0
0053010816158486672,2017-02-15 16:12:47.000,Direct,1,0
3346636018535038432,2017-03-08 19:23:08.000,Direct,1,0
8495435396140444674,2017-04-07 19:03:41.000,Direct,1,0
8458146080792747296,2017-06-05 14:11:50.000,Referral,1,0
4388070466320474204,2017-06-13 14:46:50.000,Organic Search,1,0
7865812508027554896,2017-06-14 19:21:46.000,Referral,1,0
891256389600004515,2017-08-02 04:01:07.000,"Referral, Referral, Referral, Referral, Referral, Referral, Referral, Referral, Referral, Referral, Referral, Referral, Referral",13,0
5402571042001627330,2017-07-12 21:40:29.000,PURCHASE,1,1
2266837403735683845,2017-07-27 06:22:13.000,"Paid Search, Organic Search, Organic Search, Organic Search, Paid Search",5,0
8991883753998763488,2016-12-18 22:57:56.000,Referral,1,0
2877243749158885566,2017-05-03 18:35:04.000,Direct,1,0
0239563913417476259,2016-08-19 23:23:23.000,"Organic Search, Organic Search, Organic Search, Social, Organic Search, Social",6,0
8518740059623315737,2016-08-12 22:16:44.000,"Referral, Referral, Referral, Referral, Referral, Referral",6,0
6597110312639955010,2016-11-28 17:03:42.000,Organic Search,1,0
572741150050251305,2016-08-12 20:07:47.000,"Organic Search, Referral, Referral",3,0
4198604247843103568,2016-08-15 05:14:58.000,"Organic Search, Organic Search",2,0
1891695043841609231,2016-08-15 01:51:18.000,Organic Search,1,0
3981877997953574579,2017-03-23 19:31:17.000,"PURCHASE, Referral, Referral, Referral, Referral, Referral, Referral, Referral, Referral, Referral, Referral, Referral",12,1
4752092158330591703,2016-08-21 07:00:21.000,"Referral, Referral, Referral",3,0
0622280363748067669,2016-08-23 23:47:42.000,"Referral, Referral, Referral",3,0
6983052768258089610,2016-08-24 21:09:51.000,"Referral, Referral",2,0
2219058549667312453,2016-08-24 00:57:04.000,Referral,1,0
6760732402251466726,2016-08-31 15:08:07.000,"PURCHASE, Referral, Referral, Referral",4,4
247613008812895646,2016-09-09 20:45:14.000,"Direct, Referral, Referral",3,0
4117715707586638029,2016-09-26 16:35:16.000,"Referral, Referral",2,0
6563742407321664584,2016-09-08 16:25:48.000,"Organic Search, Organic Search",2,0
8326820908618038040,2016-09-07 05:03:25.000,Referral,1,0
3246079438339709804,2016-09-15 14:33:47.000,"Referral, Referral",2,0
803888563485194008,2016-09-18 18:52:26.000,Referral,1,0
6114058058158065856,2016-09-21 18:42:46.000,Referral,1,0
1554718843022291627,2016-10-19 15:03:31.000,Referral,1,0
2446685875964479851,2016-10-18 02:53:28.000,"Organic Search, Paid Search",2,0
5083565941848511171,2016-10-12 04:58:34.000,"Direct, Direct",2,0
0917544021316990441,2016-11-07 18:20:04.000,"Organic Search, Organic Search, Organic Search",3,0
4157301099254368232,2016-10-16 19:39:00.000,"Organic Search, Organic Search",2,0
0569752743034520183,2016-11-08 21:34:16.000,"Referral, Referral, Referral",3,0
0858529807992469732,2016-11-10 22:04:42.000,"Organic Search, Organic Search, Organic Search",3,0
4127719020767791637,2016-10-24 20:48:34.000,"Direct, Direct",2,0
0860415108038967350,2016-11-28 00:27:04.000,"Direct, Direct",2,0
9027926305196111055,2016-11-07 23:45:01.000,Paid Search,1,0
5492367789301420845,2017-04-21 22:40:41.000,"PURCHASE, Organic Search",2,1
4164473973717598175,2016-12-15 21:30:24.000,"Direct, Direct",2,0
6614589906823585713,2016-12-12 00:27:38.000,"Referral, Referral",2,0
1109190750765217972,2016-12-05 21:43:12.000,Referral,1,0
5918411190204797913,2016-12-12 14:40:39.000,Referral,1,0
8838271881130575329,2016-12-21 01:10:55.000,"Direct, Display",2,0
9155733677303509015,2016-12-08 21:40:42.000,Direct,1,0
5810770256591004737,2017-02-02 17:52:36.000,"PURCHASE, Direct, Direct",3,1
8092136662808852323,2017-02-03 16:35:48.000,PURCHASE,1,1
3674071642665354067,2017-02-01 01:03:08.000,Referral,1,0
173863901552294318,2017-03-03 16:01:01.000,"PURCHASE, Organic Search, Organic Search, Organic Search, Organic Search, Organic Search",6,3
295938792891590357,2017-02-22 13:34:02.000,"Organic Search, Organic Search, Organic Search",3,0
2390837948124103582,2017-02-17 22:28:22.000,Direct,1,0
2469327075513689553,2017-03-13 18:17:26.000,"Organic Search, Referral",2,0
4080275155760695849,2017-04-04 21:18:58.000,"Organic Search, Organic Search, Organic Search, Organic Search, Organic Search, Organic Search",6,0
1708063999877429517,2017-05-18 16:12:12.000,"PURCHASE, Referral, Referral, Referral",4,3
5153284426505687304,2017-04-24 15:38:50.000,Direct,1,0
1970566993843297718,2017-05-02 19:27:21.000,"Organic Search, Organic Search",2,0
4209987793973351274,2017-06-22 07:52:20.000,Referral,1,0
1152695544079009829,2017-07-25 12:19:07.000,Organic Search,1,0
0345672699449577691,2017-08-01 00:57:08.000,Referral,1,0
3244918821752957507,2016-09-23 19:04:23.000,Referral,1,0
1783689121802630504,2016-09-30 14:37:51.000,Direct,1,0
5021173685677286713,2016-09-04 00:40:01.000,Referral,1,0
4061027973770325631,2016-10-21 22:54:05.000,PURCHASE,1,1
9594790927947588163,2016-12-01 15:54:11.000,"PURCHASE, Organic Search",2,1
4305270415377533885,2017-01-27 06:46:27.000,"Direct, Referral, Referral, Referral",4,0
6691771095027731329,2016-12-23 04:02:08.000,"Referral, Referral, Referral, Referral, Referral",5,0
5542844395633027147,2017-04-22 01:34:23.000,Paid Search,1,0
1924458237730000404,2016-12-08 23:16:36.000,"Paid Search, Paid Search",2,0
1830678414845743421,2016-12-10 18:39:33.000,Organic Search,1,0
4395896663902576097,2016-12-10 02:16:36.000,Referral,1,0
4053729275950379466,2017-03-27 00:13:59.000,"PURCHASE, Direct, Direct, Direct, Direct, Direct, Direct, Direct, Direct",9,1
1211742763650822422,2016-12-19 18:48:55.000,Referral,1,0
9798839014162565789,2016-12-15 20:56:33.000,Organic Search,1,0
3248695569789509662,2016-12-25 02:25:28.000,"Direct, Direct",2,0
2564270479700333184,2017-01-20 13:40:05.000,"Direct, Direct, Direct, Direct",4,0
2332536676601903155,2017-01-09 20:05:01.000,"Organic Search, Organic Search",2,0
9241912494909831987,2017-02-15 00:06:51.000,"Referral, Referral",2,0
1108749937026114251,2017-03-01 19:00:38.000,"Referral, Referral",2,0
8146644046556936641,2017-03-13 04:05:52.000,Referral,1,0
2664779251891985796,2017-03-19 21:57:07.000,Referral,1,0
5516160305654218647,2017-05-02 15:26:45.000,Referral,1,0
4358918846442674981,2017-04-07 15:16:40.000,"Referral, Referral, Referral, Referral",4,0
9596545122550322974,2017-05-01 15:51:31.000,"Organic Search, Organic Search, Organic Search",3,0
2460723540924398520,2017-04-11 20:42:53.000,"Referral, Referral",2,0
4141333459906653821,2017-04-27 04:23:04.000,Referral,1,0
1468765833487358103,2017-05-10 22:34:46.000,Referral,1,0
7477634267430924328,2017-05-23 12:19:52.000,"PURCHASE, Organic Search, Organic Search, Organic Search, Organic Search, Organic Search, Organic Search, Organic Search, Organic Search, Organic Search, Organic Search, Organic Search, Organic Search, Organic Search, Organic Search, Organic Search, Organic Search, Organic Search, Organic Search, Organic Search, Organic Search",21,1
766993275138882460,2017-05-15 01:40:44.000,Direct,1,0
5323620141964404346,2017-05-15 18:05:30.000,Organic Search,1,0
0097371986665596420,2017-07-28 12:30:17.000,"PURCHASE, Direct",2,1
4697640642260158273,2017-06-16 18:11:18.000,"Referral, Referral, Referral, Referral, Referral",5,0
9890182105631590481,2017-07-15 21:54:57.000,"PURCHASE, Referral, Referral",3,2
1869599090210681270,2017-06-08 19:01:27.000,"PURCHASE, Referral, Referral, Referral, Referral",5,1
1835132804289989526,2017-07-07 21:35:15.000,"Direct, Direct, Referral",3,0
2008785002910996057,2017-08-01 19:11:03.000,Referral,1,0
8035911212149258356,2016-11-30 19:26:30.000,"Referral, Referral",2,0
0199117534740864877,2017-01-06 03:17:03.000,Referral,1,0
4704759198904427269,2017-06-01 02:24:16.000,"PURCHASE, Referral, Referral, Referral",4,1
4706268205340305980,2017-05-26 12:42:02.000,Direct,1,0
7447137895250670218,2017-07-07 19:30:39.000,Direct,1,0
7836922432734266850,2017-05-17 01:29:32.000,Paid Search,1,0
986279637934068597,2016-09-08 14:05:13.000,Organic Search,1,0
268469528689115459,2016-08-23 01:31:56.000,"Referral, Referral, Referral, Referral, Referral",5,0
2384771089673320764,2016-08-10 20:38:27.000,"Affiliates, Affiliates",2,0
9904371777257029279,2016-08-08 06:08:53.000,Organic Search,1,0
4278365513858458160,2016-08-16 19:37:42.000,"Direct, Direct, Direct",3,0
0686296766200627569,2016-08-12 18:33:46.000,"Referral, Referral",2,0
4471415710206918415,2016-11-04 05:06:32.000,"Referral, Referral, Referral, Referral, Referral, Referral, Referral, Referral, Referral, Referral, Referral, Referral, Referral, Referral, Referral, Referral",16,0
6476783278979674523,2016-08-23 00:39:44.000,"PURCHASE, Organic Search, Organic Search",3,1
4548615784771221404,2016-08-18 00:47:24.000,"Organic Search, Organic Search, Organic Search",3,0
9642345231341170049,2016-08-19 03:01:51.000,Referral,1,0
6760732402251466726,2016-08-25 18:29:53.000,PURCHASE,1,3
7435052038545127483,2016-09-14 18:43:57.000,"PURCHASE, Referral, Referral, Referral, Referral, Referral, Referral",7,2
9415047435363681557,2016-08-26 17:34:23.000,"Direct, Direct",2,0
884423587474972780,2016-09-05 20:05:15.000,Referral,1,0
8851822767477687842,2016-09-01 13:52:38.000,"Referral, Referral, Referral",3,0
5983670989967326017,2016-09-01 16:10:08.000,Referral,1,0
3741689406060673010,2016-09-02 23:13:55.000,Referral,1,0
8596460758260544127,2016-09-08 18:34:15.000,PURCHASE,1,1
8722920098698535020,2016-10-02 21:45:19.000,Referral,1,0
8851822767477687842,2016-09-27 15:29:54.000,PURCHASE,1,4
2538636984723199001,2016-10-04 20:44:22.000,Organic Search,1,0
458269436653090518,2016-10-31 20:12:59.000,Referral,1,0
9620923631569343304,2016-12-13 14:05:08.000,"PURCHASE, Direct",2,1
8565474882130184766,2016-10-28 22:20:12.000,"PURCHASE, Direct",2,1
3809826692297033526,2016-11-05 17:53:11.000,"Organic Search, Organic Search, Organic Search",3,0
8772028441330038912,2016-11-18 21:56:36.000,Direct,1,0
8400614529378971785,2016-11-14 18:37:36.000,Organic Search,1,0
8095534864331914505,2016-12-22 05:59:48.000,"Organic Search, Organic Search, Organic Search, Organic Search, Organic Search, Organic Search, Organic Search, Organic Search, Organic Search, Organic Search",10,0
0850923639048818616,2016-11-23 19:21:59.000,PURCHASE,1,1
0180933733703571150,2016-11-28 01:45:17.000,Organic Search,1,0
8632030329369995030,2016-12-06 16:56:47.000,Organic Search,1,0
4061383032908254634,2016-12-12 20:15:48.000,Direct,1,0
2297135054731105073,2017-06-29 19:27:26.000,"PURCHASE, Referral",2,1
8169305932397665890,2016-12-24 04:39:32.000,Referral,1,0
4482624745886118154,2017-01-03 20:48:18.000,Referral,1,0
5530375638871034769,2017-01-06 13:15:57.000,"Direct, Direct, Direct",3,0
036703532725992752,2017-03-21 02:11:38.000,Referral,1,0
6931833927582821050,2017-02-20 21:38:03.000,"Referral, Referral",2,0
8002426910576120967,2017-01-25 17:37:02.000,"Organic Search, Organic Search, Organic Search, Organic Search",4,0
1959133989198624732,2017-04-03 18:47:39.000,"Direct, Referral, Organic Search, Organic Search, Organic Search, Organic Search, Organic Search, Organic Search, Organic Search",9,0
9457104387096900889,2017-03-04 23:34:51.000,Direct,1,0
2709351657146666850,2017-03-11 18:45:40.000,"Referral, Referral",2,0
4988612949713423910,2017-03-20 21:05:10.000,"Organic Search, Organic Search, Organic Search, Organic Search",4,0
8443643406410739523,2017-03-16 19:56:23.000,Organic Search,1,0
7671147450962713082,2017-05-08 17:06:39.000,"Referral, Referral, Referral, Referral, Referral",5,0
7110192560338601186,2017-04-20 13:05:07.000,Referral,1,0
1505005738555930573,2017-05-09 18:56:29.000,"Referral, Referral, Referral",3,0
2123761033073657135,2017-05-15 04:51:27.000,"Organic Search, Referral",2,0
9280788141225702561,2017-06-12 17:58:39.000,"Referral, Referral, Referral",3,0
6835707118991448680,2017-06-02 14:46:09.000,Direct,1,0
2287406421504796570,2017-07-26 19:04:38.000,"PURCHASE, Referral, Referral, Referral",4,2
1311003026247678016,2017-08-01 21:38:29.000,Referral,1,0
5690101564686025758,2016-09-08 23:16:43.000,"Referral, Referral",2,0
3817759372890086865,2016-09-15 01:11:26.000,"Organic Search, Organic Search",2,0
0110888394822957190,2016-10-02 21:01:27.000,Organic Search,1,0
5655215807507744512,2016-10-10 02:40:16.000,"Organic Search, Organic Search",2,0
2615253560882573611,2017-03-16 08:49:20.000,"Paid Search, Paid Search",2,0
5128888224452873031,2016-11-02 17:42:21.000,"PURCHASE, Referral",2,3
1921879989553252986,2016-11-05 18:46:42.000,Referral,1,0
9952616174324085427,2016-10-26 20:14:20.000,"PURCHASE, Direct, Direct",3,1
2998366531691727863,2016-10-29 14:50:27.000,"Paid Search, Paid Search, Direct",3,0
4085972867127024343,2016-11-14 04:29:53.000,"PURCHASE, Referral",2,1
9375313974510864309,2016-11-14 18:16:50.000,Organic Search,1,0
5287002371302046755,2016-11-29 18:01:59.000,"Organic Search, Organic Search",2,0
1918500785081958231,2016-12-01 23:54:01.000,Organic Search,1,0
9345236291311011831,2016-11-23 18:38:04.000,Referral,1,0
4830211069912792009,2017-01-02 01:40:25.000,"Referral, Referral, Referral, Referral, Referral, Referral",6,0
119870259714905967,2017-01-10 19:02:09.000,"PURCHASE, Direct",2,2
7112946707690589198,2017-01-17 16:00:11.000,"Referral, Display",2,0
5703962423814396269,2017-05-31 21:42:13.000,"PURCHASE, Referral, Referral, Referral, Referral, Referral, Referral, Referral, Referral, Referral, Referral, Referral, Referral, Referral",14,1
349551334219637713,2016-12-09 18:27:36.000,Referral,1,0
5082310728519609149,2017-01-14 03:07:52.000,"PURCHASE, Direct, Paid Search, Display, Display",5,1
5040013333654434796,2017-01-23 19:33:24.000,Referral,1,0
0175318834283875506,2017-02-14 17:35:16.000,PURCHASE,1,1
8767345170065465322,2017-02-21 08:20:32.000,"Organic Search, Organic Search",2,0
253776212101014141,2017-03-06 20:36:02.000,"Organic Search, Organic Search",2,0
3807039818708780751,2017-04-09 00:43:31.000,Referral,1,0
9356454171454557820,2017-04-21 15:37:53.000,"Referral, Referral, Referral, Referral",4,0
2861315377512617150,2017-04-18 18:49:46.000,"Organic Search, Organic Search, Organic Search",3,0
1675171647898452800,2017-07-07 00:13:53.000,"Referral, Referral",2,0
1495824928611619172,2017-05-08 18:22:37.000,Organic Search,1,0
7103110735556041594,2017-05-12 16:15:03.000,Organic Search,1,0
9956296141985415749,2017-05-19 22:57:57.000,"Direct, Referral",2,0
9026840718082010040,2017-05-24 19:21:10.000,"PURCHASE, Direct, Direct, Direct, Direct",5,1
7545000103569508809,2017-05-29 00:43:28.000,PURCHASE,1,1
2667298817344312615,2017-06-01 16:27:09.000,Direct,1,0
5613784133853070022,2017-06-23 19:42:24.000,"Organic Search, Organic Search, Referral",3,0
4569545618749569491,2017-06-21 15:03:11.000,"Referral, Referral",2,0
9611453235665038841,2017-06-20 23:32:02.000,Referral,1,0
4128917041709885631,2017-06-29 17:06:54.000,Paid Search,1,0
5564329510174099370,2017-07-11 12:38:48.000,"Organic Search, Organic Search",2,0
6234607912924259841,2017-07-19 03:05:43.000,"Referral, Referral",2,0
4978615078876520186,2017-07-20 16:17:42.000,Referral,1,0
8628652903130668773,2016-12-22 14:13:24.000,"Referral, Referral, Referral, Referral",4,0
6481113263464531302,2016-12-13 16:21:38.000,Organic Search,1,0
3224500939951572250,2016-12-20 18:05:08.000,Direct,1,0
9236502013498900724,2017-04-02 18:07:22.000,PURCHASE,1,1
6085954146475273490,2017-05-23 20:01:29.000,"Referral, Referral, Organic Search",3,0
0057826677844639343,2017-06-13 15:09:24.000,"Referral, Organic Search",2,0
5546793669751235607,2017-07-28 01:23:19.000,"Organic Search, Organic Search, Organic Search",3,0
1727715375435944327,2017-07-30 21:47:10.000,"Direct, Direct",2,0
1468560120795000800,2016-08-01 21:00:27.000,Organic Search,1,0
6027268712782791947,2016-08-02 05:19:20.000,Referral,1,0
9755564418432346621,2016-09-22 23:18:43.000,"Referral, Referral",2,0
4804025384592774024,2016-08-09 14:49:41.000,"Referral, Referral, Referral",3,0
5128888224452873031,2016-08-22 17:12:45.000,"Referral, Referral",2,0
6414469815060591671,2017-07-24 20:17:02.000,"Organic Search, Display, Referral",3,0
8171725495673246334,2016-09-02 02:05:52.000,"Direct, Direct",2,0
0488236137527169951,2016-08-15 23:28:09.000,"Referral, Referral, Referral, Referral",4,0
404597489263781955,2016-08-18 04:10:37.000,Referral,1,0
6862866435546050671,2016-08-29 20:43:24.000,"Referral, Referral",2,0
3244885836845029978,2016-08-22 18:50:23.000,"Referral, Referral",2,0
7017315069726154959,2016-08-22 22:30:53.000,"Referral, Referral",2,0
5601331232035413778,2017-06-27 07:48:12.000,"Direct, Organic Search, Organic Search, Organic Search, Organic Search, Organic Search",6,0
7010415006216076512,2016-08-30 03:31:20.000,"Referral, Referral, Referral",3,0
5327166854580374902,2016-09-02 19:35:06.000,"Organic Search, Organic Search",2,0
6569964390858147530,2017-02-01 00:44:39.000,"Direct, Organic Search, Referral, Referral, Referral, Referral",6,0
3322420343273401546,2017-01-09 18:29:20.000,"Referral, Referral",2,0
0026203741366904270,2016-09-07 16:33:24.000,"Organic Search, Organic Search, Organic Search, Organic Search",4,0
9517876334933975316,2016-09-10 22:03:07.000,Direct,1,0
1381218680079061144,2016-09-14 18:34:32.000,Referral,1,0
5112140258403327266,2016-09-27 16:50:47.000,Referral,1,0
1056878480433332365,2016-12-05 13:59:27.000,"Referral, Referral, Referral, Direct",4,0
9662800125044386280,2016-10-21 14:01:52.000,"Organic Search, Organic Search, Organic Search, Organic Search, Organic Search, Organic Search, Organic Search, Organic Search, Organic Search, Organic Search",10,0
4918912899129859194,2016-10-03 02:46:01.000,Referral,1,0
5887849058822875277,2016-11-03 02:28:48.000,PURCHASE,1,1
08635110543627771,2016-10-05 12:31:49.000,"Referral, Referral",2,0
3826933837621771483,2016-11-28 21:08:04.000,"Organic Search, Organic Search, Organic Search, Organic Search, Organic Search",5,0
772031545895684188,2016-10-16 10:01:26.000,"Organic Search, Referral",2,0
910504852442385120,2016-10-24 19:35:03.000,PURCHASE,1,1
3444642706013409818,2016-12-14 05:33:57.000,"PURCHASE, Direct, Direct, Direct, Direct, Direct",6,1
372706149688864468,2016-12-09 20:38:17.000,PURCHASE,1,1
4744094275180680614,2016-11-08 22:51:12.000,Direct,1,0
7773367694615408886,2016-12-03 04:47:54.000,"Paid Search, Organic Search",2,0
5345276565851241365,2016-12-10 20:10:42.000,"Direct, Direct, Referral, Referral",4,0
3748161125080071023,2016-12-03 00:25:45.000,Referral,1,0
0059545191328861629,2016-12-07 12:36:47.000,Organic Search,1,0
9671728324632392297,2016-12-12 23:10:06.000,"Referral, Referral",2,0
8635876981287578318,2016-12-14 22:02:32.000,"Direct, Direct",2,0
3694974073962512722,2016-12-20 22:00:50.000,"Referral, Referral, Referral",3,0
5949169854058758957,2017-01-10 03:38:17.000,"Organic Search, Organic Search",2,0
3135132394776964687,2017-03-29 21:02:39.000,"PURCHASE, Referral",2,1
6944288019130180719,2017-03-03 13:27:10.000,Direct,1,0
6132407713411411052,2017-05-20 16:34:55.000,Social,1,0
1957458976293878100,2017-04-07 15:20:02.000,"PURCHASE, Display",2,3
3788842143428920129,2017-04-23 17:33:04.000,Referral,1,0
6391993592802283286,2017-05-02 01:52:14.000,"Referral, Referral, Paid Search, Organic Search, Referral, Referral",6,0
866401086890399054,2017-05-03 15:04:22.000,Referral,1,0
1364033099778280988,2017-05-03 23:36:55.000,Direct,1,0
4182504636922812318,2017-06-14 05:30:02.000,"PURCHASE, Referral, Referral",3,1
7545000103569508809,2017-06-04 01:58:13.000,"PURCHASE, Referral",2,2
4598717407161618263,2017-06-07 23:55:12.000,"Referral, Referral",2,0
6140447030610096925,2017-07-25 00:14:00.000,"Referral, Referral, Referral, Referral, Referral, Referral, Referral",7,0
7880178108492772399,2017-07-21 20:16:04.000,Paid Search,1,0
0138119430456484693,2016-08-08 02:01:01.000,"Organic Search, Organic Search, Organic Search, Organic Search, Organic Search",5,0
3095756132882918441,2016-08-15 21:16:55.000,"Referral, Referral, Referral",3,0
1581347276539058289,2016-09-26 13:52:48.000,Direct,1,0
9697929460014674172,2016-10-06 06:06:30.000,Organic Search,1,0
1651859636793476193,2016-10-05 21:35:52.000,"Direct, Direct, Direct, Direct",4,0
4479691304452949746,2016-10-05 21:07:19.000,"Organic Search, Organic Search",2,0
4636139656248532582,2016-10-06 18:12:12.000,"Organic Search, Organic Search",2,0
6482578323423752011,2016-11-15 19:21:41.000,"Organic Search, Organic Search, Organic Search, Organic Search, Organic Search, Organic Search",6,0
8740176326132717435,2016-10-21 00:33:54.000,"Organic Search, Organic Search, Organic Search, Organic Search",4,0
7131006808160305551,2016-11-17 00:01:04.000,Direct,1,0
6296278045589071160,2016-12-16 22:26:29.000,"Referral, Referral",2,0
4246239357308285366,2016-12-08 22:04:12.000,Organic Search,1,0
4899803417936737547,2017-05-26 17:35:52.000,"Display, Referral",2,0
8284311607531582308,2017-01-05 23:41:42.000,Referral,1,0
7139467536826793752,2017-02-17 20:18:50.000,Referral,1,0
0869298894715045644,2017-01-26 00:40:19.000,"Organic Search, Organic Search",2,0
661947368755840479,2017-01-26 19:17:00.000,"Organic Search, Organic Search, Organic Search",3,0
3404435547562826616,2017-01-31 20:33:55.000,"Social, Social, Social, Social, Social, Social",6,0
1735733574864942932,2017-02-03 22:44:36.000,Referral,1,0
7266739596439998508,2017-02-09 22:45:47.000,"Referral, Referral",2,0
4022281232635226320,2017-04-14 22:30:07.000,"Direct, Referral, Referral, Referral, Referral",5,0
1285137808569536764,2017-02-23 20:08:53.000,"PURCHASE, Direct, Direct, Direct",4,3
1285137808569536764,2017-02-24 15:27:14.000,PURCHASE,1,4
2020115174591875878,2017-03-21 12:40:26.000,PURCHASE,1,3
7750057450092176618,2017-03-13 14:45:55.000,Direct,1,0
094901025743788716,2017-05-18 18:18:11.000,Referral,1,0
536428604379922267,2017-05-01 17:56:23.000,Referral,1,0
8021862140607876556,2017-05-05 18:56:11.000,"Referral, Referral, Referral",3,0
5200523013513210232,2017-05-03 14:51:13.000,Direct,1,0
4649753996022733454,2017-06-16 20:21:15.000,"Referral, Referral",2,0
4068647851581953751,2017-07-10 17:46:46.000,"Referral, Referral",2,0
5369550870093872521,2017-06-12 18:47:26.000,Organic Search,1,0
2287406421504796570,2017-06-13 21:51:31.000,"Referral, Referral",2,0
3931961473816782577,2017-07-09 20:04:40.000,"Referral, Referral",2,0
7954367393399826900,2017-07-05 18:30:50.000,"Referral, Referral",2,0
0280589015308186459,2017-07-31 19:34:28.000,"Direct, Direct",2,0
478403815632492375,2017-07-07 21:04:22.000,"Organic Search, Paid Search",2,0
4119448635627172848,2017-07-14 21:01:38.000,Organic Search,1,0
8005996482635469170,2017-07-27 20:07:24.000,Referral,1,0
1995912971460656574,2016-12-05 14:46:43.000,"Referral, Referral",2,0
5450272996112329106,2016-10-24 04:40:39.000,Organic Search,1,0
2523650599141481905,2016-11-25 19:26:21.000,Organic Search,1,0
3287424336851494398,2016-12-15 15:17:03.000,"Direct, Organic Search, Organic Search, Organic Search, Organic Search, Organic Search, Organic Search",7,0
3532463620992915742,2017-03-02 23:12:24.000,"Referral, Referral, Referral",3,0
4178948793864037103,2017-07-10 21:20:52.000,Referral,1,0
3708624609955414339,2017-07-19 23:19:55.000,PURCHASE,1,1
7111968133200925943,2017-07-29 03:02:22.000,"Organic Search, Organic Search, Organic Search, Organic Search, Organic Search, Organic Search, Organic Search, Organic Search, Organic Search, Organic Search, Organic Search, Organic Search, Organic Search, Organic Search, Organic Search, Organic Search",16,0
4822026859805345733,2017-05-01 17:01:13.000,"Organic Search, Organic Search, Referral, Referral, Referral, Referral, Referral",7,0
4913278259301843820,2016-08-15 17:49:33.000,Organic Search,1,0
5683651223956848333,2016-08-06 02:13:48.000,Organic Search,1,0
0213313042176849782,2016-08-05 23:00:44.000,Direct,1,0
8380542931232724976,2016-08-13 17:33:26.000,Organic Search,1,0
9738687776376381043,2016-10-22 17:42:25.000,"Referral, Referral, Referral, Referral, Referral, Referral, Referral, Referral, Referral, Referral",10,0
0910294048272999367,2016-08-12 20:52:57.000,Referral,1,0
0085057281729508802,2017-01-03 05:37:12.000,"Organic Search, Referral, Referral, Organic Search, Organic Search, Organic Search, Organic Search, Organic Search, Organic Search, Organic Search, Organic Search",11,0
2041392925012676726,2016-09-07 18:02:53.000,"Direct, Direct, Referral",3,0
7446797504335369892,2016-10-06 20:46:56.000,Referral,1,0
0227223667732638007,2017-01-11 14:29:51.000,"Referral, Referral, Referral",3,0
1379398622703975756,2017-01-13 17:22:11.000,"Organic Search, Organic Search, Organic Search",3,0
1273085493567446879,2016-08-30 01:38:50.000,"Organic Search, Organic Search",2,0
351681171177883933,2017-08-01 14:45:02.000,"Referral, Referral, Referral, Referral, Referral, Referral, Referral, Referral, Referral, Referral, Referral, Referral",12,0
3741532949101793339,2016-08-27 17:50:54.000,Organic Search,1,0
9190832385916027459,2016-09-22 19:14:15.000,Referral,1,0
3871891696772635172,2017-01-09 01:35:23.000,"Direct, Referral",2,0
3979618861854336423,2016-09-15 14:45:59.000,Paid Search,1,0
4133979497741500741,2016-10-03 19:59:52.000,Direct,1,0
8186865458665389919,2016-09-14 15:06:31.000,Referral,1,0
4584928655327301095,2016-09-14 17:12:31.000,Direct,1,0
0848982617971056765,2016-09-14 23:58:19.000,Organic Search,1,0
1860143669054960648,2016-09-26 14:50:16.000,Organic Search,1,0
2892813741342046911,2016-09-22 18:10:42.000,"Direct, Direct",2,0
2916703115374945945,2016-10-05 21:22:37.000,Display,1,0
2575256090311301096,2016-11-09 01:51:52.000,"PURCHASE, Referral, Referral, Referral",4,2
0492938094127153086,2016-10-19 18:26:44.000,"Direct, Direct, Direct",3,0
9738687776376381043,2016-11-26 12:47:39.000,"PURCHASE, Referral, Referral, Referral, Referral, Referral",6,1
5308952469141468647,2016-11-22 00:41:01.000,"Organic Search, Organic Search",2,0
8017036388062220760,2016-11-21 13:46:10.000,Direct,1,0
6484779449302553395,2016-12-06 18:03:40.000,"Direct, Direct",2,0
3544319698789912473,2016-11-30 16:42:42.000,Direct,1,0
2389910661161701186,2016-12-02 18:37:26.000,Referral,1,0
7517997316226476864,2016-12-12 05:50:25.000,"PURCHASE, Referral",2,1
8106371628500226206,2016-12-12 08:48:53.000,"Organic Search, Organic Search",2,0
2339818672404404924,2016-12-15 16:03:37.000,Referral,1,0
574546672447624856,2017-02-07 18:27:16.000,"Referral, Referral",2,0
7488710348710523001,2017-01-27 01:36:33.000,"Direct, Referral",2,0
9404133201034662338,2017-05-04 00:58:04.000,"Referral, Referral, Referral",3,0
7132015811944987714,2017-02-14 17:52:41.000,Organic Search,1,0
6546307978179496414,2017-02-17 18:28:32.000,Direct,1,0
4051356306352109887,2017-03-14 14:26:27.000,Organic Search,1,0
5825968802963452704,2017-02-23 23:56:43.000,Organic Search,1,0
7581944643988473648,2017-03-02 23:58:58.000,"Organic Search, Organic Search, Organic Search",3,0
7561014297963838461,2017-03-04 20:42:56.000,"Direct, Direct, Direct, Direct, Direct",5,0
7511533079690059775,2017-04-27 15:54:31.000,"Referral, Referral, Referral, Referral",4,0
6189798713014161370,2017-03-08 03:29:45.000,Direct,1,0
3053950714909876467,2017-04-07 14:34:19.000,Referral,1,0
2295240953686921101,2017-03-27 17:41:59.000,"Referral, Referral, Referral",3,0
7597832944990027750,2017-04-19 22:44:40.000,Referral,1,0
0764484494612548101,2017-05-02 15:27:46.000,Direct,1,0
4671049020900082348,2017-06-13 18:36:07.000,PURCHASE,1,1
1957458976293878100,2017-06-28 17:22:44.000,"PURCHASE, Display, Display, Display, Display, Display",6,14
7786496751068018925,2017-06-28 20:33:15.000,"Referral, Organic Search",2,0
1193832537421178696,2017-07-08 05:42:28.000,"Organic Search, Organic Search, Organic Search, Organic Search",4,0
9501935735689807050,2016-12-22 15:29:20.000,"Direct, Direct, Direct, Referral, Referral",5,0
9803564384419875699,2016-09-21 13:52:13.000,"Direct, Direct",2,0
2025573844272512720,2016-10-01 16:26:35.000,"Referral, Referral, Referral",3,0
2427070933904886772,2016-10-27 21:52:36.000,"Referral, Referral",2,0
7149538216925151697,2016-11-21 16:30:31.000,PURCHASE,1,1
8220379117418201763,2016-11-21 20:36:28.000,Paid Search,1,0
791764880277338045,2016-12-06 01:48:01.000,"Referral, Referral, Referral",3,0
3191023303780419966,2016-12-16 20:11:19.000,"Paid Search, Paid Search, Paid Search, Organic Search",4,0
647846008417877869,2016-12-17 04:32:57.000,Referral,1,0
5246355792709327877,2016-12-19 18:15:43.000,Direct,1,0
173863901552294318,2017-02-09 13:49:57.000,"PURCHASE, Display, Display, Display, Display",5,2
8617743471212010127,2017-04-15 04:03:57.000,"Direct, Direct, Direct, Direct, Direct, Referral, Referral",7,0
7474545646288919609,2017-01-25 03:22:00.000,Direct,1,0
9193930054101057748,2017-03-30 16:14:10.000,"PURCHASE, Organic Search, Organic Search, Organic Search",4,1
5686997736111090309,2017-02-17 22:24:41.000,Direct,1,0
8855684563900497413,2017-03-02 18:24:04.000,"Referral, Referral, Referral",3,0
2139876223551151337,2017-05-13 04:07:14.000,"Referral, Referral, Referral, Referral, Referral, Referral",6,0
560045648140089234,2017-04-11 20:10:46.000,"PURCHASE, Organic Search, Organic Search, Organic Search",4,1
2367402323702464449,2017-03-16 04:45:51.000,"Organic Search, Organic Search, Organic Search",3,0
1578983142002266044,2017-06-14 18:31:21.000,"PURCHASE, Referral, Referral, Referral, Referral, Referral",6,1
0717343852152056082,2017-04-17 19:32:12.000,"PURCHASE, Referral",2,1
0394645209696766041,2017-04-20 15:03:35.000,"Organic Search, Organic Search",2,0
3058453262687579151,2017-04-26 03:46:40.000,"Direct, Direct, Direct, Direct",4,0
6734483584623295408,2017-05-12 22:14:28.000,Organic Search,1,0
3404526408923397238,2017-06-09 15:47:19.000,"PURCHASE, Social, Referral, Referral",4,1
7647458799254065971,2017-05-13 17:02:09.000,Referral,1,0
4749249531312034536,2017-05-03 04:11:31.000,"Direct, Direct, Direct, Direct",4,0
8844595455983709186,2017-06-04 03:56:35.000,"Direct, Direct, Direct",3,0
9556948295824706209,2017-05-21 03:32:19.000,Direct,1,0
0710632165228073636,2017-06-07 19:38:22.000,"Organic Search, Organic Search, Organic Search, Organic Search, Organic Search, Organic Search, Organic Search",7,0
884821390104728104,2017-07-08 02:10:49.000,"Organic Search, Organic Search",2,0
6434737895703616541,2017-06-15 04:06:08.000,"Direct, Direct",2,0
4786162895403148605,2017-06-15 06:35:36.000,PURCHASE,1,1
2283620201901023754,2017-06-16 04:49:11.000,Paid Search,1,0
5466662603729331412,2017-06-30 15:27:57.000,"Referral, Referral, Referral",3,0
454845221896711463,2017-07-06 16:04:00.000,Referral,1,0
8230689683989624083,2017-07-22 00:00:11.000,"Referral, Referral, Referral",3,0
4534000853584837474,2016-12-28 13:55:09.000,Referral,1,0
2513134404212328094,2017-01-13 20:56:52.000,"Referral, Referral, Referral",3,0
4950411203281265700,2017-03-01 00:01:02.000,Direct,1,0
4561223317257088622,2017-03-29 18:52:40.000,"PURCHASE, Referral",2,2
902509741321071642,2017-04-18 14:52:59.000,"Direct, Direct, Direct, Referral, Referral",5,0
2136031415967879248,2017-05-03 16:48:45.000,Direct,1,0
8845818020104828876,2017-05-15 15:25:52.000,"Organic Search, Organic Search, Organic Search, Organic Search",4,0
0348842070964414318,2017-05-12 19:51:21.000,"Organic Search, Organic Search, Organic Search",3,0
5341995419456035142,2017-06-07 14:02:19.000,"Organic Search, Paid Search, Paid Search, Paid Search, Display",5,0
8641796138378982634,2017-06-01 21:13:41.000,Direct,1,0
2729326042885052223,2017-07-11 17:37:04.000,"Referral, Referral",2,0
0405996727678488611,2017-07-16 07:07:08.000,Organic Search,1,0
9665457273951170213,2017-06-12 17:27:24.000,Direct,1,0
5772921781547143127,2017-08-01 22:59:16.000,"PURCHASE, Referral, Referral, Referral",4,2
5310912563447452038,2016-10-12 20:08:04.000,"Referral, Referral, Referral, Referral, Referral, Referral, Referral, Referral, Social, Referral, Referral, Referral, Organic Search",13,0
1177326592591599469,2016-09-19 00:21:20.000,"Organic Search, Organic Search, Referral, Referral, Referral, Referral, Referral",7,0
196856185999787180,2016-08-19 13:59:20.000,"Referral, Referral, Organic Search",3,0
972804312875582831,2016-08-16 23:13:41.000,"Referral, Referral, Referral, Referral",4,0
9274574258402177426,2016-08-18 22:06:58.000,Referral,1,0
8551112991718773193,2017-05-26 23:22:03.000,"Referral, Referral, Referral, Referral",4,0
4015497886107875347,2016-09-19 17:18:31.000,"Referral, Referral, Social, Social",4,0
3244885836845029978,2016-09-02 14:00:17.000,PURCHASE,1,1
6476783278979674523,2016-08-25 23:51:01.000,"PURCHASE, Organic Search",2,4
6350637494394255961,2016-11-11 00:21:07.000,"Referral, Referral, Referral, Referral, Referral, Referral, Referral, Referral, Referral, Referral",10,0
0139838509739212862,2016-09-26 16:36:13.000,"Referral, Referral, Referral, Referral",4,0
3028610092281426822,2016-08-31 23:09:06.000,"Referral, Referral",2,0
5827357035800139302,2016-09-06 00:20:18.000,Organic Search,1,0
8748821386798757066,2016-09-06 17:58:05.000,Direct,1,0
5381050713444161214,2016-09-29 19:24:17.000,"Referral, Referral, Referral, Referral, Referral",5,0
4812134061600310624,2016-09-13 00:16:31.000,Organic Search,1,0
6760732402251466726,2016-09-14 20:57:56.000,PURCHASE,1,10
527512175460551498,2016-10-09 22:37:31.000,"Organic Search, Organic Search",2,0
3905941547672756712,2016-09-19 22:02:58.000,Referral,1,0
5147300688603884511,2016-10-19 14:49:49.000,"Referral, Referral, Referral, Referral",4,0
8833612323012512340,2016-09-30 12:10:08.000,"Organic Search, Organic Search, Organic Search",3,0
6548626246130862757,2016-11-12 20:27:19.000,Organic Search,1,0
9295804456839509915,2016-10-08 22:06:16.000,"Direct, Direct",2,0
3090961484770076582,2016-10-18 18:59:37.000,Referral,1,0
7547767069516152606,2016-12-05 21:22:19.000,Referral,1,0
4386324166188241612,2016-12-05 18:06:32.000,"Organic Search, Organic Search, Organic Search, Organic Search, Organic Search",5,0
4443963979157579061,2017-01-03 17:39:25.000,"Referral, Referral",2,0
6937346356975090905,2016-11-29 01:47:22.000,Referral,1,0
9089051012648902020,2016-12-06 18:15:26.000,"Referral, Referral, Referral, Referral, Referral",5,0
7794703468039668930,2016-11-30 23:08:19.000,Direct,1,0
3990058424732714693,2016-12-17 00:07:36.000,"Organic Search, Organic Search",2,0
3527366305683922189,2017-01-18 00:01:20.000,"Referral, Referral, Referral",3,0
6912883439266311760,2016-12-18 00:25:23.000,Organic Search,1,0
835945267501881844,2016-12-17 23:25:46.000,Direct,1,0
1057122392851131616,2016-12-22 10:04:04.000,"Organic Search, Paid Search",2,0
0744307603598668939,2017-01-18 19:04:05.000,Referral,1,0
949851277313958084,2017-03-20 01:56:07.000,"Social, Organic Search",2,0
4325998729164340055,2017-03-04 17:59:13.000,Direct,1,0
0705304092514331716,2017-03-04 18:40:08.000,Referral,1,0
0116189328741483178,2017-03-01 22:07:31.000,Referral,1,0
500766381427960566,2017-03-15 19:21:00.000,Referral,1,0
287908533589459604,2017-03-24 18:29:50.000,"Organic Search, Organic Search",2,0
6942073616379910924,2017-04-17 23:02:06.000,"Referral, Referral",2,0
6616892388883131353,2017-06-18 00:25:54.000,"Referral, Referral",2,0
1025574386832469970,2017-07-10 20:01:27.000,"Referral, Referral, Referral, Referral",4,0
4127513140005445280,2017-06-23 11:55:12.000,"Organic Search, Referral",2,0
3792462774806211311,2017-04-28 00:55:30.000,"Referral, Referral, Referral, Referral, Referral, Referral, Referral, Referral, Referral, Referral",10,0
5304536055151752154,2016-09-19 19:07:49.000,Organic Search,1,0
3510875944758249894,2016-09-23 21:44:54.000,"Referral, Referral, Referral, Referral",4,0
3345163376310988493,2016-09-22 13:35:42.000,"Direct, Direct",2,0
1743883708888557342,2016-12-06 17:24:45.000,Organic Search,1,0
5331056297862855879,2016-11-19 15:27:12.000,"Referral, Organic Search",2,0
6944407004438928008,2016-11-09 06:18:35.000,"Referral, Referral",2,0
2397431554777461893,2016-11-11 23:01:53.000,Direct,1,0
9127648314670892401,2017-03-10 21:40:24.000,"PURCHASE, Referral, Referral",3,1
4266823904408093435,2016-12-17 23:27:09.000,"Organic Search, Organic Search, Organic Search",3,0
7496147812697146114,2016-12-13 01:35:07.000,Direct,1,0
0239598330790272854,2017-01-09 02:07:48.000,Referral,1,0
5450212768993016861,2017-01-07 01:31:16.000,"Referral, Referral, Referral",3,0
8854720490471825875,2017-02-05 22:13:50.000,"Referral, Referral, Referral, Referral, Referral, Referral, Referral, Referral",8,0
870106544594907327,2017-02-01 02:48:27.000,"Referral, Referral, Referral, Referral, Referral",5,0
9356437814803179808,2017-04-16 15:36:18.000,Organic Search,1,0
1091553726406319989,2017-03-09 13:54:37.000,"Direct, Referral",2,0
8200024559872067967,2017-05-04 15:48:52.000,"Referral, Referral, Social, Social",4,0
6766852274145624203,2017-03-10 20:14:33.000,Referral,1,0
1435605154130548810,2017-03-15 15:57:03.000,Organic Search,1,0
3123912150867532904,2017-07-24 04:58:24.000,"Direct, Direct, Direct, Direct, Direct, Organic Search",6,0
0314528826654841027,2017-05-17 16:00:57.000,"Referral, Referral",2,0
1366491597789783868,2017-05-19 16:34:57.000,"Direct, Direct, Direct, Direct",4,0
4056272724436098353,2017-06-15 16:41:51.000,Referral,1,0
0639095902615054058,2017-06-06 16:03:15.000,"Organic Search, Organic Search",2,0
039400440658825933,2017-07-17 16:04:25.000,"Referral, Referral",2,0
2158257269735455737,2017-07-27 22:58:38.000,"PURCHASE, Organic Search, Display, Display",4,2
2341448488539470965,2017-07-15 05:01:57.000,Organic Search,1,0
5451348672261739783,2017-07-31 17:03:11.000,Organic Search,1,0
2074164338647079047,2016-11-09 21:39:35.000,"PURCHASE, Direct",2,5
0922459569275829915,2016-12-08 14:19:47.000,Referral,1,0
543100701177479713,2017-04-20 02:19:06.000,Referral,1,0
0738603250513383829,2017-02-27 16:35:18.000,"Organic Search, Organic Search",2,0
269585902888060045,2017-03-02 02:22:48.000,"Direct, Direct",2,0
9733256607380770596,2017-03-28 23:05:58.000,"Referral, Referral, Referral, Referral",4,0
6717912372557632494,2017-03-23 01:07:56.000,Organic Search,1,0
341723817943217505,2017-04-11 02:30:19.000,Direct,1,0
0456995923783583208,2017-04-28 15:07:02.000,"Organic Search, Organic Search, Organic Search",3,0
9026840718082010040,2017-06-21 13:12:03.000,"PURCHASE, Direct, Direct, Direct, Direct, Direct, Direct, Direct, Direct, Direct",10,2
0934513430067402140,2017-06-02 17:16:09.000,Organic Search,1,0
0188308435688462855,2017-08-02 05:31:08.000,"Direct, Referral, Referral, Referral, Referral, Referral",6,0
1712066703099487652,2017-07-22 04:37:48.000,"Referral, Referral, Referral, Referral, Referral, Referral, Referral, Organic Search, Organic Search, Organic Search",10,0
616813475440297008,2017-07-13 17:03:41.000,"Referral, Referral",2,0
8259756799557639912,2017-07-16 13:43:40.000,Organic Search,1,0
7311242886083854158,2017-03-02 16:10:42.000,PURCHASE,1,6
160370198171303042,2017-07-21 23:18:38.000,Organic Search,1,0
5542047417982345824,2016-08-30 16:42:36.000,"Referral, Referral",2,0
3608475193341679870,2016-08-23 09:01:26.000,"Paid Search, Paid Search, Paid Search, Paid Search, Paid Search, Paid Search, Paid Search, Paid Search, Paid Search, Paid Search, Paid Search, Paid Search, Paid Search, Paid Search, Paid Search, Paid Search, Paid Search, Paid Search, Paid Search, Paid Search, Paid Search, Paid Search, Paid Search, Paid Search, Paid Search",25,0
8868569484719934197,2016-08-05 17:36:52.000,Organic Search,1,0
5729167288225910625,2016-08-09 19:19:51.000,"Organic Search, Organic Search, Organic Search, Organic Search, Organic Search, Organic Search, Referral, Referral",8,0
213003977022600203,2016-08-05 01:39:35.000,"Direct, Referral, Referral",3,0
8835738429285274387,2016-12-14 03:14:02.000,"Organic Search, Organic Search, Organic Search, Organic Search, Organic Search, Referral, Referral",7,0
8885051388942907862,2016-08-12 23:02:40.000,"Referral, Referral, Referral",3,0
8529782523786367764,2016-08-10 00:31:23.000,"Referral, Referral, Referral",3,0
126078863044975242,2016-08-12 20:25:51.000,Referral,1,0
2347471050544884892,2016-08-17 16:59:18.000,"Referral, Referral, Referral",3,0
5991914528247415327,2016-08-21 17:26:24.000,Referral,1,0
6845776877174113141,2016-08-21 23:30:38.000,Organic Search,1,0
3155899346527936936,2016-08-26 13:31:37.000,PURCHASE,1,1
0430335774937069840,2016-08-24 21:46:32.000,Referral,1,0
4229304203473718031,2016-08-29 15:53:18.000,"Organic Search, Organic Search",2,0
9236367624878317044,2016-09-14 16:51:08.000,"Referral, Referral, Referral, Referral, Referral, Referral",6,0
3865822715588380852,2016-10-31 21:19:46.000,"Direct, Direct, Direct, Direct, Direct",5,0
6760732402251466726,2016-09-07 21:21:55.000,PURCHASE,1,6
0453417896500580053,2016-12-15 21:54:59.000,"Referral, Referral, Referral",3,0
2033875104727401809,2016-09-26 20:55:23.000,Referral,1,0
8533777620036139796,2016-10-20 02:07:29.000,"Organic Search, Organic Search, Organic Search",3,0
8768174564332889527,2016-12-13 21:44:43.000,Direct,1,0
8441639142548296911,2016-10-10 14:05:43.000,"PURCHASE, Referral",2,2
2395484494080602357,2016-12-27 20:16:05.000,"Organic Search, Organic Search",2,0
8627561348122631479,2016-12-06 01:35:43.000,"PURCHASE, Direct, Direct, Direct, Direct, Referral",6,1
8429653225633075806,2016-11-06 04:04:58.000,Organic Search,1,0
60802643524541285,2016-12-11 20:20:01.000,"Organic Search, Organic Search",2,0
0361534245405505016,2017-02-12 03:31:48.000,"Organic Search, Organic Search, Organic Search, Referral, Organic Search, Organic Search, Organic Search, Organic Search, Organic Search, Organic Search, Organic Search, Organic Search, Organic Search, Organic Search, Organic Search, Organic Search",16,0
8398495866792940081,2016-12-21 06:15:28.000,Organic Search,1,0
8688274309849590379,2016-12-20 13:27:30.000,"Organic Search, Organic Search, Organic Search, Organic Search, Organic Search, Organic Search, Organic Search, Organic Search",8,0
3271602591909428154,2016-12-17 03:16:38.000,"PURCHASE, Referral",2,1
07943880251511904,2016-12-12 20:12:53.000,Referral,1,0
2411322974724385937,2016-12-22 14:01:48.000,"PURCHASE, Referral, Referral",3,3
5479337178249732915,2017-01-30 04:33:55.000,"Organic Search, Organic Search",2,0
6914629838067650341,2017-02-11 21:42:35.000,Organic Search,1,0
8361920675798597013,2017-04-08 02:54:06.000,"Direct, Organic Search, Organic Search, Organic Search",4,0
2977355807683568190,2017-04-29 13:43:00.000,"Referral, Referral",2,0
7282705298132684237,2017-02-19 00:23:29.000,Organic Search,1,0
4430452910179443591,2017-03-22 08:54:19.000,Referral,1,0
7757258715868835564,2017-03-12 02:31:45.000,Direct,1,0
2077377423063941153,2017-03-28 18:10:12.000,Organic Search,1,0
1426215359136239319,2017-04-20 02:02:42.000,"Referral, Referral",2,0
4859141843536295311,2017-05-01 05:44:09.000,"Referral, Referral, Referral",3,0
8624665783694996927,2017-04-20 12:43:59.000,Direct,1,0
8645618706223786939,2017-05-12 18:30:32.000,"Referral, Referral, Referral",3,0
4974690847354957751,2017-05-12 22:56:55.000,"Referral, Referral",2,0
4647847058075406841,2017-06-13 20:42:34.000,"Direct, Referral, Referral",3,0
1387130239596231760,2017-06-15 14:06:27.000,Display,1,0
240359488343865855,2017-07-28 18:46:23.000,"Referral, Referral, Referral, Referral, Referral, Referral",6,0
5433393935590550771,2016-08-19 17:22:48.000,"Referral, Referral",2,0
0136876972401975041,2016-08-19 23:50:48.000,Paid Search,1,0
1275591900543262548,2016-11-09 23:22:10.000,"Referral, Referral",2,0
8874986476437588959,2016-10-03 00:42:42.000,"Referral, Referral",2,0
7007363634293274964,2016-09-29 17:31:19.000,"Referral, Referral, Referral",3,0
2554023900966503641,2016-10-08 17:14:17.000,Organic Search,1,0
582369017403340851,2016-10-12 17:07:06.000,Direct,1,0
1063651652107093288,2016-10-13 20:11:37.000,"PURCHASE, Direct, Direct, Direct",4,1
0496156536586018580,2016-10-20 16:49:08.000,Direct,1,0
8878462912215206605,2016-10-23 01:57:56.000,Organic Search,1,0
7406663400303851481,2016-12-06 12:18:31.000,"Referral, Organic Search",2,0
6969285856438247424,2016-12-01 02:20:47.000,"Organic Search, Referral",2,0
7323947562520019941,2017-02-15 18:40:47.000,"Direct, Display, Display, Display, Display, Display, Display, Display, Display, Organic Search",10,0
6299562525821185626,2016-12-14 02:06:00.000,"Organic Search, Organic Search, Organic Search",3,0
8579755621948479912,2016-12-17 03:12:47.000,Organic Search,1,0
265773447087902231,2016-12-12 18:22:15.000,Referral,1,0
8436111518276224123,2016-12-15 03:27:34.000,Organic Search,1,0
6558070663026702303,2017-01-03 21:48:29.000,Direct,1,0
9432393275834688713,2017-01-13 00:08:35.000,"Referral, Referral",2,0
6514103813474537949,2017-01-31 23:42:52.000,"Direct, Direct",2,0
5543720275163396146,2017-02-16 21:14:05.000,PURCHASE,1,1
9160688801124625042,2017-03-21 05:31:29.000,"Direct, Direct",2,0
3287424336851494398,2017-03-27 14:25:03.000,PURCHASE,1,3
8442346211640991096,2017-04-07 20:29:03.000,Organic Search,1,0
1957458976293878100,2017-04-07 20:35:58.000,PURCHASE,1,4
7640844068811990915,2017-05-01 17:13:58.000,Referral,1,0
0511506099436408879,2017-05-02 20:51:44.000,"Organic Search, Organic Search",2,0
6192730343832686295,2017-05-08 16:31:02.000,PURCHASE,1,2
5306924012372478603,2017-05-10 22:30:06.000,Organic Search,1,0
4943440601213672676,2017-06-15 20:29:35.000,"Referral, Referral",2,0
8930278305459563871,2017-05-21 18:11:05.000,Referral,1,0
6642261851584081073,2017-07-27 04:39:33.000,Organic Search,1,0
0163532416839889055,2017-06-19 16:24:11.000,"Direct, Referral, Referral",3,0
7170833000891918188,2017-06-21 22:03:45.000,Referral,1,0
4518084412353571470,2017-06-30 00:44:30.000,PURCHASE,1,2
7320316463607490470,2017-07-20 21:57:16.000,"PURCHASE, Direct, Direct, Direct",4,1
7183243391284715656,2017-07-17 20:54:22.000,Direct,1,0
8574251866665511168,2016-11-30 14:32:23.000,"Organic Search, Organic Search",2,0
1997283608635698919,2017-01-17 04:34:45.000,Organic Search,1,0
0385604754912299240,2017-02-05 20:34:24.000,"Organic Search, Organic Search",2,0
3085941498097094136,2017-03-29 11:18:39.000,"Organic Search, Organic Search",2,0
2764728570910016714,2017-04-06 01:50:03.000,Referral,1,0
0309385525240537775,2017-04-22 11:57:10.000,"Referral, Organic Search, Organic Search, Referral",4,0
5158802402159118276,2017-06-15 16:26:44.000,PURCHASE,1,1
2049749565428127211,2017-07-06 16:12:40.000,Referral,1,0
6494204056900967959,2017-07-17 07:00:33.000,"Referral, Referral",2,0
4540509568993725359,2017-07-28 21:25:01.000,Referral,1,0
7459944171076059050,2017-06-04 04:14:18.000,Organic Search,1,0
0853682097133967435,2017-07-28 21:55:36.000,Referral,1,0
6018293882167178680,2016-08-25 15:07:34.000,Direct,1,0
8429032125086378862,2016-08-05 20:18:58.000,Paid Search,1,0
2368551524406489641,2016-08-15 06:25:08.000,"Organic Search, Organic Search, Referral, Organic Search, Referral, Referral",6,0
9982895886072793603,2016-12-20 03:21:40.000,"Referral, Referral",2,0
1463636140819732503,2017-03-14 01:18:12.000,"Direct, Direct",2,0
2049524527367859557,2016-08-19 22:21:49.000,"Referral, Referral, Referral",3,0
8134897928460794661,2016-08-18 15:43:38.000,Direct,1,0
0833802672962058376,2016-11-14 22:57:31.000,"Organic Search, Referral, Organic Search",3,0
438887787668714744,2016-08-22 18:52:37.000,Organic Search,1,0
3033027578792702692,2016-08-26 04:17:54.000,"Direct, Direct",2,0
5612267454123483298,2017-02-19 00:34:35.000,Referral,1,0
7691586922188658432,2016-09-09 05:37:39.000,"Direct, Direct, Direct, Direct, Direct, Direct, Direct, Direct, Direct, Direct, Direct",11,0
212879651166366114,2016-10-05 16:36:35.000,"Referral, Referral, Referral",3,0
8634574195973179534,2016-09-13 03:28:40.000,"Referral, Referral",2,0
4440722243417687000,2016-09-28 00:42:31.000,Referral,1,0
6886649071985199551,2016-10-13 14:18:56.000,"Referral, Referral, Referral",3,0
9322809355317505593,2016-10-08 02:00:33.000,Referral,1,0
5738378843215726738,2016-10-10 22:34:22.000,"Referral, Referral",2,0
2446685875964479851,2016-11-10 02:42:04.000,"PURCHASE, Organic Search",2,1
8008255526797390672,2016-11-09 22:43:42.000,Paid Search,1,0
7311242886083854158,2016-11-18 01:26:39.000,PURCHASE,1,1
3758361664336535169,2016-11-16 04:55:16.000,Referral,1,0
2540477240433751647,2017-02-14 21:40:46.000,"Referral, Referral, Display",3,0
5237766343939358794,2016-12-04 19:32:56.000,"Direct, Direct, Direct",3,0
389168811037319268,2016-12-09 02:45:55.000,PURCHASE,1,1
8277697496987047439,2016-12-20 01:14:19.000,"Referral, Referral, Referral",3,0
2360605988531848015,2016-12-27 17:34:19.000,Organic Search,1,0
992812962494074450,2017-01-04 23:40:30.000,Referral,1,0
79867210646960655,2017-01-17 13:01:27.000,Organic Search,1,0
0845988907408723108,2017-01-29 00:38:14.000,Organic Search,1,0
0343104487250705794,2017-02-13 23:36:12.000,"Referral, Organic Search, Organic Search",3,0
8771334811414684214,2017-02-08 14:31:43.000,"Organic Search, Organic Search, Organic Search",3,0
034988778973749269,2017-03-23 19:33:38.000,"Direct, Organic Search, Organic Search",3,0
0068590151265795437,2017-03-21 20:35:02.000,"Direct, Direct",2,0
5926882558735267837,2017-03-30 02:14:08.000,"Organic Search, Organic Search",2,0
1618182564447890733,2017-04-22 21:37:17.000,"Organic Search, Organic Search",2,0
451272146698301239,2017-04-28 21:41:23.000,"Referral, Referral, Referral",3,0
5125140299363465569,2017-07-19 20:20:17.000,"Organic Search, Referral, Referral, Referral, Organic Search, Organic Search, Referral",7,0
3783478137758293911,2017-06-08 00:31:33.000,"Direct, Paid Search",2,0
7371041490532738587,2017-06-27 00:17:04.000,"Referral, Referral, Referral, Referral",4,0
4602383891226401804,2017-07-24 12:51:58.000,PURCHASE,1,2
8624185886173345427,2017-07-27 15:05:29.000,"Referral, Referral",2,0
3031054342565069351,2016-10-05 02:41:36.000,Organic Search,1,0
5919562379041618004,2016-12-18 03:51:53.000,"Direct, Direct, Direct",3,0
6935939292011459030,2016-10-14 18:40:36.000,"Display, Referral, Referral",3,0
3788077234501576551,2016-12-02 21:38:28.000,"PURCHASE, Referral, Referral, Referral, Referral",5,2
5486423312788260329,2016-11-02 15:47:20.000,"Organic Search, Organic Search, Organic Search",3,0
2864376493455301677,2016-11-04 23:06:10.000,"Direct, Direct, Direct, Direct, Direct",5,0
11018661240317813,2016-12-13 21:53:30.000,"Referral, Referral, Referral, Referral",4,0
3435570511670924970,2016-12-15 17:35:40.000,"Referral, Referral, Referral, Referral",4,0
3158193721801238039,2016-12-20 18:29:48.000,"Referral, Referral",2,0
1049505592515499633,2016-12-14 01:42:54.000,Direct,1,0
3877662166463811188,2017-04-10 23:57:18.000,"Referral, Referral, Referral, Referral, Referral, Referral, Referral, Referral, Referral, Referral, Referral, Referral, Referral, Referral, Referral, Referral, Referral, Referral, Referral, Referral, Referral, Referral, Referral, Referral, Referral, Referral, Referral, Referral, Referral, Referral, Referral, Referral, Referral, Referral, Referral, Referral, Referral",37,0
4821028877021679125,2017-01-31 16:02:56.000,Referral,1,0
9863787389438412366,2017-03-11 19:56:14.000,"Referral, Referral, Referral, Referral",4,0
1012363918031449847,2017-02-07 23:34:06.000,Direct,1,0
4314785522549943313,2017-05-03 05:13:55.000,"Direct, Direct",2,0
6006657047016577071,2017-03-20 14:40:11.000,PURCHASE,1,1
070622933908011467,2017-04-07 19:38:26.000,Referral,1,0
8443643406410739523,2017-04-06 22:05:20.000,"PURCHASE, Organic Search",2,1
3830048774168985373,2017-04-14 04:06:32.000,"Referral, Referral",2,0
6384329866495516492,2017-04-28 19:54:35.000,Referral,1,0
4573492063530196162,2017-05-24 03:45:39.000,Referral,1,0
299679623448520578,2017-05-17 13:19:20.000,"Direct, Direct",2,0
6150828289125902444,2017-06-16 18:20:05.000,Organic Search,1,0
6483542972874741074,2017-07-11 20:22:25.000,Referral,1,0
0316080058721038988,2017-07-19 22:47:26.000,Display,1,0
0216379390200329933,2017-01-13 19:05:09.000,"Referral, Referral, Referral, Display",4,0
3091668257669224026,2016-12-10 19:52:40.000,Organic Search,1,0
0114893528564579143,2016-12-19 00:14:34.000,"Direct, Direct, Organic Search, Organic Search, Organic Search",5,0
3945894443419413506,2017-01-26 22:43:32.000,Organic Search,1,0
9340462929584208347,2017-02-09 02:12:31.000,Direct,1,0
1639589047263376521,2017-02-12 01:27:48.000,PURCHASE,1,4
2234644290294742127,2017-02-21 19:19:49.000,Organic Search,1,0
4116720743881459837,2017-04-22 01:38:27.000,"PURCHASE, Direct, Direct",3,1
2338178303528914061,2017-07-25 20:43:01.000,"PURCHASE, Organic Search",2,3
0389986037860676472,2017-03-31 17:11:20.000,Organic Search,1,0
1177826801773768072,2017-04-16 18:07:21.000,"Organic Search, Organic Search, Organic Search",3,0
2336992111054994391,2017-05-02 18:13:08.000,"Direct, Referral, Referral, Referral",4,0
8930278305459563871,2017-07-21 18:11:41.000,"PURCHASE, Referral",2,1
6215579195601546611,2017-07-12 15:33:21.000,Referral,1,0
7232250219554218806,2016-12-08 01:24:38.000,Organic Search,1,0
1977361136349656353,2017-04-20 22:01:03.000,Referral,1,0
4845279744517849233,2017-07-18 00:34:45.000,Organic Search,1,0
6388824250276633832,2017-01-26 23:47:40.000,"Organic Search, Organic Search, Organic Search",3,0
6553890260973501420,2016-11-15 02:27:15.000,"Direct, Organic Search, Referral, Referral, Referral, Referral, Referral",7,0
9833947383414672576,2016-08-05 19:23:48.000,Organic Search,1,0
0925133855991558023,2016-08-09 09:53:43.000,"Paid Search, Paid Search, Paid Search, Paid Search",4,0
9213598316210983037,2016-08-12 20:35:50.000,"Organic Search, Organic Search, Organic Search",3,0
7357863734794261504,2016-09-01 11:46:16.000,"Organic Search, Organic Search, Organic Search, Organic Search",4,0
5541410550636269362,2016-08-19 19:51:37.000,"Organic Search, Display",2,0
0121856061140944855,2016-08-15 15:22:21.000,Organic Search,1,0
5234724080017990877,2016-08-16 18:50:14.000,"Referral, Organic Search, Organic Search",3,0
7785136914311905,2016-09-15 17:59:06.000,"Referral, Referral, Referral, Referral, Referral",5,0
5423482530849493225,2016-08-30 23:26:38.000,Referral,1,0
9188719261493987540,2016-09-23 20:59:39.000,Organic Search,1,0
5031234556107572838,2016-09-12 01:52:51.000,"Referral, Display, Display, Display, Display, Display, Display, Display, Display, Display, Display",11,0
5793548802534178170,2016-11-14 23:21:26.000,"Organic Search, Referral, Referral, Referral, Referral, Referral, Referral",7,0
4578640586284138624,2016-09-26 20:55:02.000,"PURCHASE, Direct, Direct, Direct, Direct, Organic Search, Organic Search, Organic Search, Organic Search, Organic Search, Organic Search",11,2
316636715154446720,2016-09-19 22:18:13.000,"Direct, Referral, Referral",3,0
1111875891012788851,2016-09-16 22:07:06.000,"Organic Search, Referral",2,0
8410353231365247459,2017-03-29 17:43:24.000,"PURCHASE, Referral, Referral",3,1
4482154652839439582,2016-10-04 18:14:22.000,Organic Search,1,0
4272086448869287374,2016-10-17 23:32:06.000,Referral,1,0
9457643087878203141,2016-12-05 23:56:19.000,"Direct, Direct, Direct",3,0
4531509922177171032,2016-10-21 19:44:55.000,Organic Search,1,0
7983896832980033675,2016-12-09 02:06:26.000,"Referral, Referral, Referral, Referral",4,0
2377197803125206851,2017-06-07 17:43:27.000,"Organic Search, Organic Search, Organic Search, Organic Search",4,0
2848995850651736137,2016-11-09 18:48:58.000,"Referral, Referral",2,0
173033808547433503,2016-11-25 23:47:16.000,Organic Search,1,0
3779884879150825384,2016-12-12 16:03:05.000,"Referral, Referral",2,0
0676766064405033146,2016-11-24 18:18:59.000,Organic Search,1,0
1466669446695203037,2016-12-08 09:18:22.000,"Organic Search, Organic Search",2,0
48315652365779540,2017-03-20 00:33:27.000,"Direct, Referral",2,0
6218917791895202821,2017-02-13 20:13:31.000,"PURCHASE, Referral, Referral",3,1
8304708431281283442,2016-12-13 17:23:34.000,"Paid Search, Paid Search",2,0
2009706373973411398,2016-12-13 15:43:05.000,Referral,1,0
3287424336851494398,2017-02-22 16:22:37.000,"PURCHASE, Organic Search, Organic Search, Organic Search, Organic Search, Organic Search, Organic Search, Organic Search, Organic Search, Organic Search",10,1
3968337484870623826,2017-01-12 03:56:18.000,"Paid Search, Paid Search",2,0
6525565523346061607,2017-02-01 01:27:36.000,"Organic Search, Referral, Referral",3,0
7292983953762980102,2017-01-23 15:17:53.000,"Referral, Referral, Referral, Referral",4,0
2743010540143714020,2017-03-14 03:38:22.000,"Referral, Referral",2,0
6042992012557557168,2017-02-08 13:43:57.000,Organic Search,1,0
9029794295932939024,2017-02-22 00:11:24.000,PURCHASE,1,6
9072959041280024923,2017-05-01 23:38:09.000,"Social, Social, Social, Referral, Social, Social, Social, Social",8,0
0509637927726464785,2017-02-21 20:40:52.000,Referral,1,0
6095240958469403590,2017-06-10 20:02:29.000,"PURCHASE, Referral",2,1
2402527199731150932,2017-03-14 09:11:42.000,PURCHASE,1,9
7441074498173829277,2017-05-19 16:02:35.000,"PURCHASE, Organic Search, Organic Search",3,1
9007057960603042466,2017-07-16 05:38:32.000,Paid Search,1,0
7730778110265788269,2017-07-21 07:41:35.000,"Referral, Referral, Referral",3,0
7227604725376239031,2017-08-01 05:23:52.000,"Direct, Direct",2,0
4600436186837518358,2017-04-05 03:06:07.000,Organic Search,1,0
5759869203638268545,2016-09-16 01:29:08.000,Organic Search,1,0
784029865132552069,2016-10-21 13:05:37.000,"Direct, Direct",2,0
8851822767477687842,2016-09-30 19:26:06.000,"PURCHASE, Referral, Referral, Display, Referral, Referral",6,5
748349806318995156,2016-09-29 21:24:08.000,Referral,1,0
41955139058139143,2016-10-23 00:23:16.000,"Referral, Referral",2,0
1838185518562718832,2016-11-04 04:09:48.000,Organic Search,1,0
282580967786243960,2016-12-16 16:47:47.000,Referral,1,0
2936634930290678437,2017-03-08 08:48:37.000,"PURCHASE, Referral, Referral, Referral, Referral, Referral, Referral",7,1
1618884882553763938,2017-03-06 05:11:26.000,"Direct, Direct, Direct",3,0
7841078781730568178,2017-02-06 21:03:30.000,Referral,1,0
6468324397294207967,2017-02-09 04:44:48.000,"Organic Search, Organic Search, Organic Search, Organic Search",4,0
1007381091974850784,2017-02-15 17:39:14.000,"Referral, Referral",2,0
3088956989442559269,2017-03-27 17:26:05.000,"Referral, Referral, Referral, Referral, Organic Search, Referral",6,0
0740400499011848560,2017-02-28 00:30:51.000,"Referral, Referral",2,0
3783357047189991250,2017-03-02 17:50:08.000,"Organic Search, Organic Search",2,0
1755285075789070273,2017-03-01 00:39:25.000,"Direct, Direct",2,0
2616240173389988716,2017-03-30 00:13:07.000,PURCHASE,1,2
68337214858488115,2017-04-07 15:16:54.000,"Referral, Referral",2,0
1506245895019104192,2017-03-30 08:32:38.000,Organic Search,1,0
1006586895176730194,2017-03-30 16:08:43.000,Organic Search,1,0
9606909032279164243,2017-04-04 16:04:27.000,Direct,1,0
0402324876089509346,2017-04-28 14:47:56.000,Direct,1,0
652992594863430909,2017-05-23 15:02:46.000,"Referral, Referral",2,0
4116720743881459837,2017-06-02 23:42:26.000,"PURCHASE, Direct, Direct, Direct, Direct",5,2
7767487111812238597,2017-04-27 19:48:22.000,Organic Search,1,0
7054908618767753222,2017-05-20 02:05:34.000,"Referral, Referral, Referral, Referral, Referral, Referral, Referral, Referral, Referral, Referral",10,0
214415686397071336,2017-05-25 23:44:35.000,"Direct, Direct",2,0
2404730522088263435,2017-05-08 02:09:13.000,"Direct, Referral",2,0
8863954266845477277,2017-06-11 18:53:48.000,Organic Search,1,0
5947969981378635810,2017-06-20 22:33:33.000,"Organic Search, Organic Search, Organic Search, Organic Search, Organic Search",5,0
9426279967175711043,2017-06-14 01:21:50.000,Referral,1,0
3843258333728825777,2017-06-14 21:07:10.000,Referral,1,0
3424918216070852195,2017-07-26 12:34:20.000,"Referral, Referral",2,0
1573919593896895308,2017-07-31 17:13:12.000,Direct,1,0
6081065027477521968,2017-07-18 21:25:48.000,"Display, Display",2,0
3700714855829972615,2017-07-21 00:50:16.000,"PURCHASE, Referral",2,1
5308677468260522097,2016-10-12 13:32:38.000,PURCHASE,1,1
5857188717292018913,2017-01-21 00:23:00.000,"Paid Search, Organic Search",2,0
0199390506505564850,2017-03-30 19:26:06.000,"Referral, Referral, Referral, Referral, Referral, Referral, Referral",7,0
1058233783721857141,2017-03-04 21:57:18.000,"Organic Search, Organic Search",2,0
9484234336257707179,2017-07-13 22:15:15.000,"Referral, Referral",2,0
5310174210774227909,2017-06-01 20:13:29.000,Referral,1,0
3741029495705540856,2017-06-14 18:22:02.000,Referral,1,0
2689556653800639103,2017-06-19 18:23:37.000,"Referral, Referral",2,0
5135901390896357467,2017-07-25 19:07:38.000,"PURCHASE, Referral",2,1
0668741043882663600,2017-07-20 03:28:33.000,Paid Search,1,0
2874187183209359392,2016-08-05 15:08:37.000,"Organic Search, Organic Search",2,0
894710004861262965,2016-08-05 22:38:44.000,"Direct, Direct",2,0
3651236178297413161,2016-08-08 14:44:27.000,"PURCHASE, Organic Search, Organic Search",3,1
889484015663276580,2016-09-03 13:15:09.000,Organic Search,1,0
5874652729047848960,2016-08-08 18:53:07.000,Direct,1,0
4934955623514361329,2016-08-10 23:14:50.000,"Referral, Referral",2,0
0397053123672758925,2016-08-10 20:07:05.000,"Referral, Referral",2,0
4905999160114046037,2016-08-17 00:25:29.000,Direct,1,0
4279722686753943026,2016-10-07 22:34:55.000,"PURCHASE, Referral, Referral, Referral, Referral",5,1
4754999393353711212,2016-12-12 00:05:07.000,"Referral, Referral, Referral",3,0
9264586279385429570,2016-08-26 16:36:43.000,Direct,1,0
6815234192194618942,2016-09-21 14:44:18.000,"Referral, Referral",2,0
5668433030865339442,2016-09-01 14:31:37.000,Referral,1,0
6760732402251466726,2016-09-07 22:14:38.000,PURCHASE,1,7
9800907227461881952,2016-12-05 16:07:41.000,"Direct, Direct, Direct, Direct",4,0
9000020020655117691,2016-09-12 00:08:47.000,Referral,1,0
8733093827821835870,2016-09-17 11:06:28.000,"Paid Search, Organic Search, Organic Search",3,0
4063594254522767136,2016-09-28 23:38:13.000,Referral,1,0
8681824816551475560,2016-11-19 18:30:03.000,Referral,1,0
7615721031711474348,2016-10-21 15:33:45.000,Referral,1,0
3640330441830847885,2016-10-12 01:19:39.000,"Organic Search, Organic Search",2,0
407927208045481071,2016-11-28 22:19:39.000,"PURCHASE, Paid Search",2,3
3835134197841326255,2016-11-17 17:36:30.000,Direct,1,0
5573862232372120211,2016-12-09 22:04:01.000,"Direct, Direct, Direct, Direct, Direct",5,0
7436604361557442905,2016-12-08 22:10:17.000,"Display, Display",2,0
1908025303707716232,2017-02-16 00:31:30.000,"Organic Search, Organic Search, Organic Search",3,0
3073219633014134177,2017-03-16 17:59:39.000,Direct,1,0
6142588634593975998,2016-12-14 21:22:46.000,Referral,1,0
2312901196911116113,2016-12-28 16:46:10.000,"Referral, Referral, Referral",3,0
6984780518734174118,2016-12-27 19:06:24.000,"Direct, Direct, Direct, Direct, Direct",5,0
342565333518409484,2017-01-06 14:45:55.000,"Referral, Referral",2,0
3307727541454538037,2017-01-19 15:34:49.000,Referral,1,0
2487086990379614577,2017-02-24 22:29:02.000,"Organic Search, Display",2,0
173863901552294318,2017-01-14 13:17:15.000,"PURCHASE, Display",2,1
1941279334540452285,2017-01-24 15:19:16.000,Direct,1,0
0405613301455395523,2017-02-08 18:11:40.000,Organic Search,1,0
8718806684615672297,2017-02-21 01:59:27.000,"Organic Search, Organic Search, Organic Search",3,0
8434622228747679141,2017-02-16 23:37:19.000,Referral,1,0
32080452871669006,2017-02-17 22:17:50.000,Direct,1,0
0211475535612871703,2017-02-20 02:07:14.000,Organic Search,1,0
0324564641241038377,2017-05-15 14:36:39.000,"Direct, Direct, Organic Search, Organic Search, Organic Search, Organic Search, Organic Search, Organic Search, Organic Search",9,0
2396848817613598114,2017-03-05 17:14:44.000,"PURCHASE, Social",2,1
7976621551830058686,2017-03-11 00:03:15.000,Organic Search,1,0
4561220792335536422,2017-05-16 02:48:43.000,"Referral, Referral, Referral",3,0
6757769563866849051,2017-04-18 14:54:16.000,"Referral, Referral, Referral, Referral",4,0
9369594665112316825,2017-04-03 21:50:44.000,"Referral, Referral",2,0
5498699578432669706,2017-04-04 05:36:36.000,Organic Search,1,0
9541996968314639199,2017-05-04 07:39:44.000,Organic Search,1,0
7633401264222322898,2017-05-12 18:43:15.000,Referral,1,0
8844888920708607331,2017-05-11 14:56:00.000,Direct,1,0
8838657285552913253,2017-07-08 21:18:22.000,"Referral, Referral",2,0
1476938238176225678,2017-07-22 00:14:59.000,"PURCHASE, Referral, Referral, Referral",4,3
3273268557987890623,2017-07-25 17:08:17.000,"Referral, Referral, Referral, Referral, Referral, Referral, Referral, Referral, Referral",9,0
4297151124311422842,2016-10-12 12:39:00.000,"PURCHASE, Organic Search, Organic Search, Organic Search",4,3
5400263759005531728,2016-09-13 23:23:03.000,"Referral, Referral",2,0
9485972956098452266,2016-09-19 16:04:06.000,"Organic Search, Organic Search",2,0
4840616952282133729,2016-09-19 17:24:28.000,"Referral, Referral",2,0
4672677457109865399,2016-10-07 00:34:33.000,Referral,1,0
7344287542005288053,2016-10-17 17:32:25.000,Referral,1,0
0024314485741511650,2016-12-28 02:10:24.000,"Referral, Referral",2,0
3119753230515283152,2016-11-09 03:14:55.000,Direct,1,0
9175759822797346321,2016-11-21 21:54:22.000,Direct,1,0
5315316047616808913,2016-12-07 00:26:14.000,"Organic Search, Organic Search",2,0
8053221637100558472,2017-05-16 03:10:49.000,"Referral, Referral, Referral",3,0
4263101733222626989,2017-02-04 19:22:09.000,Direct,1,0
3038010493412298,2016-12-24 21:58:17.000,Direct,1,0
7284466025557220497,2017-02-20 22:34:08.000,"PURCHASE, Direct, Direct",3,2
5506432627540376379,2017-01-07 04:42:52.000,"Organic Search, Organic Search",2,0
664885127935747173,2017-02-10 11:08:02.000,"Organic Search, Organic Search",2,0
3021223849614284256,2017-03-06 22:09:29.000,"Direct, Referral",2,0
9920226064713599750,2017-04-24 16:48:39.000,"Social, Social, Social, Social, Social, Organic Search",6,0
8749354080686070265,2017-05-02 17:05:00.000,Social,1,0
2512708881002227681,2017-02-27 20:08:08.000,Referral,1,0
7224069720026489065,2017-03-19 23:36:21.000,"Referral, Referral, Referral, Referral, Referral",5,0
4588796231145389827,2017-03-17 03:50:25.000,"Paid Search, Paid Search",2,0
6559285755206861388,2017-03-22 14:27:12.000,"Referral, Referral",2,0
2870963788113068865,2017-05-23 21:38:47.000,"Organic Search, Organic Search, Organic Search, Organic Search, Organic Search",5,0
6563130963865137516,2017-03-29 16:07:23.000,PURCHASE,1,1
119870259714905967,2017-05-18 02:19:01.000,PURCHASE,1,4
6584758329159438416,2017-04-21 19:40:36.000,"Referral, Referral",2,0
7528605281471957603,2017-05-02 16:05:53.000,"Referral, Referral, Referral",3,0
9026840718082010040,2017-05-19 13:15:25.000,"Direct, Direct, Direct, Direct, Direct, Direct, Direct",7,0
1667607933860052004,2017-05-04 22:50:28.000,Referral,1,0
0281952976428623195,2017-05-18 17:24:00.000,"Referral, Referral, Referral, Referral, Referral",5,0
7947262115800453109,2017-05-28 04:39:09.000,"Direct, Direct",2,0
349780264810210042,2017-05-23 16:32:33.000,Referral,1,0
9953956744551076841,2017-06-20 01:45:52.000,PURCHASE,1,1
7089296120636038584,2017-07-20 22:58:20.000,"Organic Search, Organic Search",2,0
4019468962441063327,2017-07-17 01:35:00.000,Referral,1,0
0326671467950015369,2017-07-29 08:14:31.000,"Referral, Referral, Referral, Referral",4,0
8461560860601581176,2016-12-31 23:01:56.000,Referral,1,0
0348759248625736228,2017-03-19 23:41:55.000,"Direct, Referral, Referral, Referral, Referral, Referral, Referral, Referral, Referral, Referral, Referral, Referral, Referral, Referral, Social, Referral",16,0
2400006764612323294,2017-04-12 00:19:24.000,"Organic Search, Organic Search, Organic Search, Organic Search",4,0
8921985008327806368,2017-03-23 01:27:20.000,Referral,1,0
0941726438399473483,2017-06-02 14:18:51.000,"Referral, Referral",2,0
2694014479461830065,2017-06-06 21:57:51.000,"Organic Search, Organic Search, Organic Search, Organic Search, Organic Search, Organic Search, Organic Search, Organic Search, Organic Search, Organic Search, Organic Search, Organic Search, Organic Search, Organic Search, Organic Search, Organic Search, Organic Search, Organic Search",18,0
2545566579978382892,2017-05-31 20:12:22.000,Referral,1,0
9963197880398595287,2017-07-05 20:18:28.000,"PURCHASE, Paid Search",2,1
4640309372934566564,2017-07-21 18:46:40.000,"Referral, Referral",2,0
2384781485752007681,2017-05-03 20:00:32.000,"Referral, Social, Social, Social",4,0
3784608915391176306,2017-07-11 20:25:05.000,"Organic Search, Referral, Referral",3,0
8144887345147571750,2016-08-15 22:13:40.000,"Referral, Referral",2,0
428994201200499894,2016-08-16 04:07:57.000,"Display, Display, Display, Display, Display, Display, Display",7,0
8843025310060521600,2016-08-11 21:47:55.000,"Referral, Referral, Referral, Referral, Referral, Referral",6,0
407927208045481071,2016-09-17 03:00:05.000,"Organic Search, Referral, Organic Search, Organic Search, Organic Search",5,0
5615659499306558316,2016-08-23 15:13:06.000,"PURCHASE, Direct",2,1
1930328247760052001,2016-08-08 11:44:10.000,Organic Search,1,0
8197613511305133207,2016-08-18 19:18:24.000,"Direct, Direct, Direct, Direct",4,0
8982530500105838244,2016-08-12 20:10:42.000,"Referral, Referral",2,0
7966445662902884206,2016-08-09 09:20:33.000,"Referral, Organic Search, Referral",3,0
6903095151297107595,2016-08-10 18:49:52.000,"Direct, Direct",2,0
7958231810407314761,2016-12-17 20:06:39.000,"Direct, Direct, Direct, Direct, Direct",5,0
5993060146363260097,2016-09-20 09:47:45.000,"Organic Search, Organic Search, Organic Search, Organic Search",4,0
1617666835102825483,2016-08-16 18:37:21.000,Organic Search,1,0
7344519175727343086,2016-08-21 05:28:06.000,"Organic Search, Organic Search",2,0
9289122260423995124,2016-08-22 23:03:24.000,Organic Search,1,0
9377429831454005466,2016-08-29 22:08:18.000,"Organic Search, Organic Search, Referral",3,0
5682452231721622029,2016-10-13 11:32:56.000,"PURCHASE, Paid Search, Paid Search",3,1
7138171492799119047,2016-09-08 16:01:13.000,Referral,1,0
3033366073043100694,2016-09-16 13:39:29.000,PURCHASE,1,1
096830421763570474,2016-09-27 16:26:55.000,"Referral, Referral",2,0
3034798095913703775,2016-09-16 17:02:59.000,"Referral, Referral, Referral",3,0
803888563485194008,2016-09-26 12:20:06.000,PURCHASE,1,1
2149939263814499827,2016-09-20 23:24:57.000,Referral,1,0
8993051197543109728,2016-10-09 02:16:27.000,"Referral, Referral",2,0
5308677468260522097,2016-10-10 12:58:48.000,"Organic Search, Referral",2,0
4318859395681595778,2016-10-07 20:09:59.000,Referral,1,0
0810563443947477001,2017-01-02 00:09:45.000,"Referral, Referral",2,0
001905118576359487,2016-10-17 16:41:36.000,Organic Search,1,0
213465488216513322,2016-10-26 15:52:09.000,PURCHASE,1,1
7563365488424319047,2016-10-17 20:34:42.000,Paid Search,1,0
7939213367478794488,2017-01-10 23:41:37.000,"Direct, Direct, Direct, Direct, Direct, Direct, Direct, Direct, Direct, Direct, Direct, Direct",12,0
6147396474895233852,2016-11-14 15:30:33.000,PURCHASE,1,2
4196418886710432062,2016-11-19 01:11:58.000,Referral,1,0
1203064658945924144,2016-12-24 23:41:06.000,Paid Search,1,0
624114855878604514,2016-12-12 17:06:59.000,"Referral, Referral",2,0
893172555107967427,2016-12-16 22:42:33.000,"Referral, Referral",2,0
7657968382629784039,2016-12-02 18:39:31.000,"Referral, Referral, Referral, Referral, Referral, Referral",6,0
8674825610490991214,2016-12-15 23:30:41.000,"Referral, Referral",2,0
5546357899055367102,2016-12-12 20:53:02.000,"Referral, Referral",2,0
9671728324632392297,2016-12-15 02:11:31.000,PURCHASE,1,1
1794290733386551396,2017-05-12 01:50:23.000,"Referral, Referral, Referral, Referral, Referral, Referral, Referral, Referral",8,0
6381379755303153849,2017-01-10 00:32:22.000,Direct,1,0
9004668593024428031,2017-02-02 01:54:42.000,PURCHASE,1,1
9259412484953197672,2017-02-10 19:08:11.000,"Referral, Referral, Referral, Referral, Referral, Referral, Referral, Referral",8,0
1501789786482785393,2017-02-11 01:45:19.000,"Paid Search, Paid Search, Paid Search, Paid Search",4,0
317257995730740367,2017-02-17 22:42:47.000,"Display, Display",2,0
8131817196837005031,2017-04-21 19:28:03.000,"Organic Search, Organic Search, Organic Search, Organic Search",4,0
542333354260444568,2017-04-05 10:27:24.000,Organic Search,1,0
4371319639324019730,2017-05-25 23:12:28.000,Referral,1,0
1845647655328676272,2017-06-02 19:58:11.000,Referral,1,0
6713105550821330971,2017-06-27 18:37:28.000,Direct,1,0
0339985125689048804,2016-08-08 23:23:19.000,"Referral, Referral",2,0
5409062916318934931,2016-08-23 18:41:30.000,Referral,1,0
2245825143806185917,2016-09-21 22:35:03.000,"Direct, Direct, Direct, Direct, Direct, Direct, Direct, Direct",8,0
9957433141256744131,2016-10-14 16:04:58.000,Referral,1,0
820975458829073449,2016-10-24 23:13:52.000,Direct,1,0
0729769598575814527,2016-10-12 01:39:41.000,Affiliates,1,0
550660948694018203,2016-10-12 17:32:17.000,Referral,1,0
8082342727738025464,2016-10-26 14:46:24.000,"Referral, Referral",2,0
7218697724746319622,2016-11-17 20:46:23.000,"Direct, Direct",2,0
1455159374538425132,2016-11-24 00:51:41.000,"Organic Search, Organic Search, Display, Display",4,0
4835082938415020542,2016-11-28 18:38:11.000,"PURCHASE, Direct, Direct",3,3
7658004825963957145,2016-12-15 03:12:24.000,"Referral, Referral, Referral, Referral, Referral, Referral",6,0
8989237843879391411,2016-12-15 19:00:09.000,"Referral, Referral",2,0
0717319288989549456,2016-12-03 17:25:45.000,"Direct, Direct, Direct, Direct, Direct",5,0
2678017605977262322,2017-01-20 18:46:04.000,"Referral, Social, Social, Referral, Referral, Referral, Referral, Referral, Referral, Referral",10,0
8383482005458166982,2016-11-25 17:34:20.000,Paid Search,1,0
4017026585162229127,2016-12-14 20:38:43.000,"PURCHASE, Referral, Referral",3,1
6915949574314968921,2017-04-10 15:27:19.000,Direct,1,0
0435284079726114731,2016-12-19 23:16:03.000,Referral,1,0
2888741988109163849,2016-12-05 15:53:27.000,Organic Search,1,0
4085534559120905575,2016-12-08 17:10:33.000,Referral,1,0
7790208263336496144,2016-12-19 20:37:57.000,"Direct, Direct",2,0
2130970500799303391,2016-12-28 20:18:38.000,"PURCHASE, Referral, Referral",3,1
8986179509991315962,2017-01-20 20:15:01.000,Referral,1,0
809414136326091253,2017-02-24 17:53:47.000,"Referral, Referral, Referral, Referral",4,0
372706149688864468,2017-03-15 16:18:40.000,"PURCHASE, Referral, Referral, Referral, Referral",5,4
0463325773564352787,2017-01-27 00:09:08.000,PURCHASE,1,1
6658963377176900998,2017-05-09 14:53:35.000,"Referral, Referral",2,0
840090579696794382,2017-03-19 23:13:21.000,"Organic Search, Organic Search, Organic Search, Organic Search, Organic Search",5,0
0885381131657662614,2017-02-24 20:28:22.000,Organic Search,1,0
6366382357860597,2017-03-02 21:49:13.000,Organic Search,1,0
5702250706179149383,2017-05-22 02:45:13.000,Organic Search,1,0
5224582846346969715,2017-03-21 20:23:39.000,"Referral, Referral, Referral",3,0
0487480427659606163,2017-05-02 17:04:39.000,"Organic Search, Organic Search",2,0
357636120727052842,2017-05-05 12:09:03.000,"Organic Search, Referral, Referral, Referral",4,0
2722991619040333092,2017-05-01 05:31:37.000,Direct,1,0
4968114239490264193,2017-05-03 15:16:09.000,Direct,1,0
6289648487532029978,2017-05-03 20:35:32.000,Direct,1,0
7706423253523283738,2017-05-09 21:24:06.000,Referral,1,0
0780253600713375371,2017-06-14 23:14:44.000,"Direct, Direct, Direct",3,0
3836209289653625827,2017-06-04 20:26:32.000,Referral,1,0
7890966908162899673,2017-06-09 13:38:54.000,Referral,1,0
3538189268879245816,2017-07-19 12:55:19.000,Referral,1,0
2868753573471668678,2017-07-17 04:35:50.000,"Referral, Referral, Referral",3,0
0640040708763897460,2017-07-21 21:27:16.000,"Organic Search, Display, Display",3,0
0975931442450346746,2017-07-21 18:09:20.000,Paid Search,1,0
2752688798072608210,2016-12-08 15:53:28.000,PURCHASE,1,1
3435879975978458700,2016-12-09 23:36:27.000,"Organic Search, Paid Search",2,0
912047147025556789,2016-12-14 02:45:18.000,"Direct, Direct",2,0
7435052038545127483,2017-01-19 02:47:29.000,"PURCHASE, Referral, Referral",3,5
5826737021779185298,2017-02-10 21:18:17.000,Referral,1,0
8960419773475040176,2017-03-09 22:29:33.000,"Organic Search, Organic Search",2,0
3197533100947860058,2017-06-01 11:46:14.000,"PURCHASE, Organic Search, Organic Search, Organic Search, Organic Search, Organic Search, Organic Search",7,2
9447628234251166900,2017-04-28 16:43:57.000,PURCHASE,1,1
9401702056400438327,2017-05-03 16:12:22.000,Direct,1,0
8726427406034606152,2017-06-29 15:21:03.000,Referral,1,0
9963197880398595287,2017-07-01 05:09:30.000,Paid Search,1,0
3563510904717248245,2017-07-27 23:23:48.000,"Organic Search, Organic Search, Organic Search, Organic Search",4,0
4066299647455540337,2017-03-10 18:16:17.000,Referral,1,0
9026840718082010040,2017-07-07 15:31:29.000,"PURCHASE, Direct, Direct, Direct, Direct",5,3
1921325710867532207,2017-07-31 17:48:57.000,"Organic Search, Referral, Referral",3,0
6817264286824757419,2016-08-23 21:30:20.000,"Referral, Referral, Referral",3,0
8232947695089161227,2016-08-23 02:56:31.000,"Referral, Referral, Referral, Referral, Referral",5,0
797965936233269883,2016-08-13 20:34:20.000,Referral,1,0
3205462167547873078,2017-04-05 18:47:15.000,Referral,1,0
5157028803252486506,2016-09-04 06:46:08.000,"Organic Search, Organic Search",2,0
7586960751046029408,2016-09-11 14:28:44.000,"Organic Search, Organic Search, Organic Search",3,0
3859415812077160469,2016-12-03 16:07:01.000,"Referral, Referral, Referral, Referral, Referral, Referral, Referral, Referral, Referral, Referral, Referral, Referral, Referral, Referral, Referral, Referral, Referral",17,0
6822031209977352236,2016-09-01 21:41:22.000,Referral,1,0
5804926577039377233,2016-09-12 22:00:24.000,"PURCHASE, Referral",2,1
654122007935553683,2016-09-13 16:45:05.000,"Organic Search, Organic Search, Organic Search, Organic Search, Organic Search",5,0
5556519873090300831,2016-10-12 21:39:15.000,"Referral, Referral",2,0
4216847323898828897,2016-09-13 22:14:25.000,"Direct, Referral",2,0
5537140767196108194,2016-09-20 15:40:57.000,"Direct, Direct, Direct, Direct",4,0
6268007310834685329,2016-10-13 16:50:47.000,"Direct, Referral",2,0
8627561348122631479,2016-10-05 21:20:07.000,"Referral, Referral",2,0
1888745689624472388,2016-10-05 17:26:14.000,"Direct, Direct, Direct, Direct, Direct, Direct, Direct",7,0
9099065750965948583,2016-11-09 13:56:37.000,"Referral, Referral, Referral, Referral, Referral, Referral",6,0
6154712788683409378,2016-10-22 20:43:31.000,Paid Search,1,0
683463694449296647,2017-04-29 02:16:11.000,Organic Search,1,0
1592947394109793824,2016-10-29 01:07:05.000,Organic Search,1,0
1984127525672882092,2016-11-07 14:41:16.000,"Referral, Referral, Referral",3,0
6024281356210968714,2016-11-24 23:08:00.000,"Referral, Referral, Referral",3,0
3387281260224146216,2016-11-17 19:50:20.000,PURCHASE,1,1
5427859943259762848,2016-11-22 17:45:41.000,"Direct, Referral",2,0
5111739417846462247,2016-11-30 19:56:09.000,"Referral, Referral",2,0
9918252406090832709,2017-01-17 00:30:02.000,Organic Search,1,0
4698134628151668241,2017-02-23 18:43:42.000,Referral,1,0
8343235523660453315,2017-01-19 14:05:45.000,Referral,1,0
925490504455490197,2017-01-31 20:50:36.000,Referral,1,0
5263059809967138936,2017-02-21 16:10:38.000,Direct,1,0
0097371986665596420,2017-05-23 19:38:25.000,"Direct, Direct, Direct, Direct, Direct, Direct, Direct, Direct",8,0
8981840546214249498,2017-03-07 15:47:48.000,Organic Search,1,0
4500813416619590526,2017-03-17 21:01:57.000,"Direct, Direct",2,0
2349461252171876066,2017-03-27 23:40:12.000,Direct,1,0
0998406341643073720,2017-04-13 14:15:32.000,"PURCHASE, Organic Search, Organic Search, Organic Search",4,1
8443643406410739523,2017-06-29 15:56:30.000,"PURCHASE, Organic Search, Organic Search, Organic Search",4,2
3431617398530846078,2017-05-22 02:40:12.000,"Referral, Referral, Referral",3,0
8362006336780022993,2017-04-18 02:41:18.000,Organic Search,1,0
4380984667405798973,2017-05-18 20:50:30.000,Referral,1,0
7420300501523012460,2017-08-01 22:38:51.000,"Organic Search, Organic Search, Organic Search, Organic Search, Organic Search, Organic Search, Organic Search, Organic Search, Organic Search",9,0
2386169796638986389,2017-05-08 03:08:33.000,"Direct, Direct, Direct, Direct, Direct, Direct, Direct",7,0
6467955684042708036,2017-05-10 23:30:07.000,Referral,1,0
3089403106365222780,2017-06-21 21:08:50.000,Social,1,0
9229542996504034507,2017-06-08 16:58:11.000,"Referral, Referral, Referral",3,0
0780253600713375371,2017-07-26 20:57:33.000,"PURCHASE, Direct, Direct, Direct, Direct, Direct",6,1
7282058185499112847,2017-07-21 20:07:48.000,PURCHASE,1,2
0420713714276209262,2016-11-08 22:05:41.000,"Organic Search, Organic Search, Organic Search, Organic Search, Organic Search, Organic Search, Organic Search, Organic Search",8,0
3139278532067746269,2016-09-07 18:20:09.000,"Organic Search, Organic Search",2,0
7480579182178358481,2016-09-19 21:35:51.000,Organic Search,1,0
6593140710602470169,2016-12-01 17:26:03.000,"Referral, Referral, Referral, Display",4,0
8436426603099391262,2016-12-15 15:02:40.000,PURCHASE,1,6
2878531913092321151,2016-12-11 15:55:20.000,"Referral, Referral, Referral",3,0
1045033759778661078,2016-12-29 19:28:58.000,"Referral, Referral, Referral, Referral, Referral",5,0
0474194738383570173,2016-12-12 19:04:13.000,"Referral, Referral",2,0
6924624858911861429,2016-12-12 01:41:14.000,"Direct, Direct",2,0
1076409378746585633,2017-06-22 20:36:21.000,"Referral, Referral, Referral, Referral, Display, Display, Display, Display, Display, Display, Display, Display, Referral, Referral, Referral, Referral, Referral, Referral, Referral, Referral, Referral",21,0
9519453598438934808,2017-01-22 20:46:11.000,"Referral, Referral",2,0
8008212076718860277,2017-03-26 10:45:31.000,"Direct, Direct",2,0
708898149037036750,2017-02-28 23:46:44.000,"Referral, Referral",2,0
5341271361784611942,2017-02-22 17:47:48.000,PURCHASE,1,1
217565022356586977,2017-04-01 19:20:25.000,"Organic Search, Organic Search, Organic Search",3,0
3701255466939392710,2017-05-02 00:34:13.000,Direct,1,0
8687730117523423401,2017-04-09 00:17:43.000,Referral,1,0
2558254017558848934,2017-05-25 20:55:27.000,"PURCHASE, Referral",2,1
4182504636922812318,2017-05-12 21:41:58.000,"Referral, Referral, Referral",3,0
5124287655575518739,2017-05-13 02:37:44.000,Referral,1,0
6609719769387131665,2017-06-06 09:13:36.000,Direct,1,0
1258025464074687360,2017-06-08 21:06:45.000,"Direct, Direct, Direct",3,0
6208898110027575945,2017-06-13 15:35:58.000,"Direct, Direct",2,0
2572686632526205558,2017-07-04 04:18:21.000,"Referral, Referral, Referral, Referral",4,0
2923157586809674604,2017-07-07 19:06:49.000,Direct,1,0
1459050472203168026,2017-07-18 20:07:55.000,"Direct, Direct, Direct",3,0
765320243480910164,2016-12-15 18:44:14.000,Referral,1,0
6671389444747353437,2017-04-13 00:33:09.000,"Referral, Referral, Referral, Referral",4,0
6006657047016577071,2017-05-26 12:40:02.000,"PURCHASE, Referral",2,3
5985368233376980363,2017-05-08 19:40:15.000,"Referral, Referral, Referral",3,0
0933609677016463494,2017-06-13 17:05:17.000,Referral,1,0
4381707062146143113,2017-07-27 21:36:04.000,PURCHASE,1,1
3140693833607536032,2017-07-19 18:19:41.000,"Organic Search, Organic Search",2,0
3585725814215426484,2016-08-24 15:37:00.000,Organic Search,1,0
1899188148702016323,2016-08-26 02:58:12.000,"Referral, Referral, Referral, Referral, Referral, Referral, Referral, Referral",8,0
7426804494460200831,2016-08-16 16:50:54.000,"Referral, Referral, Referral, Referral",4,0
1228194844972973772,2017-02-01 14:11:09.000,"PURCHASE, Referral, Referral, Referral, Referral, Referral, Referral, Referral, Referral, Referral, Referral, Referral",12,2
2255733734516957926,2016-09-10 00:51:43.000,"Paid Search, Paid Search, Paid Search, Paid Search",4,0
6182337421287558737,2016-08-25 17:41:07.000,Referral,1,0
7632150231530795841,2016-09-26 04:31:08.000,"Organic Search, Organic Search, Organic Search, Organic Search",4,0
3704411087594288284,2017-02-07 06:10:08.000,"Referral, Referral",2,0
5804926577039377233,2016-09-04 05:02:08.000,Referral,1,0
3325370036069152242,2016-09-28 19:57:06.000,"PURCHASE, Referral, Referral",3,2
0634809971349181384,2016-09-25 17:01:10.000,Organic Search,1,0
3500440264779811239,2016-10-13 15:31:04.000,"Display, Display",2,0
8841710222631357512,2016-10-07 16:21:51.000,"Organic Search, Organic Search",2,0
6211128754358603008,2016-10-17 22:02:46.000,Direct,1,0
2280278894093432463,2016-10-08 07:02:08.000,Referral,1,0
9595877689889623969,2017-05-09 02:52:46.000,"Paid Search, Referral, Referral, Referral, Referral, Social, Social",7,0
5017352267517896224,2016-10-24 17:32:17.000,"Referral, Referral",2,0
6077626541330989540,2016-11-25 15:27:06.000,"Referral, Referral, Referral, Referral, Referral",5,0
6326829918051380975,2016-12-13 20:52:28.000,"Organic Search, Paid Search, Paid Search, Paid Search, Paid Search, Paid Search, Paid Search",7,0
1677668617700674850,2017-07-10 00:39:04.000,Referral,1,0
8645410884814968942,2016-11-28 16:13:51.000,Direct,1,0
3955976140316873313,2016-11-02 17:38:46.000,Direct,1,0
3976777755892990824,2016-11-18 10:55:14.000,PURCHASE,1,1
0246574639180766080,2016-12-02 23:42:49.000,Referral,1,0
3765491629047320813,2017-01-20 04:12:37.000,Organic Search,1,0
2831548695576636242,2016-12-07 01:35:34.000,PURCHASE,1,1
3544319698789912473,2016-12-23 17:48:53.000,"PURCHASE, Direct, Direct",3,1
3663326827740515016,2017-02-17 23:09:30.000,Referral,1,0
6965114057791256341,2016-12-13 16:26:11.000,Referral,1,0
62722204677243801,2017-01-26 18:56:02.000,"Referral, Referral",2,0
1555076387153706787,2017-01-25 15:52:56.000,"PURCHASE, Paid Search, Paid Search, Paid Search",4,1
3841458002774357152,2017-01-30 04:05:09.000,"PURCHASE, Referral",2,1
2170187207466627823,2017-01-10 06:14:19.000,"Organic Search, Organic Search",2,0
2402527199731150932,2017-03-15 21:40:25.000,PURCHASE,1,10
1859987569807691827,2017-03-27 05:24:24.000,"Direct, Direct, Direct",3,0
2170548591309603698,2017-03-28 17:00:14.000,Referral,1,0
8404908998499788213,2017-04-03 19:51:07.000,Organic Search,1,0
4358918846442674981,2017-04-12 19:29:40.000,PURCHASE,1,1
9303426900204805186,2017-04-19 19:21:18.000,Organic Search,1,0
5047879966390554745,2017-05-02 16:50:17.000,"Direct, Direct",2,0
5176344820502043789,2017-04-29 18:49:05.000,Organic Search,1,0
4871052832001999477,2017-05-03 20:41:29.000,Referral,1,0
0861119374856945605,2017-05-11 01:12:31.000,Organic Search,1,0
5165324285263498873,2017-05-24 18:27:03.000,Referral,1,0
4296109044601139440,2017-06-13 15:55:12.000,Direct,1,0
1804930412747691262,2017-07-15 21:59:39.000,PURCHASE,1,1
8076506950151787875,2017-07-09 15:22:36.000,"Direct, Direct, Direct, Direct",4,0
8261368202596858055,2017-07-17 17:37:04.000,"Referral, Referral, Referral, Referral, Referral",5,0
5835011534221003810,2017-08-01 20:51:19.000,"Organic Search, Organic Search",2,0
2756352383546949156,2016-09-28 15:38:27.000,"Referral, Referral",2,0
3874262976539504946,2016-10-05 14:45:57.000,Direct,1,0
4133979497741500741,2016-10-21 17:21:42.000,"PURCHASE, Referral, Referral",3,1
0267986414856681204,2016-11-17 17:55:34.000,Referral,1,0
2862350995761121128,2016-11-28 19:31:06.000,Direct,1,0
2893040356372252170,2016-11-29 21:50:37.000,"Referral, Referral, Referral",3,0
5149788969578895545,2016-12-28 02:04:33.000,"Referral, Referral",2,0
437357987201411491,2017-01-13 06:57:04.000,Direct,1,0
963126344221316701,2017-01-04 17:57:54.000,"Direct, Direct",2,0
422544802270284821,2017-02-15 13:01:07.000,"Organic Search, Organic Search, Organic Search, Organic Search, Organic Search, Organic Search, Organic Search, Organic Search, Organic Search, Organic Search, Organic Search, Organic Search",12,0
2402527199731150932,2017-03-14 01:30:11.000,"PURCHASE, Direct, Direct, Direct, Direct, Direct, Direct",7,8
3881794980702767092,2017-04-17 03:32:47.000,"Referral, Referral",2,0
0348759248625736228,2017-04-28 23:10:54.000,"PURCHASE, Referral, Referral, Referral, Referral",5,2
2035309554670535987,2017-04-06 14:54:31.000,"Organic Search, Organic Search",2,0
1304842977479208896,2017-04-16 05:38:22.000,"Organic Search, Organic Search, Organic Search, Organic Search, Organic Search, Organic Search, Organic Search, Organic Search, Organic Search, Organic Search, Organic Search, Organic Search",12,0
9890182105631590481,2017-04-28 22:34:04.000,"Direct, Referral",2,0
8906575148569160903,2017-05-30 15:24:54.000,"Referral, Referral",2,0
0197640110870848557,2017-04-27 01:45:47.000,Paid Search,1,0
0820978656614964451,2017-05-13 01:29:40.000,Referral,1,0
7046459416249489564,2017-05-16 13:23:24.000,Direct,1,0
6932737592368590436,2017-05-26 15:33:10.000,Organic Search,1,0
6849883907378511530,2017-06-01 19:23:05.000,"Organic Search, Organic Search, Organic Search, Organic Search",4,0
4995584940873803432,2017-06-12 17:39:46.000,"Organic Search, Organic Search",2,0
3526518783380311774,2017-05-16 16:32:46.000,Referral,1,0
0074650632244292633,2017-06-27 15:14:49.000,"Organic Search, Referral",2,0
953713676730854570,2017-07-12 22:01:10.000,"Paid Search, Paid Search",2,0
859169837119660000,2017-07-13 07:00:07.000,Organic Search,1,0
9905174730865679854,2017-07-21 20:50:46.000,"Organic Search, Organic Search, Organic Search",3,0
6646523251391378796,2017-07-21 15:02:16.000,Referral,1,0
3658549305813344156,2017-07-31 13:34:53.000,Referral,1,0
3957556935782502298,2016-11-03 15:21:10.000,"Referral, Referral, Referral",3,0
6243045099615309942,2017-04-17 18:11:52.000,Organic Search,1,0
7877039778064211316,2017-04-21 03:10:32.000,"Organic Search, Organic Search, Organic Search, Organic Search, Organic Search, Organic Search",6,0
4633520197382116286,2017-05-15 14:36:12.000,Organic Search,1,0
0535797652559788641,2017-07-22 03:49:12.000,Organic Search,1,0
4415138848494007759,2017-06-29 17:48:52.000,Referral,1,0
5470058724579220258,2017-07-16 21:54:54.000,Referral,1,0
4792411607866172207,2017-02-28 19:02:50.000,PURCHASE,1,3
1051896220301954151,2017-07-30 23:11:08.000,"Referral, Referral, Referral, Referral",4,0
2509714289037323244,2016-08-01 19:03:01.000,Direct,1,0
0312555661484077014,2016-08-10 19:40:03.000,"Referral, Referral, Referral, Referral",4,0
5457033415990547887,2016-08-05 14:32:22.000,"Referral, Referral, Referral",3,0
2109062345105733251,2016-09-08 16:54:09.000,"Referral, Referral",2,0
3718453403580072693,2016-08-13 01:30:05.000,"Referral, Referral, Organic Search, Organic Search, Organic Search",5,0
5954999562906219668,2016-08-26 20:42:32.000,Direct,1,0
2160888416206500983,2016-08-24 16:32:04.000,PURCHASE,1,1
9461085764410174486,2016-08-25 22:11:06.000,Organic Search,1,0
827758820563592695,2016-12-17 05:20:33.000,"Referral, Organic Search, Organic Search",3,0
115494075054963031,2016-08-30 15:54:05.000,"Referral, Referral",2,0
1546626226233851002,2016-09-02 17:31:22.000,"Referral, Referral",2,0
1710046532262949205,2016-09-02 17:01:34.000,Referral,1,0
9276664078105662060,2016-09-12 18:14:30.000,"Organic Search, Organic Search",2,0
0237719183402042239,2016-09-15 14:50:56.000,"Direct, Direct",2,0
1924994271392732198,2016-09-23 16:44:37.000,Organic Search,1,0
7118884909011666803,2016-11-08 17:39:20.000,"Referral, Referral",2,0
944470022176466998,2016-10-07 17:02:17.000,"Referral, Referral",2,0
8251114110522799892,2016-10-20 03:01:19.000,"Direct, Direct, Direct, Direct",4,0
7552495546342257467,2016-10-06 17:51:36.000,Organic Search,1,0
219877622979658253,2016-11-02 14:36:33.000,Direct,1,0
9725941383382274621,2016-10-14 16:39:03.000,Direct,1,0
6726478899201625475,2016-12-11 16:10:07.000,"Referral, Referral, Referral",3,0
8984229209576578467,2016-10-19 23:21:01.000,Referral,1,0
6722042716459387883,2016-11-07 20:29:34.000,"Referral, Referral, Referral, Referral",4,0
3368850852007044287,2016-11-11 12:09:39.000,"Referral, Referral, Referral, Referral, Referral",5,0
8730049851613891578,2017-02-09 17:03:47.000,Direct,1,0
4191489896925210475,2016-12-21 22:55:49.000,Organic Search,1,0
611184075850086902,2016-11-24 16:36:20.000,"Referral, Referral",2,0
6962915449516970048,2016-12-07 21:28:43.000,"Referral, Referral, Referral",3,0
0401157104421670800,2016-12-20 13:03:58.000,Paid Search,1,0
5018753410641859317,2016-12-01 02:27:42.000,Paid Search,1,0
3978014163189358246,2016-12-07 15:58:32.000,"Direct, Direct",2,0
1978868515963084363,2017-02-13 02:29:02.000,"PURCHASE, Referral, Referral, Referral, Referral, Referral",6,1
7971730380777984264,2016-12-15 20:57:48.000,"Referral, Referral",2,0
963205524675368812,2017-01-04 02:31:13.000,Direct,1,0
7804796494256061450,2017-01-10 05:20:49.000,"Organic Search, Display",2,0
500926353574528949,2017-04-03 03:45:47.000,"Organic Search, Paid Search, Display, Paid Search, Paid Search, Organic Search",6,0
9832479082059669028,2017-03-15 16:22:55.000,"Organic Search, Organic Search, Organic Search, Organic Search",4,0
1048387524675825671,2017-03-02 00:55:15.000,Referral,1,0
7445235885559107095,2017-05-18 19:31:56.000,"PURCHASE, Organic Search, Organic Search, Organic Search, Organic Search, Organic Search, Organic Search, Organic Search, Organic Search, Organic Search, Organic Search, Organic Search, Organic Search, Organic Search",14,1
5106751521300969299,2017-03-27 19:14:57.000,PURCHASE,1,1
6226617329849661943,2017-04-21 12:53:23.000,"Referral, Referral",2,0
187116230369481128,2017-06-12 19:02:34.000,"Direct, Direct, Referral, Referral",4,0
9135708143864560661,2017-05-25 15:25:48.000,"Organic Search, Organic Search, Organic Search",3,0
3978330627656387084,2017-07-31 05:55:23.000,"Referral, Referral, Referral",3,0
0294093638755103061,2017-07-12 15:13:09.000,Referral,1,0
2122547835443026286,2017-07-13 18:50:56.000,"Paid Search, Organic Search",2,0
0377506370870345639,2017-08-01 17:26:27.000,"Referral, Referral, Referral, Referral, Referral",5,0
9740627261104812573,2017-07-20 23:00:35.000,Organic Search,1,0
389168811037319268,2016-12-08 15:09:35.000,"Referral, Referral, Referral, Referral, Referral",5,0
3104697128151646874,2016-10-10 17:23:11.000,Direct,1,0
0436141361480108416,2016-11-11 22:43:33.000,"Organic Search, Organic Search, Referral, Referral",4,0
1658702239532336072,2016-11-30 17:39:47.000,Referral,1,0
5041110715755196949,2017-03-06 19:52:53.000,"Direct, Direct",2,0
5313510578745248325,2016-12-13 16:43:44.000,Organic Search,1,0
2867026002929382725,2016-12-14 04:34:05.000,"Referral, Referral, Referral",3,0
0076529729049367813,2016-12-22 00:35:01.000,"Organic Search, Organic Search, Referral, Referral, Referral",5,0
8777213135454243540,2017-01-05 23:32:48.000,"Organic Search, Organic Search, Organic Search, Organic Search, Organic Search",5,0
589243891238071459,2017-01-10 04:16:05.000,Organic Search,1,0
1634896680671589410,2017-02-17 21:58:18.000,"Referral, Referral",2,0
032685444859747984,2017-01-26 00:08:02.000,"Direct, Direct",2,0
7048860667631832987,2017-04-13 22:23:11.000,Referral,1,0
3331520402601088577,2017-02-28 21:37:40.000,Referral,1,0
6814131569143407041,2017-06-05 12:45:54.000,Organic Search,1,0
7290041530133609917,2017-04-12 21:51:01.000,"PURCHASE, Referral, Referral",3,1
2565421116891826036,2017-04-29 18:04:30.000,"Paid Search, Paid Search",2,0
4609567165020263168,2017-05-14 01:42:15.000,"Referral, Referral, Referral, Referral",4,0
1828339986405784308,2017-05-11 01:21:37.000,"Direct, Direct, Direct, Direct, Direct",5,0
311720433666096854,2017-05-22 15:58:42.000,"Referral, Referral",2,0
547013638763660090,2017-05-10 22:19:28.000,PURCHASE,1,1
1364943586489032731,2017-05-23 15:30:36.000,Referral,1,0
6151192297026203838,2017-06-08 17:24:22.000,Direct,1,0
9305224849656676534,2017-07-21 17:12:32.000,Referral,1,0
9905174730865679854,2017-07-28 15:04:12.000,"PURCHASE, Organic Search, Organic Search",3,2
6644273643966013405,2017-07-27 16:04:24.000,Referral,1,0
4163967138563839128,2017-06-07 19:49:11.000,"PURCHASE, Direct, Direct, Direct, Direct, Direct, Direct, Direct, Direct",9,1
9751902738681438477,2017-05-26 16:43:21.000,"Direct, Direct, Direct",3,0
7771380615067157220,2017-07-26 16:21:04.000,"Organic Search, Organic Search, Organic Search, Organic Search",4,0
1957458976293878100,2017-06-30 13:49:53.000,PURCHASE,1,15
8636734210084365159,2017-07-17 19:22:36.000,Direct,1,0
4213021997659947745,2016-08-12 16:05:35.000,"Direct, Direct, Direct, Direct",4,0
334730787234841354,2016-08-10 17:18:26.000,"Referral, Referral, Referral, Referral, Referral, Referral, Referral, Organic Search",8,0
5682452231721622029,2016-08-30 18:14:33.000,Organic Search,1,0
7060354578698145518,2016-08-30 04:05:51.000,"Direct, Direct, Direct, Organic Search",4,0
1026027148817239709,2016-10-02 21:56:36.000,"Referral, Referral",2,0
8380542931232724976,2016-08-24 17:04:06.000,"PURCHASE, Organic Search, Organic Search",3,1
5712192985842423649,2016-08-18 15:31:48.000,"Referral, Referral",2,0
0811142338209922640,2016-08-18 06:32:46.000,"Referral, Referral",2,0
6426645361872979743,2016-10-06 15:39:06.000,"Referral, Referral",2,0
776713032866720922,2016-09-11 23:15:08.000,"Referral, Referral",2,0
2727143390159866413,2016-09-15 18:29:09.000,"Referral, Referral",2,0
5174823732437422013,2016-12-15 02:50:46.000,"Direct, Referral",2,0
9884258024135679219,2016-08-26 01:21:57.000,"Organic Search, Organic Search, Organic Search, Organic Search, Organic Search",5,0
1073725472178818721,2016-08-23 19:05:34.000,Referral,1,0
9075997958759576862,2016-08-28 16:00:00.000,Organic Search,1,0
6556372103175435260,2016-10-21 17:54:58.000,"Organic Search, Organic Search, Organic Search, Organic Search",4,0
6637893097065829171,2016-09-22 23:39:33.000,Referral,1,0
4009212492683421907,2016-09-20 00:43:06.000,"Referral, Referral",2,0
6919741173943155991,2016-09-27 05:16:56.000,Organic Search,1,0
2932567752336020467,2016-10-11 00:49:54.000,"Referral, Referral",2,0
3345163376310988493,2016-10-30 15:52:32.000,"PURCHASE, Direct, Direct, Direct, Direct",5,2
803888563485194008,2016-12-27 17:58:34.000,"PURCHASE, Referral",2,3
7564212194922509100,2016-10-11 02:28:29.000,"Organic Search, Organic Search, Organic Search",3,0
3269834865385146569,2016-11-10 21:08:31.000,"Direct, Direct, Direct, Direct, Direct, Direct, Direct, Direct, Direct, Direct, Direct, Direct, Direct, Direct, Direct, Direct, Direct, Direct, Direct, Direct, Direct, Direct, Direct, Direct, Direct, Direct, Direct, Direct, Direct, Direct",30,0
3114573633240274987,2017-01-19 03:03:23.000,"Direct, Organic Search, Organic Search, Organic Search, Organic Search, Organic Search, Paid Search",7,0
5767255881668877462,2016-11-07 15:45:13.000,"Referral, Referral, Referral",3,0
3020902841110220885,2016-11-04 16:11:49.000,"Display, Display",2,0
4924742829648731109,2016-12-20 16:44:11.000,"Referral, Referral, Referral",3,0
565056780083615308,2017-01-25 12:32:04.000,"Organic Search, Organic Search, Organic Search, Organic Search, Organic Search, Organic Search, Organic Search, Organic Search",8,0
4439256652059416237,2016-12-05 20:54:44.000,Organic Search,1,0
6086392386521152841,2016-12-09 20:24:48.000,Referral,1,0
0789927106089725270,2016-12-10 01:17:09.000,"Referral, Referral",2,0
4085534559120905575,2016-12-15 04:07:27.000,PURCHASE,1,2
5701006754406166040,2017-01-02 10:03:15.000,"Organic Search, Organic Search, Organic Search",3,0
7838650270550176403,2016-12-31 01:44:56.000,Paid Search,1,0
3697825790083716939,2017-01-24 23:09:49.000,"PURCHASE, Direct, Direct, Direct",4,1
0134817585377058947,2017-03-05 03:31:57.000,PURCHASE,1,1
0603507101721972238,2017-03-29 19:45:20.000,"Referral, Referral, Referral",3,0
854480075976735047,2017-02-20 13:44:00.000,Referral,1,0
0115940065332308119,2017-06-23 18:17:31.000,"Referral, Referral",2,0
8769206328217001636,2017-03-12 17:16:19.000,Organic Search,1,0
1244643584936507645,2017-03-23 04:24:53.000,Organic Search,1,0
8694355452575545728,2017-03-31 16:35:12.000,"Organic Search, Organic Search",2,0
0352394936298937026,2017-05-07 00:33:50.000,"Organic Search, Organic Search, Organic Search, Organic Search, Display",5,0
3015499115013703694,2017-04-07 23:38:36.000,Referral,1,0
4374634500110118515,2017-04-26 20:44:15.000,"Referral, Referral",2,0
656429934624637021,2017-06-04 19:18:22.000,"PURCHASE, Referral",2,1
1754237628873479248,2017-05-25 21:49:25.000,Referral,1,0
1452613891025216774,2017-07-19 18:10:27.000,"PURCHASE, Referral, Referral, Referral",4,2
043584487743669327,2017-06-19 20:52:36.000,"Referral, Referral, Referral",3,0
8977039158734679466,2017-07-11 21:50:54.000,"Organic Search, Paid Search, Paid Search, Paid Search, Affiliates",5,0
9213584705844626996,2017-06-30 15:48:41.000,"Referral, Referral, Referral, Referral, Referral",5,0
4570976451995896965,2017-07-27 17:06:08.000,"Direct, Referral",2,0
9509348681300444250,2017-07-22 22:34:52.000,"PURCHASE, Organic Search, Organic Search, Organic Search, Organic Search, Organic Search",6,1
8843025310060521600,2016-08-19 20:59:56.000,"PURCHASE, Referral, Referral, Referral, Referral, Referral, Referral, Referral, Referral",9,1
1494014144412248651,2016-08-16 21:34:05.000,"PURCHASE, Referral",2,1
0555790844446941439,2016-09-20 17:23:15.000,"Direct, Direct",2,0
953985719790532084,2016-09-19 18:14:20.000,"Direct, Direct, Direct",3,0
4085972867127024343,2016-11-07 20:31:24.000,"Referral, Referral, Referral",3,0
0850923639048818616,2016-11-17 15:15:41.000,"Referral, Referral",2,0
9830505479421032237,2016-12-20 00:01:22.000,Organic Search,1,0
0626284759664097746,2016-12-16 19:49:17.000,"Referral, Referral, Referral, Referral, Referral, Referral",6,0
1201752200432942161,2016-12-29 01:53:01.000,Referral,1,0
2807673742303315908,2016-12-11 17:59:09.000,"Paid Search, Paid Search, Paid Search, Paid Search, Paid Search, Paid Search, Paid Search, Paid Search",8,0
9713078881816410558,2016-12-08 05:29:29.000,"Referral, Referral",2,0
7222134693316285514,2016-12-08 06:20:18.000,Referral,1,0
077910788641080085,2016-12-27 17:49:07.000,"PURCHASE, Direct, Direct, Direct",4,1
8870316840527472336,2016-12-14 22:29:13.000,Direct,1,0
4024901454245358856,2017-04-28 22:31:32.000,Direct,1,0
3429044344493987799,2017-02-21 03:30:46.000,Organic Search,1,0
491193409314675096,2017-02-22 20:41:32.000,Referral,1,0
0611561045307562255,2017-03-10 06:08:33.000,Organic Search,1,0
5995442471500823689,2017-04-05 22:26:52.000,"PURCHASE, Referral, Referral",3,1
1191867645626375150,2017-04-30 22:22:59.000,Referral,1,0
3122819142651442122,2017-05-14 22:09:00.000,"Organic Search, Organic Search, Organic Search",3,0
8761401299376451102,2017-05-10 23:35:17.000,Referral,1,0
5107515069070553407,2017-06-20 22:44:40.000,Referral,1,0
165104775254170953,2017-05-26 21:01:41.000,"Direct, Referral, Referral, Referral",4,0
8209858673242465448,2017-06-07 13:53:21.000,Direct,1,0
1922879125134891876,2017-06-07 04:29:32.000,Referral,1,0
3196293108485281495,2017-06-08 04:45:03.000,"Direct, Direct",2,0
9607694910197531314,2017-06-14 19:43:16.000,Referral,1,0
716925587316437811,2017-06-15 15:49:03.000,Organic Search,1,0
2907313716699844462,2017-06-18 23:49:00.000,Referral,1,0
689318192161645703,2017-07-25 19:48:40.000,"Referral, Referral, Referral, Referral, Referral",5,0
230415850493745117,2017-06-28 00:44:36.000,"Referral, Referral",2,0
3905085469709197947,2017-06-25 20:02:31.000,Organic Search,1,0
4381707062146143113,2017-07-13 17:13:52.000,"Referral, Referral, Referral",3,0
4136548162519732667,2017-07-14 15:08:24.000,PURCHASE,1,1
1311682260438379600,2017-07-25 01:50:31.000,"Organic Search, Organic Search",2,0
5115425218426457773,2017-03-12 04:49:42.000,Referral,1,0
2295871331415471856,2016-12-16 21:52:25.000,"Paid Search, Paid Search",2,0
9512194866017738775,2017-04-04 18:31:34.000,"Referral, Referral",2,0
707924884126013523,2017-03-30 03:57:07.000,"Referral, Referral, Referral",3,0
1452613891025216774,2017-06-12 17:39:18.000,"PURCHASE, Referral, Referral",3,1
9802926311803722380,2017-07-10 19:49:51.000,"Organic Search, Organic Search, Organic Search",3,0
1424355572088327868,2017-07-25 20:09:24.000,"Organic Search, Paid Search",2,0
5000038412644544234,2017-07-20 21:08:08.000,Referral,1,0
7650573166348333190,2017-07-22 21:54:46.000,"Referral, Referral, Referral, Referral",4,0
873320659256976904,2017-07-31 05:59:39.000,Paid Search,1,0
1144912080450618887,2016-08-11 22:31:20.000,"Direct, Referral",2,0
0002871498069867123,2016-08-23 14:55:08.000,Referral,1,0
4055717475838572918,2016-08-11 20:21:35.000,"Paid Search, Paid Search, Paid Search, Paid Search",4,0
6214198304090570874,2016-08-18 20:17:45.000,"Referral, Referral",2,0
7514907909032668078,2016-08-11 23:30:14.000,Organic Search,1,0
1257442612228348040,2016-10-17 17:35:02.000,"Referral, Referral, Referral, Referral, Referral, Referral",6,0
3182046558551540109,2016-09-26 16:15:23.000,"PURCHASE, Direct, Organic Search, Referral",4,1
3468052702997743438,2016-09-21 20:37:46.000,"Referral, Referral, Referral",3,0
589967396396729491,2016-08-21 16:25:53.000,"Direct, Direct",2,0
442570016186963075,2016-08-23 20:56:08.000,"PURCHASE, Referral",2,1
0548413255562852386,2016-08-25 13:41:27.000,Direct,1,0
604365545479003017,2016-09-11 19:40:27.000,Referral,1,0
6045930241388777741,2016-09-02 14:11:44.000,"Organic Search, Organic Search, Organic Search, Organic Search, Organic Search",5,0
3049625558336385747,2016-08-29 17:08:07.000,"Direct, Direct",2,0
5964418919606294332,2016-08-29 02:00:23.000,Referral,1,0
0994415791081872701,2016-09-26 23:03:10.000,"Referral, Referral",2,0
7755051258981673515,2017-04-02 23:59:04.000,"Referral, Referral, Referral, Referral, Referral, Referral, Referral, Referral",8,0
0869725361322469597,2016-09-13 17:45:58.000,"Referral, Referral, Referral",3,0
1070774421633587976,2016-09-13 22:06:38.000,Direct,1,0
7873356892876973109,2016-09-15 03:00:30.000,"Referral, Referral",2,0
8190060652712453472,2016-09-21 20:05:44.000,"Referral, Referral, Referral",3,0
783696981860862300,2016-09-23 13:17:32.000,"PURCHASE, Referral",2,1
4186434179887307955,2016-10-24 04:01:13.000,"PURCHASE, Organic Search",2,1
8959460688137585797,2016-10-02 23:19:31.000,"Direct, Direct, Direct",3,0
3345163376310988493,2016-10-07 14:05:45.000,PURCHASE,1,1
6562556317275656403,2016-09-26 17:41:43.000,Referral,1,0
096138798737237315,2016-10-13 20:17:15.000,"Direct, Organic Search",2,0
7284466025557220497,2016-11-01 19:19:42.000,"Direct, Direct, Direct, Direct, Direct, Direct, Direct",7,0
3590222967147519334,2016-10-31 02:50:51.000,"Referral, Referral",2,0
9539836985691184336,2016-11-11 14:28:29.000,"Display, Display",2,0
4038189788260707072,2016-11-10 10:43:51.000,Organic Search,1,0
4286676770640078553,2016-11-11 19:25:51.000,Direct,1,0
55571790399340202,2016-11-14 18:18:37.000,"Organic Search, Organic Search, Organic Search",3,0
3104604995796885491,2016-12-28 15:23:03.000,"Social, Display",2,0
7917962954244786091,2016-12-14 02:40:33.000,"Organic Search, Organic Search, Organic Search, Organic Search, Organic Search, Organic Search",6,0
0135432212707864703,2016-12-10 00:58:13.000,Social,1,0
0068546456225736307,2016-12-10 20:10:02.000,"Paid Search, Paid Search, Paid Search",3,0
66547844041573580,2017-01-12 11:01:40.000,"Display, Display, Display, Display, Display, Display, Display, Display, Display, Display, Display, Display",12,0
5322647281273394500,2016-12-15 19:28:58.000,Referral,1,0
4298610228737693968,2016-12-16 17:04:35.000,"PURCHASE, Referral",2,1
6645585126548219573,2017-01-19 02:04:53.000,Organic Search,1,0
3041137106242705220,2017-03-14 22:12:29.000,Referral,1,0
9562948220302753056,2017-02-03 15:53:22.000,Organic Search,1,0
5590743844926892757,2017-03-13 15:00:35.000,"PURCHASE, Direct, Direct, Direct",4,5
9085834622128985589,2017-03-16 01:27:51.000,Direct,1,0
068301324269312205,2017-03-13 21:28:04.000,Organic Search,1,0
9160688801124625042,2017-05-23 21:35:56.000,PURCHASE,1,1
9936519501163153285,2017-04-07 15:22:37.000,Referral,1,0
2619633492044211273,2017-05-20 14:59:36.000,Organic Search,1,0
4863941202505455588,2017-06-01 02:51:13.000,"PURCHASE, Referral, Referral, Referral, Referral",5,2
5989978659494486802,2017-05-10 05:34:33.000,Direct,1,0
924091465796731445,2017-06-08 00:30:34.000,Referral,1,0
7054256782754973251,2017-07-18 21:16:50.000,Organic Search,1,0
8585031285178547027,2016-09-02 23:26:12.000,Referral,1,0
3111088785117643818,2016-11-01 14:25:31.000,"Organic Search, Organic Search, Organic Search",3,0
6878161609945815580,2016-10-10 16:34:19.000,"Organic Search, Organic Search, Organic Search, Referral",4,0
1410336440849356236,2016-11-17 06:44:48.000,Referral,1,0
1111470101899387454,2017-06-11 22:34:53.000,"PURCHASE, Paid Search",2,1
1238921085129292496,2016-11-27 02:53:48.000,Organic Search,1,0
6016345222703711048,2017-02-17 18:08:21.000,"Direct, Direct, Direct, Direct",4,0
1947121287364717065,2016-12-02 22:56:41.000,"Direct, Direct",2,0
7754442050009166377,2016-12-07 16:18:19.000,"Organic Search, Organic Search",2,0
2033149648526352722,2016-12-12 04:00:24.000,Referral,1,0
2650142233022384920,2016-12-11 16:59:30.000,Direct,1,0
1952489722981028031,2016-12-16 22:56:03.000,"Organic Search, Organic Search",2,0
1144117197665161033,2016-12-15 04:30:05.000,"Paid Search, Paid Search",2,0
1895782678595492670,2016-12-22 22:41:04.000,Referral,1,0
1722806790293902576,2017-03-03 16:13:07.000,"Referral, Referral, Referral",3,0
2620614855835258214,2017-01-30 17:40:49.000,Direct,1,0
9541216071431560465,2017-02-01 17:18:56.000,Direct,1,0
1082276625176351939,2017-02-28 05:31:54.000,Referral,1,0
7311242886083854158,2017-04-17 21:47:23.000,PURCHASE,1,7
2282347297061009421,2017-03-02 22:47:06.000,"Organic Search, Organic Search",2,0
8130967170149576800,2017-03-07 14:34:48.000,Direct,1,0
6010250598436085923,2017-05-13 13:23:07.000,"PURCHASE, Direct, Direct, Direct, Direct, Direct, Direct, Direct",8,6
4441729183468485984,2017-04-03 22:55:16.000,Referral,1,0
82234340449923799,2017-04-13 05:35:41.000,"Paid Search, Organic Search, Organic Search",3,0
3534570005343502837,2017-04-18 14:35:06.000,PURCHASE,1,1
5805078807561705608,2017-05-31 16:31:01.000,"Organic Search, Organic Search, Organic Search, Organic Search",4,0
387849079599046538,2017-05-10 19:01:28.000,"Referral, Referral, Referral, Referral, Referral",5,0
2962662746296004840,2017-05-19 12:40:34.000,Direct,1,0
4704759198904427269,2017-05-04 17:05:53.000,Referral,1,0
4921988083628435819,2017-06-13 20:28:24.000,"Organic Search, Organic Search, Organic Search",3,0
4518084412353571470,2017-06-22 21:08:07.000,"PURCHASE, Organic Search, Organic Search, Organic Search, Organic Search, Organic Search, Organic Search, Organic Search",8,1
1957458976293878100,2017-06-08 16:21:28.000,"PURCHASE, Display, Display",3,10
9492321535184723478,2017-06-23 17:55:39.000,"Referral, Referral, Referral",3,0
0114365990396544051,2017-06-30 19:06:39.000,Referral,1,0
0967510812862831126,2017-07-10 15:15:19.000,"Referral, Referral, Referral",3,0
819296301112227931,2017-07-18 19:17:03.000,"Organic Search, Organic Search",2,0
5021888768610000663,2017-07-19 15:20:06.000,Direct,1,0
190492934318255272,2017-07-20 15:51:37.000,"Display, Display",2,0
330062846836232829,2017-07-21 19:16:04.000,Organic Search,1,0
9600570327260491637,2016-12-20 18:09:33.000,"Referral, Referral, Referral",3,0
5086041801666974799,2016-12-23 16:12:14.000,PURCHASE,1,1
5543720275163396146,2017-02-15 02:49:25.000,"Organic Search, Organic Search, Organic Search",3,0
6698595814877741268,2017-03-27 21:17:17.000,"Direct, Direct",2,0
2420397679231012493,2017-03-23 14:42:33.000,Direct,1,0
8284521095885214097,2017-04-04 23:29:20.000,Referral,1,0
4140173886122763982,2017-04-18 01:23:57.000,"Direct, Referral",2,0
0647701940544723891,2017-07-17 04:00:31.000,"Referral, Referral, Referral",3,0
9786438806019918915,2017-06-19 01:55:11.000,"Referral, Referral, Referral",3,0
1160204963389257110,2017-07-20 16:00:46.000,"PURCHASE, Referral",2,2
0878293552935562825,2017-07-10 01:27:17.000,"Referral, Referral",2,0
6091498163535424271,2016-08-14 21:44:25.000,"Paid Search, Organic Search, Organic Search",3,0
4697674744990809143,2016-08-12 05:57:03.000,Organic Search,1,0
0184057760170077857,2016-09-08 00:06:30.000,"Referral, Referral, Referral, Referral",4,0
3033366073043100694,2016-09-08 14:20:44.000,"Referral, Referral",2,0
9754532782260767990,2016-08-22 21:14:24.000,"Organic Search, Organic Search, Organic Search, Organic Search, Organic Search, Organic Search",6,0
7211038241364680514,2016-08-09 17:31:34.000,"Direct, Referral",2,0
4556558249259382273,2016-08-09 21:54:52.000,Referral,1,0
3776258872363783792,2017-05-06 00:41:23.000,"PURCHASE, Organic Search, Organic Search, Organic Search",4,1
1720310829947016346,2016-09-06 18:23:33.000,Referral,1,0
9817395183603701442,2016-08-25 17:12:48.000,"Direct, Referral",2,0
4512552525905758357,2016-08-25 21:18:44.000,Direct,1,0
3229944860313764519,2016-09-30 02:46:42.000,Organic Search,1,0
0790076231044119145,2016-09-07 16:48:22.000,PURCHASE,1,1
5574984436191734530,2016-09-09 14:29:54.000,PURCHASE,1,1
1057078399235259309,2016-11-06 23:11:27.000,"Referral, Referral, Referral, Referral, Referral",5,0
2326684291036220875,2016-09-16 18:31:17.000,Referral,1,0
071298010648822329,2016-09-21 16:37:09.000,"PURCHASE, Direct, Direct",3,2
5409985606814283467,2016-09-28 02:35:33.000,"Organic Search, Organic Search, Organic Search, Organic Search, Organic Search, Organic Search, Organic Search",7,0
5703962423814396269,2016-12-07 20:58:03.000,"Referral, Referral, Display, Referral, Referral, Referral, Referral",7,0
4083063588943320754,2016-10-12 03:45:26.000,Direct,1,0
2423345914861145053,2016-12-06 16:01:21.000,"Referral, Referral",2,0
6926912273313312650,2016-10-17 18:28:54.000,Direct,1,0
6516417691965742521,2017-02-10 04:08:56.000,"Referral, Referral, Referral, Referral, Referral, Referral, Referral",7,0
4545496229316622796,2016-11-03 19:57:08.000,Referral,1,0
6944407004438928008,2016-12-05 11:06:25.000,"PURCHASE, Referral",2,2
1390764594937000351,2017-01-06 17:50:16.000,Referral,1,0
626672651895030919,2016-12-12 22:12:03.000,"PURCHASE, Organic Search, Organic Search, Organic Search, Organic Search, Organic Search, Organic Search, Organic Search, Organic Search, Organic Search",10,1
9739911317705292942,2016-11-30 22:35:47.000,Referral,1,0
6600298028142783837,2016-12-13 20:33:46.000,"Organic Search, Organic Search, Organic Search, Organic Search",4,0
493300060667614321,2016-12-15 23:13:45.000,"Referral, Referral",2,0
2198879349250618795,2017-01-14 02:41:34.000,"Referral, Referral",2,0
5625987302621131886,2017-03-21 18:10:36.000,Organic Search,1,0
2338178303528914061,2016-12-22 16:08:17.000,"Direct, Direct, Direct, Direct, Direct, Direct, Direct, Direct, Direct, Direct, Direct, Direct, Direct",13,0
4599293151185767579,2017-01-06 05:15:01.000,"PURCHASE, Referral, Referral, Referral",4,1
8424419632246672447,2016-12-29 01:51:11.000,Paid Search,1,0
4365809776716151144,2017-01-09 19:02:09.000,Display,1,0
5920338215143617287,2017-01-25 16:32:21.000,"Organic Search, Referral",2,0
287904279013543394,2017-04-18 20:07:18.000,"Referral, Referral, Referral, Referral, Organic Search, Referral, Referral",7,0
1510974355479295771,2017-02-02 16:49:30.000,"Organic Search, Organic Search",2,0
6946322182542883504,2017-02-10 14:51:39.000,"Affiliates, Affiliates",2,0
8501985399565493808,2017-02-17 22:20:58.000,"Direct, Direct",2,0
5264845021855252769,2017-03-06 23:14:53.000,"PURCHASE, Referral",2,1
7414253814451398004,2017-03-06 22:19:59.000,"Referral, Referral",2,0
1006586895176730194,2017-04-05 04:15:37.000,"PURCHASE, Referral",2,1
6658065818028361552,2017-04-27 17:36:51.000,"Referral, Referral, Referral, Referral",4,0
6696682663058659841,2017-04-20 17:19:55.000,Organic Search,1,0
0024932550342595467,2017-07-22 17:26:29.000,Paid Search,1,0
0139256351437404200,2017-05-22 21:39:21.000,Organic Search,1,0
0114308184877865561,2017-05-21 16:19:46.000,Direct,1,0
2287406421504796570,2017-06-14 18:29:06.000,"PURCHASE, Referral",2,1
0126612099954375841,2017-08-01 16:58:07.000,"Direct, Direct, Direct, Direct, Direct",5,0
7372141474604813858,2017-07-18 23:12:12.000,Referral,1,0
4376572204985925602,2017-07-19 17:07:49.000,Organic Search,1,0
9308310352918219134,2017-08-01 17:21:18.000,"Direct, Direct, Direct, Direct, Direct, Direct, Referral",7,0
4787370740481074044,2017-07-24 05:57:49.000,Paid Search,1,0
2160888416206500983,2016-08-23 21:51:16.000,"Referral, Referral",2,0
3776258872363783792,2016-08-16 14:56:48.000,Organic Search,1,0
6543165313492728193,2016-08-26 01:20:06.000,Display,1,0
2616240173389988716,2016-09-21 22:23:35.000,Referral,1,0
8983864230494350692,2016-09-26 16:36:08.000,Referral,1,0
2505213816959087958,2017-03-28 01:11:35.000,"Referral, Referral, Referral, Referral",4,0
9817024525567218739,2016-10-20 21:14:00.000,Referral,1,0
2001149638183224329,2016-10-27 15:18:18.000,"Organic Search, Organic Search",2,0
2074164338647079047,2016-11-07 21:08:08.000,PURCHASE,1,4
1285811160522710067,2016-12-05 16:59:32.000,Referral,1,0
0652777252868843895,2016-11-14 22:27:30.000,Direct,1,0
1011710893892785431,2016-11-17 14:12:37.000,"Organic Search, Organic Search, Organic Search",3,0
0618831613303765725,2016-12-22 17:09:55.000,Paid Search,1,0
3680637680353518403,2016-12-16 00:27:33.000,Referral,1,0
0003961110741104601,2017-05-22 04:01:22.000,Organic Search,1,0
372706149688864468,2017-01-20 19:58:50.000,PURCHASE,1,3
3499601290584440755,2017-04-03 22:09:38.000,"Direct, Direct, Direct, Direct, Direct, Direct",6,0
3024362751507085867,2017-03-13 19:43:28.000,Referral,1,0
3438471796886087,2017-03-22 02:03:33.000,"Direct, Direct",2,0
7276513137825380307,2017-04-03 21:17:21.000,"Referral, Referral",2,0
2969957690756250633,2017-03-23 21:40:08.000,"Organic Search, Organic Search, Organic Search",3,0
3287424336851494398,2017-05-01 17:13:41.000,"PURCHASE, Organic Search, Organic Search, Organic Search, Organic Search, Organic Search",6,4
4744180009883384959,2017-04-28 22:47:29.000,Direct,1,0
4602383891226401804,2017-06-26 15:28:31.000,"PURCHASE, Organic Search, Organic Search, Organic Search, Organic Search, Organic Search, Organic Search, Organic Search, Organic Search, Organic Search, Organic Search",11,1
9441031549900042682,2017-04-14 19:02:26.000,"Organic Search, Referral, Referral",3,0
6929895101672210569,2017-06-16 22:16:14.000,"Referral, Referral",2,0
0143782636543876435,2017-07-22 21:40:40.000,"Referral, Referral",2,0
2793662397630011318,2017-06-04 15:17:37.000,"Direct, Direct",2,0
467904620717928287,2017-06-05 03:15:17.000,Referral,1,0
3641847080616677863,2017-07-01 21:46:26.000,"Direct, Direct, Organic Search, Organic Search, Display, Display, Organic Search, Organic Search, Organic Search, Organic Search, Organic Search, Organic Search, Organic Search, Organic Search, Organic Search",15,0
3171569265705804808,2017-05-30 00:53:10.000,Organic Search,1,0
4119784958324215138,2017-06-07 15:48:27.000,Referral,1,0
3533141636411834269,2017-07-20 17:40:15.000,Direct,1,0
606735064258270722,2017-07-19 15:18:28.000,"Referral, Referral",2,0
1996186587769697436,2017-07-14 16:40:06.000,Referral,1,0
6110519761832647760,2017-07-17 22:14:51.000,Referral,1,0
5840295243911523760,2017-07-27 03:06:02.000,"Referral, Referral",2,0
3939381864309559028,2017-02-16 16:48:09.000,"Organic Search, Organic Search, Display, Organic Search",4,0
9574540989591143939,2017-02-09 17:30:21.000,Referral,1,0
9276023667336827655,2017-05-10 18:55:43.000,"Referral, Referral",2,0
5446026750047012560,2017-05-15 18:04:48.000,Direct,1,0
8375075536798804409,2017-07-26 22:27:41.000,Referral,1,0
3822207688294082684,2017-07-18 11:13:59.000,Direct,1,0
6568405082195988335,2017-07-25 09:05:27.000,"Paid Search, Paid Search, Paid Search",3,0
2627365926426456189,2017-02-16 17:57:32.000,Organic Search,1,0
4752567709813602757,2016-08-17 18:24:35.000,"Direct, Direct",2,0
8414559574499268646,2016-08-04 20:46:06.000,"Referral, Referral, Referral",3,0
8578219364291235989,2016-08-16 20:42:07.000,"Direct, Referral",2,0
3860895983574499248,2016-12-27 03:24:06.000,Referral,1,0
0060402135554655326,2016-10-02 21:49:51.000,"PURCHASE, Direct, Direct",3,1
5922085116209926580,2016-08-22 06:11:59.000,Referral,1,0
8490904732170914595,2016-08-22 04:46:53.000,"Organic Search, Organic Search",2,0
9075997958759576862,2017-05-05 16:49:03.000,PURCHASE,1,1
7054841030151887299,2016-08-29 02:27:58.000,Direct,1,0
594563238977976970,2016-09-11 14:36:39.000,Organic Search,1,0
8925835217447911803,2016-09-22 22:35:30.000,PURCHASE,1,1
3026368959159738546,2017-02-14 18:52:00.000,"Referral, Referral, Referral, Referral, Referral, Referral, Referral, Referral, Referral, Referral, Referral, Referral, Referral, Referral, Referral, Paid Search",16,0
5375717438017990161,2016-09-17 18:53:46.000,"Organic Search, Referral",2,0
4387148615014504940,2017-01-24 16:39:55.000,"Referral, Referral",2,0
8122533509308793130,2016-09-29 04:44:44.000,Organic Search,1,0
9808994150708454013,2016-10-11 19:43:29.000,Organic Search,1,0
7926818431252952072,2016-10-07 20:58:07.000,"Organic Search, Organic Search, Organic Search, Organic Search, Organic Search, Organic Search, Organic Search",7,0
477994560911860676,2016-10-26 21:45:54.000,Referral,1,0
6475106523537460964,2016-11-14 15:13:30.000,"Referral, Referral",2,0
5614576136244185629,2016-11-04 17:50:11.000,Paid Search,1,0
435373542373805498,2016-12-01 16:30:34.000,"PURCHASE, Referral",2,2
1339321155836182076,2016-11-17 18:26:54.000,"Referral, Referral, Referral",3,0
514478324726152361,2016-11-29 21:55:02.000,Referral,1,0
840275515214055415,2017-01-02 18:35:20.000,Referral,1,0
1754913906837979962,2016-12-16 23:22:30.000,Referral,1,0
2553957087129235590,2017-01-26 15:39:35.000,Referral,1,0
9672097680372886188,2017-03-16 17:13:32.000,"Referral, Display, Referral, Referral, Referral",5,0
9676863188506481453,2017-02-01 21:45:42.000,Direct,1,0
0688527857109237010,2017-01-27 16:44:22.000,"Referral, Referral",2,0
4038361093830077975,2017-01-30 19:15:36.000,Organic Search,1,0
6772419843051184934,2017-02-14 08:21:51.000,"Referral, Referral",2,0
1992524663355692792,2017-02-16 01:04:03.000,"Organic Search, Organic Search",2,0
2763002839330123118,2017-02-15 22:40:37.000,Referral,1,0
3170422263023415862,2017-02-17 19:25:51.000,Direct,1,0
057216119262557235,2017-03-10 14:36:41.000,Referral,1,0
9746124619174084370,2017-07-18 01:24:57.000,"PURCHASE, Referral, Referral, Referral, Referral, Referral",6,1
4471415710206918415,2017-04-27 13:31:56.000,"PURCHASE, Referral, Referral, Referral, Referral, Referral, Referral, Organic Search, Organic Search, Organic Search",10,2
0110237584337011595,2017-04-14 16:16:26.000,Direct,1,0
1453691519754231663,2017-04-14 19:13:51.000,"Direct, Direct",2,0
9106626115494639878,2017-04-07 22:09:45.000,Direct,1,0
9453866125712882796,2017-06-30 07:15:01.000,"Referral, Referral",2,0
0220695720492664721,2017-04-21 20:50:38.000,"PURCHASE, Referral",2,3
4970331206023875166,2017-05-03 18:27:49.000,Organic Search,1,0
1119984091061621254,2017-05-03 20:05:49.000,"Direct, Direct",2,0
8253742246691621007,2017-05-25 15:07:42.000,"Referral, Referral, Referral",3,0
0014262055593378383,2017-07-03 23:14:42.000,PURCHASE,1,1
983622469844382741,2017-07-11 15:05:34.000,Organic Search,1,0
6465870836529202272,2017-07-19 02:47:18.000,"Organic Search, Organic Search",2,0
599110551792149234,2017-07-24 14:28:03.000,"PURCHASE, Referral",2,2
2616240173389988716,2017-03-10 05:15:25.000,"PURCHASE, Referral, Referral, Referral",4,1
6068598620766435054,2016-10-05 23:08:30.000,"Organic Search, Organic Search, Organic Search, Organic Search, Organic Search, Organic Search",6,0
1113923487317822738,2016-10-02 19:32:54.000,Organic Search,1,0
387243570666153965,2016-10-03 02:36:25.000,Organic Search,1,0
985292324813109533,2016-10-11 00:20:26.000,Referral,1,0
2001149638183224329,2016-11-17 13:47:19.000,"PURCHASE, Organic Search, Organic Search, Organic Search, Organic Search, Organic Search",6,1
9029794295932939024,2016-11-23 12:43:28.000,PURCHASE,1,2
5617359298212558495,2016-12-17 23:36:33.000,"Referral, Referral",2,0
5743796585353969433,2016-12-23 15:59:33.000,Organic Search,1,0
1555076387153706787,2017-01-03 03:01:39.000,Paid Search,1,0
6836107306781208493,2017-01-06 21:22:47.000,"Direct, Direct",2,0
6356814303168580391,2017-02-09 19:04:29.000,"Organic Search, Organic Search",2,0
6777096292963112230,2017-02-09 19:37:07.000,"Organic Search, Organic Search",2,0
853098633014712543,2017-02-23 21:30:50.000,"Organic Search, Organic Search, Organic Search, Organic Search, Organic Search",5,0
699221213149021065,2017-05-24 15:53:11.000,"Direct, Direct",2,0
5378279160532453494,2017-03-19 04:06:30.000,Organic Search,1,0
175784634919851322,2017-04-11 00:41:24.000,Direct,1,0
2952820296567657347,2017-05-01 20:52:37.000,Direct,1,0
3850630971135697760,2017-04-21 18:01:57.000,PURCHASE,1,1
705052516935438684,2017-04-19 16:33:40.000,"Referral, Referral",2,0
7822178141511453911,2017-04-22 23:25:31.000,PURCHASE,1,1
054873055567921661,2017-05-01 19:03:43.000,"Direct, Direct",2,0
2876669668798568631,2017-06-02 15:37:03.000,"Referral, Referral, Referral, Referral",4,0
7710274785859342861,2017-05-17 23:18:57.000,"Organic Search, Paid Search",2,0
3308953517897542519,2017-07-27 20:19:51.000,"Referral, Referral",2,0
79204932396995037,2017-06-14 11:39:13.000,"Organic Search, Organic Search, Organic Search",3,0
2180515369167502520,2017-06-16 18:38:03.000,"Direct, Direct, Direct, Direct, Direct, Direct",6,0
0744210830143973631,2017-06-29 05:35:07.000,Referral,1,0
6586739058236606680,2017-07-04 02:42:44.000,Direct,1,0
5552453019078254306,2017-07-07 15:45:51.000,Referral,1,0
2817453656935743519,2017-07-13 16:10:07.000,"Organic Search, Organic Search",2,0
525470181967108180,2017-07-13 01:13:50.000,Organic Search,1,0
9824524325763367768,2017-07-13 22:51:23.000,"Display, Organic Search, Organic Search",3,0
7256273857089897633,2017-03-10 21:42:11.000,Direct,1,0
1036690457275487671,2017-04-26 21:58:30.000,PURCHASE,1,1
2144335436738770147,2017-07-31 18:47:13.000,"Referral, Referral",2,0
280738376597848400,2016-09-14 17:25:00.000,Referral,1,0
8702022874910109751,2016-08-18 17:26:59.000,Referral,1,0
0481361866832333678,2016-08-15 20:53:33.000,PURCHASE,1,1
7999024439305263613,2016-09-19 20:52:19.000,"Referral, Referral, Referral, Referral, Referral, Referral, Organic Search, Referral, Referral",9,0
5614442776922836498,2016-11-20 01:22:56.000,"Referral, Referral",2,0
9849495333412600966,2016-08-12 15:06:15.000,Direct,1,0
6172293608941431508,2016-08-13 23:07:34.000,"Organic Search, Referral, Referral",3,0
0182664823417063218,2016-08-17 23:15:49.000,"Direct, Direct, Direct",3,0
9924932134687067068,2016-08-28 15:06:28.000,Organic Search,1,0
8025955470222388064,2017-05-03 20:31:49.000,"Referral, Referral, Referral, Referral, Referral, Referral, Referral",7,0
8085361834408938573,2016-09-24 21:56:21.000,"Organic Search, Organic Search",2,0
8937539596290330126,2016-09-13 22:09:39.000,"Referral, Referral, Referral, Referral, Referral, Referral, Referral",7,0
7645423855844337919,2016-09-22 19:12:09.000,"Direct, Organic Search",2,0
2555463819232482214,2016-09-19 16:50:06.000,"Referral, Referral",2,0
9605564341819923809,2016-09-20 17:44:03.000,Referral,1,0
0036417634769000138,2016-10-10 15:17:13.000,PURCHASE,1,1
5881420815591584294,2016-12-05 22:40:46.000,"Referral, Referral, Referral, Referral, Referral, Referral",6,0
144847938814859371,2017-06-11 19:23:49.000,Referral,1,0
4657067382048340368,2016-11-08 19:31:35.000,"Referral, Referral",2,0
7797999885990809909,2016-11-30 04:57:50.000,"Paid Search, Organic Search, Organic Search, Organic Search, Organic Search, Display, Display",7,0
9029794295932939024,2016-12-06 11:37:44.000,"PURCHASE, Referral",2,3
4596484910104126355,2016-12-05 19:08:31.000,"Referral, Referral",2,0
939610499574900867,2016-12-14 22:20:00.000,"Referral, Referral",2,0
3835994298687662664,2016-12-04 19:06:38.000,Direct,1,0
866876673966650759,2016-12-07 04:09:14.000,"Direct, Direct",2,0
9415829283766056542,2016-12-14 02:06:10.000,"Referral, Referral",2,0
9619365002104387449,2017-01-09 20:56:50.000,"Direct, Direct",2,0
0777578217567505121,2016-12-20 03:08:39.000,Direct,1,0
9372618001980854712,2017-02-25 15:25:52.000,PURCHASE,1,2
173863901552294318,2017-01-12 21:27:46.000,"Direct, Direct, Display, Display",4,0
2923583380085498492,2017-01-26 21:56:33.000,"Referral, Referral, Referral",3,0
8607094794616630053,2017-02-17 02:59:23.000,Organic Search,1,0
0662931673462260601,2017-05-25 17:51:11.000,Referral,1,0
7328092280392160838,2017-03-14 07:37:29.000,"Organic Search, Organic Search, Organic Search",3,0
4053729275950379466,2017-05-12 17:01:03.000,"PURCHASE, Direct",2,2
0556556488234585145,2017-04-10 19:43:38.000,Referral,1,0
1957458976293878100,2017-05-26 18:29:28.000,"PURCHASE, Display, Display, Display, Display, Display, Display, Display, Display, Display, Display, Display, Display, Display, Display, Display, Display, Display, Display, Display, Display, Display, Display, Display, Display, Display, Display, Display, Display, Display, Display, Display, Display, Display",34,7
2231593693192690956,2017-05-01 17:54:27.000,Direct,1,0
8482358096465271237,2017-05-16 20:02:52.000,"PURCHASE, Organic Search",2,2
7057439304075107628,2017-06-30 00:11:32.000,"Referral, Referral, Referral, Referral",4,0
5989963282036287495,2017-05-23 21:30:18.000,"Direct, Direct, Direct, Direct",4,0
0244170299994763393,2017-06-19 08:49:01.000,"Direct, Direct, Direct",3,0
086102919761743448,2017-05-24 23:24:43.000,Direct,1,0
6114533554915949070,2017-05-31 16:50:37.000,Referral,1,0
1160204963389257110,2017-06-28 02:14:52.000,"PURCHASE, Referral",2,1
5991536664355896877,2017-07-24 00:21:45.000,"Display, Display",2,0
4140153693332318188,2017-07-25 20:48:21.000,"Direct, Direct",2,0
9807072102349488174,2016-09-06 13:43:16.000,"PURCHASE, Organic Search",2,4
913669713966268757,2016-10-11 14:22:40.000,"PURCHASE, Referral",2,1
3467259268893631959,2016-10-04 14:20:33.000,"Referral, Referral, Referral",3,0
000435324061339869,2016-10-21 01:33:41.000,Referral,1,0
1063651652107093288,2016-12-07 17:16:45.000,"PURCHASE, Direct, Direct, Direct, Direct, Direct, Direct, Direct, Direct, Direct, Direct, Direct, Direct, Direct, Direct, Direct, Direct, Direct, Direct, Direct, Direct",21,4
9989256027389985761,2016-10-30 19:11:08.000,Organic Search,1,0
8580500281836134994,2016-12-13 00:42:16.000,Organic Search,1,0
7939582431160055646,2016-12-12 13:43:07.000,Referral,1,0
1875834855839567395,2016-12-31 22:41:31.000,"Referral, Referral",2,0
806304580282256912,2017-01-26 01:00:03.000,"Referral, Referral, Referral, Referral",4,0
4184351765093293485,2016-12-19 17:54:55.000,Organic Search,1,0
0881711197149312621,2016-12-18 01:24:21.000,Organic Search,1,0
2411322974724385937,2017-01-04 16:12:05.000,PURCHASE,1,4
3841458002774357152,2017-01-06 15:30:36.000,"Referral, Referral",2,0
8376588599505232518,2017-01-20 05:50:09.000,Referral,1,0
7292983953762980102,2017-01-31 20:15:59.000,"PURCHASE, Referral, Referral",3,1
7970246388355187791,2017-03-14 18:11:51.000,"Organic Search, Organic Search",2,0
5041110715755196949,2017-03-25 14:15:08.000,PURCHASE,1,1
7426824311652962659,2017-04-10 19:40:33.000,Organic Search,1,0
4636131731638181227,2017-05-15 20:42:32.000,Referral,1,0
817680240606134380,2017-05-26 14:47:24.000,Referral,1,0
7910024669087314685,2017-07-10 17:51:21.000,Referral,1,0
0080479763428955064,2017-07-21 14:09:51.000,"Organic Search, Organic Search",2,0
2024172620398136134,2017-07-01 19:32:21.000,Organic Search,1,0
2557544565676711160,2017-07-07 16:32:03.000,Direct,1,0
543368443296403226,2017-07-13 16:18:48.000,Referral,1,0
9509348681300444250,2017-07-20 04:45:05.000,"Organic Search, Organic Search, Organic Search, Organic Search, Organic Search",5,0
3261813932976952112,2016-11-30 14:13:25.000,Organic Search,1,0
3515453378186105003,2017-01-19 04:15:12.000,"Organic Search, Organic Search, Organic Search",3,0
1912171696404614362,2016-12-16 20:13:26.000,Referral,1,0
537940071228449977,2016-12-20 08:00:28.000,"Referral, Organic Search",2,0
6213994431207095726,2017-01-03 19:21:31.000,Direct,1,0
1957458976293878100,2017-03-24 18:36:00.000,"PURCHASE, Direct, Direct, Direct, Direct, Direct, Direct, Direct, Direct, Direct, Direct, Direct, Direct, Direct, Direct, Direct, Direct, Direct, Direct, Direct, Direct, Direct, Direct, Direct, Direct, Direct, Direct, Direct, Direct, Direct, Direct, Direct, Direct, Direct, Direct, Direct, Direct, Direct, Direct, Direct, Direct, Direct, Direct, Direct, Direct, Display, Display, Display, Display, Display, Display, Display, Display, Display, Display, Display",56,1
1293859889635603442,2017-03-11 17:44:03.000,"PURCHASE, Referral, Referral, Referral, Referral",5,1
7813186643472514760,2017-03-27 19:13:02.000,Referral,1,0
8045269004501879316,2017-04-01 02:57:51.000,"Organic Search, Organic Search, Organic Search",3,0
6048454076257067950,2017-04-10 21:37:33.000,"Organic Search, Organic Search",2,0
7275146492710079917,2017-04-08 02:41:34.000,Direct,1,0
5671628686100405217,2017-04-27 21:42:44.000,"Referral, Referral",2,0
4894913572164934731,2017-05-08 12:32:55.000,Direct,1,0
681345956743814792,2017-05-19 15:12:01.000,"Referral, Referral",2,0
5196691607031491991,2017-06-05 22:23:49.000,"Organic Search, Organic Search, Organic Search",3,0
2689556653800639103,2017-06-28 00:58:42.000,PURCHASE,1,1
1835132804289989526,2017-07-20 04:03:15.000,"PURCHASE, Referral, Referral, Referral",4,1
7477634267430924328,2017-05-04 04:13:32.000,"Organic Search, Organic Search, Organic Search, Organic Search",4,0
8743830704801425537,2017-06-08 22:05:19.000,Direct,1,0
1892504515910818669,2017-06-14 05:24:51.000,Organic Search,1,0
4218616966389581358,2017-06-29 17:32:51.000,Referral,1,0
5761840295662617853,2016-08-16 10:08:02.000,"Organic Search, Organic Search, Organic Search, Organic Search, Organic Search, Organic Search, Organic Search, Organic Search",8,0
8518736572243003083,2016-08-11 21:47:31.000,"Direct, Referral, Organic Search, Organic Search, Organic Search, Organic Search, Referral",7,0
8624286382144579831,2016-08-10 17:56:23.000,"Direct, Direct",2,0
0213278104301515841,2016-08-08 22:44:43.000,"Referral, Referral",2,0
3681691345354167550,2016-08-15 14:56:18.000,Referral,1,0
2460550300835928816,2017-03-22 14:40:30.000,"Organic Search, Organic Search",2,0
1124880760670566396,2016-08-23 19:34:25.000,Organic Search,1,0
914489131587654698,2016-09-01 13:09:30.000,Referral,1,0
4653438980882969827,2016-09-02 02:25:32.000,Paid Search,1,0
7021042603571850864,2016-09-06 13:54:47.000,"Referral, Referral, Referral, Referral, Referral",5,0
1748823667691888878,2016-09-10 18:34:15.000,"Organic Search, Referral",2,0
7505608687492467483,2016-09-11 09:16:36.000,Organic Search,1,0
4578640586284138624,2016-09-15 19:12:02.000,PURCHASE,1,1
4794407036950111332,2016-09-15 22:56:27.000,"Referral, Referral",2,0
5913351362250522347,2016-09-16 20:09:29.000,Direct,1,0
097021672781707916,2016-11-18 21:17:36.000,"Direct, Referral, Referral, Referral, Referral, Referral",6,0
0354852234744200549,2016-09-19 00:38:34.000,Referral,1,0
67046950690742012,2016-10-06 15:15:20.000,"Paid Search, Paid Search",2,0
9938760478533661623,2016-11-23 15:50:58.000,"Referral, Referral, Referral",3,0
4256454348213820288,2016-10-10 00:37:15.000,Referral,1,0
8489866858804913505,2016-10-31 15:59:30.000,Direct,1,0
7224140740863178929,2016-11-03 00:21:00.000,"Organic Search, Referral, Referral",3,0
8245766833729280200,2016-10-24 16:22:39.000,"Direct, Direct",2,0
1530327474936163362,2016-10-28 23:15:09.000,Organic Search,1,0
9238751503458248415,2016-12-07 17:22:38.000,Organic Search,1,0
60709694942461401,2016-11-12 23:45:02.000,Referral,1,0
6707245033176905933,2016-11-23 00:22:42.000,"Organic Search, Organic Search, Organic Search",3,0
2446685875964479851,2016-11-21 00:48:53.000,PURCHASE,1,2
7138325410902068496,2016-11-18 02:38:23.000,"Direct, Direct, Referral",3,0
3296449130516590119,2016-11-15 19:52:16.000,Direct,1,0
7035655888631728269,2017-01-08 23:34:07.000,"Direct, Direct, Referral",3,0
1710028680254834304,2016-11-29 00:55:32.000,"Organic Search, Organic Search, Organic Search, Organic Search",4,0
4788403189075258589,2017-02-21 01:50:11.000,"Paid Search, Referral",2,0
7563368779850101640,2016-12-10 19:53:48.000,Referral,1,0
5520761942554213462,2016-12-19 15:34:50.000,PURCHASE,1,1
5086041801666974799,2016-12-19 20:14:27.000,"Referral, Referral",2,0
9723761653714272430,2016-12-14 13:49:07.000,Paid Search,1,0
2061193526205671721,2016-12-25 22:01:08.000,"PURCHASE, Organic Search",2,1
8056549664540866656,2017-01-09 22:17:53.000,Organic Search,1,0
937994839279902527,2017-02-17 22:24:52.000,PURCHASE,1,1
4822692999413007561,2017-02-13 06:51:50.000,Direct,1,0
8434622228747679141,2017-03-09 22:50:07.000,PURCHASE,1,1
234006696582066330,2017-04-05 21:11:50.000,"Referral, Referral, Referral",3,0
157019484210987302,2017-05-06 19:15:02.000,"Direct, Direct, Direct, Direct",4,0
9412019855771301758,2017-04-10 21:23:25.000,"Referral, Referral",2,0
5826166060122171191,2017-05-30 00:58:12.000,Referral,1,0
5001626019499127935,2017-06-11 03:10:15.000,"Organic Search, Referral, Organic Search",3,0
9673854839473677147,2017-06-07 20:26:50.000,Referral,1,0
2180515369167502520,2017-06-28 15:23:27.000,"PURCHASE, Direct, Direct, Direct, Direct, Direct",6,2
7399154610014093461,2016-09-20 11:47:34.000,"Organic Search, Organic Search, Organic Search",3,0
8810851495186113937,2016-09-18 20:39:25.000,Organic Search,1,0
2854722262909538790,2016-09-22 19:00:11.000,PURCHASE,1,1
2599676173769413395,2016-11-11 22:31:29.000,Direct,1,0
544989058215133805,2016-10-24 15:10:14.000,"Referral, Referral",2,0
2294678809767887639,2016-10-22 03:59:08.000,"Organic Search, Referral, Referral",3,0
689759983033395274,2017-05-01 14:44:49.000,"Referral, Referral",2,0
5039693679894183284,2017-07-06 15:40:09.000,"Referral, Organic Search",2,0
4085972867127024343,2016-12-13 20:16:56.000,PURCHASE,1,3
3408469727987156299,2016-12-01 16:35:59.000,"Direct, Referral, Referral, Referral",4,0
8413068470512078084,2016-12-01 19:34:49.000,"Direct, Direct, Direct, Direct, Direct, Direct",6,0
6458843567319176557,2016-12-13 05:47:42.000,Direct,1,0
4561223317257088622,2016-12-27 18:11:41.000,Referral,1,0
2510765460977989271,2017-04-25 18:10:35.000,Direct,1,0
286670465887517107,2017-02-10 17:59:51.000,Referral,1,0
4835082938415020542,2017-03-29 14:37:24.000,"PURCHASE, Organic Search, Organic Search, Organic Search, Organic Search",5,6
6873140036612855431,2017-07-01 02:52:54.000,"Organic Search, Organic Search, Organic Search, Organic Search, Organic Search, Organic Search, Organic Search",7,0
632796253738106478,2017-04-25 19:06:18.000,Direct,1,0
1459034960484063296,2017-04-26 21:53:44.000,Referral,1,0
2518379317255532090,2017-04-30 16:26:30.000,"Organic Search, Paid Search",2,0
8198644197116666636,2017-05-02 16:40:55.000,Direct,1,0
4049931840976625289,2017-05-08 15:07:51.000,Direct,1,0
4815044464336566076,2017-05-09 17:29:29.000,Direct,1,0
8151896772745241193,2017-05-10 20:45:52.000,"Organic Search, Organic Search",2,0
4869304818683909994,2017-06-05 19:50:30.000,"Organic Search, Organic Search, Organic Search, Organic Search, Referral",5,0
1957458976293878100,2017-06-01 18:35:43.000,"PURCHASE, Display",2,8
1210036509049986390,2017-07-13 14:34:41.000,Referral,1,0
9089896742439819665,2017-07-21 01:13:49.000,"Organic Search, Organic Search, Organic Search",3,0
6979205517954044794,2017-07-12 17:04:09.000,"Display, Display",2,0
4085972867127024343,2016-11-22 23:13:37.000,"PURCHASE, Referral, Referral",3,2
0208951486693076734,2016-11-28 15:27:54.000,"Referral, Referral, Referral",3,0
1922536845404331112,2016-12-12 22:58:02.000,Referral,1,0
079475762358903551,2017-02-15 19:23:38.000,"Direct, Direct",2,0
8806276575158015292,2017-03-09 05:20:44.000,"Organic Search, Organic Search, Organic Search, Organic Search, Organic Search",5,0
3891255667600812168,2017-03-30 21:47:06.000,"Display, Display",2,0
8160051185492681700,2017-04-06 15:21:50.000,"Referral, Referral",2,0
8669188840409334896,2017-07-29 20:53:41.000,"Paid Search, Paid Search",2,0
0365800323147392278,2017-06-19 04:21:55.000,PURCHASE,1,2
253454431071066526,2017-04-11 07:51:39.000,"Direct, Direct",2,0
5555490388614150520,2017-05-24 19:05:00.000,"Referral, Referral",2,0
2610708601231231422,2017-07-12 23:31:07.000,PURCHASE,1,2
8762203686823311307,2017-04-15 03:05:09.000,Organic Search,1,0
9169315450686147323,2016-08-02 16:44:00.000,Organic Search,1,0
1957458976293878100,2017-02-14 18:30:28.000,"Organic Search, Organic Search, Organic Search, Organic Search, Organic Search, Organic Search, Organic Search, Organic Search, Organic Search, Organic Search, Organic Search, Organic Search, Organic Search, Organic Search, Organic Search, Organic Search, Organic Search, Organic Search, Organic Search, Organic Search, Organic Search, Organic Search, Organic Search, Organic Search, Organic Search, Organic Search, Organic Search, Organic Search, Organic Search, Organic Search, Organic Search, Organic Search, Organic Search, Organic Search, Organic Search, Organic Search, Organic Search, Organic Search, Organic Search, Organic Search, Organic Search, Organic Search, Organic Search, Organic Search, Organic Search, Organic Search, Organic Search, Organic Search, Organic Search, Organic Search, Organic Search, Organic Search, Organic Search, Organic Search, Organic Search, Organic Search, Organic Search, Organic Search, Organic Search, Organic Search, Organic Search, Organic Search, Organic Search, Organic Search, Organic Search, Organic Search, Organic Search, Organic Search, Organic Search, Organic Search, Organic Search, Organic Search, Organic Search, Organic Search, Organic Search, Organic Search, Organic Search, Organic Search, Organic Search, Organic Search, Organic Search, Organic Search, Organic Search, Organic Search, Organic Search, Organic Search, Organic Search, Organic Search, Organic Search, Organic Search, Organic Search, Organic Search, Organic Search, Organic Search, Organic Search, Organic Search, Organic Search, Organic Search, Organic Search, Organic Search, Organic Search, Organic Search, Organic Search, Organic Search, Organic Search, Organic Search, Organic Search, Organic Search, Organic Search, Organic Search, Organic Search, Organic Search, Organic Search, Organic Search, Organic Search, Organic Search, Organic Search, Organic Search, Organic Search, Organic Search, Organic Search, Organic Search, Organic Search, Organic Search, Organic Search, Organic Search, Organic Search, Organic Search, Organic Search, Organic Search, Organic Search, Organic Search, Organic Search, Organic Search, Organic Search, Organic Search, Direct",137,0
2074164338647079047,2016-09-20 12:17:43.000,"Direct, Direct, Direct, Direct, Direct, Direct, Direct, Direct, Direct, Direct, Direct, Direct, Direct, Direct, Direct, Direct, Direct, Direct, Direct, Direct, Direct",21,0
1896927659372882105,2016-08-05 16:14:08.000,Organic Search,1,0
8623452188249826507,2016-08-19 18:49:51.000,Direct,1,0
8347411219100561915,2016-08-12 23:19:29.000,Referral,1,0
3870523357204139831,2016-08-19 14:33:35.000,PURCHASE,1,1
1672029100835337721,2016-08-30 22:56:32.000,Referral,1,0
3861180496381149226,2016-08-19 13:03:39.000,"Organic Search, Organic Search, Organic Search",3,0
2912701831834893456,2016-08-25 14:29:44.000,Referral,1,0
6738644801977314557,2016-09-21 02:14:31.000,"Referral, Referral, Referral",3,0
472388433264551158,2016-09-08 16:15:04.000,"Direct, Direct",2,0
9801630253390309535,2017-06-18 06:14:22.000,"Referral, Referral",2,0
1072391559688569305,2016-09-26 18:14:04.000,"Direct, Direct",2,0
5887849058822875277,2016-10-04 04:12:51.000,Referral,1,0
910504852442385120,2016-10-21 17:10:23.000,Referral,1,0
1155604757383908608,2016-10-28 02:08:41.000,"Referral, Referral",2,0
9662800125044386280,2016-10-21 18:26:44.000,PURCHASE,1,2
7405540212923249469,2016-10-27 14:38:24.000,"Organic Search, Organic Search, Organic Search",3,0
9377429831454005466,2017-03-29 18:49:26.000,"PURCHASE, Organic Search, Organic Search",3,8
2193251253036865639,2016-12-22 03:29:40.000,"PURCHASE, Referral, Referral",3,1
6147396474895233852,2016-12-06 19:02:04.000,PURCHASE,1,3
3530859499206479968,2016-12-12 17:46:01.000,"Organic Search, Display",2,0
278294025625890361,2016-12-08 19:48:00.000,Referral,1,0
9730292256253714917,2016-11-29 01:31:12.000,Direct,1,0
7183073463207684020,2016-12-02 18:18:57.000,"Direct, Referral",2,0
5317791335633090472,2017-03-05 07:31:43.000,"Organic Search, Organic Search",2,0
514517908760071241,2017-01-25 22:43:02.000,"Referral, Referral",2,0
4412900685343047350,2017-01-06 16:47:08.000,"Referral, Referral, Referral",3,0
3756657782077054596,2016-12-13 21:18:36.000,Organic Search,1,0
8835738429285274387,2017-03-27 02:25:03.000,"PURCHASE, Referral",2,1
4246596103361426339,2016-12-15 17:28:09.000,Paid Search,1,0
7382792588713799931,2017-03-11 19:03:44.000,"Direct, Referral, Referral",3,0
1631417180035527260,2016-12-20 22:00:13.000,Direct,1,0
1533016242418481907,2017-02-07 02:35:26.000,Direct,1,0
9989795984216871126,2017-02-06 23:21:46.000,"Referral, Referral, Referral, Referral",4,0
2411322974724385937,2017-03-05 16:30:03.000,PURCHASE,1,6
9017249703406411169,2017-02-07 21:57:00.000,Direct,1,0
950676259034422019,2017-07-14 22:07:37.000,"Direct, Organic Search, Organic Search",3,0
1983590358337502597,2017-03-05 14:41:46.000,Referral,1,0
4501448098783068461,2017-05-02 03:19:20.000,"PURCHASE, Referral",2,1
4644372853613585003,2017-03-28 00:50:51.000,Organic Search,1,0
3205470611252051738,2017-04-05 22:11:59.000,Organic Search,1,0
139472357811670278,2017-04-08 12:39:03.000,Organic Search,1,0
0380297679354627080,2017-04-16 18:14:10.000,Referral,1,0
6046590662563532238,2017-04-16 18:37:00.000,Social,1,0
9804085499377106175,2017-05-16 21:22:12.000,Referral,1,0
909727084059682263,2017-06-03 19:32:27.000,"Referral, Referral",2,0
1774472718303082739,2017-07-18 23:33:34.000,"Organic Search, Organic Search",2,0
8821726080717309200,2017-07-18 22:55:34.000,Direct,1,0
8068061072215926350,2016-08-23 21:52:27.000,Direct,1,0
8732851930858933154,2016-12-08 21:17:43.000,"Referral, Referral, Referral, Referral, Referral, Referral, Referral, Referral, Referral, Referral, Referral",11,0
4923467776356340421,2016-11-13 10:54:50.000,Organic Search,1,0
2319344514792111050,2016-11-28 23:08:35.000,Referral,1,0
3826933837621771483,2017-01-04 14:23:02.000,"PURCHASE, Organic Search, Organic Search, Organic Search",4,1
6007466842428480250,2016-12-12 00:43:09.000,Referral,1,0
6250022739137848428,2016-12-08 01:27:13.000,Referral,1,0
553904149065456549,2017-01-13 12:07:04.000,"Direct, Direct, Direct",3,0
4967676136502125585,2017-01-04 14:09:19.000,"Referral, Referral",2,0
3883919079717671978,2017-01-23 20:53:56.000,Display,1,0
7804796494256061450,2017-05-13 23:05:39.000,"PURCHASE, Organic Search",2,1
9332976968342857288,2017-01-11 20:29:55.000,Referral,1,0
3716528607664189498,2017-01-23 19:38:41.000,"Referral, Referral",2,0
9122350425856868704,2017-01-23 18:39:31.000,"Organic Search, Organic Search",2,0
9037855677717484048,2017-06-14 22:54:36.000,"Referral, Referral, Referral",3,0
9228091811246318377,2017-02-03 20:51:58.000,Direct,1,0
4734664452187566278,2017-02-02 01:35:23.000,PURCHASE,1,2
527903113421923907,2017-01-31 19:32:49.000,Referral,1,0
1668298604221469868,2017-02-15 00:18:14.000,"Referral, Referral",2,0
5810770256591004737,2017-02-14 01:29:24.000,PURCHASE,1,2
3775157044065915076,2017-03-08 00:45:11.000,"Referral, Referral",2,0
7658192084720685827,2017-03-13 19:35:53.000,Referral,1,0
5971687779393280751,2017-03-24 04:45:44.000,Referral,1,0
0676786607056065282,2017-03-30 16:47:14.000,"Referral, Referral",2,0
1270157374832429985,2017-04-04 03:47:58.000,"Organic Search, Organic Search, Organic Search, Organic Search, Organic Search, Organic Search, Organic Search, Organic Search",8,0
8721719977116949998,2017-04-09 03:16:55.000,Paid Search,1,0
6304364152192410070,2017-04-19 20:23:31.000,"Direct, Referral, Organic Search, Organic Search",4,0
6824018129168937782,2017-05-12 23:23:53.000,"Referral, Referral",2,0
9824651586153580201,2017-05-13 22:56:12.000,Direct,1,0
0593564601992081966,2017-05-10 15:55:42.000,Organic Search,1,0
2019475323321472449,2017-06-02 21:40:58.000,Organic Search,1,0
8704055191873808093,2017-05-19 17:58:56.000,Direct,1,0
4863941202505455588,2017-06-02 13:15:06.000,"PURCHASE, Referral",2,3
9102765564604864805,2017-06-01 20:03:19.000,Referral,1,0
9463806441056350498,2017-06-07 19:27:06.000,"Organic Search, Organic Search",2,0
6039611140215041016,2017-06-16 21:09:09.000,"Referral, Referral",2,0
6204463650092781278,2017-07-07 13:08:40.000,"PURCHASE, Referral, Referral, Referral, Referral, Referral, Referral, Referral, Referral, Referral",10,1
3452520076908363504,2017-07-11 16:08:26.000,"Paid Search, Organic Search",2,0
5508164318239659326,2017-07-16 17:57:08.000,Paid Search,1,0
1288317908843556558,2017-07-27 20:32:08.000,Organic Search,1,0
6148711186133871559,2016-11-22 02:54:50.000,Referral,1,0
2265703789548596461,2017-01-01 18:27:11.000,"Display, Display, Display, Display",4,0
0540193727116110682,2017-01-24 17:16:06.000,Referral,1,0
8754452884191338331,2017-02-08 15:04:27.000,Direct,1,0
7813186643472514760,2017-04-10 13:55:37.000,"PURCHASE, Referral",2,1
217681705986137511,2017-05-03 15:44:08.000,"Organic Search, Organic Search",2,0
1502528664071512300,2017-05-22 05:37:34.000,"Referral, Referral",2,0
8303950448649190197,2017-07-13 23:01:12.000,Organic Search,1,0
7085944502194983759,2017-05-22 00:46:25.000,Paid Search,1,0
169337349809177349,2017-07-06 14:00:31.000,Referral,1,0
4488234939678302618,2016-08-19 21:09:48.000,"Referral, Referral, Referral, Display, Referral",5,0
5533303761041103134,2016-08-16 20:45:24.000,"Direct, Direct, Direct, Direct, Direct, Direct, Direct",7,0
7587138749751940102,2016-12-08 18:23:17.000,"Referral, Referral",2,0
7272923518010367426,2016-08-12 16:56:52.000,Direct,1,0
6342272643504385153,2016-09-09 20:06:51.000,Referral,1,0
5922085116209926580,2016-10-21 17:33:17.000,"PURCHASE, Referral, Referral",3,1
1902004978039013090,2016-08-22 14:35:33.000,Organic Search,1,0
5409062916318934931,2016-09-12 18:27:47.000,PURCHASE,1,1
8086664765433445252,2016-12-18 18:36:21.000,"Referral, Referral, Referral",3,0
6814041707718755292,2016-09-23 19:27:40.000,"Direct, Direct, Direct, Referral, Referral",5,0
7435052038545127483,2016-11-03 00:11:26.000,"PURCHASE, Referral, Referral, Referral, Referral, Referral, Referral, Referral, Referral",9,3
4454245994662532846,2016-09-29 19:05:54.000,Organic Search,1,0
4237736699372437949,2016-10-02 13:29:28.000,Direct,1,0
5028300438174569492,2017-02-23 19:54:31.000,"Organic Search, Direct, Organic Search, Organic Search",4,0
439449392549956950,2016-09-20 21:34:11.000,"Organic Search, Organic Search, Organic Search",3,0
4583845190402124485,2016-09-22 04:15:19.000,"Organic Search, Organic Search",2,0
8009715103196438268,2016-09-21 03:48:35.000,Paid Search,1,0
2796226620923398170,2016-09-27 21:00:24.000,"PURCHASE, Referral, Referral",3,1
5515350445753934486,2016-09-27 00:46:15.000,"Direct, Direct, Direct, Direct",4,0
1657507319554207584,2016-10-11 20:59:10.000,Direct,1,0
848918463822839205,2016-10-12 03:44:49.000,Organic Search,1,0
8543869082820414205,2017-03-28 19:08:11.000,Referral,1,0
2944524817492930577,2016-10-31 23:00:34.000,Direct,1,0
6491540923098115435,2016-12-04 02:04:58.000,Organic Search,1,0
798087643954247685,2016-11-04 17:51:47.000,Referral,1,0
5267602855246889214,2016-12-23 19:57:45.000,"Referral, Referral, Referral",3,0
8340067970218842770,2016-11-11 13:03:48.000,Referral,1,0
2620142844121221777,2016-12-05 04:07:05.000,Referral,1,0
3835134197841326255,2016-12-22 15:07:54.000,PURCHASE,1,1
3769184752556746361,2016-11-17 23:31:22.000,Direct,1,0
2546464604912220860,2017-01-14 03:14:28.000,"PURCHASE, Referral, Referral",3,1
2101142366050947272,2016-12-16 05:51:15.000,"Direct, Referral",2,0
1063651652107093288,2016-12-20 22:05:48.000,"PURCHASE, Direct, Direct",3,5
5810770256591004737,2016-12-29 21:44:41.000,Direct,1,0
5716994513150474293,2016-12-14 03:04:47.000,Referral,1,0
7270080953464199743,2017-01-27 21:30:58.000,"Display, Paid Search, Paid Search, Referral",4,0
4307411610497308919,2017-01-30 21:33:50.000,"Direct, Direct",2,0
2785285614162305625,2017-02-22 03:35:17.000,Organic Search,1,0
3287424336851494398,2017-03-20 17:27:13.000,PURCHASE,1,2
6722355366831429055,2017-06-18 17:57:28.000,"PURCHASE, Referral, Referral",3,1
0090053188432158994,2017-05-01 17:16:43.000,Direct,1,0
8229626512664616626,2017-05-23 01:06:47.000,"Referral, Referral",2,0
3855473804472998317,2017-05-29 19:16:53.000,Referral,1,0
410236987316567002,2017-07-13 18:08:14.000,"Referral, Referral",2,0
4260968995177655855,2017-07-19 16:35:45.000,"Direct, Referral, Referral, Referral, Referral, Referral, Referral, Referral",8,0
7017716009560683263,2017-06-30 22:09:49.000,"Paid Search, Paid Search, Paid Search",3,0
472388433264551158,2016-09-21 02:44:08.000,PURCHASE,1,1
5426533618446479401,2017-01-21 00:16:07.000,"Referral, Organic Search",2,0
8835299295328484368,2016-10-07 13:56:54.000,"Referral, Referral, Referral, Referral",4,0
7675702584577907084,2016-09-29 20:16:26.000,Referral,1,0
2402527199731150932,2016-10-12 20:47:53.000,"Direct, Direct",2,0
5021754051431260143,2016-10-05 22:30:49.000,Direct,1,0
3475663815219726995,2016-11-11 19:34:18.000,"Direct, Referral, Referral, Referral, Referral, Referral, Referral",7,0
9223171695530901209,2016-11-07 04:37:45.000,Organic Search,1,0
1956307607572137989,2016-11-10 21:01:08.000,PURCHASE,1,2
0815303383277659803,2016-12-17 04:30:46.000,"Organic Search, Organic Search, Organic Search, Organic Search, Organic Search",5,0
2708901230247086106,2016-12-17 20:36:25.000,Direct,1,0
7346307461579354249,2016-12-19 23:20:55.000,Display,1,0
2338178303528914061,2017-03-16 15:13:02.000,"PURCHASE, Direct, Direct",3,1
914215065327707355,2017-02-03 23:17:06.000,"Organic Search, Organic Search, Organic Search, Organic Search",4,0
0496833883845920731,2017-03-28 17:35:50.000,"Referral, Organic Search, Organic Search",3,0
1907624706752111002,2017-03-22 23:39:43.000,Direct,1,0
848056005472327761,2017-02-23 20:39:41.000,Referral,1,0
9509621049646377285,2017-02-24 21:56:53.000,Direct,1,0
2380176250405742516,2017-03-09 22:10:13.000,"Organic Search, Organic Search",2,0
8200223105926163583,2017-04-29 14:26:52.000,"PURCHASE, Organic Search",2,2
8637646972279713218,2017-05-22 19:15:48.000,"Direct, Direct, Direct, Direct, Direct",5,0
2590088265600782267,2017-07-21 11:21:29.000,"Direct, Referral, Referral, Referral, Referral, Referral",6,0
3541562648791714656,2017-05-01 23:04:47.000,"Referral, Referral",2,0
2969418676126258798,2017-07-28 15:55:22.000,"Referral, Referral, Referral, Referral, Referral, Referral, Referral, Referral, Referral, Referral, Referral, Referral, Referral, Referral, Referral, Referral, Referral, Referral",18,0
072965257504694282,2017-06-23 17:15:18.000,"Referral, Referral, Referral, Referral",4,0
5772921781547143127,2017-07-06 18:35:33.000,Referral,1,0
6560066529199965530,2017-07-13 21:21:44.000,"Paid Search, Paid Search",2,0
4299030824455740972,2017-07-21 15:09:38.000,Referral,1,0
264141526022556434,2016-12-26 04:27:29.000,"Organic Search, Organic Search",2,0
7861268750444370687,2017-01-22 03:43:27.000,Paid Search,1,0
068932429089394729,2017-02-20 18:56:15.000,"Organic Search, Organic Search",2,0
8312034469464405386,2017-02-17 17:00:48.000,"Referral, Referral",2,0
8477265213767844589,2017-03-30 21:42:57.000,PURCHASE,1,1
2352548628524812063,2017-07-12 21:20:54.000,"Referral, Referral, Referral, Referral, Referral, Referral, Referral",7,0
693079538830911094,2017-06-27 18:39:20.000,"Referral, Referral, Referral, Referral, Referral",5,0
1176365243573269624,2017-06-06 22:49:18.000,Direct,1,0
0413580391899416331,2017-06-27 19:48:56.000,Referral,1,0
3016072144177960007,2017-04-16 08:28:57.000,Organic Search,1,0
1233984196205205270,2016-09-20 20:30:59.000,Referral,1,0
0848187910927716390,2016-08-15 19:50:43.000,PURCHASE,1,1
1250309821000380040,2016-10-11 15:52:02.000,"Organic Search, Organic Search, Organic Search, Organic Search, Organic Search, Organic Search, Organic Search, Organic Search, Organic Search, Organic Search, Organic Search, Organic Search, Organic Search, Organic Search, Organic Search",15,0
3545123060029364265,2016-08-05 20:22:14.000,Referral,1,0
2284918967368942490,2016-09-08 17:40:07.000,"Referral, Referral, Referral",3,0
6215649527279938539,2016-08-18 23:00:29.000,"Referral, Referral, Referral, Referral, Referral, Referral",6,0
1950054804441363108,2016-08-10 21:41:47.000,"Referral, Referral",2,0
0109278995741921995,2016-08-09 17:47:43.000,Display,1,0
0521283007599569568,2016-08-30 18:14:17.000,"Referral, Referral, Referral",3,0
8653846523706419375,2016-08-11 21:20:05.000,Direct,1,0
8596460758260544127,2016-09-08 18:10:19.000,"Direct, Referral",2,0
2005406430209202726,2016-08-24 21:13:45.000,"Direct, Direct",2,0
3187154400551133371,2017-02-13 19:20:18.000,"Referral, Referral, Referral, Referral, Referral, Referral, Referral, Referral, Referral",9,0
3810896663878967628,2016-09-16 16:01:29.000,"Referral, Referral, Referral",3,0
6959603963564869161,2016-08-15 21:36:24.000,Organic Search,1,0
6937662175873658557,2016-08-17 03:56:38.000,Display,1,0
9807072102349488174,2016-08-16 13:47:34.000,Organic Search,1,0
1916313018112377953,2016-08-17 19:19:06.000,"Display, Display",2,0
0182664823417063218,2016-08-20 00:12:59.000,"PURCHASE, Referral",2,1
274928241784014996,2016-09-23 21:43:16.000,"Referral, Referral",2,0
0101246539776970727,2016-12-21 18:36:11.000,"PURCHASE, Referral, Referral, Referral, Referral, Referral, Referral, Referral, Referral, Referral, Referral",11,1
9807072102349488174,2016-11-11 14:11:09.000,"PURCHASE, Organic Search, Display, Organic Search, Organic Search",5,5
3325370036069152242,2016-09-20 14:26:57.000,"PURCHASE, Referral",2,1
7880167755277148359,2016-09-20 19:20:40.000,Direct,1,0
2796226620923398170,2016-09-22 14:42:00.000,Referral,1,0
3066188315515723217,2016-09-27 18:42:59.000,Direct,1,0
1084385382807282160,2016-09-27 20:43:37.000,Organic Search,1,0
7298336494740484350,2017-01-07 04:57:35.000,Referral,1,0
6196504747675152769,2016-10-26 19:02:19.000,"Paid Search, Organic Search",2,0
6147396474895233852,2016-10-14 22:01:14.000,Direct,1,0
20772809165725592,2016-10-18 20:36:20.000,"Direct, Direct",2,0
6926912273313312650,2016-11-03 23:37:01.000,PURCHASE,1,1
6238097819613578010,2016-10-24 20:39:41.000,Organic Search,1,0
1599852514978862986,2016-12-07 01:54:49.000,"Organic Search, Organic Search, Organic Search, Paid Search, Paid Search",5,0
8785356457446164394,2016-11-09 02:58:49.000,Paid Search,1,0
9588908882266612738,2016-12-16 17:58:10.000,"Referral, Referral, Organic Search",3,0
6944407004438928008,2016-11-09 15:08:56.000,PURCHASE,1,1
3371636154189541417,2016-11-14 00:28:01.000,Organic Search,1,0
7789668913244553459,2016-11-15 15:59:36.000,"Social, Social, Referral, Referral, Referral, Referral, Referral",7,0
2345777682762972130,2016-11-21 22:26:13.000,"Referral, Referral, Referral",3,0
8130587090166604598,2017-01-06 03:21:18.000,"PURCHASE, Organic Search, Organic Search, Referral, Referral, Organic Search, Organic Search, Referral, Organic Search",9,1
8153111037173030058,2017-01-12 18:23:38.000,"Referral, Referral",2,0
0717343852152056082,2017-04-06 17:43:00.000,"Referral, Referral, Referral, Referral, Referral",5,0
5039735999524157292,2017-02-21 19:34:50.000,Direct,1,0
1735957877782185847,2017-03-16 04:24:39.000,"Referral, Referral, Referral",3,0
2618320847776659905,2017-05-05 02:14:16.000,"Referral, Referral, Referral",3,0
2437255563311206815,2017-04-03 05:48:14.000,Referral,1,0
324425236836309886,2017-05-13 21:14:48.000,Referral,1,0
0617329235458001539,2017-05-17 16:02:04.000,"Direct, Direct",2,0
1937147720930640984,2017-05-31 17:12:21.000,Organic Search,1,0
840085197489168186,2017-06-18 21:55:14.000,Referral,1,0
7211075105637086382,2017-07-15 19:51:59.000,Organic Search,1,0
4074582003417698725,2017-07-03 23:35:14.000,Referral,1,0
9471233281786880311,2016-10-18 22:24:47.000,"Direct, Direct, Referral, Referral, Referral, Referral, Referral, Referral, Referral",9,0
6068598620766435054,2016-11-21 03:23:52.000,"PURCHASE, Organic Search",2,1
564132620307271174,2016-11-27 01:50:00.000,"Referral, Referral, Referral",3,0
7857037940227176848,2016-11-23 15:31:49.000,Direct,1,0
6781934558737955524,2016-10-30 18:28:05.000,"Referral, Referral",2,0
69563023975860043,2016-10-21 00:10:52.000,"PURCHASE, Organic Search",2,1
6704302181752646951,2016-11-13 13:19:23.000,Direct,1,0
6781934558737955524,2016-11-11 14:20:39.000,"PURCHASE, Referral",2,1
4471415710206918415,2017-03-08 06:41:22.000,"PURCHASE, Referral, Referral, Referral",4,1
2083574620132385053,2016-11-09 15:01:40.000,"Organic Search, Organic Search",2,0
1195443770877125809,2016-12-03 20:03:37.000,"PURCHASE, Referral, Referral, Referral, Referral",5,1
5146868229604959703,2016-11-24 19:48:34.000,"Referral, Referral, Referral",3,0
095069773067468232,2016-11-19 23:50:35.000,Organic Search,1,0
5431240026017459443,2016-12-07 18:15:24.000,Organic Search,1,0
1336773302249657175,2016-12-12 14:45:02.000,Direct,1,0
9029794295932939024,2017-01-16 09:36:44.000,"PURCHASE, Referral",2,4
3374717573841647831,2017-04-15 02:03:16.000,"Paid Search, Paid Search, Paid Search, Paid Search, Paid Search, Paid Search",6,0
3734394198742215397,2016-12-12 19:55:47.000,Direct,1,0
0730124493043113245,2016-12-21 13:13:07.000,"Referral, Referral",2,0
9408687249095650177,2016-12-16 14:53:27.000,Organic Search,1,0
6890419448387689000,2017-02-14 01:28:51.000,"PURCHASE, Referral, Referral, Referral, Referral",5,1
1774756696067199606,2017-01-09 01:24:15.000,"Organic Search, Organic Search, Organic Search",3,0
4475085991365888558,2017-01-24 21:38:40.000,Referral,1,0
6495428628706870090,2017-02-10 18:06:27.000,Referral,1,0
8214456767333378973,2017-02-04 20:55:17.000,Referral,1,0
1285137808569536764,2017-02-13 18:16:22.000,Direct,1,0
405913439928695900,2017-02-22 19:49:13.000,Direct,1,0
8526450853963599523,2017-04-05 17:47:47.000,"Organic Search, Organic Search",2,0
9665573489181105578,2017-03-28 23:35:23.000,"Direct, Direct, Direct",3,0
9875621296770930505,2017-05-01 20:39:01.000,Referral,1,0
4202270774620698558,2017-05-26 21:52:42.000,Paid Search,1,0
8329981880354676608,2017-06-10 01:08:57.000,"Referral, Referral, Referral, Referral, Referral, Referral",6,0
1758112154920698235,2017-06-10 22:01:29.000,"Referral, Referral",2,0
6866350473487025538,2017-06-15 19:06:15.000,"Referral, Referral",2,0
0531829155524217247,2017-07-12 23:41:45.000,"Organic Search, Organic Search",2,0
7308330363798605080,2017-07-13 13:43:30.000,Organic Search,1,0
1140574847502258865,2017-07-24 22:14:50.000,"Referral, Referral, Referral",3,0
2885242437093283542,2017-06-27 22:36:30.000,Referral,1,0
5592469018549253101,2017-06-26 23:22:26.000,Referral,1,0
3764574444957652648,2017-06-29 15:32:40.000,Referral,1,0
9858575902161625282,2017-07-12 23:59:25.000,Referral,1,0
8364082612050395902,2017-07-24 04:52:38.000,"Referral, Referral, Referral",3,0
9654518257837426461,2017-07-26 00:07:12.000,"Display, Referral, Referral",3,0
2074164338647079047,2016-11-04 20:55:32.000,PURCHASE,1,3
7284466025557220497,2017-01-06 02:41:33.000,"PURCHASE, Direct",2,1
6958136256460936943,2017-01-19 22:24:57.000,"Referral, Referral, Referral, Referral, Referral, Referral, Referral, Referral, Referral, Referral, Referral, Referral",12,0
081985686030532619,2016-12-09 17:56:38.000,"Direct, Direct",2,0
2654157729152071076,2016-12-20 03:58:33.000,"Organic Search, Organic Search",2,0
738451259641127092,2017-01-23 23:23:41.000,Direct,1,0
8708542801178892943,2017-05-06 21:00:30.000,Referral,1,0
9751902738681438477,2017-05-27 16:01:08.000,PURCHASE,1,1
2108070425798338553,2017-06-11 09:48:38.000,"Organic Search, Organic Search",2,0
7782965489086957079,2017-07-10 17:36:36.000,"Referral, Referral, Referral",3,0
1024805847071570490,2017-06-27 13:42:12.000,Organic Search,1,0
9598871851189945502,2017-07-31 16:34:01.000,"Referral, Referral, Referral, Referral",4,0
0848187910927716390,2016-08-02 17:35:51.000,Display,1,0
6760732402251466726,2016-08-16 15:06:23.000,"Referral, Referral, Referral, Referral, Referral, Referral, Referral",7,0
8690416033474956546,2016-08-16 17:14:53.000,"Referral, Referral, Referral",3,0
6002089299065068862,2017-05-01 18:26:54.000,"Direct, Referral, Referral, Referral, Referral, Referral, Referral, Referral, Referral, Referral, Referral, Referral, Referral, Referral, Referral, Referral, Referral, Referral, Referral, Referral, Referral, Referral",22,0
8541162479552380791,2016-08-30 19:59:02.000,Referral,1,0
7534668743180719090,2017-02-15 00:54:50.000,Referral,1,0
3915384889161784454,2016-09-05 07:52:03.000,"Direct, Direct, Direct, Direct, Direct, Direct, Direct",7,0
0543371810281064125,2016-09-05 17:44:33.000,"Direct, Direct",2,0
4932662498284478415,2016-08-29 22:35:26.000,Referral,1,0
1032386538245862458,2016-10-19 14:58:03.000,Referral,1,0
3915384889161784454,2016-09-19 06:47:26.000,"PURCHASE, Direct, Direct, Direct",4,2
2287637838474850444,2016-10-07 13:08:11.000,"PURCHASE, Direct",2,1
3503177740835852213,2016-10-03 22:28:37.000,Referral,1,0
9459841378978411340,2016-09-16 02:10:56.000,Organic Search,1,0
3199504068027820416,2016-10-09 15:12:49.000,Organic Search,1,0
7256432076983849562,2016-11-08 08:00:08.000,"Organic Search, Direct, Referral, Referral, Referral, Referral, Referral",7,0
8667129106411175264,2016-10-28 18:22:32.000,Display,1,0
2424840844499220729,2016-11-18 15:28:24.000,Organic Search,1,0
3803364184957424266,2016-12-17 02:08:11.000,PURCHASE,1,1
9935363478089463685,2016-12-09 10:57:28.000,Referral,1,0
4426059530155526122,2017-01-08 06:01:54.000,"Referral, Referral",2,0
9523142287027067833,2016-11-24 05:22:35.000,"Referral, Referral, Referral, Referral, Referral",5,0
7400732262558954737,2016-12-05 01:18:54.000,Organic Search,1,0
4660934654916749166,2016-12-22 02:36:49.000,"PURCHASE, Referral, Referral",3,1
6479795425232637804,2016-12-01 05:51:07.000,Paid Search,1,0
7758585801799209122,2016-12-06 14:52:24.000,"Referral, Referral, Display",3,0
3134386734293793643,2016-12-08 14:44:35.000,Referral,1,0
7772930465282378163,2016-12-13 03:33:33.000,"Organic Search, Organic Search, Organic Search",3,0
047096740790346861,2016-12-13 18:26:47.000,Organic Search,1,0
2624822252903671857,2016-12-14 02:52:43.000,"Referral, Referral",2,0
3756657782077054596,2016-12-17 02:04:40.000,PURCHASE,1,1
8668902316036611419,2017-01-24 20:03:11.000,"PURCHASE, Referral, Referral, Referral",4,1
2409362637274898406,2017-04-17 20:45:50.000,"Referral, Referral, Referral, Referral, Referral, Referral, Referral, Referral",8,0
4382526488958111784,2017-02-22 13:57:43.000,"Organic Search, Organic Search, Organic Search, Organic Search",4,0
2567845597403175536,2017-02-14 21:35:59.000,Direct,1,0
6241521427679714135,2017-02-28 18:11:39.000,"PURCHASE, Organic Search",2,1
1639589047263376521,2017-04-02 01:07:25.000,"PURCHASE, Referral",2,6
5224582846346969715,2017-03-24 16:34:03.000,PURCHASE,1,1
4512152398665199247,2017-04-19 12:48:27.000,Direct,1,0
2402527199731150932,2017-04-20 19:25:44.000,"PURCHASE, Direct",2,12
7259906781649779181,2017-05-11 22:04:48.000,Organic Search,1,0
0625087577271634600,2017-05-10 17:22:01.000,Direct,1,0
2616271879571385041,2017-07-29 02:26:02.000,"Organic Search, Organic Search",2,0
9429712068285188439,2017-06-24 05:53:57.000,Referral,1,0
3642532800884850314,2017-06-25 16:56:51.000,"Organic Search, Organic Search",2,0
0710632165228073636,2017-06-12 20:17:44.000,"PURCHASE, Organic Search, Organic Search",3,1
7994759815756161325,2016-08-29 18:42:38.000,"Referral, Referral, Referral",3,0
7622628711953468889,2016-09-17 04:38:36.000,"Organic Search, Organic Search, Organic Search",3,0
0780206376162514125,2016-09-08 22:17:03.000,"Organic Search, Referral, Referral",3,0
4223021454510347443,2016-10-13 20:19:42.000,"Direct, Direct, Direct",3,0
8473691589953838175,2016-11-17 20:07:25.000,Organic Search,1,0
0598476687815353252,2016-11-22 23:58:54.000,"Paid Search, Paid Search, Paid Search, Paid Search",4,0
4196418886710432062,2016-11-21 15:41:04.000,PURCHASE,1,1
7990135994432965391,2016-12-09 17:09:44.000,"Direct, Direct, Direct, Direct, Direct, Direct",6,0
7313318075791277817,2016-12-14 10:46:17.000,Referral,1,0
2546464604912220860,2017-01-21 16:05:40.000,"PURCHASE, Referral",2,2
6615374904571614092,2017-03-05 06:33:54.000,"Organic Search, Organic Search, Organic Search, Organic Search, Organic Search",5,0
4175712148435281354,2017-03-17 14:29:52.000,Organic Search,1,0
5591828817981508202,2017-04-13 17:35:25.000,"Organic Search, Organic Search, Referral, Organic Search, Organic Search",5,0
5045635710262870815,2017-03-25 21:43:43.000,"Organic Search, Organic Search",2,0
4191549815940169115,2017-04-16 21:35:25.000,"PURCHASE, Referral",2,1
3210940614315598786,2017-04-12 14:44:02.000,Referral,1,0
7878351670032839098,2017-04-14 19:05:12.000,Organic Search,1,0
5013441016621351326,2017-05-23 20:34:49.000,"PURCHASE, Referral, Referral",3,1
9890182105631590481,2017-05-27 18:15:31.000,"PURCHASE, Referral",2,1
5377821611338556054,2017-05-11 22:18:59.000,"Organic Search, Organic Search, Organic Search, Organic Search, Organic Search, Organic Search",6,0
1945356518747036397,2017-05-09 20:37:14.000,"Direct, Direct",2,0
5612807768965191337,2017-07-14 14:21:58.000,Referral,1,0
085857472938612779,2017-06-19 17:45:36.000,"Referral, Referral",2,0
1036507769669388704,2017-06-22 16:11:09.000,"Direct, Direct",2,0
7974747290395913881,2017-07-20 15:41:23.000,Referral,1,0
1444097777351910879,2017-01-29 14:57:56.000,Social,1,0
2208179340101029302,2017-01-18 21:24:24.000,"Referral, Referral",2,0
848056005472327761,2017-03-31 00:52:03.000,"PURCHASE, Referral, Referral, Referral, Referral, Referral",6,1
0348759248625736228,2017-03-20 06:22:09.000,PURCHASE,1,1
6392220370835728704,2017-05-08 21:46:52.000,"Direct, Direct, Direct",3,0
707924884126013523,2017-06-05 03:54:29.000,"PURCHASE, Referral, Referral, Referral, Referral",5,1
0188247823522588210,2017-05-03 20:02:37.000,Organic Search,1,0
9344661624535255277,2017-05-25 22:15:23.000,"PURCHASE, Referral, Referral, Referral",4,1
5251862372013388986,2017-06-06 04:15:07.000,"Referral, Referral, Referral, Referral, Referral, Referral, Referral, Referral, Referral",9,0
4116720743881459837,2017-06-10 01:38:47.000,"PURCHASE, Direct, Direct",3,3
4712475837504946789,2017-06-17 14:23:38.000,Organic Search,1,0
7420300501523012460,2017-08-02 02:25:30.000,PURCHASE,1,1
8706577222412136430,2016-11-23 14:56:49.000,Direct,1,0
3724344539154169107,2017-04-07 23:49:36.000,"Direct, Direct, Referral, Referral, Referral, Referral, Referral, Referral",8,0
7545946848283492417,2017-05-12 17:32:04.000,Direct,1,0
9926374531981663094,2016-08-08 14:28:44.000,Referral,1,0
0508002860985321055,2016-08-16 13:39:19.000,Direct,1,0
8906637697429401120,2016-08-17 04:10:47.000,"Direct, Direct, Referral",3,0
4694443488552439139,2016-08-28 21:04:18.000,"Referral, Referral",2,0
4720137602861399516,2016-10-23 15:55:10.000,Direct,1,0
9407411142026570431,2016-09-21 18:22:56.000,"Referral, Referral",2,0
2074164338647079047,2016-10-25 20:36:10.000,"PURCHASE, Direct",2,1
753068173118806777,2017-05-08 20:32:59.000,"Referral, Referral, Referral",3,0
2497486617423212304,2016-10-19 04:45:40.000,"Direct, Referral, Referral",3,0
2583138417986718337,2016-11-19 15:42:39.000,Direct,1,0
2926339495422227598,2016-11-18 00:42:46.000,"Direct, Direct",2,0
4834259788821936917,2016-11-01 18:39:29.000,Referral,1,0
6261546303371333008,2016-10-25 19:27:20.000,"Organic Search, Organic Search",2,0
1063651652107093288,2016-10-26 16:33:36.000,PURCHASE,1,3
5087617268001908286,2016-11-08 19:12:05.000,"Referral, Display, Display",3,0
2499940374406096850,2016-11-04 13:45:11.000,"Direct, Direct, Direct",3,0
2507346080386513370,2017-03-07 18:42:52.000,"PURCHASE, Referral, Referral",3,1
4100243947088783573,2016-12-15 01:01:03.000,Referral,1,0
2889102511410073224,2016-11-15 20:37:40.000,Direct,1,0
1413300845517352724,2017-01-02 10:47:46.000,"Organic Search, Referral, Referral, Referral, Referral, Referral, Referral, Referral, Referral, Referral, Referral, Referral, Referral, Referral, Referral, Referral",16,0
6875432376489429220,2016-11-24 20:11:49.000,Direct,1,0
5359483083240024322,2016-12-06 18:46:48.000,"Organic Search, Organic Search, Organic Search, Organic Search, Organic Search",5,0
6406314348223569290,2016-11-29 21:48:53.000,"Organic Search, Organic Search",2,0
4066944765697062309,2016-12-08 07:54:29.000,"Organic Search, Organic Search, Organic Search",3,0
2032340774982891136,2016-12-13 00:23:46.000,Referral,1,0
3905349665021270549,2017-02-13 21:18:18.000,"PURCHASE, Referral, Referral, Referral, Referral",5,1
1426332006192749425,2016-12-14 04:13:37.000,"Referral, Referral",2,0
4181284744732666111,2017-01-25 22:19:39.000,"Direct, Direct, Referral, Referral, Referral, Referral, Referral, Referral, Referral",9,0
8793209921547478119,2016-12-29 21:08:54.000,"Organic Search, Organic Search, Organic Search, Organic Search",4,0
0728302696788663197,2017-01-11 21:03:25.000,"Organic Search, Organic Search",2,0
9193930054101057748,2017-02-16 01:47:09.000,"Display, Organic Search",2,0
7966024019355321644,2017-02-08 00:21:34.000,Organic Search,1,0
2747620686251351645,2017-02-18 05:10:36.000,Direct,1,0
1293859889635603442,2017-03-03 16:44:12.000,"Referral, Referral, Referral, Referral",4,0
2338178303528914061,2017-03-28 21:24:39.000,"PURCHASE, Organic Search, Organic Search",3,2
6563130963865137516,2017-03-21 16:15:59.000,"Organic Search, Referral",2,0
7308095176976751222,2017-06-21 19:01:50.000,"Organic Search, Referral, Referral, Organic Search",4,0
2972255044152209123,2017-05-12 21:42:54.000,"Display, Organic Search, Organic Search",3,0
3716357495252024311,2017-06-14 16:34:14.000,Referral,1,0
5814707242199508496,2017-05-02 22:03:32.000,"Direct, Direct",2,0
5538435101700540876,2017-07-06 02:03:40.000,"Organic Search, Organic Search",2,0
2805355288930230044,2017-06-18 02:17:44.000,"Direct, Direct, Direct, Direct",4,0
9607694910197531314,2017-06-20 23:51:39.000,"PURCHASE, Referral, Referral, Referral",4,1
0431557134723843230,2017-06-26 04:47:52.000,Organic Search,1,0
4702607995709465702,2017-07-24 01:44:00.000,Referral,1,0
9832163989743197601,2017-07-28 15:50:12.000,Referral,1,0
8436426603099391262,2016-11-24 02:25:29.000,"PURCHASE, Referral, Referral, Referral, Referral",5,5
5767255881668877462,2016-12-18 15:39:02.000,"PURCHASE, Referral, Referral, Referral",4,1
6530155408321990119,2016-12-15 07:12:41.000,"Direct, Referral, Referral",3,0
5712068909667694564,2016-12-06 14:58:46.000,"Organic Search, Organic Search",2,0
8958014909815148266,2016-11-29 00:14:34.000,Referral,1,0
2224647012482768060,2016-12-18 19:34:33.000,Organic Search,1,0
1639589047263376521,2017-02-11 06:55:02.000,"PURCHASE, Referral",2,3
3024684683142249446,2017-03-04 00:19:41.000,"Organic Search, Organic Search, Organic Search",3,0
2107545883335786195,2017-02-22 22:05:56.000,"Referral, Referral, Referral, Referral, Referral",5,0
9898247421236738052,2017-01-31 23:31:54.000,"Organic Search, Referral, Referral",3,0
3726347330948313659,2017-03-30 23:58:12.000,"Referral, Referral",2,0
4792411607866172207,2017-02-28 14:41:26.000,PURCHASE,1,1
5341271361784611942,2017-02-21 23:43:26.000,"Direct, Direct",2,0
9277280346564018096,2017-05-09 17:24:40.000,"Referral, Referral, Referral, Referral",4,0
4792411607866172207,2017-02-28 15:34:07.000,PURCHASE,1,2
0754276461062540121,2017-05-15 17:52:49.000,Organic Search,1,0
8997285863534192253,2017-05-15 00:44:06.000,Referral,1,0
4185017938606532693,2017-05-09 16:12:05.000,Direct,1,0
7847878753909959497,2017-05-27 19:03:27.000,Organic Search,1,0
2702625863287953735,2017-06-06 01:48:17.000,Referral,1,0
4736934688918195489,2017-06-23 04:45:38.000,"Direct, Organic Search",2,0
7320316463607490470,2017-06-25 12:27:04.000,Direct,1,0
9076419614508247108,2017-07-19 21:12:02.000,Organic Search,1,0
3835534637736706073,2017-05-08 22:56:24.000,"Referral, Referral, Referral, Referral",4,0
6204487607814883092,2017-04-22 01:12:53.000,Referral,1,0
2278104303149793808,2017-06-10 02:56:16.000,Organic Search,1,0
6453410957469058316,2017-06-19 19:17:26.000,"Direct, Referral, Referral",3,0
83055806370747628,2017-07-21 16:02:09.000,Referral,1,0
024507252193437459,2017-08-01 13:51:18.000,"Direct, Direct",2,0
2139819648016556317,2016-09-03 14:13:53.000,"Direct, Direct, Direct",3,0
2100286135111282949,2016-08-16 19:36:37.000,"Direct, Referral, Referral",3,0
4824957994423812753,2016-08-12 15:24:44.000,Direct,1,0
4079167367157590772,2016-08-27 16:07:08.000,"Organic Search, Organic Search, Organic Search, Organic Search, Organic Search",5,0
7693430904622520313,2016-08-30 13:17:32.000,"Referral, Referral",2,0
9620923631569343304,2016-10-13 13:57:36.000,"Direct, Direct, Direct, Direct, Direct",5,0
6405066128213218855,2016-08-24 03:12:05.000,"Referral, Referral",2,0
6752202398178305977,2016-08-17 20:13:08.000,"Direct, Direct",2,0
3702724178788313621,2016-08-24 04:54:34.000,Referral,1,0
8332045142663298061,2016-08-20 07:06:45.000,Referral,1,0
3266776888486866062,2016-08-30 04:17:08.000,"Organic Search, Organic Search, Organic Search, Organic Search, Organic Search",5,0
7344519175727343086,2016-08-26 19:36:21.000,"PURCHASE, Organic Search, Organic Search",3,3
4560048854801219223,2017-03-24 21:37:18.000,"Referral, Referral",2,0
6760732402251466726,2016-09-06 20:00:14.000,"PURCHASE, Referral",2,5
0179691971144176992,2016-09-07 15:01:52.000,Organic Search,1,0
5146590554135723310,2016-09-08 16:49:34.000,Direct,1,0
3349184055011438156,2016-10-12 21:56:59.000,"Organic Search, Organic Search, Organic Search, Organic Search, Organic Search",5,0
1930047629399360131,2016-09-20 18:57:21.000,Direct,1,0
0967411898534662501,2016-09-21 02:47:04.000,Organic Search,1,0
1323958521128957096,2016-10-09 12:04:46.000,Organic Search,1,0
5414597853081297366,2016-10-27 00:47:22.000,"Referral, Referral",2,0
3069763522016521582,2016-10-18 22:40:55.000,"Direct, Direct, Direct, Direct, Direct, Direct",6,0
5429715224330423936,2016-11-30 20:23:29.000,"Direct, Direct, Direct",3,0
2216135722677526525,2016-11-01 22:53:20.000,Organic Search,1,0
69563023975860043,2016-10-20 22:54:27.000,Organic Search,1,0
1956307607572137989,2016-11-21 15:40:19.000,PURCHASE,1,5
8386005360264400934,2016-12-12 16:03:29.000,"Organic Search, Organic Search, Organic Search, Organic Search",4,0
7231437685885066535,2016-12-15 00:35:08.000,"Referral, Referral, Referral",3,0
1495007874575994713,2016-12-19 18:43:33.000,"Direct, Direct, Direct, Direct",4,0
3115733553962265395,2016-12-10 03:07:56.000,"Paid Search, Paid Search",2,0
9368618189538624238,2016-12-20 03:03:59.000,"Direct, Direct",2,0
4423806705087796169,2016-12-30 00:14:12.000,"Direct, Direct, Organic Search, Organic Search",4,0
8092136662808852323,2017-01-25 20:54:02.000,Direct,1,0
6755488962103472751,2017-02-10 16:37:57.000,"Referral, Referral, Referral, Referral",4,0
7338051264625149881,2017-02-09 14:52:03.000,Direct,1,0
3129654954472515724,2017-02-07 17:50:46.000,"Organic Search, Organic Search",2,0
5618988196982024867,2017-02-08 23:51:25.000,Organic Search,1,0
9275740735751035515,2017-02-24 05:19:49.000,"Referral, Referral, Referral, Referral, Referral, Referral, Referral, Referral, Referral, Referral",10,0
3187576245078798783,2017-02-20 21:53:40.000,Organic Search,1,0
7697599973738347494,2017-02-26 04:25:03.000,"Organic Search, Organic Search",2,0
4835082938415020542,2017-04-30 20:53:18.000,"PURCHASE, Organic Search, Organic Search, Organic Search",4,7
8202033545025881863,2017-03-30 20:11:12.000,Direct,1,0
6998123451602955017,2017-06-12 19:46:22.000,"Referral, Referral, Referral, Referral, Referral",5,0
2186586081512608668,2017-04-25 19:59:52.000,Organic Search,1,0
6527572324759944346,2017-05-04 16:14:08.000,Referral,1,0
6430571014112609987,2017-05-18 00:09:19.000,"PURCHASE, Referral",2,1
952212470728454329,2017-06-01 18:32:48.000,Referral,1,0
2575337741997523606,2017-06-14 17:13:38.000,"Organic Search, Organic Search",2,0
1957458976293878100,2017-06-02 19:38:40.000,PURCHASE,1,9
0605298878287002654,2017-06-14 17:33:12.000,Paid Search,1,0
1280993661204347450,2017-07-18 03:44:22.000,"PURCHASE, Referral",2,1
0815047945706399620,2017-08-01 18:43:00.000,"Direct, Direct, Referral, Referral, Referral, Referral",6,0
134088266984701296,2016-08-18 00:13:39.000,Referral,1,0
878830506571265028,2016-09-28 20:26:37.000,Referral,1,0
9279054985382832587,2016-10-24 20:05:48.000,Referral,1,0
1639589047263376521,2017-01-12 22:16:03.000,"PURCHASE, Referral, Referral, Referral, Referral, Referral",6,2
7756103894574714837,2016-12-01 03:44:07.000,"Direct, Direct, Direct, Direct, Direct, Direct, Direct",7,0
3732860122805248629,2016-11-18 18:39:11.000,PURCHASE,1,1
5687848862260392694,2016-12-13 05:08:25.000,"Organic Search, Organic Search, Organic Search, Organic Search",4,0
2706500429954403422,2016-12-12 02:16:13.000,Direct,1,0
5814980334876441459,2016-11-29 04:07:41.000,"Direct, Referral",2,0
6638757715697326047,2016-12-05 15:21:04.000,Referral,1,0
5850295749820717320,2016-12-20 20:22:55.000,"Referral, Organic Search",2,0
1551685942677239452,2016-12-13 00:18:21.000,"Direct, Direct",2,0
0347078791302547544,2016-12-27 21:34:17.000,"Paid Search, Paid Search",2,0
9944482549138933048,2017-01-19 16:15:04.000,"Referral, Referral, Referral",3,0
4353270075467470044,2017-01-25 17:20:53.000,Direct,1,0
4611888827983385850,2017-01-29 00:27:13.000,Direct,1,0
9106581677989439015,2017-03-23 17:13:57.000,"Referral, Referral, Referral, Referral, Referral, Referral, Referral, Referral, Referral, Referral, Referral, Referral, Referral, Referral, Referral, Referral",16,0
7704838802929652478,2017-03-23 17:56:49.000,"Organic Search, Organic Search, Organic Search, Organic Search, Organic Search, Organic Search, Organic Search, Organic Search, Organic Search",9,0
1285137808569536764,2017-02-21 13:44:50.000,"PURCHASE, Direct, Direct, Direct, Direct",5,2
8517640021399044163,2017-03-07 21:18:40.000,"Referral, Referral",2,0
2578611394525655595,2017-04-01 08:16:21.000,"Organic Search, Organic Search, Organic Search",3,0
5709093382250533707,2017-03-07 16:48:39.000,"Direct, Organic Search, Organic Search",3,0
3133737594655532095,2017-03-11 05:15:27.000,Direct,1,0
4180788491858098466,2017-03-22 20:40:23.000,Organic Search,1,0
2694580801646104350,2017-04-28 12:04:14.000,Referral,1,0
2191273326752335760,2017-04-21 23:13:59.000,Paid Search,1,0
6163478637540280922,2017-06-22 21:04:20.000,Referral,1,0
7268732315672412988,2017-04-29 00:02:07.000,"Referral, Referral, Organic Search, Organic Search",4,0
0232377434237234751,2017-04-27 16:03:30.000,"Direct, Direct, Direct, Direct, Direct, Direct",6,0
2722991619040333092,2017-05-11 20:17:52.000,PURCHASE,1,1
2349699258952144857,2017-05-10 14:05:19.000,Organic Search,1,0
2919716928934208535,2017-06-13 04:12:23.000,"Referral, Referral, Referral",3,0
6432310188343340425,2017-07-11 22:08:23.000,"PURCHASE, Referral",2,1
9880387215496431637,2017-06-01 02:14:47.000,Direct,1,0
3702504149982325265,2017-07-25 05:20:26.000,"Organic Search, Organic Search, Organic Search, Organic Search, Organic Search, Organic Search, Organic Search, Organic Search, Referral",9,0
682241557361742402,2017-07-17 18:53:25.000,"PURCHASE, Organic Search",2,1
7565550967344737972,2017-06-23 04:41:48.000,Referral,1,0
5923504027652708716,2017-06-26 12:58:42.000,Organic Search,1,0
4064135835973062555,2017-07-31 15:13:07.000,"Referral, Referral, Referral",3,0
67427211374180015,2017-06-30 04:16:30.000,Organic Search,1,0
746147040518715564,2017-07-10 00:17:48.000,"Organic Search, Organic Search",2,0
419161784882208907,2017-03-14 19:48:33.000,"PURCHASE, Direct, Direct, Direct",4,1
6366738125554594213,2016-12-21 01:22:52.000,Referral,1,0
5828638042083405599,2017-02-03 23:06:36.000,"Organic Search, Organic Search, Organic Search, Organic Search",4,0
3513351372508524008,2017-01-22 00:01:39.000,Paid Search,1,0
2402527199731150932,2017-02-06 16:32:09.000,PURCHASE,1,7
2727750796868650668,2017-03-27 17:17:50.000,"Direct, Direct, Direct",3,0
6822760560564314761,2017-06-01 17:21:37.000,Organic Search,1,0
2870406343834340351,2017-06-10 04:32:14.000,"Organic Search, Organic Search",2,0
0779199793341944056,2017-07-28 02:58:28.000,"Direct, Referral, Referral",3,0
5088165134523935332,2017-04-26 21:27:39.000,"PURCHASE, Referral, Referral, Referral",4,1
941920762595255747,2017-06-21 19:01:48.000,Direct,1,0
4299030824455740972,2017-07-24 18:49:06.000,PURCHASE,1,1
1739823917347946740,2016-09-08 17:56:41.000,"Organic Search, Organic Search, Organic Search, Organic Search, Organic Search, Organic Search, Organic Search, Organic Search, Organic Search, Organic Search, Organic Search, Organic Search, Organic Search, Organic Search, Organic Search, Organic Search, Organic Search, Organic Search",18,0
9321967957655029034,2016-08-11 22:51:12.000,Referral,1,0
3656215501791704148,2016-08-24 17:58:50.000,"Organic Search, Organic Search, Organic Search, Paid Search, Organic Search, Organic Search",6,0
3818441184498004752,2016-09-19 18:47:34.000,"Organic Search, Organic Search, Organic Search, Paid Search",4,0
112305056557684257,2016-08-28 18:48:56.000,Direct,1,0
9912185644936709935,2016-09-15 20:26:45.000,"Organic Search, Organic Search, Organic Search",3,0
354039095806856279,2016-09-06 19:38:49.000,"Referral, Referral, Referral, Referral",4,0
0359164954247345378,2016-09-14 15:50:16.000,Direct,1,0
6807510968686400169,2016-09-13 17:33:46.000,Direct,1,0
6188862872478223298,2016-12-04 16:26:06.000,"Referral, Referral, Referral",3,0
7801380304889274913,2016-10-13 17:02:14.000,"PURCHASE, Referral",2,1
1291592657777580193,2016-12-05 21:47:37.000,PURCHASE,1,1
4953199015316377564,2016-10-06 00:33:48.000,Referral,1,0
0894441452857839509,2016-11-21 18:08:45.000,"PURCHASE, Referral, Referral, Referral, Referral, Referral",6,2
1720006022504089919,2016-12-10 03:18:42.000,"Organic Search, Organic Search, Organic Search, Organic Search, Direct, Direct, Direct, Direct, Direct, Direct, Direct, Direct, Direct, Direct, Direct, Direct, Direct, Direct, Direct, Direct, Direct, Direct, Direct, Direct, Direct, Direct",26,0
9826816980924031810,2017-03-24 15:09:16.000,"Organic Search, Referral, Referral",3,0
5608024897662602499,2016-11-08 14:09:24.000,Paid Search,1,0
8196143996234418692,2016-11-07 16:38:46.000,"Organic Search, Organic Search, Organic Search",3,0
4408476978270760703,2016-11-11 03:40:59.000,Direct,1,0
861020260643792259,2016-11-04 05:21:45.000,"Organic Search, Organic Search, Organic Search",3,0
9571301648285059423,2016-12-12 02:51:39.000,"Organic Search, Organic Search, Organic Search, Organic Search, Organic Search",5,0
7445235885559107095,2017-03-20 18:24:27.000,"Direct, Organic Search, Organic Search, Display, Display, Display, Display, Display, Display, Display, Display, Display, Display, Display, Display, Display, Display, Display, Display, Display, Display, Display, Display, Display, Display, Display, Display, Display, Display, Display, Display, Display, Display, Organic Search, Organic Search, Organic Search, Organic Search, Organic Search, Organic Search, Organic Search, Organic Search, Organic Search, Organic Search, Organic Search, Organic Search, Organic Search, Organic Search",47,0
5188970266238725427,2016-11-19 00:10:58.000,Organic Search,1,0
8008641986881155629,2017-02-17 18:49:30.000,"Organic Search, Referral, Referral, Referral, Referral, Referral",6,0
5540414739780174811,2016-11-22 03:37:28.000,"Referral, Referral, Referral",3,0
4884017973587973729,2016-12-23 00:28:09.000,"Direct, Direct",2,0
256685022822687518,2016-12-22 00:43:56.000,Organic Search,1,0
7584227374144950004,2016-12-02 23:20:03.000,Organic Search,1,0
8790261555863797241,2016-12-05 19:15:03.000,Referral,1,0
8344446393157130768,2016-12-17 02:33:33.000,"Referral, Referral",2,0
2587166407924109433,2016-12-21 02:00:44.000,Paid Search,1,0
0642830728760694475,2016-12-09 20:30:55.000,"PURCHASE, Referral",2,2
7400153334064056683,2016-12-31 20:14:26.000,"Organic Search, Organic Search, Organic Search, Organic Search, Organic Search",5,0
3243512505311500350,2017-01-04 16:12:58.000,"Paid Search, Paid Search, Paid Search, Organic Search",4,0
8204948786772799314,2017-01-25 15:38:27.000,"Referral, Referral",2,0
1196381528907199220,2017-02-13 22:32:22.000,"Direct, Direct, Direct",3,0
6383227990844000158,2017-03-02 23:59:55.000,Direct,1,0
5712957387241378835,2017-02-22 22:16:46.000,"Organic Search, Organic Search, Organic Search, Organic Search, Organic Search, Organic Search, Paid Search",7,0
1892415796758956218,2017-02-18 01:08:28.000,"Direct, Direct",2,0
5751162786265833024,2017-03-16 13:32:08.000,"Referral, Referral, Referral, Referral, Referral",5,0
0303985457220103186,2017-03-01 16:14:51.000,Organic Search,1,0
1331054854760368915,2017-04-01 21:48:09.000,Organic Search,1,0
5127153771428959505,2017-03-28 20:19:59.000,Organic Search,1,0
2145471185371969845,2017-04-13 15:39:18.000,"Direct, Direct, Direct, Direct, Direct",5,0
6860585506897324641,2017-04-20 17:54:44.000,Referral,1,0
9441031549900042682,2017-04-30 19:24:49.000,PURCHASE,1,3
191473448043211052,2017-05-04 15:34:20.000,Organic Search,1,0
7122506252281971882,2017-04-27 22:14:43.000,Direct,1,0
6855063825045549554,2017-05-02 19:36:04.000,Referral,1,0
5003419571069818890,2017-05-11 18:16:44.000,"PURCHASE, Organic Search",2,1
9521438372294298977,2017-07-28 18:04:51.000,Organic Search,1,0
435373542373805498,2016-08-30 15:21:41.000,Referral,1,0
3712222633426919820,2016-10-21 17:02:31.000,Direct,1,0
079827535407240779,2016-10-21 13:26:56.000,Direct,1,0
0161009524292009252,2016-11-03 17:15:27.000,"Organic Search, Organic Search, Organic Search, Organic Search, Organic Search",5,0
4291809001690748247,2016-11-05 20:17:05.000,Organic Search,1,0
4742933285600029816,2016-11-19 22:05:00.000,Direct,1,0
0020342483972052451,2016-12-07 01:37:42.000,Referral,1,0
4554186249452816477,2016-12-06 05:13:28.000,"Referral, Referral, Referral",3,0
3978536727138533271,2016-12-17 00:36:35.000,Organic Search,1,0
5930716560276392518,2017-01-18 06:55:38.000,Organic Search,1,0
0463325773564352787,2017-01-26 22:58:26.000,"Referral, Paid Search",2,0
5843958474903500870,2017-01-27 01:01:52.000,Direct,1,0
6782547242974334702,2017-02-23 17:39:25.000,"Organic Search, Organic Search, Organic Search, Organic Search",4,0
2289346231388937684,2017-02-17 20:15:04.000,"Referral, Referral",2,0
2175891853149827407,2017-03-04 00:55:18.000,"Direct, Referral, Referral",3,0
4501448098783068461,2017-03-17 21:02:16.000,Referral,1,0
9505488127999299537,2017-05-19 21:13:59.000,"Referral, Referral, Referral",3,0
0170103428948217931,2017-04-20 20:30:10.000,Referral,1,0
7964990028393230257,2017-04-22 23:44:54.000,"Organic Search, Organic Search",2,0
8482358096465271237,2017-05-04 18:28:11.000,PURCHASE,1,1
1489909135644077602,2017-05-20 06:34:42.000,"Referral, Referral, Referral, Referral",4,0
2396264445061931880,2017-05-09 16:37:55.000,Organic Search,1,0
9342781097328717607,2017-05-25 16:27:31.000,Direct,1,0
3399131852074077546,2017-05-23 17:08:23.000,"Direct, Organic Search",2,0
9110454426797065694,2017-05-30 17:38:55.000,"Organic Search, Organic Search",2,0
5834989441193256083,2017-05-27 16:56:53.000,Social,1,0
8555060882924384609,2017-05-30 18:29:57.000,Referral,1,0
6768220154263223438,2017-06-07 05:35:25.000,PURCHASE,1,1
7606335731603327424,2017-06-27 20:13:35.000,PURCHASE,1,1
7701613595320832147,2017-07-14 05:21:53.000,"PURCHASE, Organic Search, Organic Search, Organic Search, Organic Search",5,2
2264010855758956307,2017-07-16 22:04:59.000,Paid Search,1,0
3534045181294698180,2016-11-11 23:22:53.000,Organic Search,1,0
0267986414856681204,2016-12-05 05:27:08.000,PURCHASE,1,1
2236066284946239355,2017-01-12 00:02:22.000,"Referral, Referral, Referral, Referral",4,0
6766597568771975772,2017-06-01 01:20:58.000,"PURCHASE, Organic Search, Organic Search, Organic Search, Organic Search, Organic Search, Organic Search, Organic Search, Organic Search",9,1
0947035350589071135,2017-05-31 17:58:57.000,Referral,1,0
9758235511148216157,2017-06-16 01:06:08.000,Direct,1,0
9973665079624172058,2017-07-24 21:15:21.000,"Direct, Direct",2,0
3750480978272704589,2017-04-12 14:40:31.000,Referral,1,0
2215681073032687184,2016-09-30 21:32:27.000,"Direct, Direct, Direct, Direct, Referral",5,0
3916827939116480368,2016-08-02 17:38:30.000,Direct,1,0
3745754200111893080,2016-08-09 14:59:05.000,"Direct, Referral, Referral",3,0
3842974205360520287,2016-08-06 08:23:55.000,"Direct, Direct, Direct, Direct",4,0
6534928919321366267,2017-04-23 23:00:27.000,"Organic Search, Organic Search, Referral, Referral, Organic Search, Organic Search, Display, Display, Display, Social",10,0
654120928146679431,2016-08-08 18:17:26.000,"Referral, Referral, Referral",3,0
6101482146991214860,2016-08-11 20:34:18.000,Direct,1,0
1041762663745396837,2016-08-18 18:13:50.000,Direct,1,0
0563963070031405352,2016-09-15 15:44:17.000,"Direct, Direct, Direct, Direct, Direct, Direct, Direct, Direct, Direct, Direct, Direct, Direct, Direct, Direct, Direct",15,0
1707670844479658461,2016-08-29 16:44:30.000,PURCHASE,1,1
9264804092676520813,2016-08-25 17:42:03.000,PURCHASE,1,1
3788077234501576551,2016-10-24 21:33:53.000,"PURCHASE, Referral, Referral, Referral",4,1
8961785775115413973,2016-08-31 17:03:36.000,Referral,1,0
3494892884724881756,2016-10-05 23:00:25.000,Organic Search,1,0
3447003791318310120,2016-09-09 07:52:14.000,Paid Search,1,0
3868696346876688478,2016-09-15 19:34:26.000,Display,1,0
1634397925109674668,2016-09-21 22:19:15.000,Organic Search,1,0
6382879633644450477,2016-09-22 03:47:39.000,"Direct, Direct",2,0
5112140258403327266,2016-10-19 15:58:39.000,PURCHASE,1,1
3453250245781882271,2016-10-09 15:20:24.000,Organic Search,1,0
8199856575540889245,2016-10-10 23:02:48.000,Referral,1,0
9377429831454005466,2016-11-03 19:14:02.000,PURCHASE,1,7
5604492161936602744,2016-12-09 21:05:25.000,"Direct, Direct, Direct, Direct, Organic Search, Organic Search, Organic Search, Organic Search, Organic Search, Organic Search",10,0
3348449424172649440,2016-12-16 18:19:41.000,"Organic Search, Referral, Referral, Referral, Referral, Referral",6,0
1956307607572137989,2016-11-17 20:24:06.000,PURCHASE,1,4
6204463650092781278,2017-06-21 02:44:13.000,"Organic Search, Referral",2,0
9372618001980854712,2016-12-20 17:18:40.000,"PURCHASE, Referral",2,1
7841732003589019800,2017-03-16 15:19:53.000,"Referral, Referral, Referral",3,0
227952716086847756,2016-12-02 18:45:14.000,Referral,1,0
9530106606759874111,2016-12-10 14:04:20.000,"Organic Search, Organic Search",2,0
0244256673220806549,2016-12-17 05:15:32.000,Referral,1,0
0290663072707523580,2017-01-13 21:53:02.000,"Paid Search, Paid Search, Organic Search, Paid Search",4,0
0334916383849466701,2017-01-12 23:15:00.000,"Referral, Referral, Referral",3,0
4533050097351388791,2017-01-18 14:37:18.000,Display,1,0
4747307744317979027,2017-04-30 22:39:21.000,Display,1,0
8580690454272378006,2017-02-01 00:02:29.000,Referral,1,0
9344315745283537381,2017-07-03 01:22:29.000,"Organic Search, Organic Search, Organic Search, Organic Search, Organic Search",5,0
5169652935694684763,2017-04-28 19:47:22.000,Referral,1,0
682241557361742402,2017-06-19 19:16:31.000,Organic Search,1,0
1957458976293878100,2017-04-19 15:40:59.000,PURCHASE,1,6
0842497272190394672,2017-05-01 00:20:17.000,"Referral, Referral",2,0
20941213751022444,2017-05-08 04:21:02.000,"Organic Search, Organic Search",2,0
3058457482106046803,2017-07-05 23:55:43.000,"Referral, Referral",2,0
7109365960506850158,2017-07-13 23:53:59.000,"Organic Search, Organic Search",2,0
4241769030360346425,2017-07-18 22:01:52.000,Referral,1,0
9905174730865679854,2017-07-21 22:14:34.000,PURCHASE,1,1
8659312753149293081,2016-08-24 21:23:58.000,Organic Search,1,0
5366601655480145417,2016-11-07 18:32:43.000,"Organic Search, Referral, Referral, Referral, Referral",5,0
3104253382416349385,2016-09-27 02:00:30.000,"PURCHASE, Referral",2,1
8125338238269523095,2016-10-13 15:11:43.000,"Organic Search, Organic Search, Organic Search, Organic Search, Organic Search, Organic Search",6,0
3149877855054467737,2016-09-29 04:58:20.000,Referral,1,0
3461504855909388246,2016-10-09 23:53:15.000,Organic Search,1,0
959439201025524582,2016-10-19 16:21:23.000,Paid Search,1,0
9253755615213751082,2016-12-05 12:46:32.000,"Direct, Direct, Direct, Direct, Direct, Direct, Direct, Direct, Direct, Direct, Direct, Direct",12,0
1900751757344358129,2016-11-04 18:06:30.000,Referral,1,0
2427288166622611520,2016-11-07 21:39:18.000,"Display, Display",2,0
7149538216925151697,2016-11-18 16:41:29.000,"Direct, Direct",2,0
41955139058139143,2016-12-17 21:28:15.000,PURCHASE,1,2
7179047375171047997,2017-03-23 04:10:27.000,"Referral, Referral",2,0
0947990207270764241,2017-04-28 22:30:48.000,Referral,1,0
7261302704200810675,2017-02-21 02:29:35.000,Direct,1,0
0015950283479889703,2017-02-26 22:35:50.000,"Organic Search, Organic Search, Organic Search",3,0
4950411203281265700,2017-05-03 19:46:37.000,"PURCHASE, Direct, Direct, Direct, Direct",5,1
1253103077765832819,2017-03-12 22:01:46.000,Direct,1,0
7311242886083854158,2017-05-08 14:24:15.000,PURCHASE,1,8
1595241437544943333,2017-04-25 02:18:03.000,Referral,1,0
2986044800448176384,2017-05-14 00:22:18.000,Referral,1,0
7478106734160303595,2017-07-18 04:18:22.000,"Referral, Referral, Referral, Referral",4,0
1785770568670204175,2017-07-17 21:43:57.000,"Referral, Referral, Referral",3,0
527426783375720325,2017-07-31 17:42:51.000,"Referral, Referral",2,0
5449862868756015868,2016-10-18 20:12:39.000,"Organic Search, Organic Search, Organic Search",3,0
7391294210996781396,2016-11-21 04:22:07.000,"Referral, Referral, Referral, Referral, Referral",5,0
7965265156545901045,2016-11-30 16:45:50.000,"Direct, Direct, Direct",3,0
7756103894574714837,2016-12-18 04:42:10.000,"PURCHASE, Direct, Direct, Direct",4,1
9409306998104220839,2016-12-25 08:00:23.000,"Referral, Referral",2,0
625333892395560084,2017-03-18 17:53:24.000,Direct,1,0
9350198009120928098,2017-03-24 19:53:00.000,Referral,1,0
79455793222269162,2017-05-05 20:03:09.000,"Referral, Referral",2,0
0822495892296986655,2017-04-26 17:16:29.000,"Direct, Direct",2,0
6776660125553091121,2017-05-05 01:30:52.000,PURCHASE,1,1
2790290625227220214,2017-05-10 21:17:28.000,Direct,1,0
7946697392929480488,2017-06-01 14:21:37.000,"Direct, Referral, Referral",3,0
9505484401754648749,2017-07-07 16:27:14.000,"Referral, Referral",2,0
0826319151487962324,2017-06-09 12:44:57.000,"Referral, Referral",2,0
0367699875055542808,2017-07-06 17:35:50.000,Referral,1,0
576962765196044517,2017-06-13 18:38:38.000,Referral,1,0
6873140036612855431,2017-07-20 13:38:53.000,"PURCHASE, Organic Search, Organic Search, Organic Search, Organic Search, Organic Search, Organic Search, Organic Search",8,1
1152177248793735167,2017-07-12 21:07:13.000,Referral,1,0
2660015528957444012,2017-02-08 17:20:55.000,Referral,1,0
446821635919209531,2017-07-25 02:45:27.000,"Referral, Referral, Referral",3,0
5135901390896357467,2017-06-21 19:06:48.000,"Referral, Referral, Referral, Referral, Referral",5,0
4646087283742071705,2016-08-04 21:09:37.000,"Direct, Direct, Direct, Direct, Direct, Direct",6,0
328697016629947962,2016-08-17 14:22:52.000,"Referral, Referral, Referral",3,0
0043984908262145271,2016-10-06 17:14:09.000,Referral,1,0
9770143532481532256,2016-08-13 22:51:13.000,"Referral, Referral, Referral, Referral, Referral, Referral",6,0
4617679704597084257,2016-08-12 22:04:47.000,Referral,1,0
7514907909032668078,2016-08-25 00:01:36.000,PURCHASE,1,1
543272304721995322,2016-12-13 00:31:53.000,Organic Search,1,0
8879290650006947914,2016-08-29 04:17:35.000,Referral,1,0
1530608967503658373,2016-09-01 23:21:30.000,"Organic Search, Organic Search, Organic Search",3,0
747690048733385763,2016-09-02 13:33:39.000,Direct,1,0
6760732402251466726,2016-11-08 15:53:46.000,"PURCHASE, Referral, Referral, Referral",4,11
2627508925809214754,2016-12-23 02:43:57.000,"Referral, Referral, Referral, Referral",4,0
6815234192194618942,2016-09-27 20:29:06.000,PURCHASE,1,1
8035947432073895250,2016-09-27 20:37:39.000,"Organic Search, Organic Search, Organic Search, Organic Search, Organic Search, Organic Search, Organic Search, Organic Search, Referral",9,0
5491117449549870331,2017-04-30 16:07:51.000,"PURCHASE, Referral, Referral, Organic Search, Organic Search, Organic Search, Organic Search, Referral, Referral, Referral, Referral, Referral, Referral, Organic Search, Referral, Referral, Referral, Organic Search, Organic Search, Organic Search, Organic Search",21,1
169374166787808619,2016-09-29 03:11:34.000,Organic Search,1,0
1676917972388479950,2016-10-17 20:22:22.000,"Referral, Referral, Referral, Referral, Referral",5,0
9072756856133512557,2016-12-06 22:51:48.000,"Referral, Referral",2,0
4498676906009083606,2016-10-26 00:18:34.000,Referral,1,0
6534072871355441186,2016-10-25 20:27:11.000,Referral,1,0
6783649640899886528,2016-10-31 03:21:47.000,"Organic Search, Organic Search",2,0
8205269849536680674,2016-10-30 00:33:37.000,Referral,1,0
3554960621245001989,2017-01-05 03:57:33.000,"Referral, Referral, Referral, Referral, Referral",5,0
82422266360134560,2016-11-23 22:18:02.000,Referral,1,0
577572983337426313,2016-11-19 00:32:52.000,"Referral, Referral",2,0
3092870845653794561,2016-11-21 13:31:07.000,Organic Search,1,0
2334542446347570873,2016-12-01 19:25:48.000,"Organic Search, Organic Search, Organic Search, Organic Search",4,0
8388599810336818038,2016-11-30 20:14:58.000,"Direct, Direct, Direct, Direct",4,0
33024620802809684,2016-12-07 05:47:59.000,"Direct, Direct",2,0
7807217189456163612,2017-01-03 17:25:32.000,Organic Search,1,0
1285811160522710067,2017-01-22 03:18:30.000,"PURCHASE, Referral",2,1
4773573244753299893,2017-07-17 02:11:44.000,PURCHASE,1,1
362055310928414530,2016-12-14 19:34:49.000,Paid Search,1,0
1226763862355388070,2016-12-27 23:01:35.000,"Organic Search, Organic Search, Organic Search, Organic Search, Organic Search",5,0
3525421750426916634,2017-05-31 17:01:14.000,"Direct, Referral, Referral, Referral",4,0
9056182171688831716,2017-01-06 19:03:39.000,Referral,1,0
7249775005981823793,2017-01-22 08:30:40.000,Organic Search,1,0
8013293722895490429,2017-05-01 13:57:47.000,"Direct, Direct, Direct",3,0
480683872448243932,2017-01-31 16:52:11.000,Referral,1,0
7627090613587216352,2017-02-02 16:01:54.000,"Referral, Referral",2,0
6014637285460170276,2017-02-19 21:12:42.000,Referral,1,0
9637722417818323113,2017-02-25 06:27:41.000,"Organic Search, Organic Search, Organic Search",3,0
4863941202505455588,2017-05-05 18:46:00.000,"PURCHASE, Referral, Referral, Referral",4,1
3448427623331794940,2017-03-04 23:24:00.000,"Organic Search, Organic Search, Organic Search, Organic Search, Organic Search, Organic Search",6,0
0355692456617973868,2017-03-25 18:08:18.000,"Referral, Referral, Referral, Referral",4,0
2535875901005084868,2017-03-15 22:30:31.000,Organic Search,1,0
36810350983196519,2017-04-13 20:24:11.000,"Referral, Referral, Referral, Referral",4,0
072871379479619546,2017-03-17 04:30:00.000,Organic Search,1,0
6668081558564900297,2017-03-28 18:53:18.000,Direct,1,0
7290041530133609917,2017-03-31 02:24:03.000,Referral,1,0
6315186081993676897,2017-06-22 18:16:43.000,"Direct, Organic Search, Organic Search",3,0
2718811501718036973,2017-06-13 21:17:47.000,"Referral, Referral, Referral, Referral, Referral, Referral, Referral",7,0
6894364758891151323,2017-06-15 13:08:28.000,Direct,1,0
4251370728658058928,2017-06-22 21:32:40.000,Referral,1,0
0824409685962808817,2017-04-11 16:51:50.000,"Direct, Direct, Direct, Organic Search, Display, Organic Search, Organic Search, Organic Search",8,0
4013506326100150914,2016-10-27 22:53:28.000,"Organic Search, Organic Search",2,0
3442295857384899473,2016-11-20 03:15:21.000,"Paid Search, Paid Search",2,0
8389155277807224818,2016-11-29 22:50:04.000,"Direct, Direct",2,0
5224330515080725566,2017-07-11 19:02:57.000,Referral,1,0
0934250478833663076,2016-12-10 17:21:18.000,Organic Search,1,0
2989490372994376329,2016-12-16 19:15:14.000,Referral,1,0
04638983005167591,2017-01-07 09:26:05.000,"Referral, Referral, Referral",3,0
2794285006629832465,2016-12-14 21:25:18.000,Organic Search,1,0
8695060915944619742,2016-12-17 19:14:42.000,Direct,1,0
7438635676004197181,2016-12-19 05:11:36.000,Organic Search,1,0
5590743844926892757,2017-01-12 01:58:44.000,PURCHASE,1,3
4391159742781809610,2017-01-10 07:55:47.000,Organic Search,1,0
7311242886083854158,2017-02-16 02:01:52.000,PURCHASE,1,5
49628940161747998,2017-03-07 14:18:04.000,"Direct, Direct",2,0
4148567392230462153,2017-02-05 01:26:37.000,"Organic Search, Organic Search, Organic Search",3,0
1578983142002266044,2017-03-27 20:03:27.000,"Referral, Referral, Referral",3,0
2801499422088453532,2017-03-10 09:05:57.000,"Organic Search, Organic Search, Organic Search, Organic Search, Organic Search",5,0
3869361949850252878,2017-02-27 12:45:07.000,"Referral, Referral",2,0
6453984951886442160,2017-02-21 21:03:52.000,Referral,1,0
8007463966328729062,2017-03-01 17:36:22.000,"Referral, Referral",2,0
9097173062370236070,2017-03-29 00:08:02.000,"Referral, Referral, Referral, Referral",4,0
3046775714096788273,2017-04-04 15:46:06.000,"Referral, Referral",2,0
3499601290584440755,2017-04-07 00:45:30.000,"PURCHASE, Direct",2,1
9031724260430223922,2017-04-18 17:46:20.000,Direct,1,0
7671938929886422316,2017-04-18 01:34:31.000,"Referral, Referral, Referral",3,0
6420751054856592584,2017-04-13 21:30:01.000,"Referral, Referral, Referral",3,0
1708063999877429517,2017-04-13 22:23:04.000,PURCHASE,1,1
929365456607216601,2017-04-20 15:17:33.000,Organic Search,1,0
3882155860208938967,2017-04-19 22:08:05.000,"Direct, Direct",2,0
3228241194785096593,2017-04-26 19:59:04.000,Referral,1,0
9913737248744802178,2017-05-04 05:08:21.000,"PURCHASE, Direct",2,1
2981325201816358942,2017-07-31 19:23:59.000,"Organic Search, Organic Search, Organic Search, Organic Search, Organic Search, Paid Search",6,0
6192730343832686295,2017-05-08 17:49:25.000,PURCHASE,1,3
7879290112537608883,2017-05-16 18:11:12.000,"Referral, Referral, Referral, Referral",4,0
62301548425288744,2017-05-12 19:33:01.000,Direct,1,0
7282058185499112847,2017-07-19 17:16:17.000,"PURCHASE, Referral",2,1
4846202545890415172,2017-06-08 20:34:51.000,"Referral, Referral",2,0
3972481072101395162,2017-07-18 01:47:19.000,"Referral, Referral",2,0
7308095176976751222,2017-06-27 12:37:42.000,"PURCHASE, Referral",2,1
7701613595320832147,2017-07-06 22:46:57.000,"PURCHASE, Organic Search",2,1
4735021838862063499,2017-07-17 19:25:24.000,Direct,1,0
0642830728760694475,2016-12-09 16:30:40.000,"PURCHASE, Referral, Referral",3,1
5107268531954786591,2017-03-15 04:52:17.000,"Referral, Referral",2,0
517644101045776450,2017-03-04 20:21:18.000,Direct,1,0
1944748031744566172,2017-03-27 00:36:05.000,"Referral, Referral",2,0
4792870216119315911,2017-04-18 15:48:52.000,Referral,1,0
4560598885300753163,2017-05-02 22:48:45.000,"Referral, Social",2,0
5145672113463736515,2017-05-24 21:38:14.000,"Referral, Referral",2,0
557041874411922739,2017-06-01 23:19:28.000,Referral,1,0
6188341189468203455,2017-06-10 07:05:09.000,Direct,1,0
4995584940873803432,2017-06-26 14:14:37.000,"PURCHASE, Organic Search, Paid Search",3,1
2377126524987232945,2017-07-19 15:26:29.000,"Organic Search, Referral, Organic Search",3,0
4574431826625163321,2017-07-19 22:43:16.000,Affiliates,1,0
120951074287268149,2017-07-15 17:22:25.000,"PURCHASE, Referral",2,1
306293428725549657,2017-07-18 19:33:13.000,"Organic Search, Organic Search, Organic Search",3,0
7649024864165957461,2016-12-23 19:48:02.000,Organic Search,1,0
9674294764861018259,2017-05-12 01:06:22.000,"Referral, Referral",2,0
9374732127201012465,2017-07-28 21:21:10.000,"Referral, Referral, Referral, Referral, Referral, Referral, Referral",7,0
1423245652069790681,2017-04-24 07:53:03.000,"Display, Organic Search",2,0
8247388453936975366,2016-08-09 20:13:01.000,"Direct, Direct",2,0
4702152275640391466,2016-08-15 16:26:04.000,"Referral, Referral",2,0
9894212842135396605,2016-08-12 21:17:52.000,"Referral, Referral",2,0
2218435795495225691,2016-08-10 20:26:52.000,Direct,1,0
0375962687766031488,2016-08-12 05:33:24.000,Organic Search,1,0
2560457144402728823,2016-08-14 22:20:30.000,"Organic Search, Organic Search",2,0
3536212517159320992,2016-11-30 03:46:13.000,"Referral, Referral, Referral, Referral, Referral, Referral, Referral, Referral, Referral, Referral, Referral, Referral",12,0
1563065767696461622,2017-07-26 04:37:38.000,"Referral, Referral, Referral",3,0
6997692197808690953,2016-08-23 16:35:38.000,PURCHASE,1,2
8516103494116609949,2016-08-21 00:51:14.000,"Referral, Referral",2,0
4055437795713459104,2016-08-29 16:54:38.000,Direct,1,0
913669713966268757,2016-09-15 16:34:47.000,"Direct, Referral, Referral",3,0
3501419938445808942,2016-09-01 18:59:52.000,Referral,1,0
4297151124311422842,2016-09-13 16:49:27.000,PURCHASE,1,2
9324829089415258862,2016-09-16 15:24:00.000,"Referral, Referral",2,0
0134706903159877912,2016-09-06 20:49:21.000,Organic Search,1,0
3915384889161784454,2016-09-09 19:56:49.000,PURCHASE,1,1
6131549950848937337,2016-09-08 13:53:30.000,"Referral, Referral, Referral",3,0
0409659276768997113,2016-09-27 14:47:33.000,"Referral, Referral",2,0
3033366073043100694,2016-09-23 00:01:58.000,"PURCHASE, Referral",2,2
7999024439305263613,2016-10-06 18:27:39.000,"PURCHASE, Referral",2,1
3025392136554123127,2016-09-27 14:53:01.000,Organic Search,1,0
5128888224452873031,2016-10-11 22:25:33.000,PURCHASE,1,2
1153007452600171465,2016-11-09 04:51:29.000,"Referral, Referral, Referral",3,0
6277534179248390932,2016-11-19 19:25:16.000,"Direct, Direct, Direct",3,0
2507346080386513370,2016-11-14 20:05:36.000,Direct,1,0
5238123324211686136,2016-11-04 02:17:15.000,Organic Search,1,0
6750525537628913149,2016-11-28 20:33:49.000,"Direct, Direct, Paid Search, Paid Search",4,0
3224127593419927949,2016-11-29 02:44:04.000,Paid Search,1,0
1257038584322727844,2016-12-14 23:32:52.000,"Direct, Display, Display",3,0
9935363478089463685,2016-12-13 16:52:16.000,PURCHASE,1,1
6005846941999724552,2017-01-09 08:43:02.000,"Referral, Referral, Referral",3,0
5456592734532030332,2017-01-31 03:40:58.000,Organic Search,1,0
1510974355479295771,2017-03-07 01:41:30.000,"PURCHASE, Organic Search, Organic Search, Organic Search",4,1
94024465151480107,2017-02-12 03:29:20.000,"Paid Search, Organic Search, Organic Search, Organic Search, Organic Search",5,0
877618717582266931,2017-04-30 09:54:59.000,"Referral, Referral",2,0
6067716449743001995,2017-03-01 20:57:00.000,"Organic Search, Organic Search",2,0
1381431420028484439,2017-02-10 20:59:40.000,Referral,1,0
8195115218682006813,2017-03-17 23:57:01.000,Organic Search,1,0
9476348446859765776,2017-03-15 14:53:28.000,"Organic Search, Referral, Referral, Display, Display",5,0
450369492992993160,2017-03-16 06:43:42.000,Organic Search,1,0
2936976853577355487,2017-03-23 23:13:49.000,Organic Search,1,0
2390264830975639479,2017-04-09 14:59:10.000,"Organic Search, Organic Search, Organic Search",3,0
6671389444747353437,2017-04-20 22:03:29.000,"PURCHASE, Referral",2,1
3182137775133532420,2017-05-02 15:27:04.000,Direct,1,0
7311242886083854158,2017-05-22 19:21:38.000,PURCHASE,1,9
1977171862732443916,2017-06-12 12:28:08.000,"Referral, Referral, Referral",3,0
4863941202505455588,2017-06-05 15:54:02.000,PURCHASE,1,4
3891707253957252733,2017-08-01 17:30:22.000,"PURCHASE, Referral, Referral, Referral",4,1
2284555599203977570,2017-08-01 16:34:04.000,Direct,1,0
2479607063956536867,2016-09-23 21:28:35.000,"Direct, Direct",2,0
031607904142435840,2016-10-18 17:03:22.000,Referral,1,0
6815234192194618942,2016-10-26 15:55:27.000,"PURCHASE, Direct",2,2
2480388448765240079,2016-09-30 16:49:33.000,Referral,1,0
1687498847515773010,2016-10-21 20:01:25.000,"Organic Search, Organic Search, Organic Search, Organic Search, Organic Search, Organic Search, Organic Search",7,0
6926912273313312650,2016-11-14 20:42:48.000,PURCHASE,1,2
9725941383382274621,2017-01-09 22:28:53.000,"PURCHASE, Direct, Direct, Direct",4,3
4835082938415020542,2017-02-13 20:12:04.000,"PURCHASE, Direct, Direct, Direct, Direct, Direct, Direct",7,4
903821245365156924,2016-12-12 00:26:20.000,Direct,1,0
175507400983740299,2016-12-11 21:30:45.000,Organic Search,1,0
072595322994470645,2017-01-03 20:09:09.000,"PURCHASE, Referral",2,2
6214747534469142657,2017-01-03 16:08:16.000,Referral,1,0
6509863579619140812,2017-03-11 19:30:46.000,"Referral, Referral, Referral, Referral",4,0
3862093055992617004,2017-05-02 18:24:25.000,"PURCHASE, Direct, Direct, Direct, Direct",5,1
1852474862116270404,2017-03-23 03:32:50.000,"Organic Search, Organic Search",2,0
2013562667442528717,2017-03-11 23:09:02.000,Referral,1,0
4090254339243061472,2017-03-28 02:26:26.000,"Direct, Referral",2,0
5375879042397621838,2017-04-14 18:42:04.000,"Referral, Referral",2,0
9565722193439879038,2017-05-01 16:59:03.000,Referral,1,0
5700698092270325485,2017-07-09 04:46:33.000,"Organic Search, Organic Search, Organic Search",3,0
3882155860208938967,2017-05-17 19:28:14.000,"PURCHASE, Direct, Direct, Referral",4,1
1054368481850016599,2017-04-27 16:53:13.000,"PURCHASE, Paid Search",2,1
2939364130515546503,2017-04-23 20:09:25.000,Organic Search,1,0
4842938114795919150,2017-04-27 18:40:58.000,Referral,1,0
179180640146798691,2017-05-02 00:33:53.000,"Direct, Direct",2,0
8737836949525079223,2017-05-17 01:01:03.000,Paid Search,1,0
089261173995807343,2017-05-17 21:18:07.000,"Paid Search, Paid Search, Paid Search",3,0
5081913244411982383,2017-05-15 16:26:21.000,Referral,1,0
4381924550753289334,2017-05-17 19:10:55.000,Organic Search,1,0
5879037707038281515,2017-05-23 17:15:20.000,Referral,1,0
8134457531307751744,2017-06-11 23:56:03.000,Organic Search,1,0
0095747507496204221,2017-06-16 19:01:29.000,"Direct, Organic Search",2,0
8744897619448167360,2017-06-13 15:30:58.000,Paid Search,1,0
476894088375216381,2016-11-30 15:33:53.000,PURCHASE,1,1
4451908991574636222,2016-12-17 05:09:04.000,"Direct, Direct",2,0
7281719665961519039,2016-12-16 08:42:00.000,"Referral, Referral, Referral, Referral, Referral",5,0
9372618001980854712,2017-03-20 15:11:27.000,PURCHASE,1,3
0876622834480671437,2017-04-24 03:06:23.000,PURCHASE,1,1
7585321373986269779,2017-05-18 12:07:15.000,"Organic Search, Organic Search",2,0
8848160643936299367,2017-06-19 15:35:31.000,"Referral, Referral",2,0
9227772112500941696,2017-08-01 04:25:33.000,PURCHASE,1,1
1190814633327628141,2017-07-31 23:05:32.000,"Referral, Referral",2,0
3092487309701391768,2017-07-27 01:21:53.000,"Display, Display, Organic Search",3,0
3386971884403473366,2017-02-22 02:58:40.000,"Organic Search, Organic Search, Organic Search, Organic Search, Organic Search, Organic Search",6,0
9524665728498622443,2017-05-10 02:32:50.000,Organic Search,1,0
9104296808650483352,2017-07-18 19:39:28.000,Referral,1,0
5563168194966233133,2016-08-01 19:04:25.000,Referral,1,0
5870280027247328247,2016-08-15 20:38:16.000,"Direct, Direct, Direct",3,0
5150728570406198608,2016-10-11 15:54:58.000,Organic Search,1,0
7253029414128792018,2016-08-16 14:48:56.000,Referral,1,0
4288975239586722821,2016-08-12 20:04:40.000,"Direct, Direct, Referral, Referral",4,0
1375499184080589570,2016-08-15 21:05:44.000,"Organic Search, Paid Search",2,0
2294757944914427558,2016-12-13 19:28:44.000,"Referral, Referral, Referral, Referral, Referral, Referral, Referral, Referral, Referral, Direct, Referral",11,0
3981877997953574579,2016-08-18 00:52:58.000,Referral,1,0
0894441452857839509,2016-08-17 23:08:21.000,Referral,1,0
2160706963987531641,2016-08-23 20:51:04.000,Direct,1,0
9377429831454005466,2016-09-06 20:50:39.000,"PURCHASE, Organic Search, Organic Search",3,3
4061992416508619194,2016-09-02 05:08:40.000,Referral,1,0
0297836806162838021,2016-10-04 14:02:09.000,"Organic Search, Organic Search, Organic Search, Organic Search, Organic Search, Organic Search, Organic Search",7,0
280738376597848400,2016-09-15 01:39:44.000,PURCHASE,1,2
4037261354125477051,2016-11-29 03:19:38.000,Organic Search,1,0
327132720272185354,2016-10-07 19:15:51.000,Referral,1,0
744363211817595686,2016-09-30 17:55:03.000,Referral,1,0
6380037453130690808,2016-09-26 18:30:15.000,"Referral, Referral, Referral",3,0
2654985870202060107,2016-12-06 19:31:09.000,"Referral, Referral, Referral",3,0
3070332682472829056,2016-11-04 00:44:24.000,"Organic Search, Organic Search",2,0
6462261978366077428,2016-10-22 04:50:19.000,"Referral, Referral",2,0
0583165761373207455,2016-10-16 01:52:05.000,"Referral, Organic Search",2,0
5371765273068173605,2016-10-21 16:13:14.000,Organic Search,1,0
3976777755892990824,2016-11-11 14:28:00.000,Referral,1,0
9523142287027067833,2016-12-27 15:07:14.000,"PURCHASE, Referral, Referral, Referral, Referral, Referral, Referral",7,1
740013212735960815,2016-12-09 21:41:04.000,"Display, Display, Display, Display",4,0
6539054271579803553,2016-12-09 18:53:44.000,"Referral, Referral",2,0
0395012696484203225,2016-12-02 20:27:00.000,Paid Search,1,0
1336922403988607259,2017-01-09 19:16:11.000,Referral,1,0
5995442471500823689,2017-03-18 23:00:04.000,"Referral, Referral, Referral, Referral",4,0
5110128793223386663,2017-01-05 19:23:04.000,Direct,1,0
7311242886083854158,2017-01-06 18:57:43.000,"PURCHASE, Direct",2,3
575143870190264156,2016-12-24 19:37:16.000,Referral,1,0
7857488410437380421,2017-01-28 03:52:11.000,Organic Search,1,0
9427363159955336757,2017-01-29 23:24:38.000,Organic Search,1,0
1217627082294977824,2017-02-01 16:40:43.000,"Organic Search, Organic Search, Organic Search",3,0
5125176279953727601,2017-02-23 00:45:01.000,"Organic Search, Organic Search",2,0
8200223105926163583,2017-03-20 00:19:04.000,"PURCHASE, Organic Search",2,1
229738108093221604,2017-03-07 19:45:26.000,"Referral, Referral",2,0
818059420778807531,2017-03-07 17:50:54.000,Organic Search,1,0
9037017629148514881,2017-03-24 15:14:42.000,"Referral, Referral, Referral",3,0
9791969825416528969,2017-04-07 18:57:34.000,Organic Search,1,0
5512744925410659627,2017-05-03 04:27:55.000,"Referral, Referral, Referral, Referral",4,0
6349916551056809056,2017-05-03 23:25:56.000,"Referral, Referral, Referral",3,0
0770704534881133670,2017-05-10 14:21:53.000,Referral,1,0
2274601710859547575,2017-05-25 19:43:09.000,Organic Search,1,0
1137173963194670048,2017-05-08 20:40:06.000,Referral,1,0
6171698148494823293,2017-07-11 20:25:41.000,"Direct, Direct, Referral",3,0
4858273376881706416,2017-07-11 06:30:00.000,Referral,1,0
2158257269735455737,2017-07-09 09:51:20.000,"PURCHASE, Paid Search",2,1
6005829572969771144,2017-07-12 17:29:17.000,"Referral, Organic Search",2,0
7567817112637547239,2017-07-14 11:51:41.000,"PURCHASE, Organic Search",2,1
2527677375017653674,2017-07-18 18:50:53.000,Organic Search,1,0
1134910731586063998,2016-08-15 05:06:35.000,Organic Search,1,0
7344519175727343086,2016-08-24 22:30:03.000,"PURCHASE, Organic Search",2,2
8264774401325439003,2016-08-29 15:29:44.000,"Direct, Referral",2,0
3445305317008053078,2016-11-15 01:27:43.000,"Referral, Referral",2,0
1340775031836194924,2016-10-03 18:06:21.000,Direct,1,0
6308646723674618646,2016-10-10 17:42:54.000,"Referral, Referral, Referral",3,0
4578640586284138624,2016-10-17 22:51:29.000,PURCHASE,1,6
4017026585162229127,2016-11-28 00:24:51.000,"Referral, Referral, Referral, Referral, Referral",5,0
3235007945976260672,2016-12-04 08:28:42.000,"Organic Search, Organic Search, Referral",3,0
4893030302006714352,2016-12-13 00:30:20.000,"Direct, Direct, Direct, Direct, Direct",5,0
9584543788078228989,2016-12-19 18:56:37.000,Organic Search,1,0
7410648917338692919,2016-12-19 15:14:52.000,"Organic Search, Organic Search",2,0
4583098107684907921,2016-12-21 20:12:39.000,Referral,1,0
0238046754537073811,2017-03-15 06:00:36.000,"Referral, Referral, Referral, Referral",4,0
5915365313992889595,2017-04-29 18:13:38.000,Referral,1,0
2560606622677775482,2017-04-07 02:05:24.000,Referral,1,0
236902697327333068,2017-04-20 19:58:37.000,"Referral, Referral",2,0
0731600632766258810,2017-06-21 21:35:25.000,"Referral, Referral",2,0
9946704516426299877,2017-05-03 03:41:18.000,"Referral, Referral",2,0
8180992226439641389,2017-07-13 04:17:31.000,"Direct, Direct",2,0
2250505681169209683,2017-06-07 13:31:14.000,Direct,1,0
4671049020900082348,2017-06-16 19:59:49.000,"PURCHASE, Referral",2,2
8652691250363359598,2017-06-21 03:47:56.000,Referral,1,0
0225991706421654357,2017-06-29 17:06:26.000,"Referral, Referral",2,0
953713676730854570,2017-07-24 04:43:29.000,PURCHASE,1,1
9249130983722228273,2017-07-24 18:41:33.000,"PURCHASE, Referral, Referral, Referral, Referral, Referral",6,1
3830485242574967009,2017-07-27 21:43:03.000,Referral,1,0
7970882488065232755,2017-04-17 19:43:44.000,"PURCHASE, Display, Display, Display, Display, Display, Display, Display, Direct, Direct, Direct, Direct",12,1
4805986758316916085,2016-11-04 05:36:34.000,Organic Search,1,0
7754915186456273750,2016-12-07 00:39:59.000,Direct,1,0
367939665226673705,2017-03-06 02:52:41.000,Direct,1,0
5088165134523935332,2017-04-10 20:33:54.000,"Referral, Referral",2,0
1908229962583615364,2017-05-06 19:45:49.000,Organic Search,1,0
3662177742807173577,2017-06-15 17:12:45.000,"Referral, Referral, Referral, Referral, Referral, Referral, Referral",7,0
4146222468180363567,2017-07-26 15:39:43.000,"Referral, Referral, Referral, Referral, Referral, Referral, Referral, Referral",8,0
1465921528988606892,2017-07-16 21:06:53.000,Social,1,0
6847022427590388886,2017-06-14 15:29:43.000,"Organic Search, Organic Search, Organic Search, Organic Search, Organic Search",5,0
0696402585067597025,2017-07-20 23:50:17.000,Direct,1,0
929896049024044781,2016-08-16 23:31:38.000,"Direct, Direct, Social, Organic Search, Social, Organic Search, Organic Search, Organic Search, Organic Search, Organic Search, Organic Search, Organic Search",12,0
5028327649793847107,2016-08-06 01:19:13.000,"Direct, Direct, Direct",3,0
7195505318139600129,2016-08-11 23:53:21.000,"Referral, Referral",2,0
2845423477332965912,2016-08-29 00:26:38.000,"Referral, Referral",2,0
6579892662403001804,2016-12-19 19:39:02.000,"Organic Search, Organic Search, Organic Search, Organic Search, Organic Search, Organic Search, Organic Search, Organic Search, Organic Search, Organic Search, Organic Search, Organic Search, Social, Social",14,0
776884857977483664,2016-08-28 02:02:43.000,"Referral, Referral, Referral, Referral",4,0
1978868515963084363,2016-12-13 13:41:51.000,"Direct, Referral, Referral",3,0
4736517287773460951,2016-08-24 16:16:43.000,"Referral, Referral, Referral, Referral",4,0
9077492358266652792,2016-08-24 08:20:27.000,Referral,1,0
9642795519040209415,2016-08-31 18:56:17.000,"Organic Search, Organic Search",2,0
5575489198519963160,2016-08-22 03:12:18.000,Organic Search,1,0
9808813686211268341,2016-08-23 20:23:39.000,Referral,1,0
5594550862521912148,2016-09-09 23:32:33.000,PURCHASE,1,1
9972043774359472649,2016-08-31 07:14:49.000,"Referral, Referral",2,0
8445777031468826793,2016-08-31 18:32:27.000,Organic Search,1,0
9392183378177213313,2016-09-08 02:22:20.000,Direct,1,0
6760732402251466726,2016-09-13 18:43:21.000,"PURCHASE, Referral",2,9
0622093215836923895,2016-09-28 01:38:01.000,"Direct, Direct",2,0
4339833158630561552,2016-10-04 00:51:40.000,Referral,1,0
1710046532262949205,2016-10-07 19:20:28.000,"PURCHASE, Referral, Referral",3,2
4578640586284138624,2016-10-10 23:51:57.000,"PURCHASE, Organic Search, Organic Search, Organic Search",4,3
4465770359538839729,2016-09-30 16:53:04.000,Referral,1,0
3743323902703489418,2016-12-08 01:22:35.000,"Referral, Display, Referral, Referral",4,0
9085030584269619160,2016-10-07 17:39:42.000,Referral,1,0
419161784882208907,2016-12-17 00:23:31.000,"Direct, Direct, Direct, Direct, Direct, Direct, Direct, Direct",8,0
9029794295932939024,2016-11-02 22:15:14.000,"Referral, Referral, Referral, Referral, Referral, Referral",6,0
2548634172843791136,2016-10-18 15:12:28.000,Organic Search,1,0
7687728141180472347,2016-11-01 19:28:27.000,Organic Search,1,0
1596912606849218999,2017-01-09 15:16:07.000,"Direct, Direct, Direct",3,0
9392777155254383554,2016-11-18 16:47:23.000,"Direct, Referral",2,0
2446685875964479851,2016-11-26 02:43:06.000,"PURCHASE, Organic Search, Organic Search",3,3
3099454616980621079,2016-12-09 19:48:48.000,"Direct, Direct, Direct",3,0
3825159641728698126,2016-11-29 17:50:29.000,Referral,1,0
4660934654916749166,2016-11-29 01:54:42.000,Referral,1,0
7015697575025933677,2016-12-07 02:55:37.000,Direct,1,0
0499173638332659780,2016-12-09 18:01:24.000,Referral,1,0
7517997316226476864,2017-01-03 05:56:01.000,PURCHASE,1,2
2928427849127448830,2017-02-10 23:22:51.000,"Referral, Referral, Referral",3,0
5136029543125072381,2016-12-20 21:19:17.000,Organic Search,1,0
8434433458217392549,2017-02-17 22:07:52.000,Referral,1,0
3474262337199382231,2016-12-22 00:21:07.000,Organic Search,1,0
5843493310673425771,2017-03-03 15:32:37.000,"PURCHASE, Referral",2,1
9535165767399175841,2017-01-09 00:59:45.000,"Organic Search, Organic Search, Organic Search, Organic Search",4,0
3305485862461522985,2017-02-01 22:37:19.000,"Direct, Direct",2,0
6241521427679714135,2017-02-23 21:37:45.000,"Organic Search, Organic Search",2,0
0172081148860791358,2017-04-06 13:34:58.000,Referral,1,0
9055644031629567861,2017-04-27 21:18:20.000,"Referral, Referral",2,0
5112369122544987822,2017-05-03 16:11:24.000,Organic Search,1,0
292453978388693769,2017-06-15 13:32:35.000,"Referral, Referral, Referral, Referral",4,0
0560278389700464572,2017-06-08 01:06:14.000,"Referral, Referral, Referral, Referral",4,0
8693462511450231969,2017-06-28 23:33:29.000,"Organic Search, Organic Search",2,0
1375569130571020489,2016-09-04 15:33:45.000,Referral,1,0
9347594099928593114,2016-09-09 17:55:55.000,Direct,1,0
2416762481769496280,2016-09-09 20:37:43.000,Paid Search,1,0
3965074137351500361,2016-10-14 04:06:20.000,Organic Search,1,0
0601406166745975278,2016-11-02 15:01:42.000,"Referral, Referral",2,0
8988983016520499025,2016-10-26 13:27:54.000,Direct,1,0
3803364184957424266,2016-10-29 01:43:29.000,"Referral, Referral",2,0
9545750263088247027,2016-10-27 18:26:07.000,Organic Search,1,0
2196740575816500871,2016-12-08 20:44:57.000,Referral,1,0
514366605460721708,2016-12-15 22:45:09.000,Referral,1,0
86382053515995633,2016-12-21 04:37:17.000,Referral,1,0
9013296840842675812,2017-02-04 07:26:35.000,"Organic Search, Organic Search",2,0
9378433426283964191,2017-01-27 23:25:20.000,Referral,1,0
9433643728318784543,2017-02-01 01:56:42.000,Referral,1,0
2430203632291905757,2017-03-02 02:35:27.000,"Direct, Direct, Organic Search, Organic Search",4,0
8889391457640720040,2017-04-22 10:51:53.000,"Direct, Direct, Direct, Direct, Direct",5,0
8039691484832064792,2017-05-09 15:44:53.000,PURCHASE,1,1
4531247843823782323,2017-03-16 00:21:45.000,"Organic Search, Organic Search, Organic Search",3,0
2936634930290678437,2017-03-18 21:49:08.000,PURCHASE,1,2
7043818383887881308,2017-04-12 21:53:55.000,"Direct, Organic Search",2,0
9865893747933434812,2017-04-13 16:14:07.000,Direct,1,0
1869599090210681270,2017-06-05 22:39:25.000,"Referral, Referral, Referral, Referral, Referral, Referral, Referral, Referral",8,0
063736161805998675,2017-05-06 04:01:29.000,"Organic Search, Organic Search",2,0
1727189977391865279,2017-05-12 23:24:09.000,Referral,1,0
364476402815734772,2017-06-12 00:17:17.000,Referral,1,0
9107843838553084970,2017-06-03 05:13:47.000,Referral,1,0
3886339117571727204,2017-06-17 02:13:53.000,Organic Search,1,0
2199128648267411375,2017-06-19 22:36:15.000,"Referral, Referral",2,0
4552275222012095884,2017-07-22 07:24:12.000,Referral,1,0
4284747478619287722,2017-06-26 22:12:35.000,"Organic Search, Referral",2,0
9104901150360487546,2017-07-14 14:47:19.000,"Organic Search, Organic Search, Organic Search, Organic Search",4,0
9213584705844626996,2017-07-13 05:01:06.000,"PURCHASE, Referral",2,1
746996333765865062,2017-07-21 22:05:22.000,Referral,1,0
4286676770640078553,2016-12-02 23:47:11.000,"PURCHASE, Direct, Organic Search",3,1
0405613301455395523,2017-04-21 14:45:24.000,"PURCHASE, Organic Search, Organic Search, Organic Search, Organic Search",5,2
042744959300558986,2017-04-25 20:37:39.000,"Direct, Referral, Referral, Referral, Referral",5,0
2575683338056092350,2017-04-13 13:52:04.000,"Referral, Organic Search",2,0
9225056479434506088,2017-05-21 12:30:23.000,"Organic Search, Organic Search, Organic Search",3,0
2624131748689653933,2017-07-12 18:20:56.000,"Organic Search, Organic Search, Organic Search, Organic Search",4,0
633090494027651510,2017-06-14 14:19:54.000,PURCHASE,1,1
277630796350055956,2017-06-29 04:50:11.000,Referral,1,0
6052206455243513477,2017-07-23 21:23:13.000,"Direct, Direct",2,0
4674060299220423324,2017-05-24 17:53:33.000,Referral,1,0
6775926571390989746,2017-07-16 05:13:21.000,Referral,1,0
109375183949292344,2017-07-18 17:52:13.000,Paid Search,1,0
3126493267998651969,2016-08-12 23:17:26.000,"Referral, Referral, Referral",3,0
4248528208628232884,2016-08-06 15:19:38.000,Organic Search,1,0
3751433429956400495,2016-10-24 09:03:30.000,"Organic Search, Organic Search, Organic Search, Organic Search, Organic Search, Organic Search, Organic Search, Organic Search, Organic Search, Organic Search, Organic Search",11,0
9838019020016513772,2016-09-11 05:48:02.000,"Referral, Referral, Referral, Organic Search, Referral",5,0
1561119018673987946,2016-08-16 20:41:48.000,Referral,1,0
2467715895053922094,2016-08-11 02:56:23.000,Direct,1,0
0818822947383662706,2016-08-29 19:32:51.000,"Referral, Referral, Referral",3,0
1637834892997291095,2016-08-12 20:16:11.000,Paid Search,1,0
0159273579432738537,2016-08-16 00:08:49.000,"Referral, Referral",2,0
9520903448566864775,2016-08-26 20:35:21.000,"Organic Search, Organic Search",2,0
3351538799616866750,2016-09-02 22:39:05.000,Referral,1,0
2572622395987147933,2016-10-26 06:24:32.000,Direct,1,0
2187855022251183924,2016-10-05 19:13:39.000,"Referral, Referral",2,0
1315772786660606104,2017-02-25 15:04:35.000,"PURCHASE, Referral, Referral, Referral, Referral, Referral, Referral, Referral, Referral, Referral, Referral, Referral, Referral, Referral, Referral, Referral, Referral, Referral",18,1
3045945458040660189,2016-10-05 17:22:38.000,Referral,1,0
119870259714905967,2016-10-19 16:49:41.000,Direct,1,0
3222397438054412081,2016-11-19 23:11:20.000,Organic Search,1,0
7672124784796015338,2016-10-31 03:21:38.000,Organic Search,1,0
5879552143073361372,2016-10-30 19:12:20.000,"Organic Search, Organic Search",2,0
9909403981445501787,2017-05-02 19:44:14.000,"Referral, Referral, Referral",3,0
6805387544309582877,2016-12-15 23:40:19.000,"Referral, Referral",2,0
8336976483259265727,2016-11-09 02:25:37.000,Organic Search,1,0
4077897320198403283,2016-11-15 22:40:20.000,PURCHASE,1,1
4773573244753299893,2016-12-06 02:05:26.000,"Referral, Referral",2,0
5953034565631333907,2016-11-21 08:00:23.000,Organic Search,1,0
9785268681128245172,2016-11-29 21:41:38.000,Referral,1,0
4519532330271293397,2016-11-30 00:21:52.000,"PURCHASE, Referral, Referral",3,1
8706126538675944851,2016-11-30 00:19:58.000,Referral,1,0
6572163684881501472,2016-12-23 17:16:04.000,"Direct, Referral",2,0
0204360574486607491,2016-12-10 23:50:36.000,Referral,1,0
2586051974603380942,2016-12-09 17:38:15.000,"Organic Search, Organic Search",2,0
6886733039051258034,2016-12-10 07:38:18.000,Paid Search,1,0
310411461029176203,2016-12-19 20:19:26.000,"Referral, Referral",2,0
0199756139590139879,2017-02-01 18:34:29.000,PURCHASE,1,1
8287144117447582539,2017-02-03 19:39:39.000,Referral,1,0
1262082110712343410,2017-02-12 22:51:21.000,"Paid Search, Paid Search, Paid Search, Paid Search, Paid Search",5,0
9556564333684881224,2017-02-20 19:21:57.000,"Referral, Paid Search",2,0
9029794295932939024,2017-03-16 11:14:09.000,"PURCHASE, Referral",2,7
4116720743881459837,2017-03-20 21:56:10.000,"Direct, Direct",2,0
0774513448429124063,2017-06-28 19:35:49.000,Direct,1,0
1316642940221663736,2017-05-21 00:29:57.000,"Organic Search, Organic Search, Organic Search",3,0
6679257213449754553,2017-04-15 14:40:46.000,"Direct, Direct, Direct",3,0
6448832262240591897,2017-05-12 18:01:32.000,"Direct, Direct, Direct",3,0
0395050647250429598,2017-05-15 21:18:29.000,Organic Search,1,0
0858059046468321718,2017-05-24 17:49:24.000,"PURCHASE, Direct",2,1
5862903247995019263,2017-06-29 17:18:22.000,"Referral, Referral",2,0
3297507461939386970,2017-06-06 15:27:43.000,Referral,1,0
1860697994072848784,2017-06-16 15:09:33.000,"Paid Search, Paid Search, Paid Search",3,0
3737631371999319949,2016-08-14 16:39:05.000,Direct,1,0
6008504658996410850,2016-11-07 20:30:55.000,"Direct, Referral, Referral, Referral",4,0
3244885836845029978,2016-09-06 16:26:06.000,PURCHASE,1,2
2526542957776125951,2016-09-20 14:37:58.000,Referral,1,0
4322762657980853938,2016-10-07 20:06:48.000,Referral,1,0
1295521698300236570,2016-10-26 18:43:11.000,"PURCHASE, Referral",2,1
2896712631625577350,2016-10-28 15:45:15.000,"Display, Display, Display",3,0
1998944550000750737,2016-11-01 20:10:15.000,"Referral, Organic Search",2,0
6010250598436085923,2016-12-12 14:10:38.000,"PURCHASE, Direct, Direct, Direct, Direct, Direct",6,2
9594790927947588163,2016-11-12 18:33:56.000,Organic Search,1,0
771218336324354803,2016-11-28 15:34:21.000,"Referral, Referral, Referral",3,0
2449425615576273633,2017-01-02 02:45:41.000,"PURCHASE, Organic Search, Organic Search",3,1
2297135054731105073,2016-12-07 16:24:03.000,"Direct, Direct",2,0
2405008838140625306,2016-12-09 17:14:21.000,Organic Search,1,0
2130970500799303391,2016-12-25 22:30:25.000,"Direct, Referral, Referral, Referral",4,0
9642698057695067786,2017-02-10 18:30:39.000,"Direct, Direct, Direct, Direct, Direct, Direct, Direct",7,0
1091802616723319272,2017-03-10 19:58:59.000,"Referral, Referral, Referral, Referral, Referral, Referral",6,0
1630629303487703081,2017-03-05 20:42:03.000,"Paid Search, Paid Search, Paid Search, Paid Search, Paid Search, Paid Search, Paid Search",7,0
8485421393652582878,2017-02-22 19:45:28.000,PURCHASE,1,1
0067566216922331849,2017-06-14 21:38:52.000,Referral,1,0
9031259776223970026,2017-02-20 01:57:34.000,"Organic Search, Organic Search, Organic Search, Organic Search, Organic Search, Organic Search, Organic Search, Organic Search, Organic Search, Organic Search",10,0
1071398867043685120,2017-05-05 00:17:11.000,"Direct, Direct",2,0
8444517007698550437,2017-05-04 19:07:03.000,"Direct, Direct",2,0
4928792811032177502,2017-03-24 01:49:23.000,Organic Search,1,0
205892253400268407,2017-03-01 21:02:17.000,"Referral, Referral",2,0
1310018827141694305,2017-03-07 20:05:54.000,"Referral, Referral, Referral",3,0
253940903586003186,2017-03-27 22:35:57.000,"PURCHASE, Organic Search, Organic Search, Organic Search, Organic Search",5,1
5041110715755196949,2017-06-06 01:10:16.000,PURCHASE,1,2
5106751521300969299,2017-04-26 20:13:11.000,"PURCHASE, Referral",2,2
7653600583827596196,2017-03-31 04:32:59.000,Organic Search,1,0
0709049510464090446,2017-04-21 16:50:25.000,"Referral, Organic Search",2,0
5306602082415451052,2017-04-12 18:57:17.000,Referral,1,0
9067286853388783670,2017-04-26 19:10:45.000,Organic Search,1,0
5054967838682156421,2017-05-25 20:20:08.000,PURCHASE,1,1
9160688801124625042,2017-06-02 15:00:40.000,PURCHASE,1,2
5532417941225696082,2017-06-26 22:15:59.000,"Referral, Organic Search, Organic Search, Referral, Referral, Referral",6,0
7401384748988164586,2017-07-06 20:44:55.000,Referral,1,0
4394657957253741368,2017-06-25 01:11:17.000,"Organic Search, Paid Search",2,0
6335554848851534266,2017-07-12 21:28:15.000,Referral,1,0
1762540039573649288,2017-07-19 19:37:35.000,Referral,1,0
9613834008182881588,2017-07-26 20:32:12.000,Referral,1,0
0549953281463203327,2016-10-13 21:13:13.000,Direct,1,0
7761232105915490480,2017-01-05 20:21:39.000,Organic Search,1,0
2498790727245138194,2017-05-11 09:33:50.000,"Direct, Direct",2,0
5039309429901019811,2017-04-25 17:27:10.000,Referral,1,0
2634131477723263296,2017-05-05 16:59:21.000,"Direct, Direct",2,0
3487356770056641150,2017-05-05 17:02:19.000,Direct,1,0
3941152611510143066,2017-06-07 22:53:46.000,Referral,1,0
5101144510494587618,2017-06-21 17:27:21.000,Direct,1,0
6752243770204635267,2017-06-19 23:05:25.000,"Organic Search, Affiliates",2,0
3028560396160352119,2017-07-19 05:03:08.000,Paid Search,1,0
442359446750687328,2017-07-31 23:04:34.000,Referral,1,0
2812654087924931640,2017-07-20 23:52:51.000,"Referral, Referral, Referral, Referral, Referral, Referral, Referral, Referral, Referral",9,0
6997692197808690953,2016-08-18 16:08:17.000,"PURCHASE, Referral",2,1
029534875378731789,2016-08-07 15:18:51.000,Direct,1,0
024164219255036061,2016-09-12 23:16:01.000,"Organic Search, Organic Search, Organic Search, Organic Search",4,0
587844728135319683,2016-08-12 16:24:21.000,"Referral, Referral",2,0
6659013870490271686,2016-08-26 03:47:01.000,Referral,1,0
4279722686753943026,2016-08-22 23:24:37.000,"Organic Search, Organic Search, Organic Search",3,0
1125612233191187838,2016-08-20 20:55:45.000,Organic Search,1,0
6601642553603918641,2016-09-07 22:50:05.000,"Direct, Direct",2,0
4785716484578798827,2016-08-31 15:45:54.000,"Referral, Referral, Referral",3,0
4297151124311422842,2016-09-01 18:02:59.000,PURCHASE,1,1
9975702176622548240,2016-09-12 18:24:05.000,Referral,1,0
911428964962660656,2016-12-08 19:31:47.000,Direct,1,0
3033366073043100694,2016-10-03 18:27:09.000,PURCHASE,1,3
8610829181848499351,2016-10-06 12:33:03.000,Paid Search,1,0
2530994471612598919,2016-10-27 19:26:54.000,"PURCHASE, Referral",2,1
8166898430517779079,2016-10-03 01:45:39.000,"Organic Search, Organic Search",2,0
674034233311230161,2016-10-18 17:05:18.000,Referral,1,0
7549308697995967647,2016-10-24 01:12:12.000,Organic Search,1,0
213465488216513322,2016-11-01 02:16:16.000,PURCHASE,1,2
4013506326100150914,2016-12-06 13:40:49.000,"PURCHASE, Organic Search",2,1
9807072102349488174,2016-12-23 00:29:14.000,"PURCHASE, Organic Search, Organic Search",3,6
4290702706677666900,2016-11-24 19:37:38.000,"Referral, Referral, Referral",3,0
8649724530015932809,2016-11-28 14:50:25.000,"Referral, Referral",2,0
860548659372971981,2016-12-03 21:03:32.000,Referral,1,0
287041233238865864,2016-12-22 22:49:17.000,"Referral, Referral",2,0
2446685875964479851,2017-02-27 16:20:42.000,PURCHASE,1,5
0047509547902079820,2017-01-27 19:10:15.000,"Direct, Direct",2,0
528231576022767993,2017-02-12 13:02:43.000,"PURCHASE, Referral",2,1
4743363472657714234,2016-12-26 04:20:18.000,Referral,1,0
2734277132701240130,2016-12-30 19:56:13.000,Organic Search,1,0
7675869407000236910,2017-02-24 15:49:46.000,"Direct, Referral, Referral, Referral, Referral",5,0
0175318834283875506,2017-02-03 21:25:07.000,"Referral, Referral, Referral, Referral",4,0
4734664452187566278,2017-01-31 00:10:17.000,"PURCHASE, Direct, Direct, Direct",4,1
5305744522650786238,2017-03-03 21:57:22.000,"Direct, Direct, Direct, Direct, Direct",5,0
2751354013646268533,2017-02-14 21:08:03.000,"Referral, Referral, Referral",3,0
4749611555735686064,2017-06-08 22:41:26.000,"Social, Social",2,0
5889010106366698304,2017-04-12 18:42:02.000,Direct,1,0
114291970451691046,2017-03-07 23:23:36.000,Referral,1,0
0018386080117189534,2017-03-09 03:01:31.000,Organic Search,1,0
2484187509499465201,2017-04-12 17:38:35.000,"Organic Search, Organic Search, Organic Search, Organic Search",4,0
0816022306811658302,2017-04-29 19:08:53.000,Organic Search,1,0
665197592745084056,2017-04-06 07:00:00.000,Organic Search,1,0
934503934783544332,2017-04-17 20:13:07.000,"Direct, Direct",2,0
0979536639244706985,2017-04-20 00:28:48.000,"Referral, Referral",2,0
8471635860223602848,2017-04-28 21:55:06.000,"Organic Search, Organic Search, Organic Search",3,0
4859141843536295311,2017-05-01 21:55:40.000,"PURCHASE, Referral",2,1
0471753134403424239,2017-06-12 02:01:34.000,"Referral, Referral",2,0
7954367393399826900,2017-07-21 17:01:37.000,"PURCHASE, Referral, Referral, Referral",4,1
1681975491896946073,2017-08-01 01:24:06.000,"Direct, Organic Search, Organic Search, Organic Search",4,0
4871061239735971842,2017-08-01 16:19:00.000,"Direct, Direct, Direct",3,0
2542663761229463199,2016-11-29 21:16:08.000,Referral,1,0
5912152563864160997,2016-09-23 18:50:31.000,"Referral, Referral, Referral, Referral, Referral",5,0
5229687439187870307,2016-09-23 17:08:44.000,"Referral, Referral, Referral, Referral",4,0
2575256090311301096,2016-10-08 04:35:43.000,"Referral, Referral",2,0
2548634172843791136,2016-11-23 23:01:44.000,PURCHASE,1,1
219877622979658253,2016-12-15 14:23:06.000,PURCHASE,1,1
3685672446804804725,2016-11-14 04:46:05.000,Direct,1,0
2864376493455301677,2017-04-08 17:34:07.000,"PURCHASE, Direct, Direct, Organic Search, Organic Search, Organic Search",6,1
0812697329895229962,2016-11-16 06:15:52.000,"Direct, Referral, Referral, Referral, Referral",5,0
3295470093238310609,2017-07-10 23:31:10.000,"Organic Search, Organic Search, Organic Search, Organic Search",4,0
8820042908642083525,2017-05-20 01:15:47.000,"Referral, Referral",2,0
0900191466663254191,2016-12-21 22:15:43.000,Referral,1,0
5561134301954215785,2017-01-17 23:48:09.000,"Organic Search, Organic Search",2,0
5549135228417306285,2017-02-10 19:40:07.000,Organic Search,1,0
5642185407180731609,2017-02-09 14:59:16.000,Referral,1,0
0049832664882617771,2017-02-19 03:07:48.000,Referral,1,0
3916992730920009646,2017-02-28 22:08:03.000,"Referral, Organic Search, Organic Search, Organic Search",4,0
6576129990528649726,2017-03-14 05:18:36.000,"PURCHASE, Organic Search, Organic Search, Organic Search",4,1
3108986775464139138,2017-02-27 21:35:25.000,"Organic Search, Organic Search",2,0
3689455923152943810,2017-03-23 14:06:20.000,"Referral, Referral, Referral",3,0
5205547777184804145,2017-04-07 23:31:07.000,Referral,1,0
0271850397437998021,2017-04-14 17:06:51.000,"Organic Search, Organic Search",2,0
31037404193448771,2017-04-20 20:12:24.000,Organic Search,1,0
601161405716299904,2017-06-07 21:20:53.000,Direct,1,0
4471415710206918415,2017-05-09 23:14:11.000,"PURCHASE, Referral, Referral",3,3
3794911148673374791,2017-05-10 04:43:02.000,"Referral, Referral, Referral",3,0
2691780862090038185,2017-05-01 13:34:05.000,"Direct, Direct",2,0
9002364108822836989,2017-05-23 18:48:56.000,"Organic Search, Organic Search, Paid Search",3,0
8184421504690024643,2017-05-12 14:58:25.000,Direct,1,0
6816536410771579463,2017-05-19 20:38:54.000,Direct,1,0
8323502191714564898,2017-05-23 20:06:12.000,Organic Search,1,0
4619500155076123195,2017-05-26 21:56:16.000,Referral,1,0
2718217150934290475,2017-05-31 18:05:17.000,"Direct, Direct",2,0
1035287577797151816,2017-06-14 15:42:02.000,Direct,1,0
0163532416839889055,2017-07-15 00:48:34.000,"PURCHASE, Referral, Referral",3,1
5774321029448220916,2017-07-12 05:30:31.000,Referral,1,0
9583683554162057560,2017-07-08 17:34:22.000,"Affiliates, Organic Search",2,0
8064625150033508396,2017-07-31 13:36:28.000,"Referral, Referral, Referral",3,0
3700543276431412713,2017-07-17 22:36:04.000,Organic Search,1,0
6486795623038216247,2017-07-21 19:54:15.000,Referral,1,0
9079614112770240084,2017-01-17 18:11:44.000,"PURCHASE, Direct, Direct, Direct, Direct",5,1
2755803596302366482,2017-05-31 22:31:41.000,"Direct, Direct, Direct, Direct, Direct, Referral, Referral, Referral",8,0
0123242859437730802,2017-03-09 02:54:44.000,Direct,1,0
4567822975372156618,2017-03-17 23:45:35.000,"Direct, Direct",2,0
7576412479791634134,2017-05-16 15:55:18.000,"PURCHASE, Organic Search",2,1
5341165345511566974,2017-05-31 14:59:37.000,Referral,1,0
79204932396995037,2017-06-19 20:27:28.000,"PURCHASE, Organic Search",2,1
745585037435026151,2017-06-26 15:22:32.000,Organic Search,1,0
4068416534578096540,2017-07-07 17:36:47.000,"Direct, Direct, Direct, Direct",4,0
1005326553546138067,2017-07-28 19:38:24.000,"Organic Search, Referral, Referral, Referral, Referral, Referral, Referral, Organic Search, Organic Search, Organic Search, Organic Search",11,0
5135901390896357467,2017-07-27 20:53:10.000,"PURCHASE, Referral",2,2
5296105795874914931,2017-04-01 00:00:55.000,Referral,1,0
7376750587981554489,2017-04-05 15:51:40.000,"Organic Search, Organic Search",2,0
013937734216012052,2016-08-30 02:39:52.000,"Referral, Referral",2,0
87422696443112888,2016-08-21 19:39:50.000,"Referral, Referral",2,0
2274705914368607161,2016-08-08 19:44:16.000,Direct,1,0
549158270848959308,2016-08-17 16:11:27.000,Referral,1,0
0240177559062852098,2016-08-12 19:15:44.000,PURCHASE,1,1
3321426483601293625,2016-08-17 02:50:31.000,"Referral, Referral, Referral, Referral, Referral, Referral, Referral",7,0
2667128559454972819,2016-08-15 18:10:06.000,Referral,1,0
1023615951662839630,2016-09-13 14:44:11.000,"Referral, Referral",2,0
9807072102349488174,2016-08-29 20:26:40.000,PURCHASE,1,2
3616014667867180410,2016-08-31 17:47:18.000,Direct,1,0
5183210238809213015,2016-09-19 20:32:37.000,"PURCHASE, Referral",2,1
7044451284195337222,2016-09-19 19:21:01.000,Direct,1,0
3299870838132577906,2016-09-20 03:26:28.000,"Organic Search, Organic Search",2,0
8622709293596932103,2016-09-22 14:28:06.000,"Organic Search, Organic Search",2,0
6566774307338072036,2016-10-03 21:44:09.000,"Direct, Referral, Referral",3,0
4478485114168698618,2016-10-06 15:34:01.000,PURCHASE,1,1
2281022124483885140,2016-09-30 03:53:25.000,Direct,1,0
8147013538583336125,2016-10-29 23:47:12.000,Organic Search,1,0
8661687930742624021,2016-10-05 21:03:42.000,Direct,1,0
2906498737565159529,2016-10-12 12:31:31.000,"Referral, Referral",2,0
5590743844926892757,2016-12-08 02:35:11.000,"PURCHASE, Direct, Direct, Direct, Direct, Direct, Direct, Direct, Direct, Direct, Direct, Direct, Direct, Direct",14,1
2630626637929580327,2016-10-27 05:07:01.000,Direct,1,0
4578640586284138624,2016-11-11 22:00:47.000,"PURCHASE, Organic Search, Direct, Direct, Direct, Direct, Direct, Direct, Direct, Direct",10,7
9662800125044386280,2016-10-21 16:55:20.000,PURCHASE,1,1
8214783832710678228,2016-10-28 01:49:58.000,Referral,1,0
372706149688864468,2016-11-01 20:39:52.000,"Referral, Referral",2,0
0134543573456503980,2016-11-09 21:31:38.000,PURCHASE,1,2
5236254855277222606,2016-11-22 04:35:04.000,Organic Search,1,0
7203916420192282208,2016-12-10 17:18:21.000,Referral,1,0
768998327849146700,2016-12-12 04:28:33.000,"PURCHASE, Referral",2,1
3718554657931620614,2016-12-07 20:20:33.000,Referral,1,0
6402267118449500708,2016-12-13 04:15:51.000,"Referral, Referral",2,0
8269418639715927246,2016-12-26 03:18:49.000,Display,1,0
6846461498019259456,2016-12-18 02:00:13.000,Referral,1,0
1424707127501880055,2017-07-06 04:50:34.000,Direct,1,0
891856926182569230,2017-01-02 19:31:20.000,Organic Search,1,0
4662582475416192396,2017-02-28 00:49:44.000,"Organic Search, Organic Search, Organic Search",3,0
1717181767260918300,2017-03-24 21:55:19.000,Organic Search,1,0
8122301832779303001,2017-05-16 20:41:40.000,"Direct, Direct, Direct",3,0
7428770824061226835,2017-03-14 19:54:55.000,Organic Search,1,0
938988824374966310,2017-03-21 17:35:22.000,"Organic Search, Paid Search, Paid Search, Organic Search, Paid Search, Paid Search, Paid Search",7,0
8013820676715807864,2017-03-24 19:25:32.000,Referral,1,0
1681725530840871996,2017-03-28 22:06:55.000,"Organic Search, Organic Search",2,0
8576181290100309449,2017-04-18 17:58:17.000,"Referral, Referral, Referral, Referral",4,0
8198803929635342057,2017-04-16 12:03:19.000,Organic Search,1,0
202488139684365954,2017-04-28 23:27:14.000,"Referral, Referral",2,0
1894617860778311526,2017-06-13 01:46:54.000,"Organic Search, Organic Search, Organic Search",3,0
0183218035021860438,2017-06-19 19:56:02.000,"Display, Display, Organic Search",3,0
8683107895227989538,2017-06-26 17:35:11.000,"Organic Search, Organic Search, Organic Search",3,0
3443895597772752883,2017-06-29 19:05:21.000,Referral,1,0
6768557709167919793,2017-06-30 17:16:52.000,"Referral, Referral",2,0
2305295482096154659,2017-06-12 21:50:46.000,"Direct, Direct, Direct",3,0
6338909403180350961,2017-07-12 12:40:33.000,Organic Search,1,0
2080439773261622224,2016-08-30 15:46:25.000,Organic Search,1,0
3207713058277296455,2016-08-30 04:40:51.000,Direct,1,0
6553002613272826451,2016-10-12 00:53:05.000,Organic Search,1,0
7764475341358829145,2016-11-17 15:17:54.000,"Referral, Referral",2,0
0594824422792523749,2016-12-12 15:36:33.000,Referral,1,0
6391006534663669857,2016-12-01 17:36:19.000,"Direct, Direct",2,0
569356915734606916,2016-11-30 04:23:44.000,Direct,1,0
4921413806940784676,2017-04-05 22:28:10.000,"Direct, Referral, Referral, Referral, Display, Display, Display, Referral, Organic Search, Organic Search, Organic Search, Organic Search, Organic Search, Organic Search, Organic Search, Organic Search, Organic Search",17,0
2942212781099976151,2016-12-15 16:18:37.000,"PURCHASE, Display",2,1
8379929056656388083,2016-12-28 17:39:15.000,"Referral, Referral, Referral",3,0
8398495866792940081,2017-01-22 23:34:51.000,"PURCHASE, Organic Search",2,2
8963849210488709948,2017-01-17 22:32:13.000,Direct,1,0
3841458002774357152,2017-02-28 15:36:04.000,"PURCHASE, Referral",2,2
3657728344837138607,2017-02-21 03:19:40.000,Referral,1,0
3230704866307301165,2017-03-01 21:26:25.000,"Direct, Direct",2,0
0813572144884353388,2017-03-06 05:06:35.000,"Direct, Direct, Direct, Referral",4,0
1388827316063999339,2017-03-15 13:41:59.000,"Direct, Direct, Direct",3,0
9702922854313747953,2017-03-07 23:48:26.000,Referral,1,0
7942338055212909628,2017-03-15 23:06:30.000,"Organic Search, Organic Search, Organic Search, Organic Search",4,0
9863787389438412366,2017-04-04 05:33:50.000,"PURCHASE, Referral, Referral, Referral, Referral, Referral",6,1
1672614276054120363,2017-03-24 02:14:11.000,"Organic Search, Organic Search, Organic Search",3,0
246073136702899889,2017-03-29 12:07:32.000,Direct,1,0
1440541984553829835,2017-04-11 17:27:44.000,PURCHASE,1,1
1959133989198624732,2017-05-01 19:33:33.000,"PURCHASE, Referral, Referral",3,1
0602865033633296199,2017-04-10 14:47:57.000,"Organic Search, Organic Search",2,0
4625952167494304032,2017-04-28 22:44:43.000,"Organic Search, Referral, Referral",3,0
4688701882146101937,2017-04-11 06:31:45.000,Referral,1,0
3534570005343502837,2017-04-12 20:50:51.000,Referral,1,0
565287882698874437,2017-05-29 02:43:44.000,"Referral, Referral, Referral",3,0
5591592424191591132,2017-05-26 03:00:10.000,Referral,1,0
8007564628670829915,2017-06-06 02:22:19.000,"Direct, Referral, Referral, Referral",4,0
2919716928934208535,2017-06-14 15:43:37.000,PURCHASE,1,1
8282958596112476816,2017-06-29 19:34:31.000,"Referral, Referral",2,0
0014262055593378383,2017-06-27 23:15:03.000,"Referral, Referral",2,0
4064008221273566105,2017-06-23 20:11:03.000,PURCHASE,1,1
2396255136764683002,2017-07-05 04:43:26.000,Organic Search,1,0
5772921781547143127,2017-07-20 14:46:06.000,"PURCHASE, Referral",2,1
3736964846520654455,2017-07-12 04:09:14.000,Referral,1,0
4861727380918168218,2016-12-01 21:12:08.000,Organic Search,1,0
1442960211530041793,2017-02-13 23:32:42.000,Organic Search,1,0
7370307513460988,2017-04-25 17:28:24.000,"Referral, Referral",2,0
1561221900766291424,2017-05-11 15:26:18.000,Referral,1,0
3614504595188750460,2017-06-03 01:26:08.000,Direct,1,0
5820498420449602355,2017-06-23 23:24:24.000,Organic Search,1,0
9102474086699884011,2017-07-19 22:07:34.000,"Organic Search, Organic Search, Referral",3,0
5296297372596099151,2017-07-14 07:00:04.000,"Referral, Referral",2,0
1675608109098320028,2017-07-26 03:06:23.000,Referral,1,0
6361004934465135812,2017-07-17 21:24:02.000,"Organic Search, Referral, Referral",3,0
1750514406451146951,2016-08-11 21:21:36.000,"Referral, Referral",2,0
2371112886977263623,2016-08-12 16:43:17.000,"Referral, Referral, Referral",3,0
6051052945734595227,2016-08-05 15:16:06.000,"Referral, Referral",2,0
3061338030780455732,2016-12-06 06:01:42.000,"Referral, Referral, Referral, Referral, Referral, Referral, Referral, Referral, Referral, Referral, Referral",11,0
7743552132615586742,2016-09-01 20:56:06.000,"Direct, Referral",2,0
2195063960372896546,2016-08-12 15:07:57.000,"Referral, Referral, Referral",3,0
3475041930995418580,2016-09-15 16:36:42.000,"Referral, Display, Display, Display, Display, Display, Display, Display, Display, Display",10,0
6721635105403068573,2016-08-16 20:07:01.000,Organic Search,1,0
942194966104729969,2016-08-12 14:27:33.000,Referral,1,0
4904345009175675441,2016-08-19 22:47:00.000,Organic Search,1,0
7530827035841642644,2016-08-23 04:35:06.000,Referral,1,0
1124125006906712847,2016-08-31 15:56:59.000,"Direct, Direct",2,0
4460562484368912716,2016-08-26 16:20:54.000,Display,1,0
3788077234501576551,2016-08-29 02:30:46.000,Direct,1,0
0790076231044119145,2016-08-29 20:39:06.000,"Direct, Direct",2,0
4755168908070236728,2016-09-02 20:53:28.000,Referral,1,0
8696221716564059206,2016-10-05 02:39:18.000,"Direct, Direct, Direct, Direct",4,0
4061027973770325631,2016-10-11 19:32:25.000,"Referral, Referral",2,0
4860834865862297118,2016-09-29 00:25:43.000,Organic Search,1,0
060208176042336566,2016-10-11 02:43:22.000,Direct,1,0
5941605551778818754,2016-10-05 20:08:57.000,"Direct, Direct",2,0
3844953690494102723,2016-12-30 10:20:43.000,"Organic Search, Organic Search, Organic Search, Organic Search, Organic Search, Organic Search, Organic Search, Organic Search, Organic Search, Organic Search, Organic Search, Organic Search, Organic Search, Organic Search, Organic Search",15,0
2840155464434051520,2017-02-03 17:00:46.000,"Referral, Referral, Referral, Referral, Referral, Referral, Referral",7,0
41955139058139143,2016-11-27 23:54:02.000,"PURCHASE, Referral, Referral",3,1
0134543573456503980,2016-11-03 21:45:37.000,PURCHASE,1,1
1295521698300236570,2016-10-27 21:24:18.000,"PURCHASE, Direct, Direct, Direct",4,2
9078321444578002385,2017-03-30 14:32:45.000,"Referral, Referral, Referral, Referral, Referral",5,0
438120303152930309,2016-11-22 18:57:25.000,"Referral, Referral",2,0
9096520761663761535,2017-01-19 17:22:30.000,"Direct, Direct, Direct, Direct, Direct",5,0
9332319683360717593,2016-12-15 01:32:10.000,"Direct, Organic Search, Organic Search",3,0
916418463050257488,2016-12-03 22:25:51.000,"Organic Search, Organic Search",2,0
224703071908989026,2016-12-10 15:59:37.000,PURCHASE,1,1
3158455409969332495,2016-12-14 02:14:54.000,"Referral, Referral, Referral, Referral, Referral",5,0
8673840761390618502,2016-12-13 05:21:53.000,Direct,1,0
7230430554273149935,2017-02-18 20:40:21.000,"Organic Search, Organic Search",2,0
307884915539160890,2017-02-17 23:10:08.000,"Direct, Direct, Referral",3,0
6944288019130180719,2017-03-07 14:19:36.000,"PURCHASE, Direct, Direct, Direct, Direct",5,1
9179926875035453581,2017-03-22 19:58:28.000,"Referral, Referral",2,0
9044693867377555655,2017-04-03 00:29:13.000,Organic Search,1,0
0553368558009293652,2017-03-27 20:42:38.000,"Referral, Referral",2,0
2349461252171876066,2017-04-17 19:30:26.000,PURCHASE,1,1
4921413806940784676,2017-04-05 23:29:58.000,PURCHASE,1,1
6096515321705376059,2017-04-27 18:00:50.000,Referral,1,0
779994217986978664,2017-05-11 14:27:07.000,"Organic Search, Organic Search",2,0
3303063218833425180,2017-05-27 13:39:20.000,Paid Search,1,0
4891681931687610582,2017-06-15 23:15:28.000,Referral,1,0
9973195165804180005,2017-05-25 02:37:13.000,Organic Search,1,0
5185882727774791811,2017-07-05 15:00:14.000,Referral,1,0
0365800323147392278,2017-06-14 02:38:17.000,PURCHASE,1,1
7115815619589342932,2017-07-25 14:31:07.000,"Referral, Referral",2,0
2929956217778331899,2017-07-19 03:01:48.000,Organic Search,1,0
6403816382362616234,2017-08-01 17:41:08.000,Direct,1,0
85193654581094288,2016-08-30 17:49:11.000,Direct,1,0
4002137233348878949,2016-08-27 03:40:36.000,"Organic Search, Organic Search",2,0
8452979952112356529,2017-01-14 12:59:03.000,"Organic Search, Organic Search, Organic Search, Organic Search, Organic Search",5,0
5084994463176065937,2016-09-26 16:33:01.000,"Referral, Referral",2,0
3232549907391861045,2016-09-14 20:23:22.000,Display,1,0
3364502706652461575,2016-10-06 01:32:05.000,"Referral, Referral, Referral",3,0
1062035005539274644,2016-10-17 17:30:42.000,Referral,1,0
3738320234051643877,2016-10-23 17:49:08.000,Direct,1,0
910504852442385120,2017-06-13 23:18:06.000,"PURCHASE, Referral, Display, Referral, Referral, Referral, Referral, Referral, Referral, Referral",10,2
3215729429198564415,2017-01-18 15:20:44.000,"Referral, Referral, Referral, Referral, Referral, Referral",6,0
3520008896446151679,2016-11-09 02:53:56.000,"Organic Search, Organic Search, Organic Search, Organic Search",4,0
8479157276312488883,2016-12-09 19:27:21.000,"Display, Display, Display, Display, Referral, Referral",6,0
7541337318748467634,2016-11-29 03:24:18.000,Referral,1,0
0220695720492664721,2017-02-19 16:16:24.000,"Referral, Display, Referral",3,0
5560297984999378584,2017-03-04 19:21:54.000,"Direct, Direct, Direct, Direct, Direct, Direct",6,0
9344661624535255277,2017-05-19 21:33:11.000,"Referral, Referral, Referral, Referral",4,0
0352372860744696733,2017-03-04 16:33:40.000,Direct,1,0
3550517741801560701,2017-07-13 19:36:39.000,"Paid Search, Paid Search, Paid Search, Paid Search",4,0
9204558610482507007,2017-03-22 17:38:03.000,"Organic Search, Referral, Organic Search, Organic Search, Organic Search",5,0
2060318762356474784,2017-03-04 21:26:58.000,"Organic Search, Organic Search",2,0
7574410263456433105,2017-02-28 22:18:00.000,Organic Search,1,0
2405648285327447572,2017-03-16 19:59:10.000,Referral,1,0
0860415108038967350,2017-03-13 22:09:48.000,"PURCHASE, Referral",2,2
0091725120799498455,2017-03-14 00:31:33.000,Referral,1,0
4417750678655446023,2017-03-15 21:21:14.000,Referral,1,0
8466555030941163716,2017-05-25 18:05:52.000,"Organic Search, Organic Search, Referral, Referral, Referral",5,0
0751672591869658635,2017-04-12 14:41:09.000,Organic Search,1,0
3850630971135697760,2017-04-12 20:23:37.000,Direct,1,0
7656166664902363407,2017-05-04 00:19:28.000,"Direct, Direct, Direct, Referral",4,0
7232068354296514443,2017-05-10 01:04:56.000,Paid Search,1,0
6210742299083383433,2017-06-02 23:54:30.000,Direct,1,0
9591202457292182670,2017-08-01 16:32:15.000,"Referral, Referral, Referral, Referral, Referral, Referral, Referral, Referral",8,0
6854625627420702012,2017-06-09 03:57:22.000,Referral,1,0
3741029495705540856,2017-07-13 12:27:50.000,PURCHASE,1,1
7859759557446158559,2017-07-18 16:35:04.000,Organic Search,1,0
3490620713275982342,2017-07-06 14:38:17.000,Referral,1,0
2422865366235727605,2017-07-31 04:15:32.000,"Direct, Organic Search, Organic Search",3,0
7771285007340524144,2017-08-01 18:35:42.000,"Referral, Referral, Referral, Referral, Referral",5,0
6031648985578862935,2016-09-26 14:06:31.000,"Referral, Referral, Referral, Referral",4,0
5401754363732378575,2016-10-21 17:01:19.000,Organic Search,1,0
3090631969460248576,2016-10-27 18:20:43.000,"Referral, Direct, Direct, Referral, Referral",5,0
562325699784469979,2016-11-30 16:09:46.000,Direct,1,0
5688849744235446525,2016-12-13 16:27:18.000,"Direct, Direct",2,0
8219922685567782284,2017-02-10 21:18:52.000,"Referral, Referral",2,0
0654327480845915716,2017-03-08 04:55:12.000,Organic Search,1,0
939020494867094014,2017-05-10 21:15:18.000,"PURCHASE, Referral",2,1
026286046518884836,2017-04-12 04:25:41.000,"Social, Social",2,0
4938796308846198678,2017-07-12 17:51:08.000,"Referral, Referral, Referral",3,0
1790630358090197146,2017-07-07 18:04:11.000,Referral,1,0
5584411114546174652,2017-07-17 20:05:20.000,"Referral, Organic Search, Organic Search, Organic Search, Referral, Organic Search, Organic Search, Referral",8,0
6099463332301781487,2016-12-15 18:19:47.000,Direct,1,0
6997260560132631354,2017-07-24 15:27:31.000,"Direct, Referral, Referral, Referral, Referral, Referral, Referral, Referral, Referral, Referral, Referral",11,0
3993902620417433296,2017-04-28 16:22:02.000,"Referral, Referral",2,0
3454904914738069096,2016-09-02 01:52:34.000,"Referral, Referral, Referral, Referral, Referral",5,0
8551387579355778160,2016-08-20 00:16:23.000,Referral,1,0
1389079324085467409,2016-08-10 20:10:52.000,Referral,1,0
6374969976921419865,2016-09-06 00:53:46.000,"Direct, Direct, Direct, Direct",4,0
2897955323618920744,2016-08-12 19:43:54.000,Organic Search,1,0
6576312646375701904,2017-04-18 15:16:37.000,"Organic Search, Organic Search, Organic Search, Organic Search, Organic Search, Organic Search, Organic Search, Organic Search",8,0
7435052038545127483,2016-08-25 18:38:13.000,"Referral, Referral",2,0
6007122140557180806,2016-08-25 00:36:58.000,"Organic Search, Organic Search",2,0
5575489198519963160,2016-10-13 00:50:41.000,"PURCHASE, Organic Search, Organic Search, Organic Search, Organic Search, Organic Search",6,2
9493494763769975479,2016-08-27 23:45:25.000,Direct,1,0
8747852564220610479,2016-09-09 21:35:32.000,Referral,1,0
9792836485846811388,2017-05-24 16:20:49.000,"Direct, Referral",2,0
3183822495344470855,2016-09-12 00:21:18.000,Referral,1,0
437168720279817148,2016-09-29 19:21:40.000,"Direct, Referral",2,0
4880074144243472885,2016-09-22 14:28:07.000,"Referral, Referral, Referral, Referral",4,0
6857044423045484850,2016-11-29 18:00:55.000,"Referral, Referral",2,0
5084994463176065937,2016-09-26 18:47:18.000,PURCHASE,1,1
2773216167322949918,2016-11-05 20:29:49.000,"Referral, Display, Referral, Referral, Referral, Referral, Referral",7,0
6790593881313685979,2016-10-04 15:05:04.000,Referral,1,0
062337808774510362,2016-10-06 16:52:46.000,"Display, Display, Display, Display, Display",5,0
3645483034264563148,2016-10-05 18:28:40.000,Referral,1,0
5389664508142113724,2016-11-21 20:36:13.000,Referral,1,0
9725941383382274621,2016-10-27 17:04:49.000,"PURCHASE, Direct, Direct, Direct, Direct, Direct",6,1
1480311877127336013,2016-11-01 13:44:33.000,"Direct, Direct, Organic Search, Organic Search, Organic Search, Organic Search, Organic Search, Organic Search, Organic Search, Organic Search, Organic Search, Organic Search, Organic Search, Organic Search",14,0
5338696842809908912,2016-10-17 18:45:08.000,Referral,1,0
5003448310208712255,2016-12-18 04:58:37.000,"Direct, Direct, Direct",3,0
439585555102338304,2016-11-07 03:31:42.000,Direct,1,0
3593099441368037638,2017-01-06 19:08:37.000,"Display, Display, Display, Display",4,0
6118933348572020566,2016-11-16 15:21:40.000,PURCHASE,1,1
6331108098497207662,2016-11-04 17:33:15.000,"Referral, Referral",2,0
249856897836798285,2016-11-04 20:18:15.000,Referral,1,0
902501703660198350,2016-11-08 00:39:14.000,Direct,1,0
5188382236273817030,2016-11-30 18:13:58.000,"Organic Search, Organic Search, Referral, Referral, Referral, Referral, Referral",7,0
1995748726207840322,2016-12-18 03:29:51.000,"Direct, Direct",2,0
0242463556251231215,2017-05-17 14:19:00.000,"Referral, Referral, Referral",3,0
9884208408379950496,2017-01-21 05:48:19.000,Direct,1,0
5818907015155531907,2017-01-26 02:37:28.000,PURCHASE,1,1
6110976865163605905,2017-01-30 17:06:59.000,Direct,1,0
9913613662127530897,2017-02-02 02:43:45.000,"Direct, Direct, Referral",3,0
6366738125554594213,2017-02-24 22:59:22.000,"PURCHASE, Referral, Referral, Referral, Referral",5,2
5623116547642226257,2017-02-17 20:55:40.000,"Referral, Organic Search, Referral",3,0
6016345222703711048,2017-03-09 16:18:27.000,PURCHASE,1,1
4910197397595636813,2017-03-09 23:39:20.000,Organic Search,1,0
9979550771372989715,2017-03-07 21:40:29.000,Paid Search,1,0
7493980643592684383,2017-04-03 18:50:24.000,Organic Search,1,0
170075213753657012,2017-04-07 02:24:22.000,"Referral, Referral",2,0
1401438949602297317,2017-06-17 19:11:53.000,"Organic Search, Organic Search",2,0
6247107874762400007,2017-06-21 20:09:07.000,Referral,1,0
9849207490494234255,2017-07-17 19:50:18.000,Referral,1,0
135731445166621856,2017-07-17 22:13:03.000,"Referral, Referral, Referral, Referral",4,0
8478498564954638951,2017-07-19 16:22:04.000,Direct,1,0
4921798700570421930,2017-07-25 15:02:39.000,Organic Search,1,0
8904129700986986241,2016-08-17 02:50:44.000,Organic Search,1,0
0036417634769000138,2016-09-30 04:19:04.000,Organic Search,1,0
4377229152478614182,2016-10-19 00:06:23.000,"Referral, Referral",2,0
6145717965471437632,2016-11-17 05:38:17.000,"Organic Search, Referral",2,0
9758237602406121028,2016-11-07 02:37:44.000,Referral,1,0
3119753230515283152,2016-12-16 23:10:30.000,PURCHASE,1,1
1191483048689991981,2016-11-18 19:12:23.000,"Organic Search, Organic Search",2,0
9482544472489334744,2016-12-08 18:47:28.000,"Direct, Referral, Referral, Referral",4,0
7952709367999520186,2016-12-08 21:41:38.000,Organic Search,1,0
3697825790083716939,2017-01-06 20:41:03.000,"Direct, Direct",2,0
8004196057645719276,2017-01-03 21:05:18.000,Organic Search,1,0
4166421942719145577,2017-01-31 17:52:59.000,Referral,1,0
1639589047263376521,2017-03-14 08:11:22.000,"PURCHASE, Referral, Referral, Paid Search, Paid Search, Paid Search",6,5
0906961330340669974,2017-02-17 15:17:43.000,Referral,1,0
856463513443144738,2017-05-11 01:17:19.000,"Referral, Referral, Referral, Referral, Referral, Referral, Referral, Referral, Referral, Referral",10,0
817889198360028730,2017-02-28 18:50:12.000,Direct,1,0
3628984853054173022,2017-03-14 19:28:35.000,"Referral, Referral",2,0
7651073139895028250,2017-03-28 23:46:29.000,"PURCHASE, Referral",2,1
4993852637585406336,2017-05-05 16:08:10.000,"Referral, Referral, Referral",3,0
480596774651345765,2017-03-24 22:08:06.000,Organic Search,1,0
2032509775824369586,2017-04-14 03:33:51.000,"Referral, Referral",2,0
498519259844308517,2017-05-03 14:48:28.000,"Referral, Referral",2,0
7606335731603327424,2017-06-22 18:18:34.000,"Organic Search, Referral",2,0
072256802357894342,2017-05-01 16:59:45.000,Referral,1,0
0188481372919586914,2017-05-24 14:34:44.000,"Referral, Referral, Referral, Referral, Referral, Referral",6,0
6766597568771975772,2017-05-15 08:52:10.000,"Organic Search, Organic Search, Organic Search",3,0
7729298327600931364,2017-05-16 17:09:49.000,Organic Search,1,0
4222446458749632858,2017-05-19 20:51:26.000,Referral,1,0
7039433056529738996,2017-05-22 17:53:14.000,Referral,1,0
0616530401183877867,2017-06-06 19:47:57.000,"Organic Search, Organic Search, Organic Search, Organic Search, Organic Search",5,0
8912902059525758308,2017-07-05 17:37:57.000,Referral,1,0
713731982901764318,2017-07-31 00:09:15.000,"PURCHASE, Referral, Referral, Referral, Referral",5,2
1675171647898452800,2017-07-21 04:38:40.000,"PURCHASE, Referral",2,1
4572473880059546924,2017-07-14 22:15:15.000,"Referral, Referral, Referral, Referral, Referral",5,0
0097563825178820508,2017-07-13 05:27:08.000,Display,1,0
2056532343381851123,2016-12-28 18:34:51.000,Referral,1,0
9207350605949288880,2017-04-06 13:52:26.000,"Organic Search, Organic Search",2,0
6430571014112609987,2017-05-07 17:48:33.000,Referral,1,0
8487348999733948081,2017-05-17 21:29:15.000,Organic Search,1,0
3397610502524811924,2017-06-02 14:30:46.000,Organic Search,1,0
4376369621294658596,2017-07-11 15:26:26.000,"Organic Search, Organic Search",2,0
2158257269735455737,2017-07-08 19:44:01.000,Organic Search,1,0
4260968995177655855,2017-07-19 17:24:47.000,PURCHASE,1,1
1292918695745531394,2016-08-11 15:10:35.000,"Direct, Direct, Direct, Direct, Direct, Direct, Direct, Direct",8,0
0101246539776970727,2016-09-01 16:05:09.000,"Direct, Direct, Direct, Referral",4,0
9941926446046145468,2016-08-12 22:53:44.000,"Referral, Referral, Referral",3,0
5764332296932136654,2016-08-11 18:34:05.000,Referral,1,0
3906774598490786925,2016-08-31 19:03:39.000,"Referral, Referral, Referral",3,0
4621936357749469927,2016-08-16 23:04:05.000,Organic Search,1,0
460762242311738436,2016-09-15 16:25:25.000,Referral,1,0
708033509620826351,2016-08-19 19:26:03.000,Referral,1,0
6476783278979674523,2016-08-23 02:50:09.000,PURCHASE,1,2
8174855155412050430,2016-09-14 22:26:33.000,Organic Search,1,0
9952616174324085427,2016-10-19 18:33:08.000,"Direct, Direct, Direct, Direct, Direct, Direct, Direct, Direct, Direct, Direct, Direct, Direct, Direct",13,0
5617770153245303309,2016-11-23 14:21:31.000,"Direct, Referral, Referral, Referral, Referral, Referral",6,0
2274896289583176093,2016-09-15 20:58:07.000,Referral,1,0
4840616952282133729,2016-10-31 17:11:36.000,PURCHASE,1,1
318787809582411406,2016-10-02 18:29:20.000,"Organic Search, Organic Search",2,0
8441639142548296911,2016-11-04 20:17:51.000,PURCHASE,1,3
1037900960653835938,2016-10-17 20:53:53.000,"Display, Referral",2,0
4986425760802371283,2016-11-04 04:12:30.000,Referral,1,0
2003561262273243977,2016-11-03 18:18:23.000,"Direct, Direct, Direct, Direct, Direct, Direct, Direct, Direct, Direct, Direct",10,0
5427815451754504736,2016-11-07 23:48:39.000,Organic Search,1,0
3153078026846548408,2016-11-17 17:19:12.000,Direct,1,0
9056241680102285255,2016-11-18 18:49:04.000,Referral,1,0
1915070543661509940,2016-11-21 00:25:03.000,Direct,1,0
9880980015643386554,2016-12-20 23:19:38.000,Referral,1,0
0007617910709180468,2016-12-12 16:23:52.000,"Organic Search, Organic Search",2,0
6080228231224064778,2016-12-07 05:53:07.000,Referral,1,0
6392933882994138879,2016-12-09 02:56:25.000,Organic Search,1,0
0170940722150121590,2016-12-10 20:12:34.000,Paid Search,1,0
2072942859070557608,2016-12-15 08:02:01.000,Referral,1,0
2127057091012391877,2016-12-17 21:00:46.000,Paid Search,1,0
8885678008062348404,2017-01-02 17:51:36.000,"Direct, Direct",2,0
2411322974724385937,2017-01-27 15:29:32.000,PURCHASE,1,5
3831723766212483216,2017-02-03 23:15:38.000,"Organic Search, Organic Search",2,0
2709295266531200360,2017-02-07 22:27:55.000,Referral,1,0
539181992389988672,2017-05-14 03:25:19.000,"Referral, Referral",2,0
531496906783225698,2017-02-13 22:57:17.000,Referral,1,0
7278514590734130730,2017-02-17 14:29:01.000,Referral,1,0
6144620538699663193,2017-03-18 16:21:56.000,Social,1,0
8489033194414810248,2017-02-23 17:00:19.000,Organic Search,1,0
0123644124068077489,2017-03-03 01:22:31.000,Organic Search,1,0
8277648855078565042,2017-03-07 20:51:12.000,Paid Search,1,0
5844499585021930653,2017-03-29 21:45:58.000,Direct,1,0
2969957690756250633,2017-04-26 20:56:51.000,"PURCHASE, Organic Search, Organic Search, Organic Search",4,1
1628482803394048934,2017-03-30 15:06:53.000,Organic Search,1,0
7075819454368142073,2017-06-02 19:22:23.000,Organic Search,1,0
4079444337617679182,2017-05-17 14:06:01.000,"Referral, Referral",2,0
779994217986978664,2017-05-11 15:17:24.000,PURCHASE,1,1
5377821611338556054,2017-05-30 19:16:19.000,PURCHASE,1,1
2919716928934208535,2017-06-20 13:47:27.000,"PURCHASE, Referral",2,2
9519825248461982188,2017-07-27 23:50:34.000,"Referral, Referral",2,0
8843039531306434746,2016-09-14 18:50:57.000,"Organic Search, Organic Search",2,0
9467619663210756890,2017-02-20 15:45:36.000,"Organic Search, Organic Search, Organic Search, Organic Search, Organic Search, Organic Search, Direct, Direct, Direct, Direct, Direct, Direct, Direct, Direct, Direct, Direct, Direct, Direct",18,0
7187268430836970062,2016-08-31 00:42:23.000,"Paid Search, Paid Search",2,0
0703271650319125139,2017-04-13 15:12:46.000,"Organic Search, Referral, Referral, Organic Search, Organic Search",5,0
2644257335535694123,2016-10-07 04:41:43.000,"Referral, Referral",2,0
9469223284221868281,2016-12-12 05:55:06.000,"Referral, Referral, Organic Search",3,0
6587536713587064638,2016-12-23 00:16:53.000,"PURCHASE, Referral",2,1
5789628268074280391,2017-03-05 02:40:19.000,"PURCHASE, Referral",2,1
1435684047649600050,2016-12-27 18:17:00.000,Organic Search,1,0
2936634930290678437,2017-01-20 03:30:45.000,"Referral, Referral",2,0
7396384706323570886,2017-01-18 20:09:01.000,Organic Search,1,0
5818907015155531907,2017-01-25 16:57:57.000,"Direct, Referral",2,0
8590369633898567459,2017-03-29 22:52:09.000,"Direct, Direct",2,0
6384329866495516492,2017-05-16 19:54:08.000,"PURCHASE, Referral",2,1
4116206238605404224,2017-05-17 20:41:12.000,"PURCHASE, Referral",2,1
3468133474156348644,2017-05-18 03:03:23.000,Referral,1,0
3051157493054148385,2017-06-05 13:28:22.000,Direct,1,0
403789659645595849,2017-07-13 20:03:33.000,"PURCHASE, Organic Search, Organic Search",3,1
644407009401848542,2017-07-13 18:29:22.000,"Direct, Direct",2,0
806992249032686650,2017-07-14 19:59:22.000,PURCHASE,1,2
1029117971501759934,2016-11-18 00:18:49.000,Referral,1,0
1201830545807654637,2017-01-15 04:19:08.000,Organic Search,1,0
1996773434304553418,2017-02-23 07:45:27.000,Direct,1,0
253940903586003186,2017-03-18 00:07:33.000,"Organic Search, Organic Search",2,0
5651255012455106470,2017-05-10 00:18:05.000,Paid Search,1,0
331726548434689533,2017-06-28 20:54:31.000,Direct,1,0
4955635156977445979,2017-05-19 15:49:08.000,"Organic Search, Organic Search",2,0
7404717158530100525,2017-07-28 00:36:25.000,"Referral, Referral, Referral, Referral",4,0
7023410125494623482,2017-03-21 15:01:21.000,"Referral, Referral, Referral, Referral, Referral, Referral, Referral, Referral, Referral, Referral, Referral, Referral, Organic Search, Referral",14,0
689975324856739942,2016-10-21 22:19:08.000,"Referral, Referral, Referral, Referral, Referral, Referral, Referral",7,0
0084834161383601528,2016-08-16 21:31:43.000,Referral,1,0
8369998346550362748,2016-08-17 16:55:38.000,"Organic Search, Organic Search, Organic Search, Organic Search, Organic Search",5,0
3279130308050377426,2016-08-05 23:47:53.000,Referral,1,0
3948620639294319625,2016-12-07 00:01:11.000,"Referral, Referral",2,0
761363147503026339,2016-08-10 21:37:20.000,Referral,1,0
428377751227330617,2017-04-17 18:18:29.000,Referral,1,0
543454429875721280,2016-08-11 22:50:10.000,Referral,1,0
6492524762666859925,2016-08-17 21:44:35.000,Direct,1,0
7498845751524698890,2016-08-19 03:58:19.000,"Referral, Referral",2,0
2540160459028036466,2016-08-25 16:59:46.000,"Direct, Organic Search",2,0
4221744879183024662,2016-08-29 20:35:13.000,Organic Search,1,0
0185467632009737931,2016-09-02 19:59:58.000,"Referral, Referral, Referral, Referral, Referral",5,0
5399425973335607113,2016-09-07 17:15:14.000,Referral,1,0
8221394973703658443,2016-09-09 20:40:27.000,"Referral, Referral",2,0
7009096450984635011,2016-09-19 17:26:06.000,"Direct, Direct, Direct",3,0
5356435119809410470,2016-11-03 14:43:11.000,"Organic Search, Organic Search, Organic Search, Organic Search, Organic Search, Organic Search",6,0
5155783472607862274,2016-09-28 16:25:52.000,Organic Search,1,0
4951643151731925261,2016-12-14 06:07:10.000,Referral,1,0
3308039382193082920,2016-11-16 03:03:35.000,"Referral, Social, Social, Social",4,0
8488247280044091366,2016-10-26 17:38:33.000,"Display, Organic Search, Referral",3,0
8818233605702333697,2016-10-23 16:11:02.000,Organic Search,1,0
4214801094653561091,2016-11-17 18:19:23.000,"PURCHASE, Referral, Referral, Referral",4,1
0092577710025173656,2017-02-21 18:10:02.000,"PURCHASE, Paid Search",2,1
3751433429956400495,2016-12-07 10:49:15.000,"PURCHASE, Direct, Direct, Direct, Direct, Direct, Direct, Direct, Direct, Direct, Direct",11,1
4175464679743190196,2016-11-09 23:22:23.000,"Referral, Referral",2,0
9725941383382274621,2016-11-23 20:18:25.000,"PURCHASE, Direct",2,2
1193577956005674375,2016-10-29 12:44:01.000,"Organic Search, Organic Search",2,0
1956307607572137989,2016-11-09 16:26:28.000,PURCHASE,1,1
3544551202207893963,2016-11-20 21:21:15.000,Organic Search,1,0
1956307607572137989,2016-12-02 17:33:42.000,PURCHASE,1,6
9338374006954760146,2017-01-05 17:31:54.000,PURCHASE,1,1
9843808262868142262,2016-12-14 05:12:26.000,Paid Search,1,0
239232141736563627,2016-12-14 19:33:04.000,Referral,1,0
1178415213642758789,2016-12-16 00:37:23.000,Referral,1,0
2087690429996100452,2017-06-03 22:37:13.000,Paid Search,1,0
6990629568536689161,2016-12-26 05:17:04.000,Paid Search,1,0
513403330506317388,2017-03-02 04:11:38.000,"PURCHASE, Organic Search, Organic Search, Organic Search",4,1
1596912606849218999,2017-01-19 03:25:19.000,PURCHASE,1,2
8510958331981092876,2017-02-06 01:33:19.000,"Referral, Referral",2,0
2346359290191771618,2017-05-03 16:14:13.000,"Organic Search, Organic Search, Organic Search, Organic Search, Organic Search, Organic Search",6,0
4822424580888281003,2017-04-05 01:34:05.000,"Organic Search, Organic Search, Organic Search",3,0
118139814032445850,2017-06-09 19:21:18.000,"Referral, Referral, Organic Search, Organic Search",4,0
8574963214851619381,2017-05-20 02:41:10.000,"Organic Search, Organic Search, Paid Search",3,0
8386920340998668390,2017-04-18 17:46:05.000,"Direct, Direct, Direct, Direct",4,0
0220695720492664721,2017-04-18 18:02:44.000,PURCHASE,1,2
353894935573695986,2017-04-08 17:19:54.000,Organic Search,1,0
5852501539446782255,2017-04-12 23:49:58.000,Direct,1,0
4463337271590211636,2017-05-02 15:43:51.000,Referral,1,0
5692598567107013181,2017-05-26 14:51:08.000,Direct,1,0
2136452381524374196,2017-05-14 23:34:05.000,Organic Search,1,0
0747495245317338179,2017-07-15 02:03:20.000,"Direct, Direct",2,0
3999554333299831637,2016-08-29 20:11:42.000,"Referral, Referral",2,0
5343854079752182770,2016-10-04 19:55:58.000,"Direct, Direct, Direct, Direct",4,0
8477845554065299759,2016-09-20 15:22:34.000,Organic Search,1,0
0281396010416698886,2016-10-24 20:00:36.000,Organic Search,1,0
8923647985251251100,2016-11-02 15:30:56.000,Direct,1,0
1332936186691040151,2016-12-06 19:53:32.000,"Referral, Referral, Referral, Referral",4,0
6179415313155508546,2016-11-30 15:43:14.000,"Referral, Referral, Referral",3,0
2253237370492207387,2016-12-12 15:58:18.000,Organic Search,1,0
3718124829225998463,2016-12-08 23:03:54.000,"Referral, Referral",2,0
8582544988720326355,2016-12-20 03:09:53.000,"Organic Search, Organic Search",2,0
4618938783388951743,2016-12-14 18:26:27.000,"Referral, Referral, Referral",3,0
8437936763415718280,2016-12-17 00:59:22.000,Referral,1,0
2086976642856727593,2017-04-26 00:52:27.000,"Organic Search, Organic Search, Organic Search, Organic Search",4,0
7404450717900707917,2017-03-27 20:58:28.000,"Direct, Referral",2,0
9935876634073968558,2017-01-19 04:50:31.000,"Social, Social",2,0
7034911966127672083,2017-03-01 16:05:14.000,Referral,1,0
0481562034862119313,2017-02-22 20:53:13.000,"Direct, Direct",2,0
6776660125553091121,2017-05-03 19:43:02.000,"Referral, Referral, Direct, Direct",4,0
3694234028523165868,2017-07-02 20:07:52.000,"Direct, Direct, Direct, Direct, Direct, Direct, Organic Search, Organic Search, Organic Search, Organic Search, Organic Search, Organic Search, Organic Search, Organic Search, Organic Search, Organic Search, Organic Search, Organic Search, Organic Search, Organic Search, Organic Search, Organic Search, Organic Search, Organic Search, Organic Search, Organic Search, Organic Search, Organic Search, Organic Search, Organic Search, Display, Display, Display, Organic Search, Display, Display, Display, Display, Display, Display, Display, Organic Search, Organic Search, Organic Search, Organic Search, Organic Search, Organic Search, Organic Search, Organic Search, Organic Search, Referral, Referral, Display, Display, Display, Display, Display, Display, Organic Search, Organic Search, Organic Search, Organic Search, Organic Search, Organic Search, Organic Search, Organic Search, Organic Search, Organic Search, Organic Search, Organic Search, Display, Display, Organic Search, Organic Search, Organic Search, Organic Search, Organic Search, Organic Search, Affiliates, Affiliates, Affiliates, Affiliates, Organic Search, Organic Search, Organic Search, Organic Search, Display, Display, Display, Display, Display, Display, Display, Organic Search, Organic Search, Organic Search, Organic Search, Referral, Referral, Display, Display",101,0
3247160344848434520,2017-03-09 04:07:52.000,Organic Search,1,0
6818117303364696962,2017-04-01 23:58:19.000,Referral,1,0
6974476474190004026,2017-07-05 22:42:17.000,Referral,1,0
9589822168101300209,2017-04-25 13:34:45.000,"Organic Search, Organic Search",2,0
6768220154263223438,2017-06-03 03:25:16.000,"Referral, Referral",2,0
0793185968741743873,2017-04-20 23:10:18.000,"Organic Search, Organic Search",2,0
6948465282529619891,2017-05-23 14:20:37.000,"Organic Search, Organic Search",2,0
1511861170011403483,2017-05-02 01:15:57.000,Direct,1,0
372706149688864468,2017-07-29 14:02:57.000,"PURCHASE, Referral",2,6
7412836405745272778,2017-05-04 19:29:12.000,Referral,1,0
4120018273259568255,2017-05-11 18:15:51.000,"Display, Display",2,0
4961305064447921198,2017-05-31 07:37:01.000,"Direct, Organic Search, Organic Search, Organic Search, Organic Search",5,0
5112369122544987822,2017-05-25 00:38:58.000,PURCHASE,1,2
5216366697860957799,2017-05-24 17:18:52.000,Direct,1,0
80317544461352905,2017-05-25 01:11:30.000,Organic Search,1,0
5694129009662162026,2017-07-10 16:36:09.000,"Organic Search, Organic Search, Organic Search, Organic Search, Paid Search",5,0
9162599630650052136,2017-06-06 14:20:43.000,"Organic Search, Paid Search, Paid Search",3,0
924091465796731445,2017-06-18 20:52:58.000,"PURCHASE, Referral",2,1
1957458976293878100,2017-06-09 18:33:27.000,"PURCHASE, Display, Display",3,12
4358918846442674981,2017-06-27 19:15:29.000,PURCHASE,1,4
8271448463691293767,2017-06-19 22:05:03.000,Referral,1,0
0968815662109493799,2017-06-18 14:23:46.000,Direct,1,0
5066382323992610838,2017-06-23 03:29:23.000,Referral,1,0
1160204963389257110,2017-06-22 03:31:53.000,"Referral, Referral",2,0
5553543772458021100,2017-06-22 13:09:22.000,Organic Search,1,0
5569275433551045400,2017-07-02 15:04:51.000,Organic Search,1,0
4902563928132780662,2017-07-05 16:35:29.000,"Organic Search, Organic Search",2,0
0429502726115959763,2017-07-10 13:37:58.000,Organic Search,1,0
1182675562893088634,2017-07-25 14:59:55.000,"Referral, Referral, Referral",3,0
5877921283678056526,2017-01-05 22:03:05.000,Referral,1,0
4580502273723821061,2017-02-20 15:34:55.000,Direct,1,0
1759779356678951325,2017-04-28 16:23:39.000,"PURCHASE, Direct, Direct, Direct, Direct, Direct",6,5
3862093055992617004,2017-02-17 23:42:34.000,Direct,1,0
4954104372629148493,2017-03-29 17:52:57.000,"Direct, Direct, Direct, Direct, Direct",5,0
3129381702603062678,2017-04-26 00:27:28.000,"Referral, Referral, Referral, Referral",4,0
0953889584295924240,2017-07-21 13:24:02.000,Direct,1,0
806992249032686650,2017-07-13 18:09:14.000,"Referral, Referral, Referral, Referral",4,0
1420571529363353703,2017-06-13 20:57:59.000,Referral,1,0
8391920835379946793,2017-06-24 19:15:41.000,Paid Search,1,0
7701613595320832147,2017-07-05 22:13:08.000,"Paid Search, Paid Search",2,0
856273082667959194,2017-07-28 19:40:24.000,"Organic Search, Referral, Referral, Referral, Referral, Referral, Referral, Referral, Referral, Referral",10,0
4026449406503874324,2017-07-18 21:04:31.000,Paid Search,1,0
5535500451008773788,2016-08-26 21:39:42.000,Direct,1,0
8202507786150001667,2016-12-16 03:16:00.000,Referral,1,0
4143982060803736810,2016-09-28 15:06:31.000,"Direct, Referral",2,0
1945823643105525576,2017-06-16 07:01:17.000,"Organic Search, Organic Search, Organic Search",3,0
1829928690197170019,2016-08-09 22:36:49.000,Organic Search,1,0
4957244955018681860,2016-08-19 23:10:41.000,Referral,1,0
2195063960372896546,2016-08-12 18:04:58.000,PURCHASE,1,1
6283843372660979164,2016-09-06 17:31:31.000,"Referral, Referral, Referral",3,0
0488236137527169951,2016-08-16 21:42:23.000,"PURCHASE, Referral, Organic Search, Organic Search",4,1
2390791639620297034,2016-08-19 00:10:48.000,Referral,1,0
2668364690542030763,2017-01-24 17:27:26.000,"Organic Search, Organic Search, Paid Search, Display, Organic Search, Organic Search, Paid Search, Paid Search",8,0
3905349665021270549,2016-12-12 17:15:49.000,"Referral, Referral, Referral, Referral",4,0
5525066459488946618,2016-08-25 18:37:47.000,Referral,1,0
8885051388942907862,2016-09-02 14:43:13.000,PURCHASE,1,2
7483600664917507409,2017-07-31 21:40:17.000,"Referral, Referral, Referral, Referral, Referral, Referral, Referral, Referral, Organic Search, Organic Search, Referral, Referral, Referral, Referral, Referral, Organic Search, Organic Search, Referral, Referral, Referral, Referral, Referral, Organic Search, Organic Search, Paid Search",25,0
174589862877239119,2016-09-05 18:41:29.000,"Referral, Referral",2,0
0091992348252102887,2016-09-07 20:58:23.000,Referral,1,0
4520968716061695864,2016-12-14 19:06:25.000,"Organic Search, Organic Search, Organic Search, Organic Search",4,0
9220356678930617046,2016-09-09 17:16:26.000,Referral,1,0
3252602877117379170,2016-09-09 21:39:19.000,Referral,1,0
0385969934087457197,2016-11-07 23:01:49.000,"Paid Search, Referral",2,0
6867968025940635980,2016-09-27 08:10:26.000,Direct,1,0
5803364936823786430,2016-09-29 19:21:48.000,Organic Search,1,0
127019947788366078,2016-10-21 15:04:07.000,"Referral, Referral",2,0
2039413873699191010,2016-11-14 04:20:42.000,"Direct, Direct, Direct, Direct",4,0
3622534010088332289,2016-10-26 05:20:40.000,Organic Search,1,0
6466445486619363515,2016-11-08 16:46:50.000,"Referral, Referral, Referral",3,0
4298610228737693968,2016-12-15 21:09:57.000,"Direct, Referral, Referral, Referral, Referral, Referral",6,0
4584926842212769645,2017-01-22 05:39:30.000,Organic Search,1,0
6079111180589876762,2016-12-02 17:52:27.000,"Organic Search, Paid Search",2,0
3506542625236694217,2016-12-13 04:50:42.000,"Referral, Referral, Referral, Referral, Referral, Referral, Referral",7,0
0084741906853491251,2016-12-16 00:20:36.000,"Referral, Referral, Referral",3,0
3915503045313404486,2016-12-13 20:32:45.000,Referral,1,0
4995924842281653133,2017-02-03 14:15:56.000,"Referral, Referral",2,0
0869668043543534560,2016-12-21 05:05:12.000,Organic Search,1,0
9974351919673138742,2017-07-17 07:32:02.000,"Direct, Referral, Referral",3,0
1740516675967625074,2017-01-19 02:04:58.000,Referral,1,0
7266739596439998508,2017-02-22 00:59:18.000,"PURCHASE, Referral",2,1
689078233091142252,2017-03-22 20:52:13.000,"Direct, Direct, Direct, Direct, Direct, Direct, Direct",7,0
1648291834073448774,2017-03-16 02:23:57.000,Organic Search,1,0
2426082201157703136,2017-04-04 20:24:55.000,Organic Search,1,0
4422531930916613183,2017-05-02 19:07:09.000,"Direct, Direct",2,0
6192730343832686295,2017-05-03 18:23:20.000,"Direct, Direct, Direct",3,0
5112369122544987822,2017-07-12 01:16:25.000,"PURCHASE, Organic Search, Organic Search, Organic Search, Organic Search, Organic Search",6,3
9227772112500941696,2017-06-21 15:41:55.000,"Direct, Direct, Direct",3,0
2940621972871301246,2017-06-19 00:19:52.000,"Organic Search, Organic Search",2,0
5066382323992610838,2017-07-21 19:49:24.000,"PURCHASE, Referral, Referral, Referral, Referral, Referral",6,1
5873856705282402939,2017-06-26 16:40:32.000,Referral,1,0
213465488216513322,2017-06-27 17:08:34.000,PURCHASE,1,4
8804905634731085002,2017-07-05 23:22:26.000,"Organic Search, Organic Search",2,0
7782965489086957079,2017-07-11 18:35:42.000,"PURCHASE, Referral",2,1
8966349442774967540,2017-07-12 03:11:15.000,"Referral, Referral, Referral",3,0
3174192822404489741,2016-08-10 17:00:33.000,Organic Search,1,0
886075905083751330,2016-08-12 23:19:53.000,"Referral, Referral",2,0
4655749242535722816,2016-10-26 13:47:00.000,"Direct, Direct",2,0
3468690642506593738,2016-10-04 14:28:05.000,"Referral, Referral",2,0
5343854079752182770,2017-01-30 19:54:09.000,"PURCHASE, Referral, Referral, Referral, Referral, Referral, Referral, Referral, Referral",9,1
3271544587307271471,2016-10-28 17:09:09.000,Referral,1,0
857789851975853502,2016-11-04 23:02:02.000,"Referral, Referral",2,0
213465488216513322,2017-06-26 15:23:38.000,"PURCHASE, Direct, Direct, Direct, Direct",5,3
4895840976844127163,2016-11-25 15:26:43.000,"Referral, Referral, Referral, Referral, Referral, Referral, Referral, Referral",8,0
1286257134641757416,2016-11-16 22:00:29.000,Referral,1,0
8946514554986669717,2017-01-26 15:59:44.000,Referral,1,0
3478504089708094243,2016-12-01 13:17:13.000,Direct,1,0
243443174438768554,2016-12-12 20:18:50.000,"Organic Search, Organic Search, Organic Search",3,0
8861704144366655271,2016-12-24 01:28:26.000,"Organic Search, Organic Search, Organic Search, Organic Search, Organic Search, Organic Search",6,0
6887689755860406789,2017-02-28 18:56:35.000,"Direct, Direct, Referral, Referral",4,0
8485421393652582878,2017-01-31 18:23:11.000,Direct,1,0
6321703139771704283,2017-02-07 22:26:21.000,Referral,1,0
6006657047016577071,2017-03-10 15:38:01.000,Organic Search,1,0
039355803762628039,2017-02-26 07:16:18.000,Referral,1,0
2090316602240305671,2017-04-17 19:26:35.000,"Referral, Referral, Referral, Referral, Referral",5,0
0377374830135310453,2017-03-11 02:04:39.000,Paid Search,1,0
1618884882553763938,2017-04-01 23:49:37.000,"PURCHASE, Direct, Direct, Direct",4,2
2110584778013739100,2017-04-14 16:03:25.000,Referral,1,0
1066481935929752638,2017-04-21 14:53:41.000,Organic Search,1,0
3439925516647058668,2017-05-05 04:51:05.000,"Referral, Referral, Referral",3,0
3222681460709008330,2017-06-01 18:17:59.000,Organic Search,1,0
4882055783656603340,2017-05-22 13:39:36.000,"Direct, Display, Display, Display, Display",5,0
8855872305889653694,2017-05-04 20:48:36.000,"Organic Search, Organic Search",2,0
0220916715926164647,2017-05-05 18:17:35.000,Direct,1,0
2230990908213053321,2017-05-16 20:11:23.000,"Paid Search, Paid Search, Paid Search",3,0
0191633990580866366,2017-06-01 04:40:18.000,"Referral, Referral",2,0
570123615296033261,2017-06-01 18:11:00.000,Direct,1,0
4136548162519732667,2017-06-30 14:38:35.000,Referral,1,0
4795790370118359645,2017-07-12 21:09:10.000,Referral,1,0
733935141047180090,2017-07-14 23:44:11.000,Organic Search,1,0
9784853758319873850,2017-07-14 18:32:21.000,"Direct, Direct",2,0
4260968995177655855,2017-07-24 18:14:32.000,"PURCHASE, Referral, Referral, Referral, Referral, Referral, Referral, Referral, Referral",9,2
4868132753873877079,2016-10-20 16:00:05.000,Organic Search,1,0
8258605994436403442,2017-03-08 15:59:30.000,"Direct, Direct, Direct, Direct, Direct",5,0
8674967480469977880,2017-02-23 18:10:04.000,Organic Search,1,0
2602171406058495760,2017-05-02 15:27:35.000,"Referral, Referral",2,0
4031993507382416569,2017-05-01 21:39:05.000,"Direct, Direct, Direct",3,0
6513685604083648974,2017-07-18 01:24:09.000,Referral,1,0
2219304947112530029,2017-06-05 17:14:58.000,Social,1,0
8744897619448167360,2017-07-08 00:28:43.000,"PURCHASE, Organic Search, Referral, Referral, Referral, Referral, Referral, Referral, Referral",9,1
4332781117641254031,2017-07-18 07:00:04.000,"Organic Search, Organic Search, Organic Search, Organic Search, Organic Search",5,0
3015350453130669624,2017-02-18 18:00:36.000,"Organic Search, Organic Search, Organic Search, Organic Search, Organic Search, Organic Search, Organic Search",7,0
7383823269227966775,2016-08-15 19:11:38.000,"Referral, Referral, Referral",3,0
0511729257667195605,2016-09-13 20:14:10.000,"Referral, Referral",2,0
3029326010969063453,2016-08-19 23:56:40.000,Referral,1,0
1907472176761894509,2016-08-10 13:59:28.000,"Referral, Referral, Referral",3,0
6256172095558869721,2016-08-12 18:38:07.000,"Direct, Display, Organic Search, Display, Display",5,0
7920081257177282153,2016-08-15 07:00:13.000,Organic Search,1,0
2535148739500640560,2016-11-17 03:04:14.000,Organic Search,1,0
6773336867278757036,2016-08-17 21:55:17.000,"Organic Search, Organic Search, Organic Search",3,0
4752567709813602757,2016-08-25 16:28:30.000,"PURCHASE, Referral",2,1
1707670844479658461,2016-08-24 16:39:58.000,Direct,1,0
4362730247925977615,2016-09-15 19:13:14.000,"Referral, Referral",2,0
071298010648822329,2016-09-20 16:48:38.000,PURCHASE,1,1
2887608315113818426,2016-08-24 20:24:20.000,Display,1,0
7958734805769918855,2016-12-05 16:50:47.000,"Direct, Referral, Display",3,0
759713225034747479,2016-09-12 21:49:44.000,Paid Search,1,0
7801380304889274913,2016-09-30 01:48:31.000,"Referral, Referral, Referral",3,0
0347426080243057728,2017-02-27 15:37:11.000,"Direct, Direct",2,0
783433940623046043,2016-09-16 00:29:18.000,Paid Search,1,0
2009743027244227348,2016-09-22 01:52:49.000,Direct,1,0
979767001637491763,2016-11-03 02:54:00.000,Organic Search,1,0
5218796402079832996,2016-09-29 00:22:16.000,"Direct, Direct, Direct",3,0
5996951375887709557,2016-10-03 13:16:00.000,"Referral, Referral, Referral",3,0
1913537324529991256,2016-10-04 13:20:03.000,Referral,1,0
1786848071715293136,2016-10-04 03:08:59.000,Direct,1,0
690857538975657049,2016-10-24 14:40:15.000,Organic Search,1,0
6268470999753210022,2016-10-06 19:31:36.000,Referral,1,0
1761613768305103159,2016-11-07 17:40:54.000,"Organic Search, Referral",2,0
4329830409734500602,2016-11-01 19:14:35.000,"Direct, Direct, Direct",3,0
1434841168498009838,2016-10-13 15:26:03.000,"Direct, Direct",2,0
9095439474545827790,2016-10-20 15:13:13.000,"Organic Search, Organic Search, Organic Search",3,0
626672651895030919,2016-11-15 00:44:26.000,"Direct, Direct, Referral, Referral, Referral, Organic Search, Organic Search",7,0
6386115578941374832,2016-10-28 21:09:48.000,"Direct, Direct, Direct",3,0
166183639311529563,2016-11-03 02:31:16.000,Organic Search,1,0
2048840372158203598,2016-11-04 19:45:58.000,Organic Search,1,0
3641621588258104680,2016-11-16 03:23:52.000,"Direct, Referral",2,0
1915538933685278364,2017-01-05 16:00:43.000,"Referral, Referral, Referral, Referral, Referral, Referral",6,0
1750309305209868521,2016-12-07 21:32:18.000,"Referral, Referral",2,0
8883064592655631631,2016-12-05 22:16:34.000,"Referral, Referral",2,0
8415446163496582729,2016-12-17 19:31:41.000,"Referral, Referral, Referral",3,0
0881924298992191221,2016-12-15 14:09:37.000,"Direct, Direct, Direct",3,0
765320243480910164,2016-12-22 20:01:12.000,"PURCHASE, Referral",2,1
636165671438716582,2016-12-16 16:14:17.000,Referral,1,0
2958670304005364003,2017-03-29 19:20:47.000,"Referral, Referral, Referral, Referral, Referral, Referral, Referral",7,0
813435824692883942,2017-01-13 21:13:35.000,Organic Search,1,0
1045033759778661078,2017-02-06 23:28:44.000,PURCHASE,1,1
0134817585377058947,2017-01-19 21:11:19.000,"Referral, Referral, Referral",3,0
6576129990528649726,2017-02-23 07:17:16.000,"Organic Search, Organic Search",2,0
5341271361784611942,2017-03-17 20:41:33.000,"PURCHASE, Direct, Direct, Referral",4,3
4724343029185512316,2017-03-16 21:49:29.000,"Organic Search, Organic Search",2,0
485196789418021564,2017-05-21 09:36:19.000,Referral,1,0
1442612237985610717,2017-07-12 16:21:10.000,Organic Search,1,0
0702289726935404752,2017-07-28 12:44:34.000,Referral,1,0
4705524295193430046,2016-11-15 02:10:51.000,"Referral, Referral, Referral, Referral, Referral",5,0
429905913707585380,2016-10-04 14:25:21.000,PURCHASE,1,1
7634897085866546110,2017-01-05 18:34:52.000,"Organic Search, Organic Search, Organic Search, Organic Search, Organic Search, Organic Search, Organic Search, Organic Search, Organic Search, Organic Search, Organic Search, Organic Search, Organic Search, Organic Search, Organic Search, Organic Search, Organic Search, Organic Search, Organic Search, Organic Search, Organic Search, Organic Search, Organic Search, Organic Search, Organic Search, Organic Search, Organic Search, Organic Search, Organic Search, Organic Search, Organic Search, Organic Search, Organic Search, Organic Search, Organic Search, Organic Search",36,0
7771559258178364692,2016-10-30 17:09:56.000,"Direct, Direct, Direct, Referral",4,0
3987795272144398890,2016-12-12 17:30:24.000,"Referral, Referral, Referral, Referral, Referral, Referral",6,0
7549308697995967647,2016-12-26 21:01:04.000,"PURCHASE, Referral, Referral, Referral, Referral, Referral, Referral, Referral, Referral, Referral, Referral, Referral, Referral, Referral, Referral, Referral, Referral, Referral, Referral, Referral, Referral, Referral",22,1
9338374006954760146,2016-12-01 12:34:32.000,Direct,1,0
6548964457968888412,2016-11-04 19:05:31.000,Direct,1,0
0223683667601132018,2016-12-15 04:01:49.000,PURCHASE,1,1
0518977830588706496,2016-12-20 15:34:12.000,Referral,1,0
4033655615670436076,2016-12-09 21:57:02.000,"Referral, Referral",2,0
1229962015086120441,2016-12-11 18:16:13.000,Organic Search,1,0
5065633972911728815,2016-12-20 18:44:04.000,Direct,1,0
1685233972617661487,2017-01-30 08:19:59.000,"Organic Search, Organic Search",2,0
41938820295489339,2017-05-10 18:18:57.000,"Organic Search, Paid Search, Paid Search, Paid Search, Paid Search, Organic Search",6,0
3973742615068285577,2017-02-25 19:51:36.000,Organic Search,1,0
5479473979558156629,2017-03-06 02:44:54.000,Organic Search,1,0
1646747992905805330,2017-04-04 22:08:37.000,"PURCHASE, Organic Search",2,2
4449823229608218315,2017-03-28 21:33:13.000,Direct,1,0
0968874458654116846,2017-04-03 14:56:05.000,Organic Search,1,0
4518093133301401749,2017-04-11 20:03:33.000,"Organic Search, Organic Search, Organic Search, Organic Search, Organic Search",5,0
0370457166717871813,2017-04-10 21:17:42.000,Referral,1,0
4358918846442674981,2017-05-01 15:19:02.000,"PURCHASE, Referral",2,2
3008692530676970793,2017-05-11 04:05:39.000,"Direct, Direct, Direct",3,0
0240776453322054523,2017-05-09 16:17:50.000,"Referral, Referral",2,0
1639072713254976825,2017-06-21 22:36:41.000,"Referral, Referral",2,0
2288612869810526130,2017-05-09 04:34:49.000,Organic Search,1,0
5018379661055949961,2017-05-22 22:50:41.000,"Referral, Referral",2,0
8652691250363359598,2017-06-21 23:44:57.000,"PURCHASE, Referral, Referral",3,1
7481522828290694645,2017-07-07 22:11:20.000,"Organic Search, Organic Search",2,0
0312226371899637611,2017-07-04 22:07:12.000,"Organic Search, Organic Search, Organic Search, Organic Search, Organic Search",5,0
1973770164859106217,2017-07-05 18:39:33.000,Referral,1,0
0795389678082168807,2017-07-25 18:47:16.000,"Organic Search, Organic Search, Organic Search",3,0
599110551792149234,2017-07-20 19:09:12.000,PURCHASE,1,1
5369128368163820088,2017-07-24 19:17:24.000,Referral,1,0
274035778263408429,2017-01-01 22:56:56.000,"Referral, Referral, Referral, Referral, Referral, Referral, Referral",7,0
0554657701286789547,2017-03-23 14:04:31.000,"Direct, Referral, Referral, Referral",4,0
1325914909641958196,2017-01-07 08:00:04.000,Referral,1,0
4548986347672972514,2017-01-17 23:34:15.000,Organic Search,1,0
7045858976815818278,2017-04-27 18:46:01.000,Direct,1,0
2910734526436103085,2017-04-30 02:36:41.000,Organic Search,1,0
9374455635799053074,2017-05-12 19:06:40.000,"Referral, Referral, Referral",3,0
0900425121344019826,2017-06-11 17:19:11.000,Organic Search,1,0
667466244691499033,2017-06-28 18:08:09.000,"Referral, Referral, Referral, Referral",4,0
9972641923092309898,2017-07-30 04:53:12.000,Organic Search,1,0
3912300160509220549,2017-07-18 17:39:21.000,"Referral, Referral, Referral, Referral, Referral, Referral, Referral",7,0
0481361866832333678,2016-08-07 15:59:55.000,Direct,1,0
4652788532519261576,2016-08-14 22:34:45.000,"Paid Search, Organic Search, Paid Search",3,0
4754092935415818645,2016-10-10 17:31:10.000,"Referral, Referral, Referral, Referral, Referral, Referral, Referral, Referral, Referral",9,0
428994201200499894,2016-08-29 13:46:14.000,"PURCHASE, Display, Display, Display, Organic Search",5,1
5896536036728324632,2016-08-28 17:05:25.000,"Organic Search, Paid Search, Paid Search, Paid Search",4,0
5283278344963059120,2016-08-20 23:50:21.000,"Organic Search, Organic Search, Organic Search",3,0
589967396396729491,2016-08-26 22:25:59.000,"PURCHASE, Direct, Direct, Direct, Direct",5,1
4239174393004519889,2016-08-26 01:31:54.000,Paid Search,1,0
1464880667814734999,2016-09-08 16:53:55.000,"Direct, Referral, Referral",3,0
6704169866475773316,2016-09-19 20:35:32.000,Referral,1,0
3979618861854336423,2016-09-26 18:11:04.000,"PURCHASE, Paid Search",2,1
3647087839870525439,2016-09-16 22:06:16.000,"Display, Display, Display, Display",4,0
5491117449549870331,2016-09-26 01:18:01.000,Organic Search,1,0
4474580511359381331,2016-10-03 18:36:20.000,Organic Search,1,0
5563434694269548184,2016-10-11 01:42:50.000,Organic Search,1,0
2630626637929580327,2016-11-05 21:40:05.000,PURCHASE,1,1
6928017474634138268,2016-10-29 13:06:34.000,"Organic Search, Referral",2,0
1294302951834290508,2016-11-02 20:51:07.000,"Direct, Referral",2,0
7435052038545127483,2017-01-17 21:51:27.000,"PURCHASE, Referral, Referral, Referral, Referral, Referral, Referral",7,4
1029117971501759934,2017-01-03 17:05:40.000,PURCHASE,1,1
1576812212871623253,2017-02-14 23:18:59.000,"Referral, Referral, Referral",3,0
1111470101899387454,2016-11-23 10:45:41.000,Paid Search,1,0
7003898420257026546,2016-12-05 18:25:18.000,Organic Search,1,0
6833770537272775789,2016-12-01 16:14:30.000,"Organic Search, Organic Search, Organic Search",3,0
7522022248849575139,2016-12-02 19:17:50.000,Direct,1,0
9457643087878203141,2017-01-06 15:54:10.000,PURCHASE,1,1
3317903560139792360,2016-12-06 08:00:14.000,Referral,1,0
1759779356678951325,2016-12-29 16:48:15.000,"PURCHASE, Direct",2,2
6821649352225770256,2017-01-03 16:47:59.000,Organic Search,1,0
3347706947631375795,2017-01-04 14:07:12.000,Referral,1,0
0586022395219552336,2017-01-31 02:16:42.000,"Referral, Referral",2,0
5557717188766173327,2017-02-01 08:21:56.000,"Organic Search, Organic Search",2,0
3918073616784112922,2017-02-02 15:43:08.000,Organic Search,1,0
5687667730920600613,2017-07-31 18:00:44.000,"PURCHASE, Organic Search, Organic Search, Organic Search, Organic Search, Organic Search, Organic Search, Organic Search, Organic Search, Organic Search, Organic Search, Organic Search, Organic Search, Organic Search, Organic Search, Organic Search, Organic Search, Organic Search, Organic Search, Organic Search, Organic Search, Organic Search, Organic Search, Organic Search, Organic Search, Organic Search, Organic Search, Organic Search, Organic Search, Social, Social, Social, Social, Social, Social, Social, Social, Social, Social, Social, Social, Organic Search, Organic Search, Organic Search, Organic Search, Organic Search, Organic Search, Organic Search, Organic Search, Organic Search",50,1
4134498426819570935,2017-03-12 22:49:14.000,"Organic Search, Organic Search, Organic Search, Organic Search, Organic Search",5,0
4698134628151668241,2017-02-24 20:10:57.000,PURCHASE,1,1
7561014297963838461,2017-03-06 17:26:15.000,"PURCHASE, Organic Search, Organic Search, Organic Search",4,1
1646747992905805330,2017-03-10 22:09:22.000,Organic Search,1,0
3473394703672890486,2017-03-21 16:37:22.000,Organic Search,1,0
6764771330832517063,2017-03-21 21:40:24.000,Referral,1,0
8795588873125044253,2017-04-05 05:02:30.000,Organic Search,1,0
6295250003347725316,2017-04-14 23:53:45.000,Referral,1,0
659736568334808305,2017-06-21 23:42:32.000,Paid Search,1,0
1459360539535171755,2017-07-11 18:44:13.000,"Referral, Referral, Referral",3,0
8925835217447911803,2016-09-14 20:34:37.000,"Referral, Referral, Referral",3,0
7456947093763567293,2016-10-11 16:10:51.000,"Referral, Referral, Referral",3,0
27819532062608348,2016-09-29 00:37:59.000,"Organic Search, Organic Search, Organic Search, Organic Search",4,0
4942841314277512023,2017-02-09 15:40:15.000,"Referral, Referral, Referral, Referral",4,0
4835082938415020542,2016-10-16 15:36:47.000,Direct,1,0
9067391538272092242,2016-11-15 14:16:44.000,Display,1,0
1515533480532794253,2016-12-02 04:13:19.000,Referral,1,0
9967421462090240825,2017-02-15 03:30:06.000,Organic Search,1,0
8328595660449582446,2016-12-12 18:58:57.000,"Referral, Referral",2,0
8668902316036611419,2016-12-22 21:18:46.000,"Referral, Referral, Referral",3,0
4163967138563839128,2017-01-13 20:27:13.000,Direct,1,0
6043590789804259117,2017-02-12 18:14:31.000,Referral,1,0
0365800323147392278,2017-06-13 06:01:58.000,"Direct, Referral, Referral, Referral, Referral, Referral, Referral",7,0
5876745703341154088,2017-02-27 16:38:44.000,Direct,1,0
8048940618687997612,2017-04-11 13:21:41.000,Organic Search,1,0
6006657047016577071,2017-04-25 20:19:54.000,"PURCHASE, Referral, Referral, Referral",4,2
5013441016621351326,2017-04-14 19:38:10.000,Referral,1,0
5818809333488367777,2017-05-24 18:22:28.000,"Direct, Organic Search",2,0
1246382538301098136,2017-04-20 13:18:35.000,Referral,1,0
185156579195979630,2017-06-22 18:12:34.000,"Referral, Referral",2,0
1058991778060723026,2017-05-01 16:36:39.000,Direct,1,0
2645557375569096181,2017-07-07 01:45:10.000,"Direct, Referral, Referral, Referral",4,0
3747999856310382299,2017-07-06 14:48:46.000,"Referral, Referral, Referral, Referral, Organic Search, Referral",6,0
4205053914875923563,2017-06-26 17:09:24.000,Organic Search,1,0
8915655068975271461,2017-07-14 22:20:46.000,"Organic Search, Referral",2,0
1863054289029276927,2017-07-20 20:50:58.000,"Direct, Direct, Direct, Direct, Direct",5,0
7406115845826379585,2017-07-20 23:25:17.000,Referral,1,0
4376572204985925602,2017-07-20 03:34:33.000,"PURCHASE, Organic Search, Organic Search, Organic Search, Organic Search, Organic Search",6,1
8016003971239765913,2017-08-01 21:39:35.000,Referral,1,0
119870259714905967,2016-11-29 04:11:28.000,PURCHASE,1,1
2411322974724385937,2016-12-15 19:13:24.000,PURCHASE,1,1
372706149688864468,2017-01-13 16:54:45.000,PURCHASE,1,2
0844451650874526343,2017-03-06 06:15:30.000,"Referral, Referral, Referral",3,0
2919195515906143823,2017-04-11 03:49:52.000,"Referral, Referral, Referral, Referral, Referral, Referral, Referral, Referral, Referral",9,0
3636762408690332457,2017-03-12 05:29:36.000,Paid Search,1,0
958836049624560006,2017-06-28 14:10:27.000,"Referral, Referral",2,0
6238089889459333091,2017-07-31 22:34:51.000,"PURCHASE, Referral",2,1
3012297793847553299,2017-07-25 03:27:37.000,Referral,1,0
972856631604465767,2017-07-12 16:02:31.000,"Paid Search, Paid Search, Paid Search",3,0
7169974092956652971,2017-07-19 15:51:59.000,Referral,1,0
6390036557697403871,2017-07-20 18:32:01.000,"Organic Search, Organic Search",2,0
3197533100947860058,2017-06-11 07:15:51.000,"PURCHASE, Organic Search, Organic Search, Organic Search, Organic Search",5,3
2736979716085988579,2017-07-06 21:08:48.000,Organic Search,1,0
9234156111722725905,2016-12-11 19:19:04.000,Direct,1,0
5457966268582392647,2016-09-08 23:33:19.000,"Organic Search, Organic Search, Organic Search, Organic Search",4,0
2854722262909538790,2016-09-12 18:08:57.000,Organic Search,1,0
0134543573456503980,2016-10-25 15:54:03.000,"Referral, Referral, Referral, Referral, Referral, Referral, Referral, Organic Search, Organic Search, Organic Search, Organic Search, Organic Search, Organic Search, Organic Search, Organic Search, Paid Search, Organic Search",17,0
2424819170621600503,2016-08-18 21:36:32.000,Referral,1,0
1516955943724404614,2016-08-09 15:12:46.000,Referral,1,0
0193041826287662991,2016-08-18 22:42:17.000,"Direct, Direct",2,0
6293119927870184850,2016-08-12 19:45:08.000,"Referral, Referral, Referral",3,0
770431600902969839,2016-09-02 17:07:51.000,"PURCHASE, Referral, Referral, Referral, Referral",5,1
9807072102349488174,2016-09-01 13:27:29.000,"PURCHASE, Organic Search, Organic Search",3,3
5701386629196414952,2016-11-25 19:19:44.000,"Referral, Referral, Referral, Referral",4,0
2487472362348320358,2016-09-07 16:44:33.000,Paid Search,1,0
6561335265655404482,2016-09-09 13:33:13.000,"Paid Search, Paid Search",2,0
5183210238809213015,2016-09-14 19:15:15.000,Referral,1,0
672079571220837015,2016-10-11 15:31:55.000,Organic Search,1,0
8075224072994529269,2016-11-13 02:05:16.000,Referral,1,0
32664267931257576,2016-09-21 16:19:53.000,Organic Search,1,0
9767254351346198956,2016-10-07 22:10:55.000,"Organic Search, Organic Search",2,0
5409985606814283467,2016-12-01 21:19:36.000,"PURCHASE, Organic Search, Organic Search, Organic Search",4,2
1637147905663688954,2016-10-06 18:57:12.000,"Referral, Referral, Referral",3,0
1267963226019049821,2016-10-22 03:15:02.000,"Direct, Direct, Direct, Direct",4,0
1642287207440792926,2016-10-06 14:16:46.000,Direct,1,0
5768103132936942403,2016-10-17 23:04:18.000,"Organic Search, Organic Search",2,0
8461696435976971245,2016-10-14 21:54:47.000,"Organic Search, Referral",2,0
8392868908637772371,2016-10-26 06:15:16.000,"Referral, Referral, Referral",3,0
3118427910929660866,2016-11-10 21:53:17.000,Organic Search,1,0
3804473994888997849,2016-11-13 00:30:44.000,Organic Search,1,0
0225621684999318305,2016-11-17 18:09:06.000,Display,1,0
2956786142298366932,2017-03-11 18:25:13.000,"Organic Search, Organic Search, Organic Search",3,0
0544099410312340973,2016-12-10 18:37:41.000,Referral,1,0
9282206218253931143,2016-11-25 21:23:14.000,Direct,1,0
6056481761819241487,2017-01-23 17:34:04.000,"Referral, Referral, Referral",3,0
9953956744551076841,2017-06-07 16:07:27.000,Direct,1,0
2964132388460265320,2016-12-12 16:05:25.000,Referral,1,0
6100219091617645291,2016-12-09 02:35:45.000,"Direct, Direct",2,0
25733439009029964,2016-12-10 06:12:36.000,Organic Search,1,0
5749321926429914801,2016-12-14 04:29:49.000,"Referral, Referral",2,0
877309838741280237,2016-12-13 22:20:55.000,"Referral, Referral",2,0
2942212781099976151,2016-12-19 19:02:02.000,"PURCHASE, Organic Search",2,2
1285137808569536764,2017-02-13 20:33:16.000,PURCHASE,1,1
6793059858875608655,2017-02-15 19:18:56.000,"Direct, Referral",2,0
9197517123967159565,2017-02-27 21:03:32.000,"Referral, Referral",2,0
1036690457275487671,2017-04-21 01:10:36.000,"Organic Search, Organic Search",2,0
0220695720492664721,2017-05-16 18:50:05.000,PURCHASE,1,4
1790056396751623380,2017-05-09 23:59:20.000,"Referral, Referral, Referral, Referral, Referral, Referral",6,0
9856403899995722473,2017-07-10 18:31:57.000,"Direct, Direct",2,0
0507664246019057034,2017-07-13 22:52:30.000,"Direct, Direct",2,0
9868557064314705324,2017-07-18 17:27:22.000,Organic Search,1,0
2895356317388379178,2016-10-19 16:22:55.000,"Referral, Referral, Referral, Referral",4,0
871477912823058718,2016-10-27 17:33:24.000,"Direct, Direct, Direct, Referral, Referral",5,0
3738320234051643877,2016-10-24 14:00:13.000,PURCHASE,1,1
7894063271151919255,2016-11-08 22:35:49.000,Organic Search,1,0
2320391139447280387,2017-05-14 00:13:58.000,"Organic Search, Organic Search, Organic Search, Organic Search, Organic Search, Organic Search, Direct",7,0
224703071908989026,2016-12-03 20:08:31.000,"Referral, Referral",2,0
1234072966949787632,2016-12-05 00:12:23.000,Direct,1,0
9478017318518077381,2016-12-16 22:35:21.000,Referral,1,0
2942212781099976151,2016-12-13 16:51:15.000,Display,1,0
7738303201145232755,2017-01-03 20:48:23.000,"Referral, Referral",2,0
1505845633682209456,2016-12-12 15:22:45.000,Referral,1,0
9263433725589070912,2017-04-27 00:12:36.000,"Referral, Referral, Referral, Referral, Referral, Referral, Referral, Referral, Referral, Referral",10,0
5843493310673425771,2016-12-25 18:11:07.000,Referral,1,0
9908767277612583945,2016-12-27 01:42:38.000,"Organic Search, Organic Search",2,0
3449924104971285851,2017-02-01 17:58:56.000,"PURCHASE, Organic Search, Display, Display, Organic Search",5,1
5816018559064540800,2017-02-02 22:44:33.000,"Direct, Direct, Direct, Direct, Referral",5,0
3130970991190166322,2017-02-06 22:14:36.000,Organic Search,1,0
0343104487250705794,2017-02-15 04:18:51.000,"PURCHASE, Organic Search",2,2
5238919505234478700,2017-02-24 04:44:47.000,"Organic Search, Referral",2,0
0114215561909122661,2017-03-01 07:26:13.000,Direct,1,0
2048511066419559359,2017-03-07 20:11:57.000,Referral,1,0
6481826553223579425,2017-03-14 18:12:24.000,"Referral, Referral, Referral, Referral",4,0
1541266830764459196,2017-03-15 23:03:56.000,Referral,1,0
1852474862116270404,2017-03-28 04:01:53.000,PURCHASE,1,1
1238913964603377291,2017-03-23 20:49:33.000,Organic Search,1,0
7347925447338164715,2017-06-10 00:55:31.000,"Referral, Referral, Referral, Referral, Referral, Referral, Organic Search",7,0
5205547777184804145,2017-04-10 00:55:27.000,PURCHASE,1,1
4760897960136355250,2017-05-24 17:25:46.000,"Referral, Referral, Referral, Referral, Referral",5,0
1543258820368301539,2017-06-05 20:36:10.000,"Referral, Referral",2,0
1552171782171201852,2017-06-09 15:41:26.000,"Direct, Direct",2,0
9505484401754648749,2017-07-07 21:42:52.000,"PURCHASE, Referral, Referral, Referral",4,1
2249724102559347990,2017-07-26 17:32:05.000,"Referral, Referral, Referral, Referral",4,0
9926655339980503224,2017-07-24 21:09:33.000,"Direct, Direct",2,0
9039546167108792600,2017-02-09 05:42:40.000,Direct,1,0
1381206547001299402,2017-03-17 20:08:05.000,"Referral, Referral, Referral, Referral, Referral, Referral, Referral",7,0
5341271361784611942,2017-03-20 22:23:56.000,PURCHASE,1,4
1957458976293878100,2017-04-18 15:05:22.000,"PURCHASE, Display, Display, Display, Display, Display, Display, Display, Display, Display",10,5
8361920675798597013,2017-05-14 02:31:06.000,"PURCHASE, Organic Search, Organic Search",3,2
9602459823241782836,2017-07-27 18:31:40.000,"Direct, Direct, Direct",3,0
7576412479791634134,2017-05-12 19:13:28.000,"Organic Search, Organic Search",2,0
4615467220494146394,2017-07-06 05:11:16.000,"Referral, Organic Search",2,0
3742332932978201442,2017-05-30 18:33:14.000,Direct,1,0
4365071413867867273,2017-06-29 16:58:08.000,Social,1,0
7547701694662050330,2017-07-15 04:11:26.000,"Organic Search, Organic Search",2,0
5139927098906360724,2017-07-31 15:16:49.000,"Referral, Referral",2,0
0509972280802528263,2017-08-01 20:59:51.000,"Organic Search, Organic Search, Organic Search",3,0
5003419571069818890,2017-05-09 01:27:52.000,Organic Search,1,0
5610631581931690167,2017-06-13 21:25:36.000,"Organic Search, Organic Search",2,0
4005605575873365444,2016-08-26 00:02:27.000,Referral,1,0
0534798930498547151,2016-08-04 20:32:38.000,Organic Search,1,0
2447459948678913300,2016-08-04 18:26:09.000,"Direct, Direct, Direct, Direct, Referral",5,0
74075706296764845,2016-08-10 17:30:57.000,"Display, Display, Organic Search",3,0
442570016186963075,2016-08-23 13:34:40.000,"Organic Search, Referral, Referral, Referral",4,0
4248528208628232884,2016-09-06 05:13:44.000,"PURCHASE, Referral",2,1
4830184868046076720,2016-08-12 04:23:15.000,"Organic Search, Organic Search, Organic Search",3,0
4324484121871564106,2016-12-03 01:39:52.000,"Referral, Referral, Referral, Referral, Referral, Display, Referral, Referral, Referral, Referral",10,0
8816421642085267829,2016-08-15 07:04:56.000,Organic Search,1,0
0003450834640354121,2016-10-18 21:20:02.000,"Organic Search, Organic Search, Organic Search, Organic Search, Organic Search, Organic Search",6,0
9807072102349488174,2016-08-26 12:57:46.000,"PURCHASE, Organic Search",2,1
9330660893585289377,2016-08-23 15:03:17.000,Organic Search,1,0
127249576187763439,2016-08-21 06:34:30.000,"Paid Search, Paid Search",2,0
5128888224452873031,2016-09-29 14:12:13.000,"PURCHASE, Referral, Referral, Referral",4,1
1169137498046427190,2016-08-30 23:20:27.000,"Referral, Referral",2,0
7756944371260493270,2016-10-13 00:39:59.000,"Direct, Referral, Referral",3,0
7785081763173787250,2016-09-24 16:05:51.000,"Referral, Referral",2,0
2530994471612598919,2016-09-28 00:06:26.000,"Referral, Referral",2,0
4285517250225207636,2016-09-21 18:21:40.000,Organic Search,1,0
2768992120032208683,2016-09-27 23:22:21.000,"Organic Search, Organic Search, Organic Search, Organic Search",4,0
545302570079415113,2017-01-13 01:33:51.000,Referral,1,0
9377429831454005466,2016-10-29 02:12:58.000,"PURCHASE, Organic Search, Organic Search, Organic Search",4,6
2913538643362383211,2016-10-05 01:45:57.000,Social,1,0
8038666867803422742,2016-12-09 08:13:49.000,Referral,1,0
6727676146823335338,2016-10-14 15:55:11.000,Paid Search,1,0
6639228698247175912,2016-11-24 15:23:03.000,"Referral, Referral, Referral",3,0
788289060362109435,2016-11-28 23:49:23.000,"Referral, Referral",2,0
6450328915033226096,2017-01-03 18:25:49.000,"Direct, Direct, Direct, Direct",4,0
1079388627585956636,2016-11-22 02:48:39.000,"Paid Search, Paid Search",2,0
6696207158105789561,2016-12-16 18:16:43.000,"Organic Search, Organic Search",2,0
5879189305349392222,2016-12-03 19:11:35.000,Referral,1,0
1232482218170292968,2017-01-11 02:34:21.000,"Direct, Direct",2,0
5505580572887892960,2016-12-11 01:33:56.000,Organic Search,1,0
5948399215486527929,2016-12-14 22:27:20.000,"Organic Search, Organic Search, Organic Search, Organic Search, Organic Search",5,0
7231437685885066535,2017-02-14 21:28:53.000,"PURCHASE, Referral, Referral, Referral, Referral, Referral",6,1
7930731506451371847,2017-01-18 23:36:57.000,Referral,1,0
1925633389522225305,2017-02-07 17:59:26.000,Organic Search,1,0
0460590127025597143,2017-01-13 14:31:56.000,"Referral, Referral",2,0
7323947562520019941,2017-03-29 13:35:20.000,"PURCHASE, Organic Search, Organic Search, Organic Search, Organic Search, Organic Search, Organic Search",7,1
3136743370771670654,2017-03-17 18:54:35.000,"Paid Search, Referral, Paid Search",3,0
8558475151840397703,2017-04-07 18:13:39.000,"Referral, Referral",2,0
2689318104904444038,2017-03-11 04:14:22.000,Direct,1,0
7266739596439998508,2017-04-05 00:18:54.000,PURCHASE,1,3
5453814942218700103,2017-03-22 02:43:39.000,"Organic Search, Organic Search",2,0
079656074413776629,2017-03-27 14:49:25.000,PURCHASE,1,1
2558254017558848934,2017-05-01 20:01:44.000,Referral,1,0
3287424336851494398,2017-05-02 13:34:53.000,PURCHASE,1,5
3189618204089250537,2017-06-06 20:09:38.000,"Referral, Referral",2,0
9448751983627817237,2017-07-11 05:04:13.000,Referral,1,0
4242693912596237127,2017-07-07 17:45:10.000,Organic Search,1,0
4274511861314211339,2017-07-14 07:01:12.000,Direct,1,0
2128287929750116366,2017-06-28 03:40:40.000,"Organic Search, Direct, Direct",3,0
2920116282116200226,2016-08-26 19:19:47.000,Social,1,0
2003719620641352767,2016-09-14 20:19:11.000,"Organic Search, Organic Search, Organic Search",3,0
3188368730358313533,2016-10-03 22:41:50.000,Direct,1,0
698203322681818933,2016-10-03 15:20:38.000,"Direct, Direct",2,0
7542872879801361567,2016-10-04 19:57:22.000,Referral,1,0
155711517942843047,2017-01-03 19:16:15.000,"Referral, Referral, Organic Search, Organic Search",4,0
7311242886083854158,2016-11-10 23:37:22.000,"Direct, Direct, Direct, Direct, Direct, Direct, Direct, Direct",8,0
7520548445569838487,2016-10-24 14:07:36.000,"Direct, Paid Search",2,0
9805083893536695604,2016-11-01 19:06:49.000,"Direct, Direct",2,0
1642230725550397951,2016-11-28 20:30:31.000,"Organic Search, Referral",2,0
8918875846126233398,2017-01-23 19:02:34.000,"Direct, Display, Display, Display, Display, Display, Display, Display, Display",9,0
6103994353866186506,2017-01-09 00:44:31.000,"Organic Search, Organic Search, Organic Search, Organic Search, Organic Search, Organic Search",6,0
0223683667601132018,2016-12-06 21:49:21.000,"Paid Search, Paid Search, Paid Search, Paid Search, Paid Search",5,0
005339642194263188,2016-12-16 17:46:39.000,"Organic Search, Organic Search, Organic Search, Organic Search, Organic Search, Organic Search, Organic Search, Organic Search, Organic Search, Organic Search, Organic Search, Organic Search, Organic Search",13,0
3213274881393839783,2016-12-14 15:10:39.000,Direct,1,0
6976057682793576646,2017-01-01 03:23:57.000,"Referral, Referral, Referral",3,0
1758403603414007957,2017-01-19 21:30:48.000,"Organic Search, Organic Search, Organic Search",3,0
6022725401734649731,2017-01-26 00:16:54.000,"Referral, Referral",2,0
5969191050952048751,2017-01-29 19:07:10.000,Organic Search,1,0
0906961330340669974,2017-02-23 17:43:12.000,PURCHASE,1,1
489387095051650874,2017-03-19 21:19:23.000,"Direct, Organic Search, Organic Search",3,0
2402527199731150932,2017-04-17 12:33:07.000,PURCHASE,1,11
939020494867094014,2017-04-03 16:44:34.000,"Organic Search, Organic Search, Organic Search, Organic Search",4,0
4928384463163013533,2017-03-26 18:54:20.000,Referral,1,0
253197226133513839,2017-03-26 01:31:11.000,Organic Search,1,0
8410353231365247459,2017-06-28 13:31:37.000,PURCHASE,1,2
3245361038398109550,2017-03-31 16:20:45.000,Organic Search,1,0
3404526408923397238,2017-04-28 01:37:32.000,Referral,1,0
881166026873081385,2017-04-11 18:13:15.000,Referral,1,0
1337744272385974839,2017-06-20 19:54:08.000,Organic Search,1,0
9732382276114221984,2017-04-21 16:37:22.000,Referral,1,0
7109067475137212038,2017-04-29 01:30:52.000,Referral,1,0
140406319378490383,2017-04-24 16:13:41.000,Referral,1,0
3506253985459951484,2017-05-03 20:26:48.000,"Direct, Referral",2,0
8726813153683135107,2017-08-01 14:17:42.000,PURCHASE,1,1
4950411203281265700,2017-07-31 23:42:20.000,"PURCHASE, Direct, Direct",3,2
1989547808289808392,2017-05-08 19:00:31.000,"Referral, Referral",2,0
158490408567482105,2017-05-10 16:45:46.000,Referral,1,0
2543896097453171324,2017-05-12 05:15:39.000,Organic Search,1,0
5484192431501913475,2017-06-14 02:20:19.000,"Referral, Referral, Referral, Referral",4,0
4375149336105085675,2017-06-07 00:43:41.000,Direct,1,0
6426341208737197562,2017-06-11 21:47:07.000,Referral,1,0
4105754576329014219,2017-07-06 02:38:25.000,Direct,1,0
1379238346343753194,2017-06-25 11:13:03.000,"Organic Search, Organic Search",2,0
7457632959414021289,2017-06-30 21:12:14.000,"Referral, Referral",2,0
4771113671766892657,2017-06-30 20:09:20.000,"Referral, Referral, Referral, Referral, Referral, Referral",6,0
0363878417378060116,2017-07-18 15:06:54.000,Referral,1,0
5056841379210378275,2017-07-16 07:00:04.000,"Organic Search, Organic Search, Organic Search, Organic Search",4,0
4884778281436388667,2016-11-28 20:13:13.000,"Referral, Referral",2,0
904113296448524053,2016-12-02 16:41:10.000,Referral,1,0
5274155792937866169,2017-03-05 19:00:04.000,"Referral, Referral, Referral",3,0
7296264109687715813,2017-04-07 07:00:02.000,Referral,1,0
3955127543379144640,2017-05-01 15:14:31.000,"Referral, Referral",2,0
1476938238176225678,2017-07-11 14:51:56.000,"PURCHASE, Referral",2,2
9661775944684760384,2017-05-24 19:18:29.000,"Referral, Referral",2,0
8355761719753398617,2017-05-19 14:56:16.000,"Organic Search, Organic Search",2,0
1135520399480349729,2017-05-30 06:04:52.000,"Referral, Referral",2,0
2623046443543317941,2017-06-18 21:56:42.000,"Referral, Referral",2,0
0183218035021860438,2017-07-10 23:56:16.000,PURCHASE,1,1
081281456829886913,2017-07-22 22:03:24.000,"Referral, Referral",2,0
806992249032686650,2017-07-14 14:48:09.000,"PURCHASE, Referral",2,1
7238649130733042064,2017-07-19 12:17:35.000,"Display, Display, Referral",3,0
3907770685196037697,2016-08-01 20:49:39.000,"Direct, Organic Search, Organic Search",3,0
4906093596537402992,2016-08-25 22:25:24.000,"Referral, Referral",2,0
8436426603099391262,2016-09-02 01:54:37.000,"PURCHASE, Referral, Referral, Referral, Referral, Referral, Referral",7,1
9709755708205339245,2016-08-10 15:45:03.000,Referral,1,0
4473177961901728664,2016-08-10 23:16:23.000,"Referral, Referral, Referral",3,0
831129647030620567,2016-10-11 22:35:42.000,"Referral, Referral, Referral, Referral, Referral, Referral, Referral",7,0
7189989800281794676,2016-09-11 03:37:45.000,Direct,1,0
7247422069602042968,2016-08-16 20:49:29.000,Referral,1,0
5305435864968398252,2016-09-06 13:10:11.000,Affiliates,1,0
1449902026609269877,2016-08-26 08:28:45.000,"Organic Search, Organic Search",2,0
3388245352087757208,2016-10-15 01:59:33.000,"Organic Search, Organic Search, Referral, Paid Search",4,0
9813933631966543232,2016-09-01 14:27:42.000,Direct,1,0
7743552132615586742,2016-09-16 15:26:11.000,PURCHASE,1,1
8867685262588027601,2016-10-03 17:04:48.000,"Referral, Referral, Referral, Referral, Referral, Referral",6,0
0412089515434398683,2017-04-26 12:32:55.000,"Referral, Referral, Referral, Referral, Referral, Referral, Referral, Referral",8,0
9005201499963725625,2016-11-28 18:50:13.000,"Paid Search, Paid Search, Paid Search, Paid Search, Referral, Referral, Referral, Referral, Organic Search, Paid Search",10,0
6903095151297107595,2016-12-01 17:16:37.000,"PURCHASE, Direct, Direct, Direct, Direct, Direct, Direct, Direct, Direct, Direct, Direct",11,2
0060552898118020687,2016-10-16 18:24:10.000,Referral,1,0
8436426603099391262,2016-11-04 13:17:52.000,"PURCHASE, Referral, Organic Search, Referral",4,4
0643723713237461327,2016-11-21 21:16:04.000,"Referral, Referral",2,0
2503504680943602888,2016-11-30 16:11:02.000,"Direct, Direct, Direct, Direct",4,0
8924760956022529477,2016-12-15 18:21:10.000,"Direct, Direct, Referral, Referral, Referral",5,0
6431612783925997248,2016-12-05 21:55:18.000,"Paid Search, Organic Search, Organic Search",3,0
5881420815591584294,2017-03-06 17:09:55.000,"PURCHASE, Referral",2,1
0827721047010562264,2016-12-13 17:08:27.000,Referral,1,0
6168219447090843569,2016-12-16 05:40:10.000,Organic Search,1,0
1081131800379517088,2016-12-16 16:07:23.000,Organic Search,1,0
7819378251108446311,2016-12-24 19:35:28.000,"Organic Search, Organic Search, Organic Search",3,0
0159084910202112487,2017-01-04 17:53:33.000,Direct,1,0
6587875124073983247,2017-01-25 17:43:53.000,Organic Search,1,0
9596568187246807844,2017-01-30 20:53:19.000,Referral,1,0
9034814434587721345,2017-01-31 00:13:40.000,Direct,1,0
0264439262506145643,2017-02-07 15:55:05.000,Referral,1,0
4765001446497893727,2017-03-17 18:24:25.000,Direct,1,0
5287517205291863674,2017-04-05 10:11:34.000,"Direct, Direct",2,0
5342287440571105823,2017-03-07 21:26:35.000,Referral,1,0
0290663072707523580,2017-03-14 19:49:31.000,PURCHASE,1,2
8003711571072690789,2017-06-01 15:23:49.000,"Referral, Referral, Referral, Referral",4,0
7298416213438900925,2017-04-05 20:28:50.000,Organic Search,1,0
0756687281868981844,2017-04-19 19:30:28.000,"Organic Search, Organic Search, Organic Search",3,0
547013638763660090,2017-05-03 19:56:04.000,"Direct, Referral",2,0
8793305437694814320,2017-05-02 17:21:05.000,"Referral, Referral",2,0
5483156497557634103,2017-05-03 21:46:37.000,Social,1,0
3745235510476346702,2016-09-23 09:18:45.000,"Organic Search, Organic Search",2,0
5697412043275754287,2016-10-19 15:06:21.000,"Direct, Direct",2,0
7637940533127194777,2016-12-08 20:32:57.000,"Referral, Referral, Referral, Referral, Referral, Referral, Referral, Referral",8,0
2937923833297072633,2016-10-13 00:02:40.000,"Direct, Direct",2,0
5314537357116205393,2016-10-26 13:23:34.000,Organic Search,1,0
5430879576678891336,2016-11-16 17:50:12.000,Direct,1,0
2444379082594823080,2016-11-14 02:44:28.000,"Organic Search, Organic Search",2,0
7619394198510596551,2016-11-18 17:19:40.000,Referral,1,0
0358654455062914123,2016-11-22 17:50:15.000,Direct,1,0
1515533480532794253,2016-12-23 00:06:44.000,PURCHASE,1,1
8176423825601532068,2017-02-12 20:02:50.000,Organic Search,1,0
6858581199056101379,2017-02-26 18:50:50.000,Referral,1,0
9349161317881541522,2017-03-15 05:40:28.000,"Organic Search, Social, Social",3,0
4531247843823782323,2017-04-14 16:34:21.000,"PURCHASE, Organic Search, Organic Search, Organic Search",4,1
05879659021728039,2017-04-21 15:15:27.000,"Organic Search, Organic Search, Organic Search",3,0
9585994831948642933,2017-04-11 21:57:43.000,Direct,1,0
1205098047899006231,2017-07-07 16:11:50.000,"Direct, Direct, Direct, Direct, Direct",5,0
9441031549900042682,2017-04-16 12:26:57.000,"PURCHASE, Referral",2,1
7178918530572590590,2017-04-25 16:25:50.000,"Referral, Referral",2,0
1202230602124911940,2017-04-26 21:24:52.000,Referral,1,0
2507708267031281102,2017-05-22 05:37:22.000,"Referral, Organic Search, Referral",3,0
4671049020900082348,2017-06-13 14:50:14.000,"Referral, Referral",2,0
3888042706246168759,2017-06-14 19:41:33.000,"Referral, Referral",2,0
5342879446684210628,2017-07-05 13:39:37.000,Organic Search,1,0
0652202420147185334,2017-07-25 16:45:11.000,Organic Search,1,0
4578640586284138624,2016-10-11 00:52:21.000,PURCHASE,1,4
8740176326132717435,2016-11-02 17:05:29.000,"PURCHASE, Organic Search",2,2
4258400920909579017,2017-04-28 23:10:14.000,Direct,1,0
4008726419400228329,2017-03-09 21:54:57.000,"Referral, Referral",2,0
354897802426513779,2017-04-11 13:12:28.000,Referral,1,0
4118472468366626985,2017-05-03 01:56:47.000,"Organic Search, Organic Search",2,0
6459887177399853583,2017-04-09 05:05:22.000,Organic Search,1,0
4358918846442674981,2017-06-12 18:28:00.000,"PURCHASE, Referral, Referral",3,3
4509141952596688546,2017-05-06 01:47:05.000,Organic Search,1,0
157019484210987302,2017-07-22 14:37:08.000,"PURCHASE, Direct, Direct, Direct, Direct, Direct, Display",7,1
5286653810282194817,2017-07-17 19:41:21.000,"Organic Search, Organic Search, Organic Search",3,0
4587210925935196615,2017-07-16 21:23:20.000,Organic Search,1,0
1999942187402858600,2017-07-19 17:27:54.000,Referral,1,0
2779594039917451826,2017-07-24 18:02:34.000,"Referral, Referral",2,0
8091479699447776041,2016-12-20 20:25:05.000,"Organic Search, Organic Search, Organic Search, Organic Search",4,0
3197533100947860058,2017-03-31 12:45:02.000,"PURCHASE, Organic Search, Organic Search, Organic Search, Organic Search, Organic Search",6,1
8719058463049309640,2017-08-01 15:41:41.000,"Referral, Referral",2,0
7344091753437822948,2017-04-18 02:57:53.000,"Direct, Direct, Direct, Direct",4,0
698297406423033664,2017-08-01 19:17:39.000,Organic Search,1,0
2475923624267106686,2016-08-10 20:10:49.000,"Referral, Referral, Referral",3,0
1738541796150061082,2016-08-15 00:35:13.000,"Organic Search, Organic Search, Organic Search, Organic Search",4,0
9562131572678756288,2016-08-28 15:11:23.000,Organic Search,1,0
4303041016027387041,2016-08-11 20:09:06.000,"Referral, Referral, Referral",3,0
0594874658574182443,2016-09-01 17:07:57.000,"Direct, Direct, Direct",3,0
8882815059081298260,2016-08-16 14:18:02.000,Direct,1,0
0894441452857839509,2016-10-12 14:39:52.000,"PURCHASE, Referral, Referral, Referral, Referral, Referral, Referral, Referral, Referral, Referral",10,1
7344519175727343086,2016-08-24 05:52:41.000,"PURCHASE, Organic Search, Organic Search, Organic Search, Organic Search, Organic Search, Organic Search, Organic Search, Organic Search, Organic Search, Organic Search, Organic Search, Organic Search, Organic Search, Organic Search, Organic Search, Organic Search",17,1
6476783278979674523,2016-08-25 04:09:20.000,"PURCHASE, Organic Search",2,3
4587300217226571258,2016-09-20 23:28:09.000,PURCHASE,1,1
2022590988318962074,2016-09-01 05:24:45.000,Direct,1,0
5442500961218255804,2016-10-24 02:38:00.000,"Referral, Referral, Referral, Referral",4,0
5567359390625542326,2016-09-05 22:34:00.000,Organic Search,1,0
7464225335009781401,2016-09-07 00:26:56.000,Organic Search,1,0
4108989538863797757,2016-10-02 21:49:26.000,"Paid Search, Paid Search, Paid Search, Paid Search",4,0
8750631063700257788,2016-09-30 17:49:21.000,"Direct, Direct, Direct, Direct",4,0
4601287963367214394,2016-10-10 22:46:54.000,"Referral, Referral",2,0
9084528523233662200,2016-10-15 19:02:27.000,"Organic Search, Referral",2,0
8436426603099391262,2016-10-12 00:26:57.000,"PURCHASE, Referral",2,3
279642541136862187,2016-09-27 19:04:22.000,"Referral, Referral",2,0
6403591784434905219,2016-10-12 17:22:06.000,"Social, Social",2,0
9017631944623076688,2016-10-04 15:18:09.000,Referral,1,0
5992855371735669214,2016-10-08 18:10:00.000,Organic Search,1,0
566233357235128805,2016-10-20 19:32:07.000,"Referral, Referral, Referral",3,0
921328071414321865,2016-10-17 13:47:25.000,"Organic Search, Organic Search",2,0
3950894021411842984,2016-10-19 18:44:18.000,"Display, Display",2,0
1409238456546431449,2016-10-31 18:05:49.000,"Referral, Referral",2,0
1500993811020181335,2017-03-22 14:53:59.000,"Direct, Direct, Direct, Direct, Direct, Direct, Direct, Direct, Direct",9,0
543654610852010937,2016-12-06 05:06:56.000,"Referral, Referral, Referral, Referral",4,0
8181960330163795224,2016-10-16 22:36:11.000,Organic Search,1,0
1443139528202497204,2016-11-05 19:40:49.000,"Referral, Referral, Referral",3,0
1144912080450618887,2016-10-28 21:10:16.000,PURCHASE,1,2
0248816373515809143,2016-11-08 02:46:26.000,Paid Search,1,0
262536943380332040,2016-11-03 07:22:41.000,"Organic Search, Organic Search",2,0
768998327849146700,2016-12-05 19:34:53.000,"Referral, Referral",2,0
0395012696484203225,2017-01-21 02:04:41.000,"PURCHASE, Display, Display, Display",4,1
3635819362671246004,2017-04-06 18:18:09.000,Referral,1,0
4599293151185767579,2016-12-20 01:55:30.000,Referral,1,0
3133961575709711907,2016-12-30 01:01:21.000,"Referral, Organic Search, Referral, Referral",4,0
5590743844926892757,2017-01-30 18:01:46.000,PURCHASE,1,4
6627479815076599911,2017-02-19 13:20:06.000,"Paid Search, Organic Search",2,0
1563728423937786678,2017-02-08 04:12:27.000,"Referral, Referral",2,0
937994839279902527,2017-02-03 01:40:07.000,Organic Search,1,0
1059009151425872003,2017-02-08 17:48:14.000,"Referral, Referral, Referral, Referral",4,0
4788683874386053804,2017-02-06 23:18:05.000,Organic Search,1,0
3076174797058833907,2017-05-15 19:51:42.000,"Organic Search, Organic Search, Organic Search, Organic Search, Organic Search, Organic Search, Organic Search, Organic Search, Organic Search",9,0
1173816642552637005,2017-03-09 14:26:49.000,Organic Search,1,0
3136743370771670654,2017-03-24 21:48:03.000,PURCHASE,1,1
8793305437694814320,2017-05-07 01:37:41.000,PURCHASE,1,1
3723930083196057545,2017-06-11 17:28:30.000,"Referral, Referral, Referral",3,0
2677639396530855017,2016-08-29 17:13:00.000,Referral,1,0
7360768108223062056,2016-09-15 02:04:32.000,PURCHASE,1,1
4774962189935177504,2016-09-22 20:40:50.000,"Organic Search, Organic Search",2,0
6029872331740528503,2016-10-14 22:16:43.000,"Organic Search, Organic Search, Referral, Referral, Organic Search, Organic Search, Organic Search, Organic Search",8,0
0200858359127299953,2016-12-02 01:28:30.000,"Organic Search, Referral",2,0
9974232250427988367,2016-11-30 20:48:42.000,Direct,1,0
8349616493393634157,2016-11-12 16:01:07.000,"Referral, Referral",2,0
8180841505813977197,2016-11-08 16:41:11.000,Referral,1,0
6572523505337160165,2016-11-24 18:17:55.000,PURCHASE,1,1
3840560758083039332,2016-11-22 00:45:26.000,Direct,1,0
7344052172589114599,2016-12-09 23:12:22.000,"Referral, Organic Search, Referral",3,0
5901801479470276689,2016-11-29 19:14:04.000,"Organic Search, Organic Search",2,0
4297559551664016957,2016-11-30 15:55:15.000,Organic Search,1,0
6016169532034396504,2016-12-11 22:53:46.000,"Referral, Referral, Referral, Referral, Referral, Referral",6,0
9236111873622098497,2016-12-08 22:55:14.000,"Direct, Direct",2,0
2667042982185975310,2017-02-17 17:12:21.000,"Organic Search, Organic Search, Organic Search, Paid Search, Organic Search, Paid Search",6,0
513403330506317388,2017-01-10 14:26:34.000,Organic Search,1,0
2169536133056413010,2016-12-15 22:55:12.000,Organic Search,1,0
1722461121471854562,2016-12-19 15:37:29.000,Organic Search,1,0
4402743200656460463,2016-12-30 01:03:56.000,Organic Search,1,0
5467849241888825970,2017-01-10 22:03:18.000,Organic Search,1,0
3798576854040953242,2017-02-03 19:31:35.000,"Referral, Referral, Referral, Organic Search, Organic Search",5,0
9962134079133468457,2017-02-21 16:31:43.000,Direct,1,0
5189398404527635970,2017-03-28 23:05:23.000,PURCHASE,1,2
9179681626908443847,2017-03-06 18:47:47.000,"Direct, Direct, Direct",3,0
7608996347103620557,2017-04-18 23:05:50.000,Referral,1,0
8609096969354600531,2017-04-28 20:30:47.000,"Paid Search, Paid Search",2,0
8188622413153223313,2017-04-28 23:16:11.000,Direct,1,0
4921413806940784676,2017-05-18 22:35:26.000,"PURCHASE, Organic Search, Organic Search, Organic Search, Organic Search",5,4
4034510370290015321,2017-07-05 19:30:32.000,Direct,1,0
0102527091741838919,2017-06-07 16:51:06.000,"Referral, Referral, Referral",3,0
116147939572219012,2017-06-05 02:30:56.000,Organic Search,1,0
1762309596636885789,2017-06-12 19:45:49.000,"Direct, Direct",2,0
0969777692857274703,2017-06-28 22:39:32.000,"Referral, Referral, Referral, Referral",4,0
0644832033333540742,2017-06-21 14:38:32.000,"Organic Search, Organic Search",2,0
8017023262781664041,2017-06-15 17:02:58.000,Referral,1,0
6416811485882520793,2017-06-23 17:47:31.000,Display,1,0
678346199445584745,2017-06-30 01:40:43.000,Organic Search,1,0
1996186587769697436,2017-08-01 14:58:44.000,PURCHASE,1,1
9263852900501117129,2017-07-19 11:06:38.000,Paid Search,1,0
599110551792149234,2017-07-20 18:29:16.000,Referral,1,0
9035173114644245964,2017-07-21 04:16:28.000,Organic Search,1,0
6052206455243513477,2017-07-25 14:31:40.000,PURCHASE,1,1
391734717153151205,2017-07-27 18:12:53.000,"Paid Search, Paid Search, Paid Search",3,0
186231215995844689,2017-07-31 18:22:54.000,"Organic Search, Referral",2,0
4246596103361426339,2016-12-15 18:29:54.000,PURCHASE,1,1
6928599419401836682,2016-12-21 21:13:35.000,"Direct, Direct, Direct",3,0
7309503915118946070,2016-12-25 22:34:15.000,"Organic Search, Organic Search, Organic Search, Organic Search",4,0
0124850203340830679,2017-04-12 20:45:11.000,"Direct, Direct, Direct",3,0
6192730343832686295,2017-05-08 12:15:50.000,"PURCHASE, Direct, Direct, Direct",4,1
6155038552130877136,2017-05-16 18:29:13.000,"Referral, Referral",2,0
1831648988411088045,2017-05-22 04:02:01.000,Organic Search,1,0
6367005961240877024,2017-06-07 19:17:14.000,Organic Search,1,0
8528637428767255034,2017-06-16 15:51:54.000,"Referral, Referral, Referral, Referral",4,0
9755261936668961758,2017-06-07 23:00:49.000,"Referral, Referral, Referral",3,0
6288323169575819768,2016-08-23 18:36:21.000,"Direct, Direct, Organic Search, Organic Search, Organic Search, Organic Search, Organic Search, Organic Search, Organic Search",9,0
8879965876172125518,2016-08-02 06:26:54.000,Referral,1,0
5284289732058785015,2016-11-07 04:13:45.000,"Referral, Referral, Referral",3,0
2868494413354804849,2016-08-18 20:07:50.000,Paid Search,1,0
6269547197366207744,2016-08-17 04:49:14.000,Referral,1,0
801358685892885658,2016-08-11 02:06:37.000,Referral,1,0
3484260723427894385,2016-08-11 22:40:36.000,Organic Search,1,0
0165989831014724733,2016-10-15 19:12:25.000,"Direct, Direct, Direct, Direct",4,0
5574984436191734530,2016-08-31 13:01:16.000,"Referral, Referral, Referral, Referral, Referral",5,0
8232947695089161227,2016-09-15 14:17:14.000,"PURCHASE, Referral",2,1
0631033932630241909,2016-08-31 03:56:37.000,"Organic Search, Referral",2,0
6664733704830724714,2016-09-02 22:06:35.000,"Referral, Referral, Referral, Referral, Referral",5,0
5657677988182303423,2017-07-05 15:25:00.000,"Referral, Referral, Referral, Referral, Referral",5,0
4193362346989786270,2016-09-08 04:37:17.000,"Organic Search, Organic Search",2,0
5409062916318934931,2016-09-17 16:59:02.000,PURCHASE,1,2
0683358409080092864,2016-09-15 07:13:26.000,"Referral, Referral, Referral",3,0
783696981860862300,2016-09-16 14:25:50.000,Referral,1,0
4995899860057743088,2016-09-16 17:31:57.000,Direct,1,0
627858122618485897,2016-09-26 14:18:21.000,Referral,1,0
5409985606814283467,2016-09-29 00:49:53.000,PURCHASE,1,1
4362809979067745350,2016-10-06 21:28:33.000,"PURCHASE, Referral, Referral",3,2
1729629382364849141,2016-12-27 00:00:46.000,"Direct, Referral",2,0
8986419064533048234,2016-11-26 06:13:10.000,"PURCHASE, Referral",2,1
3859415812077160469,2016-12-14 02:47:28.000,"PURCHASE, Referral, Referral, Referral, Referral",5,1
903092138107493329,2016-12-05 19:26:17.000,"Organic Search, Organic Search",2,0
5677740195938501149,2016-12-05 22:02:37.000,"Organic Search, Organic Search",2,0
0835258838123409003,2016-12-20 22:29:41.000,Referral,1,0
2432203658822493030,2016-12-16 20:58:33.000,"Referral, Referral, Referral",3,0
1827763305655925232,2016-12-19 19:26:37.000,PURCHASE,1,1
3570284952484252371,2016-12-29 03:11:17.000,Referral,1,0
803888563485194008,2017-01-09 19:22:17.000,PURCHASE,1,4
0897654125845152658,2016-12-29 17:02:33.000,Direct,1,0
253217605888117906,2017-02-24 18:41:17.000,"Referral, Referral, Referral, Referral",4,0
3430259988193283726,2017-01-21 19:24:42.000,Paid Search,1,0
7908892250153476680,2017-02-22 01:01:43.000,"Direct, Referral, Referral",3,0
0442021180879108839,2017-03-06 21:17:00.000,Direct,1,0
0955218036984949713,2017-03-29 20:59:03.000,"Direct, Direct, Direct",3,0
8801662579253848745,2017-04-12 00:40:46.000,Referral,1,0
9070662269260587187,2017-04-18 16:06:07.000,"Paid Search, Organic Search",2,0
2402527199731150932,2017-05-02 15:39:47.000,"PURCHASE, Direct",2,13
3939899383128026273,2017-06-01 00:45:12.000,"Direct, Direct",2,0
8239950188993198154,2017-06-12 03:42:33.000,Direct,1,0
5187692235197224679,2017-05-30 18:17:56.000,Direct,1,0
7311242886083854158,2017-08-01 21:44:46.000,"PURCHASE, Direct, Direct, Direct, Direct",5,11
8561076636641751159,2017-06-29 18:05:42.000,"Referral, Referral, Referral",3,0
8718443071348965186,2017-07-17 18:54:11.000,Referral,1,0
2425521720354546737,2016-08-25 07:00:05.000,"Paid Search, Organic Search, Organic Search, Organic Search, Organic Search",5,0
2789186257470781628,2016-09-06 16:36:58.000,"Direct, Direct",2,0
407927208045481071,2016-09-22 22:13:21.000,"PURCHASE, Organic Search",2,1
6738644801977314557,2016-09-30 17:00:43.000,"PURCHASE, Referral",2,1
6878161609945815580,2016-10-11 17:42:42.000,"PURCHASE, Referral, Referral",3,1
7465611519094858811,2016-11-08 18:05:34.000,"Direct, Referral, Referral",3,0
8205269849536680674,2017-04-03 23:02:27.000,"PURCHASE, Referral, Referral, Referral",4,1
5261961522397535940,2016-11-29 18:47:54.000,"Referral, Referral",2,0
0446530628716956924,2016-12-06 18:32:15.000,"Referral, Referral",2,0
9853584520646834627,2016-12-08 00:00:29.000,"Referral, Referral, Referral",3,0
1634435651836897425,2016-12-22 10:28:51.000,Referral,1,0
2592638729105052123,2017-01-13 20:38:01.000,Direct,1,0
3389857819205176144,2017-01-17 16:50:45.000,Direct,1,0
3568334692659354873,2017-03-16 15:06:45.000,"Referral, Referral, Referral, Referral",4,0
5592881072764401031,2017-03-13 14:27:27.000,"Organic Search, Organic Search",2,0
6104963094502152821,2017-04-27 17:42:02.000,"PURCHASE, Referral, Referral, Referral",4,1
4359929883683645809,2017-04-09 02:11:03.000,PURCHASE,1,2
1408568077869595615,2017-05-08 18:27:38.000,Referral,1,0
5054967838682156421,2017-05-23 19:47:21.000,"Direct, Referral, Referral, Referral, Referral, Referral, Referral, Referral",8,0
6247025136768010466,2017-06-05 21:15:38.000,"PURCHASE, Referral, Referral",3,1
0843277149527855905,2017-06-01 22:05:21.000,"Referral, Referral",2,0
5328385563084211127,2017-07-23 00:28:48.000,Referral,1,0
4869304818683909994,2017-06-20 15:44:54.000,"PURCHASE, Referral",2,1
43770390702768717,2017-07-10 14:49:43.000,Direct,1,0
9947665738712650436,2017-07-07 13:35:51.000,"Referral, Referral, Referral",3,0
5199370466032130686,2017-07-29 01:44:10.000,Paid Search,1,0
3449924104971285851,2016-12-28 16:29:05.000,"Paid Search, Organic Search",2,0
0081840705529000272,2017-01-04 19:24:46.000,"Referral, Referral",2,0
7265361594035996306,2017-06-23 15:11:45.000,"Referral, Referral, Referral, Referral",4,0
3970595310898448417,2017-04-13 17:25:31.000,Direct,1,0
9053359699050904883,2017-03-28 06:39:42.000,Referral,1,0
6325377874048923314,2017-07-16 19:54:32.000,"Referral, Referral, Referral",3,0
6646071329246119871,2017-04-21 00:02:37.000,Referral,1,0
5441957633456467994,2017-07-13 03:56:57.000,"Direct, Direct, Direct, Direct, Referral, Referral, Referral, Referral, Referral",9,0
6296763059019207281,2017-06-21 21:39:27.000,"Referral, Referral, Referral",3,0
5656797100186681238,2017-07-03 18:34:13.000,"Referral, Referral",2,0
5155886278275887447,2017-07-04 15:05:56.000,Direct,1,0
0679581364401887394,2017-07-11 18:11:13.000,Organic Search,1,0
3300270774997102814,2017-07-16 23:22:47.000,Organic Search,1,0
4901167500019826035,2017-07-19 07:18:52.000,"Referral, Referral",2,0
1053771337658446740,2017-07-28 21:24:00.000,Referral,1,0
644061149609662421,2017-05-15 13:13:08.000,Referral,1,0
0941726438399473483,2017-06-06 20:27:06.000,PURCHASE,1,1
057693500927581077,2017-07-23 01:01:24.000,"Referral, Referral, Referral",3,0
1751309915031023278,2017-07-26 13:41:19.000,"Organic Search, Organic Search, Organic Search, Organic Search, Organic Search",5,0
1219325807742188295,2016-09-22 15:33:42.000,"Referral, Referral, Referral, Referral",4,0
057601461431341521,2016-08-04 19:53:12.000,"Direct, Direct, Direct",3,0
4043213349973775886,2016-08-08 14:40:42.000,Direct,1,0
876940283010756174,2016-09-06 18:57:09.000,"Referral, Referral, Referral, Referral, Referral, Referral, Referral",7,0
7272617006657421843,2016-08-23 16:28:11.000,"Display, Display, Display",3,0
4403455987499606429,2016-12-12 02:04:17.000,"Direct, Referral, Referral, Referral, Referral, Referral, Referral, Referral, Referral",9,0
020153652546549774,2016-08-18 14:59:56.000,"Referral, Referral",2,0
5933104273088174120,2016-08-14 23:31:04.000,"Paid Search, Paid Search, Paid Search, Paid Search",4,0
476894088375216381,2016-11-28 16:22:12.000,"Organic Search, Organic Search, Organic Search",3,0
3725624217662114621,2016-10-12 23:02:57.000,Organic Search,1,0
666582393118140484,2016-09-16 19:40:32.000,"Direct, Direct",2,0
5747102383457651943,2016-09-21 18:19:35.000,"Direct, Direct",2,0
3498968994216339065,2016-09-24 16:21:29.000,"Referral, Referral",2,0
7538330122216229269,2016-09-19 17:52:29.000,Direct,1,0
5483011806347502134,2017-01-19 20:18:48.000,"Referral, Referral",2,0
5400673732426511835,2016-10-10 01:12:48.000,"Organic Search, Organic Search, Referral, Organic Search, Organic Search, Organic Search, Organic Search, Organic Search, Organic Search, Organic Search, Organic Search",11,0
1254397940815590467,2016-10-11 13:48:41.000,"Referral, Referral, Referral",3,0
1889446797400507159,2016-09-25 23:45:53.000,Direct,1,0
803888563485194008,2016-10-07 23:36:10.000,PURCHASE,1,2
1291592657777580193,2016-10-04 14:22:02.000,Direct,1,0
7557284395994307792,2016-10-07 20:08:34.000,"Referral, Referral",2,0
6587559846712366665,2016-10-10 13:05:20.000,Organic Search,1,0
4076862635585033778,2017-01-10 19:37:11.000,"Direct, Referral, Referral",3,0
4458329221243726234,2017-05-29 19:43:48.000,"Referral, Referral, Referral, Referral, Referral, Referral, Referral, Referral, Referral, Referral, Referral",11,0
5540414739780174811,2016-11-23 00:13:00.000,"PURCHASE, Referral, Referral, Referral",4,1
9125898229130280539,2016-12-06 19:13:12.000,"Referral, Referral, Referral",3,0
379075858210159530,2017-02-05 15:52:30.000,"Referral, Referral, Referral, Referral",4,0
6079111180589876762,2016-12-02 19:13:25.000,PURCHASE,1,1
0053544367470918772,2016-12-06 21:21:17.000,Organic Search,1,0
5520761942554213462,2016-12-10 18:53:18.000,Organic Search,1,0
3271602591909428154,2016-12-07 18:01:44.000,Referral,1,0
7742753003683875687,2017-01-04 18:29:27.000,Display,1,0
5701217119203777445,2016-12-20 16:45:06.000,Direct,1,0
4758916657085060917,2017-01-09 22:59:55.000,"Direct, Referral",2,0
6855059626391376341,2017-01-12 20:41:55.000,"Referral, Referral, Referral, Referral",4,0
8280304533450595822,2017-02-12 11:33:46.000,"PURCHASE, Direct, Organic Search, Organic Search, Organic Search",5,1
7405717600950397747,2017-01-31 03:00:16.000,Referral,1,0
4792411607866172207,2017-02-13 22:22:43.000,Organic Search,1,0
009046037663524262,2017-03-03 15:02:18.000,PURCHASE,1,1
584233587428145418,2017-02-17 22:45:48.000,Referral,1,0
5536585753094480600,2017-05-02 16:05:45.000,"Direct, Direct",2,0
7717237857998968115,2017-04-08 02:53:45.000,"Organic Search, Organic Search",2,0
0482588777140962763,2017-04-11 15:06:35.000,Direct,1,0
8838851880121159305,2017-04-20 04:30:51.000,"Organic Search, Organic Search",2,0
7822178141511453911,2017-04-22 22:50:55.000,"Referral, Referral",2,0
2518379317255532090,2017-05-09 15:53:08.000,"PURCHASE, Organic Search, Organic Search, Referral, Organic Search, Referral",6,1
2766162501835274072,2017-07-31 20:46:08.000,Direct,1,0
6997692197808690953,2016-08-01 15:01:25.000,Referral,1,0
6523689521258381197,2016-10-23 19:43:57.000,"Direct, Direct, Direct, Referral, Referral",5,0
6113762256658740210,2016-10-19 19:18:03.000,Direct,1,0
3462392387008560211,2016-10-07 20:28:00.000,"Organic Search, Organic Search",2,0
6529261967068003894,2016-10-29 22:16:44.000,"Organic Search, Direct, Direct",3,0
4053729275950379466,2016-12-14 18:03:16.000,"Direct, Direct",2,0
8681536568147881987,2016-12-04 01:30:05.000,"Organic Search, Organic Search, Organic Search",3,0
2712138254756572869,2016-12-09 19:51:53.000,Direct,1,0
8670467728578251460,2016-12-09 23:21:05.000,Paid Search,1,0
9000097709332736093,2016-12-17 00:40:31.000,Paid Search,1,0
2308970056076735364,2017-01-11 19:28:32.000,Referral,1,0
0054279989591037024,2017-01-21 19:22:42.000,"Referral, Referral",2,0
9077649148974613765,2017-01-30 21:41:55.000,Referral,1,0
481095003060297640,2017-03-09 23:00:03.000,"Direct, Referral, Referral",3,0
7131571032267158042,2017-03-15 05:54:22.000,Direct,1,0
1646747992905805330,2017-03-13 19:14:38.000,PURCHASE,1,1
8611515155255472281,2017-03-13 00:37:52.000,Direct,1,0
5603141733790765998,2017-03-21 02:38:23.000,"Referral, Referral, Referral",3,0
3970595310898448417,2017-05-30 15:49:53.000,PURCHASE,1,1
6589067113499479000,2017-05-03 03:40:33.000,Referral,1,0
5513556639437908117,2017-05-30 18:24:10.000,"Organic Search, Organic Search, Referral",3,0
8836497360273825933,2017-07-27 16:36:56.000,Direct,1,0
7687734256049052066,2016-11-03 16:18:24.000,Referral,1,0
8439876649327753892,2017-02-22 20:19:15.000,"Referral, Referral",2,0
4602383891226401804,2017-03-29 14:03:53.000,"Paid Search, Paid Search, Organic Search",3,0
1170870521562725854,2017-03-29 01:53:39.000,"Referral, Referral, Referral",3,0
4177916265915368824,2017-06-02 22:26:36.000,Referral,1,0
2665204442613686910,2017-06-23 15:49:38.000,Organic Search,1,0
6014980722805375499,2017-07-28 01:37:30.000,"Referral, Referral, Referral, Referral, Referral, Referral, Referral, Referral",8,0
5239443997664471780,2017-07-29 21:38:25.000,Referral,1,0
