VISITOR_ID,PURCHASE_SESSION_ID,TOUCHPOINT_SESSION_ID,TOUCHPOINT_CHANNEL_GROUPING,LINEAR_CREDIT_TRANSACTIONS,LINEAR_CREDIT_REVENUE,LAST_TOUCH_CREDIT_TRANSACTIONS,LAST_TOUCH_CREDIT_REVENUE
9401702056400438327,9401702056400438327-1493827942-1493827942,9401702056400438327-1493827720-1493827720,Direct,0.500000,16.595,0,0
9401702056400438327,9401702056400438327-1493827942-1493827942,9401702056400438327-1493827942-1493827942,Referral,0.500000,16.595,1,33.19
8855225089630002391,8855225089630002391-1495044995-1495044995,8855225089630002391-1494863215-1494863215,Direct,0.333333,18.786666667,0,0
8855225089630002391,8855225089630002391-1495044995-1495044995,8855225089630002391-1495044995-1495044995,Referral,0.333333,18.786666667,1,56.36
8855225089630002391,8855225089630002391-1495044995-1495044995,8855225089630002391-1494972682-1494972682,Referral,0.333333,18.786666667,0,0
1205098047899006231,1205098047899006231-1499443910-1499443910,1205098047899006231-1492546798-1492546798,Direct,0.333333,10.23,0,0
1205098047899006231,1205098047899006231-1499443910-1499443910,1205098047899006231-1492566847-1492566847,Direct,0.333333,10.23,0,0
1205098047899006231,1205098047899006231-1499443910-1499443910,1205098047899006231-1492538364-1492538364,Direct,0.333333,10.23,0,0
1205098047899006231,1205098047899006231-1499443910-1499443910,1205098047899006231-1491922918-1491922918,Direct,0.333333,10.23,0,0
1205098047899006231,1205098047899006231-1499443910-1499443910,1205098047899006231-1492667014-1492667014,Direct,0.333333,10.23,0,0
1205098047899006231,1205098047899006231-1499443910-1499443910,1205098047899006231-1499443910-1499443910,Referral,0.333333,10.23,2,61.38
1311682260438379600,1311682260438379600-1500947431-1500947431,1311682260438379600-1500947431-1500947431,Referral,0.333333,6.243333333,1,18.73
1311682260438379600,1311682260438379600-1500947431-1500947431,1311682260438379600-1500491101-1500491101,Organic Search,0.333333,6.243333333,0,0
1311682260438379600,1311682260438379600-1500947431-1500947431,1311682260438379600-1500487291-1500487291,Organic Search,0.333333,6.243333333,0,0
2215681073032687184,2215681073032687184-1475271147-1475271147,2215681073032687184-1470085235-1470085235,Direct,0.166667,22.496666667,0,0
2215681073032687184,2215681073032687184-1475271147-1475271147,2215681073032687184-1475267749-1475267749,Referral,0.166667,22.496666667,0,0
2215681073032687184,2215681073032687184-1475271147-1475271147,2215681073032687184-1470238873-1470238873,Direct,0.166667,22.496666667,0,0
2215681073032687184,2215681073032687184-1475271147-1475271147,2215681073032687184-1470234760-1470234760,Direct,0.166667,22.496666667,0,0
2215681073032687184,2215681073032687184-1475271147-1475271147,2215681073032687184-1470194271-1470194271,Direct,0.166667,22.496666667,0,0
2215681073032687184,2215681073032687184-1475271147-1475271147,2215681073032687184-1475271147-1475271147,Referral,0.166667,22.496666667,1,134.98
0324564641241038377,0324564641241038377-1494858999-1494858999,0324564641241038377-1488324475-1488324475,Direct,0.100000,8.385,0,0
0324564641241038377,0324564641241038377-1494858999-1494858999,0324564641241038377-1493846144-1493846144,Organic Search,0.100000,8.385,0,0
0324564641241038377,0324564641241038377-1494858999-1494858999,0324564641241038377-1494858999-1494858999,Organic Search,0.100000,8.385,1,83.85
0324564641241038377,0324564641241038377-1494858999-1494858999,0324564641241038377-1494612885-1494612885,Organic Search,0.100000,8.385,0,0
0324564641241038377,0324564641241038377-1494858999-1494858999,0324564641241038377-1494798629-1494798629,Organic Search,0.100000,8.385,0,0
0324564641241038377,0324564641241038377-1494858999-1494858999,0324564641241038377-1494821649-1494821649,Organic Search,0.100000,8.385,0,0
0324564641241038377,0324564641241038377-1494858999-1494858999,0324564641241038377-1493854273-1493854273,Organic Search,0.100000,8.385,0,0
0324564641241038377,0324564641241038377-1494858999-1494858999,0324564641241038377-1494607923-1494607923,Organic Search,0.100000,8.385,0,0
0324564641241038377,0324564641241038377-1494858999-1494858999,0324564641241038377-1488561085-1488561085,Direct,0.100000,8.385,0,0
0324564641241038377,0324564641241038377-1494858999-1494858999,0324564641241038377-1494370294-1494370294,Organic Search,0.100000,8.385,0,0
7849560023703448121,7849560023703448121-1477924812-1477924812,7849560023703448121-1477920697-1477920697,Referral,0.100000,57.022,0,0
7849560023703448121,7849560023703448121-1477924812-1477924812,7849560023703448121-1477924812-1477924812,Referral,0.100000,57.022,1,570.22
7849560023703448121,7849560023703448121-1477924812-1477924812,7849560023703448121-1476920991-1476920991,Direct,0.100000,57.022,0,0
7849560023703448121,7849560023703448121-1477924812-1477924812,7849560023703448121-1477875165-1477875165,Referral,0.100000,57.022,0,0
7849560023703448121,7849560023703448121-1477924812-1477924812,7849560023703448121-1476925676-1476925676,Referral,0.100000,57.022,0,0
7849560023703448121,7849560023703448121-1477924812-1477924812,7849560023703448121-1476986995-1476986995,Referral,0.100000,57.022,0,0
7849560023703448121,7849560023703448121-1477924812-1477924812,7849560023703448121-1477873073-1477873073,Referral,0.100000,57.022,0,0
7849560023703448121,7849560023703448121-1477924812-1477924812,7849560023703448121-1473958514-1473958514,Direct,0.100000,57.022,0,0
7849560023703448121,7849560023703448121-1477924812-1477924812,7849560023703448121-1476219166-1476219166,Direct,0.100000,57.022,0,0
7849560023703448121,7849560023703448121-1477924812-1477924812,7849560023703448121-1477881521-1477881521,Referral,0.100000,57.022,0,0
4329684992044034266,4329684992044034266-1496352661-1496352661,4329684992044034266-1493597776-1493597776,Direct,0.333333,5.33,0,0
4329684992044034266,4329684992044034266-1496352661-1496352661,4329684992044034266-1496352661-1496352661,Paid Search,0.333333,5.33,1,15.99
4329684992044034266,4329684992044034266-1496352661-1496352661,4329684992044034266-1496272770-1496272770,Paid Search,0.333333,5.33,0,0
1295206490988113981,1295206490988113981-1494712820-1494712820,1295206490988113981-1494166632-1494166632,Organic Search,0.500000,52.655,0,0
1295206490988113981,1295206490988113981-1494712820-1494712820,1295206490988113981-1494712820-1494712820,Referral,0.500000,52.655,1,105.31
4015497886107875347,4015497886107875347-1474305511-1474305511,4015497886107875347-1474213718-1474213718,Social,0.200000,4.238,0,0
4015497886107875347,4015497886107875347-1474305511-1474305511,4015497886107875347-1474305511-1474305511,Social,0.200000,4.238,1,21.19
4015497886107875347,4015497886107875347-1474305511-1474305511,4015497886107875347-1473971607-1473971607,Referral,0.200000,4.238,0,0
4015497886107875347,4015497886107875347-1474305511-1474305511,4015497886107875347-1473971659-1473971659,Social,0.200000,4.238,0,0
4015497886107875347,4015497886107875347-1474305511-1474305511,4015497886107875347-1471656092-1471656092,Referral,0.200000,4.238,0,0
0436141361480108416,0436141361480108416-1478904213-1478904213,0436141361480108416-1477664382-1477664382,Organic Search,0.200000,16.716,0,0
0436141361480108416,0436141361480108416-1478904213-1478904213,0436141361480108416-1478833540-1478833540,Referral,0.200000,16.716,0,0
0436141361480108416,0436141361480108416-1478904213-1478904213,0436141361480108416-1478031661-1478031661,Organic Search,0.200000,16.716,0,0
0436141361480108416,0436141361480108416-1478904213-1478904213,0436141361480108416-1478032050-1478032050,Referral,0.200000,16.716,0,0
0436141361480108416,0436141361480108416-1478904213-1478904213,0436141361480108416-1478904213-1478904213,Referral,0.200000,16.716,1,83.58
6052206455243513477,6052206455243513477-1500844993-1500844993,6052206455243513477-1500844592-1500844592,Direct,0.333333,601.133333333,0,0
6052206455243513477,6052206455243513477-1500844993-1500844993,6052206455243513477-1500844993-1500844993,Referral,0.333333,601.133333333,1,1803.4
6052206455243513477,6052206455243513477-1500844993-1500844993,6052206455243513477-1500576308-1500576308,Direct,0.333333,601.133333333,0,0
3637274724338240822,3637274724338240822-1493421845-1493421845,3637274724338240822-1493421766-1493421766,Direct,0.333333,11.863333333,0,0
3637274724338240822,3637274724338240822-1493421845-1493421845,3637274724338240822-1493418805-1493418805,Direct,0.333333,11.863333333,0,0
3637274724338240822,3637274724338240822-1493421845-1493421845,3637274724338240822-1493421845-1493421845,Social,0.333333,11.863333333,1,35.59
2650142233022384920,2650142233022384920-1481475570-1481475570,2650142233022384920-1481475570-1481475570,Referral,0.500000,67.425,1,134.85
2650142233022384920,2650142233022384920-1481475570-1481475570,2650142233022384920-1481475490-1481475490,Direct,0.500000,67.425,0,0
3133961575709711907,3133961575709711907-1483059681-1483059681,3133961575709711907-1482866467-1482866467,Organic Search,0.200000,205.75,0,0
3133961575709711907,3133961575709711907-1483059681-1483059681,3133961575709711907-1482866480-1482866480,Referral,0.200000,205.75,0,0
3133961575709711907,3133961575709711907-1483059681-1483059681,3133961575709711907-1482864042-1482864042,Referral,0.200000,205.75,0,0
3133961575709711907,3133961575709711907-1483059681-1483059681,3133961575709711907-1482882889-1482882889,Referral,0.200000,205.75,0,0
3133961575709711907,3133961575709711907-1483059681-1483059681,3133961575709711907-1483059681-1483059681,Referral,0.200000,205.75,1,1028.75
9295804456839509915,9295804456839509915-1475964376-1475964376,9295804456839509915-1475780507-1475780507,Direct,0.333333,39.136666667,0,0
9295804456839509915,9295804456839509915-1475964376-1475964376,9295804456839509915-1475964376-1475964376,Referral,0.333333,39.136666667,1,117.41
9295804456839509915,9295804456839509915-1475964376-1475964376,9295804456839509915-1475711477-1475711477,Direct,0.333333,39.136666667,0,0
783433940623046043,783433940623046043-1473985758-1473985758,783433940623046043-1473985715-1473985715,Paid Search,0.500000,16.985,0,0
783433940623046043,783433940623046043-1473985758-1473985758,783433940623046043-1473985758-1473985758,Organic Search,0.500000,16.985,1,33.97
223992111609267003,223992111609267003-1482091232-1482091232,223992111609267003-1481242794-1481242794,Organic Search,0.142857,3.284285714,0,0
223992111609267003,223992111609267003-1482091232-1482091232,223992111609267003-1482091232-1482091232,Referral,0.142857,3.284285714,1,22.99
223992111609267003,223992111609267003-1482091232-1482091232,223992111609267003-1482091231-1482091231,Referral,0.142857,3.284285714,0,0
223992111609267003,223992111609267003-1482091232-1482091232,223992111609267003-1482091168-1482091168,Organic Search,0.142857,3.284285714,0,0
223992111609267003,223992111609267003-1482091232-1482091232,223992111609267003-1480303332-1480303332,Organic Search,0.142857,3.284285714,0,0
223992111609267003,223992111609267003-1482091232-1482091232,223992111609267003-1480810524-1480810524,Organic Search,0.142857,3.284285714,0,0
223992111609267003,223992111609267003-1482091232-1482091232,223992111609267003-1480187840-1480187840,Organic Search,0.142857,3.284285714,0,0
3435879975978458700,3435879975978458700-1481326587-1481326587,3435879975978458700-1481326567-1481326567,Paid Search,0.333333,14.326666667,0,0
3435879975978458700,3435879975978458700-1481326587-1481326587,3435879975978458700-1480637956-1480637956,Organic Search,0.333333,14.326666667,0,0
3435879975978458700,3435879975978458700-1481326587-1481326587,3435879975978458700-1481326587-1481326587,Organic Search,0.333333,14.326666667,1,42.98
318787809582411406,318787809582411406-1475432960-1475432960,318787809582411406-1475353656-1475353656,Organic Search,0.333333,22.33,0,0
318787809582411406,318787809582411406-1475432960-1475432960,318787809582411406-1475269082-1475269082,Organic Search,0.333333,22.33,0,0
318787809582411406,318787809582411406-1475432960-1475432960,318787809582411406-1475432960-1475432960,Referral,0.333333,22.33,1,66.99
6033687710864775123,6033687710864775123-1481574909-1481574909,6033687710864775123-1481574825-1481574825,Organic Search,0.500000,16.09,0,0
6033687710864775123,6033687710864775123-1481574909-1481574909,6033687710864775123-1481574909-1481574909,Referral,0.500000,16.09,1,32.18
6318304675637687761,6318304675637687761-1481219878-1481219878,6318304675637687761-1481219878-1481219878,Paid Search,0.333333,81.693333333,1,245.08
6318304675637687761,6318304675637687761-1481219878-1481219878,6318304675637687761-1481032361-1481032361,Paid Search,0.333333,81.693333333,0,0
6318304675637687761,6318304675637687761-1481219878-1481219878,6318304675637687761-1476724239-1476724239,Referral,0.333333,81.693333333,0,0
8035947432073895250,8035947432073895250-1475008659-1475008659,8035947432073895250-1474563944-1474563944,Organic Search,0.100000,14.699,0,0
8035947432073895250,8035947432073895250-1475008659-1475008659,8035947432073895250-1474526740-1474526740,Organic Search,0.100000,14.699,0,0
8035947432073895250,8035947432073895250-1475008659-1475008659,8035947432073895250-1474872204-1474872204,Organic Search,0.100000,14.699,0,0
8035947432073895250,8035947432073895250-1475008659-1475008659,8035947432073895250-1475008615-1475008615,Organic Search,0.100000,14.699,0,0
8035947432073895250,8035947432073895250-1475008659-1475008659,8035947432073895250-1474924285-1474924285,Organic Search,0.100000,14.699,0,0
8035947432073895250,8035947432073895250-1475008659-1475008659,8035947432073895250-1474569045-1474569045,Organic Search,0.100000,14.699,0,0
8035947432073895250,8035947432073895250-1475008659-1475008659,8035947432073895250-1474944495-1474944495,Organic Search,0.100000,14.699,0,0
8035947432073895250,8035947432073895250-1475008659-1475008659,8035947432073895250-1475008657-1475008657,Referral,0.100000,14.699,0,0
8035947432073895250,8035947432073895250-1475008659-1475008659,8035947432073895250-1474938072-1474938072,Organic Search,0.100000,14.699,0,0
8035947432073895250,8035947432073895250-1475008659-1475008659,8035947432073895250-1475008659-1475008659,Referral,0.100000,14.699,1,146.99
4260968995177655855,4260968995177655855-1500482145-1500482145,4260968995177655855-1499781942-1499781942,Referral,0.111111,61.044444444,0,0
4260968995177655855,4260968995177655855-1500482145-1500482145,4260968995177655855-1499798220-1499798220,Referral,0.111111,61.044444444,0,0
4260968995177655855,4260968995177655855-1500482145-1500482145,4260968995177655855-1499832862-1499832862,Referral,0.111111,61.044444444,0,0
4260968995177655855,4260968995177655855-1500482145-1500482145,4260968995177655855-1500482145-1500482145,Referral,0.111111,61.044444444,1,549.4
4260968995177655855,4260968995177655855-1500482145-1500482145,4260968995177655855-1499311862-1499311862,Referral,0.111111,61.044444444,0,0
4260968995177655855,4260968995177655855-1500482145-1500482145,4260968995177655855-1499744597-1499744597,Referral,0.111111,61.044444444,0,0
4260968995177655855,4260968995177655855-1500482145-1500482145,4260968995177655855-1498857530-1498857530,Referral,0.111111,61.044444444,0,0
4260968995177655855,4260968995177655855-1500482145-1500482145,4260968995177655855-1498538221-1498538221,Direct,0.111111,61.044444444,0,0
4260968995177655855,4260968995177655855-1500482145-1500482145,4260968995177655855-1500237123-1500237123,Referral,0.111111,61.044444444,0,0
4662582475416192396,4662582475416192396-1488242984-1488242984,4662582475416192396-1488242984-1488242984,Referral,0.250000,140.95,1,563.8
4662582475416192396,4662582475416192396-1488242984-1488242984,4662582475416192396-1487964692-1487964692,Organic Search,0.250000,140.95,0,0
4662582475416192396,4662582475416192396-1488242984-1488242984,4662582475416192396-1488242778-1488242778,Organic Search,0.250000,140.95,0,0
4662582475416192396,4662582475416192396-1488242984-1488242984,4662582475416192396-1487694995-1487694995,Organic Search,0.250000,140.95,0,0
0674198499072575604,0674198499072575604-1473615548-1473615548,0674198499072575604-1473475142-1473475142,Referral,0.250000,19.935,0,0
0674198499072575604,0674198499072575604-1473615548-1473615548,0674198499072575604-1473513788-1473513788,Referral,0.250000,19.935,0,0
0674198499072575604,0674198499072575604-1473615548-1473615548,0674198499072575604-1473475077-1473475077,Direct,0.250000,19.935,0,0
0674198499072575604,0674198499072575604-1473615548-1473615548,0674198499072575604-1473615548-1473615548,Referral,0.250000,19.935,1,79.74
2618807484848182971,2618807484848182971-1500869814-1500869814,2618807484848182971-1500853360-1500853360,Organic Search,0.166667,7.006666667,0,0
2618807484848182971,2618807484848182971-1500869814-1500869814,2618807484848182971-1499206242-1499206242,Organic Search,0.166667,7.006666667,0,0
2618807484848182971,2618807484848182971-1500869814-1500869814,2618807484848182971-1498777098-1498777098,Organic Search,0.166667,7.006666667,0,0
2618807484848182971,2618807484848182971-1500869814-1500869814,2618807484848182971-1500869814-1500869814,Organic Search,0.166667,7.006666667,1,42.04
2618807484848182971,2618807484848182971-1500869814-1500869814,2618807484848182971-1499570025-1499570025,Organic Search,0.166667,7.006666667,0,0
2618807484848182971,2618807484848182971-1500869814-1500869814,2618807484848182971-1498426041-1498426041,Paid Search,0.166667,7.006666667,0,0
2105686286348643381,2105686286348643381-1471647245-1471647245,2105686286348643381-1471556721-1471556721,Referral,0.333333,20.993333333,0,0
2105686286348643381,2105686286348643381-1471647245-1471647245,2105686286348643381-1471647245-1471647245,Referral,0.333333,20.993333333,1,62.98
2105686286348643381,2105686286348643381-1471647245-1471647245,2105686286348643381-1471556492-1471556492,Organic Search,0.333333,20.993333333,0,0
69563023975860043,69563023975860043-1477004067-1477004067,69563023975860043-1477003940-1477003940,Organic Search,0.500000,20.48,0,0
69563023975860043,69563023975860043-1477004067-1477004067,69563023975860043-1477004067-1477004067,Referral,0.500000,20.48,1,40.96
1748823667691888878,1748823667691888878-1473532455-1473532455,1748823667691888878-1473515685-1473515685,Organic Search,0.333333,28.573333333,0,0
1748823667691888878,1748823667691888878-1473532455-1473532455,1748823667691888878-1473517446-1473517446,Referral,0.333333,28.573333333,0,0
1748823667691888878,1748823667691888878-1473532455-1473532455,1748823667691888878-1473532455-1473532455,Organic Search,0.333333,28.573333333,1,85.72
6172293608941431508,6172293608941431508-1471129654-1471129654,6172293608941431508-1471052111-1471052111,Organic Search,0.250000,9.715,0,0
6172293608941431508,6172293608941431508-1471129654-1471129654,6172293608941431508-1471129654-1471129654,Referral,0.250000,9.715,1,38.86
6172293608941431508,6172293608941431508-1471129654-1471129654,6172293608941431508-1471055471-1471055471,Referral,0.250000,9.715,0,0
6172293608941431508,6172293608941431508-1471129654-1471129654,6172293608941431508-1471122702-1471122702,Referral,0.250000,9.715,0,0
054391506396728030,054391506396728030-1485194006-1485194006,054391506396728030-1484250041-1484250041,Direct,0.500000,16.95,0,0
054391506396728030,054391506396728030-1485194006-1485194006,054391506396728030-1485194006-1485194006,Referral,0.500000,16.95,1,33.9
0395012696484203225,0395012696484203225-1480710420-1480710420,0395012696484203225-1480704190-1480704190,Paid Search,0.500000,49.49,0,0
0395012696484203225,0395012696484203225-1480710420-1480710420,0395012696484203225-1480710420-1480710420,Display,0.500000,49.49,1,98.98
5343854079752182770,5343854079752182770-1475610958-1475610958,5343854079752182770-1473958223-1473958223,Direct,0.200000,53.392,0,0
5343854079752182770,5343854079752182770-1475610958-1475610958,5343854079752182770-1474492860-1474492860,Direct,0.200000,53.392,0,0
5343854079752182770,5343854079752182770-1475610958-1475610958,5343854079752182770-1474550045-1474550045,Direct,0.200000,53.392,0,0
5343854079752182770,5343854079752182770-1475610958-1475610958,5343854079752182770-1475526230-1475526230,Direct,0.200000,53.392,0,0
5343854079752182770,5343854079752182770-1475610958-1475610958,5343854079752182770-1475610958-1475610958,Referral,0.200000,53.392,1,266.96
4230960861530232531,4230960861530232531-1500407652-1500407652,4230960861530232531-1500407333-1500407333,Organic Search,0.333333,11.783333333,0,0
4230960861530232531,4230960861530232531-1500407652-1500407652,4230960861530232531-1500404479-1500404479,Organic Search,0.333333,11.783333333,0,0
4230960861530232531,4230960861530232531-1500407652-1500407652,4230960861530232531-1500407652-1500407652,Referral,0.333333,11.783333333,1,35.35
9017249703406411169,9017249703406411169-1486504620-1486504620,9017249703406411169-1486503588-1486503588,Direct,0.500000,150.925,0,0
9017249703406411169,9017249703406411169-1486504620-1486504620,9017249703406411169-1486504620-1486504620,Referral,0.500000,150.925,1,301.85
202488139684365954,202488139684365954-1493422034-1493422034,202488139684365954-1493422034-1493422034,Social,0.333333,13.53,1,40.59
202488139684365954,202488139684365954-1493422034-1493422034,202488139684365954-1493422005-1493422005,Referral,0.333333,13.53,0,0
202488139684365954,202488139684365954-1493422034-1493422034,202488139684365954-1493223053-1493223053,Referral,0.333333,13.53,0,0
705052516935438684,705052516935438684-1492619620-1492619620,705052516935438684-1492619609-1492619609,Referral,0.333333,12.316666667,0,0
705052516935438684,705052516935438684-1492619620-1492619620,705052516935438684-1492615988-1492615988,Referral,0.333333,12.316666667,0,0
705052516935438684,705052516935438684-1492619620-1492619620,705052516935438684-1492619620-1492619620,Social,0.333333,12.316666667,1,36.95
6593140710602470169,6593140710602470169-1480613163-1480613163,6593140710602470169-1480031660-1480031660,Referral,0.200000,9.596,0,0
6593140710602470169,6593140710602470169-1480613163-1480613163,6593140710602470169-1480613163-1480613163,Referral,0.200000,9.596,1,47.98
6593140710602470169,6593140710602470169-1480613163-1480613163,6593140710602470169-1478217392-1478217392,Referral,0.200000,9.596,0,0
6593140710602470169,6593140710602470169-1480613163-1480613163,6593140710602470169-1480033033-1480033033,Display,0.200000,9.596,0,0
6593140710602470169,6593140710602470169-1480613163-1480613163,6593140710602470169-1476886282-1476886282,Referral,0.200000,9.596,0,0
407927208045481071,407927208045481071-1474582401-1474582401,407927208045481071-1474081205-1474081205,Referral,0.333333,11.726666667,0,0
407927208045481071,407927208045481071-1474582401-1474582401,407927208045481071-1474582401-1474582401,Referral,0.333333,11.726666667,1,35.18
407927208045481071,407927208045481071-1474582401-1474582401,407927208045481071-1474305111-1474305111,Organic Search,0.333333,11.726666667,0,0
5155886278275887447,5155886278275887447-1499180756-1499180756,5155886278275887447-1499180160-1499180160,Direct,0.500000,29.77,0,0
5155886278275887447,5155886278275887447-1499180756-1499180756,5155886278275887447-1499180756-1499180756,Referral,0.500000,29.77,1,59.54
5709093382250533707,5709093382250533707-1488905319-1488905319,5709093382250533707-1488772943-1488772943,Direct,0.250000,22.2125,0,0
5709093382250533707,5709093382250533707-1488905319-1488905319,5709093382250533707-1488773046-1488773046,Organic Search,0.250000,22.2125,0,0
5709093382250533707,5709093382250533707-1488905319-1488905319,5709093382250533707-1488905319-1488905319,Organic Search,0.250000,22.2125,1,88.85
5709093382250533707,5709093382250533707-1488905319-1488905319,5709093382250533707-1488881398-1488881398,Organic Search,0.250000,22.2125,0,0
8436426603099391262,8436426603099391262-1485890093-1485890093,8436426603099391262-1482158001-1482158001,Referral,0.285714,117.305714286,0,0
8436426603099391262,8436426603099391262-1485890093-1485890093,8436426603099391262-1483477450-1483477450,Organic Search,0.285714,117.305714286,0,0
8436426603099391262,8436426603099391262-1485890093-1485890093,8436426603099391262-1485807801-1485807801,Referral,0.285714,117.305714286,0,0
8436426603099391262,8436426603099391262-1485890093-1485890093,8436426603099391262-1485804327-1485804327,Referral,0.285714,117.305714286,0,0
8436426603099391262,8436426603099391262-1485890093-1485890093,8436426603099391262-1481814160-1481814160,Referral,0.285714,117.305714286,0,0
8436426603099391262,8436426603099391262-1485890093-1485890093,8436426603099391262-1482373632-1482373632,Organic Search,0.285714,117.305714286,0,0
8436426603099391262,8436426603099391262-1485890093-1485890093,8436426603099391262-1485890093-1485890093,Referral,0.285714,117.305714286,2,821.14
4288975239586722821,4288975239586722821-1471032280-1471032280,4288975239586722821-1471019881-1471019881,Direct,0.200000,21.89,0,0
4288975239586722821,4288975239586722821-1471032280-1471032280,4288975239586722821-1471032280-1471032280,Referral,0.200000,21.89,1,109.45
4288975239586722821,4288975239586722821-1471032280-1471032280,4288975239586722821-1471023821-1471023821,Referral,0.200000,21.89,0,0
4288975239586722821,4288975239586722821-1471032280-1471032280,4288975239586722821-1471029294-1471029294,Referral,0.200000,21.89,0,0
4288975239586722821,4288975239586722821-1471032280-1471032280,4288975239586722821-1471023561-1471023561,Direct,0.200000,21.89,0,0
7112946707690589198,7112946707690589198-1484668811-1484668811,7112946707690589198-1484668811-1484668811,Display,0.333333,19.78,1,59.34
7112946707690589198,7112946707690589198-1484668811-1484668811,7112946707690589198-1482524851-1482524851,Display,0.333333,19.78,0,0
7112946707690589198,7112946707690589198-1484668811-1484668811,7112946707690589198-1480446771-1480446771,Referral,0.333333,19.78,0,0
4143932736586919766,4143932736586919766-1499641759-1499641759,4143932736586919766-1498531272-1498531272,Referral,0.200000,5.248,0,0
4143932736586919766,4143932736586919766-1499641759-1499641759,4143932736586919766-1498708561-1498708561,Referral,0.200000,5.248,0,0
4143932736586919766,4143932736586919766-1499641759-1499641759,4143932736586919766-1498533590-1498533590,Referral,0.200000,5.248,0,0
4143932736586919766,4143932736586919766-1499641759-1499641759,4143932736586919766-1499641759-1499641759,Organic Search,0.200000,5.248,1,26.24
4143932736586919766,4143932736586919766-1499641759-1499641759,4143932736586919766-1496201635-1496201635,Referral,0.200000,5.248,0,0
5021888768610000663,5021888768610000663-1500477606-1500477606,5021888768610000663-1500409428-1500409428,Direct,0.500000,18.835,0,0
5021888768610000663,5021888768610000663-1500477606-1500477606,5021888768610000663-1500477606-1500477606,Referral,0.500000,18.835,1,37.67
5188382236273817030,5188382236273817030-1480529638-1480529638,5188382236273817030-1479319200-1479319200,Referral,0.125000,26,0,0
5188382236273817030,5188382236273817030-1480529638-1480529638,5188382236273817030-1479255742-1479255742,Organic Search,0.125000,26,0,0
5188382236273817030,5188382236273817030-1480529638-1480529638,5188382236273817030-1479424416-1479424416,Referral,0.125000,26,0,0
5188382236273817030,5188382236273817030-1480529638-1480529638,5188382236273817030-1479335091-1479335091,Referral,0.125000,26,0,0
5188382236273817030,5188382236273817030-1480529638-1480529638,5188382236273817030-1479333001-1479333001,Referral,0.125000,26,0,0
5188382236273817030,5188382236273817030-1480529638-1480529638,5188382236273817030-1479247505-1479247505,Organic Search,0.125000,26,0,0
5188382236273817030,5188382236273817030-1480529638-1480529638,5188382236273817030-1479404511-1479404511,Referral,0.125000,26,0,0
5188382236273817030,5188382236273817030-1480529638-1480529638,5188382236273817030-1480529638-1480529638,Referral,0.125000,26,1,208
8200024559872067967,8200024559872067967-1493912932-1493912932,8200024559872067967-1493887993-1493887993,Social,0.200000,7.718,0,0
8200024559872067967,8200024559872067967-1493912932-1493912932,8200024559872067967-1493909382-1493909382,Social,0.200000,7.718,0,0
8200024559872067967,8200024559872067967-1493912932-1493912932,8200024559872067967-1493912932-1493912932,Social,0.200000,7.718,1,38.59
8200024559872067967,8200024559872067967-1493912932-1493912932,8200024559872067967-1493836680-1493836680,Referral,0.200000,7.718,0,0
8200024559872067967,8200024559872067967-1493912932-1493912932,8200024559872067967-1487777294-1487777294,Referral,0.200000,7.718,0,0
5613784133853070022,5613784133853070022-1498246944-1498246944,5613784133853070022-1498238811-1498238811,Referral,0.250000,85.8275,0,0
5613784133853070022,5613784133853070022-1498246944-1498246944,5613784133853070022-1498246944-1498246944,Referral,0.250000,85.8275,1,343.31
5613784133853070022,5613784133853070022-1498246944-1498246944,5613784133853070022-1498238628-1498238628,Organic Search,0.250000,85.8275,0,0
5613784133853070022,5613784133853070022-1498246944-1498246944,5613784133853070022-1497295157-1497295157,Organic Search,0.250000,85.8275,0,0
2368551524406489641,2368551524406489641-1471242308-1471242308,2368551524406489641-1470940384-1470940384,Referral,0.142857,31.178571429,0,0
2368551524406489641,2368551524406489641-1471242308-1471242308,2368551524406489641-1470936795-1470936795,Referral,0.142857,31.178571429,0,0
2368551524406489641,2368551524406489641-1471242308-1471242308,2368551524406489641-1470891082-1470891082,Organic Search,0.142857,31.178571429,0,0
2368551524406489641,2368551524406489641-1471242308-1471242308,2368551524406489641-1470893618-1470893618,Referral,0.142857,31.178571429,0,0
2368551524406489641,2368551524406489641-1471242308-1471242308,2368551524406489641-1470936763-1470936763,Organic Search,0.142857,31.178571429,0,0
2368551524406489641,2368551524406489641-1471242308-1471242308,2368551524406489641-1471242308-1471242308,Referral,0.142857,31.178571429,1,218.25
2368551524406489641,2368551524406489641-1471242308-1471242308,2368551524406489641-1470424072-1470424072,Organic Search,0.142857,31.178571429,0,0
7804796494256061450,7804796494256061450-1494716739-1494716739,7804796494256061450-1484025649-1484025649,Display,0.333333,8.976666667,0,0
7804796494256061450,7804796494256061450-1494716739-1494716739,7804796494256061450-1488431598-1488431598,Organic Search,0.333333,8.976666667,0,0
7804796494256061450,7804796494256061450-1494716739-1494716739,7804796494256061450-1494716739-1494716739,Organic Search,0.333333,8.976666667,1,26.93
7445235885559107095,7445235885559107095-1490034267-1490034267,7445235885559107095-1479320396-1479320396,Direct,0.020833,0.72875,0,0
7445235885559107095,7445235885559107095-1490034267-1490034267,7445235885559107095-1480460453-1480460453,Organic Search,0.020833,0.72875,0,0
7445235885559107095,7445235885559107095-1490034267-1490034267,7445235885559107095-1489185030-1489185030,Organic Search,0.020833,0.72875,0,0
7445235885559107095,7445235885559107095-1490034267-1490034267,7445235885559107095-1479320573-1479320573,Organic Search,0.020833,0.72875,0,0
7445235885559107095,7445235885559107095-1490034267-1490034267,7445235885559107095-1486054345-1486054345,Display,0.020833,0.72875,0,0
7445235885559107095,7445235885559107095-1490034267-1490034267,7445235885559107095-1487872857-1487872857,Display,0.020833,0.72875,0,0
7445235885559107095,7445235885559107095-1490034267-1490034267,7445235885559107095-1483462888-1483462888,Display,0.020833,0.72875,0,0
7445235885559107095,7445235885559107095-1490034267-1490034267,7445235885559107095-1489525963-1489525963,Organic Search,0.020833,0.72875,0,0
7445235885559107095,7445235885559107095-1490034267-1490034267,7445235885559107095-1483122957-1483122957,Display,0.020833,0.72875,0,0
7445235885559107095,7445235885559107095-1490034267-1490034267,7445235885559107095-1488215908-1488215908,Display,0.020833,0.72875,0,0
7445235885559107095,7445235885559107095-1490034267-1490034267,7445235885559107095-1489675288-1489675288,Organic Search,0.020833,0.72875,0,0
7445235885559107095,7445235885559107095-1490034267-1490034267,7445235885559107095-1487278202-1487278202,Display,0.020833,0.72875,0,0
7445235885559107095,7445235885559107095-1490034267-1490034267,7445235885559107095-1490034267-1490034267,Organic Search,0.020833,0.72875,1,34.98
7445235885559107095,7445235885559107095-1490034267-1490034267,7445235885559107095-1488994840-1488994840,Organic Search,0.020833,0.72875,0,0
7445235885559107095,7445235885559107095-1490034267-1490034267,7445235885559107095-1484064225-1484064225,Display,0.020833,0.72875,0,0
7445235885559107095,7445235885559107095-1490034267-1490034267,7445235885559107095-1487094859-1487094859,Display,0.020833,0.72875,0,0
7445235885559107095,7445235885559107095-1490034267-1490034267,7445235885559107095-1484259217-1484259217,Display,0.020833,0.72875,0,0
7445235885559107095,7445235885559107095-1490034267-1490034267,7445235885559107095-1488490912-1488490912,Display,0.020833,0.72875,0,0
7445235885559107095,7445235885559107095-1490034267-1490034267,7445235885559107095-1490016267-1490016267,Organic Search,0.020833,0.72875,0,0
7445235885559107095,7445235885559107095-1490034267-1490034267,7445235885559107095-1489694968-1489694968,Organic Search,0.020833,0.72875,0,0
7445235885559107095,7445235885559107095-1490034267-1490034267,7445235885559107095-1485796431-1485796431,Display,0.020833,0.72875,0,0
7445235885559107095,7445235885559107095-1490034267-1490034267,7445235885559107095-1485185219-1485185219,Display,0.020833,0.72875,0,0
7445235885559107095,7445235885559107095-1490034267-1490034267,7445235885559107095-1487962154-1487962154,Display,0.020833,0.72875,0,0
7445235885559107095,7445235885559107095-1490034267-1490034267,7445235885559107095-1483548480-1483548480,Display,0.020833,0.72875,0,0
7445235885559107095,7445235885559107095-1490034267-1490034267,7445235885559107095-1481060458-1481060458,Display,0.020833,0.72875,0,0
7445235885559107095,7445235885559107095-1490034267-1490034267,7445235885559107095-1489691548-1489691548,Organic Search,0.020833,0.72875,0,0
7445235885559107095,7445235885559107095-1490034267-1490034267,7445235885559107095-1483460256-1483460256,Display,0.020833,0.72875,0,0
7445235885559107095,7445235885559107095-1490034267-1490034267,7445235885559107095-1483130578-1483130578,Display,0.020833,0.72875,0,0
7445235885559107095,7445235885559107095-1490034267-1490034267,7445235885559107095-1483978666-1483978666,Display,0.020833,0.72875,0,0
7445235885559107095,7445235885559107095-1490034267-1490034267,7445235885559107095-1486074737-1486074737,Display,0.020833,0.72875,0,0
7445235885559107095,7445235885559107095-1490034267-1490034267,7445235885559107095-1485971780-1485971780,Display,0.020833,0.72875,0,0
7445235885559107095,7445235885559107095-1490034267-1490034267,7445235885559107095-1487285146-1487285146,Display,0.020833,0.72875,0,0
7445235885559107095,7445235885559107095-1490034267-1490034267,7445235885559107095-1483474721-1483474721,Display,0.020833,0.72875,0,0
7445235885559107095,7445235885559107095-1490034267-1490034267,7445235885559107095-1489686101-1489686101,Organic Search,0.020833,0.72875,0,0
7445235885559107095,7445235885559107095-1490034267-1490034267,7445235885559107095-1489770502-1489770502,Organic Search,0.020833,0.72875,0,0
7445235885559107095,7445235885559107095-1490034267-1490034267,7445235885559107095-1487777586-1487777586,Display,0.020833,0.72875,0,0
7445235885559107095,7445235885559107095-1490034267-1490034267,7445235885559107095-1487270026-1487270026,Display,0.020833,0.72875,0,0
7445235885559107095,7445235885559107095-1490034267-1490034267,7445235885559107095-1486058499-1486058499,Display,0.020833,0.72875,0,0
7445235885559107095,7445235885559107095-1490034267-1490034267,7445235885559107095-1486582925-1486582925,Display,0.020833,0.72875,0,0
7445235885559107095,7445235885559107095-1490034267-1490034267,7445235885559107095-1489165594-1489165594,Organic Search,0.020833,0.72875,0,0
7445235885559107095,7445235885559107095-1490034267-1490034267,7445235885559107095-1487172066-1487172066,Display,0.020833,0.72875,0,0
7445235885559107095,7445235885559107095-1490034267-1490034267,7445235885559107095-1486067208-1486067208,Display,0.020833,0.72875,0,0
7445235885559107095,7445235885559107095-1490034267-1490034267,7445235885559107095-1488492349-1488492349,Organic Search,0.020833,0.72875,0,0
7445235885559107095,7445235885559107095-1490034267-1490034267,7445235885559107095-1490026442-1490026442,Organic Search,0.020833,0.72875,0,0
7445235885559107095,7445235885559107095-1490034267-1490034267,7445235885559107095-1487865495-1487865495,Display,0.020833,0.72875,0,0
7445235885559107095,7445235885559107095-1490034267-1490034267,7445235885559107095-1487372146-1487372146,Display,0.020833,0.72875,0,0
7445235885559107095,7445235885559107095-1490034267-1490034267,7445235885559107095-1489177939-1489177939,Organic Search,0.020833,0.72875,0,0
7445235885559107095,7445235885559107095-1490034267-1490034267,7445235885559107095-1490022746-1490022746,Organic Search,0.020833,0.72875,0,0
9471233281786880311,9471233281786880311-1476829487-1476829487,9471233281786880311-1476801390-1476801390,Referral,0.100000,6.97,0,0
9471233281786880311,9471233281786880311-1476829487-1476829487,9471233281786880311-1476817705-1476817705,Referral,0.100000,6.97,0,0
9471233281786880311,9471233281786880311-1476829487-1476829487,9471233281786880311-1475096523-1475096523,Direct,0.100000,6.97,0,0
9471233281786880311,9471233281786880311-1476829487-1476829487,9471233281786880311-1476124051-1476124051,Referral,0.100000,6.97,0,0
9471233281786880311,9471233281786880311-1476829487-1476829487,9471233281786880311-1475093121-1475093121,Direct,0.100000,6.97,0,0
9471233281786880311,9471233281786880311-1476829487-1476829487,9471233281786880311-1476829487-1476829487,Referral,0.100000,6.97,1,69.7
9471233281786880311,9471233281786880311-1476829487-1476829487,9471233281786880311-1475174165-1475174165,Referral,0.100000,6.97,0,0
9471233281786880311,9471233281786880311-1476829487-1476829487,9471233281786880311-1476821427-1476821427,Referral,0.100000,6.97,0,0
9471233281786880311,9471233281786880311-1476829487-1476829487,9471233281786880311-1476806260-1476806260,Referral,0.100000,6.97,0,0
9471233281786880311,9471233281786880311-1476829487-1476829487,9471233281786880311-1476798102-1476798102,Referral,0.100000,6.97,0,0
1921325710867532207,1921325710867532207-1501523337-1501523337,1921325710867532207-1501283735-1501283735,Referral,0.250000,21.745,0,0
1921325710867532207,1921325710867532207-1501523337-1501523337,1921325710867532207-1498165980-1498165980,Organic Search,0.250000,21.745,0,0
1921325710867532207,1921325710867532207-1501523337-1501523337,1921325710867532207-1498772584-1498772584,Referral,0.250000,21.745,0,0
1921325710867532207,1921325710867532207-1501523337-1501523337,1921325710867532207-1501523337-1501523337,Referral,0.250000,21.745,1,86.98
9792836485846811388,9792836485846811388-1495642849-1495642849,9792836485846811388-1473451111-1473451111,Direct,0.333333,22.99,0,0
9792836485846811388,9792836485846811388-1495642849-1495642849,9792836485846811388-1473451128-1473451128,Referral,0.333333,22.99,0,0
9792836485846811388,9792836485846811388-1495642849-1495642849,9792836485846811388-1495642849-1495642849,Referral,0.333333,22.99,1,68.97
1762309596636885789,1762309596636885789-1497296749-1497296749,1762309596636885789-1497275718-1497275718,Direct,0.333333,219.84,0,0
1762309596636885789,1762309596636885789-1497296749-1497296749,1762309596636885789-1497295458-1497295458,Direct,0.333333,219.84,0,0
1762309596636885789,1762309596636885789-1497296749-1497296749,1762309596636885789-1497296749-1497296749,Referral,0.333333,219.84,1,659.52
9990183617359422098,9990183617359422098-1493324505-1493324505,9990183617359422098-1492110452-1492110452,Organic Search,0.166667,22.186666667,0,0
9990183617359422098,9990183617359422098-1493324505-1493324505,9990183617359422098-1492177794-1492177794,(Other),0.166667,22.186666667,0,0
9990183617359422098,9990183617359422098-1493324505-1493324505,9990183617359422098-1493216315-1493216315,Organic Search,0.166667,22.186666667,0,0
9990183617359422098,9990183617359422098-1493324505-1493324505,9990183617359422098-1491324415-1491324415,Organic Search,0.166667,22.186666667,0,0
9990183617359422098,9990183617359422098-1493324505-1493324505,9990183617359422098-1490897700-1490897700,Organic Search,0.166667,22.186666667,0,0
9990183617359422098,9990183617359422098-1493324505-1493324505,9990183617359422098-1493324505-1493324505,Organic Search,0.166667,22.186666667,1,133.12
5492367789301420845,5492367789301420845-1478195844-1478195844,5492367789301420845-1478195844-1478195844,Referral,0.500000,33.995,1,67.99
5492367789301420845,5492367789301420845-1478195844-1478195844,5492367789301420845-1478195129-1478195129,Organic Search,0.500000,33.995,0,0
1691262461712944619,1691262461712944619-1473697400-1473697400,1691262461712944619-1471972969-1471972969,Organic Search,0.250000,18.6925,0,0
1691262461712944619,1691262461712944619-1473697400-1473697400,1691262461712944619-1472590747-1472590747,Referral,0.250000,18.6925,0,0
1691262461712944619,1691262461712944619-1473697400-1473697400,1691262461712944619-1473697400-1473697400,Referral,0.250000,18.6925,1,74.77
1691262461712944619,1691262461712944619-1473697400-1473697400,1691262461712944619-1471966454-1471966454,Organic Search,0.250000,18.6925,0,0
4352760646905266733,4352760646905266733-1499385809-1499385809,4352760646905266733-1499385809-1499385809,Referral,1.000000,190.77,2,381.54
4352760646905266733,4352760646905266733-1499385809-1499385809,4352760646905266733-1497307701-1497307701,Direct,1.000000,190.77,0,0
4788403189075258589,4788403189075258589-1487641811-1487641811,4788403189075258589-1487641811-1487641811,Referral,0.333333,22.183333333,1,66.55
4788403189075258589,4788403189075258589-1487641811-1487641811,4788403189075258589-1480182207-1480182207,Paid Search,0.333333,22.183333333,0,0
4788403189075258589,4788403189075258589-1487641811-1487641811,4788403189075258589-1481078835-1481078835,Referral,0.333333,22.183333333,0,0
6815234192194618942,6815234192194618942-1477497327-1477497327,6815234192194618942-1475008146-1475008146,Referral,0.333333,20.3,0,0
6815234192194618942,6815234192194618942-1477497327-1477497327,6815234192194618942-1477497327-1477497327,Direct,0.333333,20.3,1,60.9
6815234192194618942,6815234192194618942-1477497327-1477497327,6815234192194618942-1477491730-1477491730,Direct,0.333333,20.3,0,0
1642230725550397951,1642230725550397951-1480365031-1480365031,1642230725550397951-1478307690-1478307690,Organic Search,0.333333,25.663333333,0,0
1642230725550397951,1642230725550397951-1480365031-1480365031,1642230725550397951-1478307782-1478307782,Referral,0.333333,25.663333333,0,0
1642230725550397951,1642230725550397951-1480365031-1480365031,1642230725550397951-1480365031-1480365031,Referral,0.333333,25.663333333,1,76.99
1035287577797151816,1035287577797151816-1497454922-1497454922,1035287577797151816-1496681555-1496681555,Direct,0.500000,21.19,0,0
1035287577797151816,1035287577797151816-1497454922-1497454922,1035287577797151816-1497454922-1497454922,Referral,0.500000,21.19,1,42.38
4298610228737693968,4298610228737693968-1481836197-1481836197,4298610228737693968-1478815352-1478815352,Direct,0.142857,63.687142857,0,0
4298610228737693968,4298610228737693968-1481836197-1481836197,4298610228737693968-1481562773-1481562773,Referral,0.142857,63.687142857,0,0
4298610228737693968,4298610228737693968-1481836197-1481836197,4298610228737693968-1481309896-1481309896,Referral,0.142857,63.687142857,0,0
4298610228737693968,4298610228737693968-1481836197-1481836197,4298610228737693968-1481816778-1481816778,Referral,0.142857,63.687142857,0,0
4298610228737693968,4298610228737693968-1481836197-1481836197,4298610228737693968-1481747808-1481747808,Referral,0.142857,63.687142857,0,0
4298610228737693968,4298610228737693968-1481836197-1481836197,4298610228737693968-1481745472-1481745472,Referral,0.142857,63.687142857,0,0
4298610228737693968,4298610228737693968-1481836197-1481836197,4298610228737693968-1481836197-1481836197,Referral,0.142857,63.687142857,1,445.81
5492367789301420845,5492367789301420845-1492814441-1492814441,5492367789301420845-1492808838-1492808838,Organic Search,0.333333,27.663333333,0,0
5492367789301420845,5492367789301420845-1492814441-1492814441,5492367789301420845-1478195844-1478195844,Referral,0.333333,27.663333333,0,0
5492367789301420845,5492367789301420845-1492814441-1492814441,5492367789301420845-1492814441-1492814441,Referral,0.333333,27.663333333,1,82.99
1295521698300236570,1295521698300236570-1477507391-1477507391,1295521698300236570-1477507391-1477507391,Direct,0.333333,50.96,1,152.88
1295521698300236570,1295521698300236570-1477507391-1477507391,1295521698300236570-1476308954-1476308954,Referral,0.333333,50.96,0,0
1295521698300236570,1295521698300236570-1477507391-1477507391,1295521698300236570-1477068078-1477068078,Referral,0.333333,50.96,0,0
1631417180035527260,1631417180035527260-1482271213-1482271213,1631417180035527260-1482271213-1482271213,Referral,0.500000,22.985,1,45.97
1631417180035527260,1631417180035527260-1482271213-1482271213,1631417180035527260-1482269993-1482269993,Direct,0.500000,22.985,0,0
6566774307338072036,6566774307338072036-1475531049-1475531049,6566774307338072036-1475531049-1475531049,Referral,0.250000,45.8625,1,183.45
6566774307338072036,6566774307338072036-1475531049-1475531049,6566774307338072036-1475210004-1475210004,Referral,0.250000,45.8625,0,0
6566774307338072036,6566774307338072036-1475531049-1475531049,6566774307338072036-1474655001-1474655001,Direct,0.250000,45.8625,0,0
6566774307338072036,6566774307338072036-1475531049-1475531049,6566774307338072036-1475202277-1475202277,Referral,0.250000,45.8625,0,0
0207758697026045863,0207758697026045863-1497086709-1497086709,0207758697026045863-1497086701-1497086701,Direct,0.500000,36.62,0,0
0207758697026045863,0207758697026045863-1497086709-1497086709,0207758697026045863-1497086709-1497086709,Referral,0.500000,36.62,1,73.24
5130925613790258931,5130925613790258931-1493868477-1493868477,5130925613790258931-1493868318-1493868318,Direct,0.500000,88.515,0,0
5130925613790258931,5130925613790258931-1493868477-1493868477,5130925613790258931-1493868477-1493868477,Referral,0.500000,88.515,1,177.03
213223799802259232,213223799802259232-1497651320-1497651320,213223799802259232-1476896345-1476896345,Paid Search,0.500000,4.25,0,0
213223799802259232,213223799802259232-1497651320-1497651320,213223799802259232-1497651320-1497651320,Organic Search,0.500000,4.25,1,8.5
2231593693192690956,2231593693192690956-1493661267-1493661267,2231593693192690956-1493661147-1493661147,Direct,0.500000,18.795,0,0
2231593693192690956,2231593693192690956-1493661267-1493661267,2231593693192690956-1493661267-1493661267,Social,0.500000,18.795,1,37.59
5793548802534178170,5793548802534178170-1479165686-1479165686,5793548802534178170-1476541867-1476541867,Referral,0.125000,8.62375,0,0
5793548802534178170,5793548802534178170-1479165686-1479165686,5793548802534178170-1476510632-1476510632,Referral,0.125000,8.62375,0,0
5793548802534178170,5793548802534178170-1479165686-1479165686,5793548802534178170-1477962867-1477962867,Referral,0.125000,8.62375,0,0
5793548802534178170,5793548802534178170-1479165686-1479165686,5793548802534178170-1473921784-1473921784,Organic Search,0.125000,8.62375,0,0
5793548802534178170,5793548802534178170-1479165686-1479165686,5793548802534178170-1479165686-1479165686,Referral,0.125000,8.62375,1,68.99
5793548802534178170,5793548802534178170-1479165686-1479165686,5793548802534178170-1476809112-1476809112,Referral,0.125000,8.62375,0,0
5793548802534178170,5793548802534178170-1479165686-1479165686,5793548802534178170-1476471155-1476471155,Referral,0.125000,8.62375,0,0
5793548802534178170,5793548802534178170-1479165686-1479165686,5793548802534178170-1476544284-1476544284,Referral,0.125000,8.62375,0,0
3741532949101793339,3741532949101793339-1472320254-1472320254,3741532949101793339-1472319907-1472319907,Organic Search,0.500000,51.655,0,0
3741532949101793339,3741532949101793339-1472320254-1472320254,3741532949101793339-1472320254-1472320254,Referral,0.500000,51.655,1,103.31
7406034241760755547,7406034241760755547-1472285421-1472285421,7406034241760755547-1472284721-1472284721,Organic Search,0.500000,17.355,0,0
7406034241760755547,7406034241760755547-1472285421-1472285421,7406034241760755547-1472285421-1472285421,Referral,0.500000,17.355,1,34.71
1956307607572137989,1956307607572137989-1479742819-1479742819,1956307607572137989-1479414246-1479414246,Organic Search,0.500000,789.125,0,0
1956307607572137989,1956307607572137989-1479742819-1479742819,1956307607572137989-1479742819-1479742819,Referral,0.500000,789.125,1,1578.25
8918875846126233398,8918875846126233398-1485198154-1485198154,8918875846126233398-1479402709-1479402709,Display,0.100000,2.818,0,0
8918875846126233398,8918875846126233398-1485198154-1485198154,8918875846126233398-1479840690-1479840690,Display,0.100000,2.818,0,0
8918875846126233398,8918875846126233398-1485198154-1485198154,8918875846126233398-1485180993-1485180993,Display,0.100000,2.818,0,0
8918875846126233398,8918875846126233398-1485198154-1485198154,8918875846126233398-1485194491-1485194491,Display,0.100000,2.818,0,0
8918875846126233398,8918875846126233398-1485198154-1485198154,8918875846126233398-1484681881-1484681881,Display,0.100000,2.818,0,0
8918875846126233398,8918875846126233398-1485198154-1485198154,8918875846126233398-1484926933-1484926933,Display,0.100000,2.818,0,0
8918875846126233398,8918875846126233398-1485198154-1485198154,8918875846126233398-1479037734-1479037734,Direct,0.100000,2.818,0,0
8918875846126233398,8918875846126233398-1485198154-1485198154,8918875846126233398-1485182985-1485182985,Display,0.100000,2.818,0,0
8918875846126233398,8918875846126233398-1485198154-1485198154,8918875846126233398-1485198154-1485198154,Display,0.100000,2.818,1,28.18
8918875846126233398,8918875846126233398-1485198154-1485198154,8918875846126233398-1484676374-1484676374,Display,0.100000,2.818,0,0
6986536761307654836,6986536761307654836-1488484895-1488484895,6986536761307654836-1488484895-1488484895,Organic Search,0.333333,21.653333333,1,64.96
6986536761307654836,6986536761307654836-1488484895-1488484895,6986536761307654836-1488481455-1488481455,Organic Search,0.333333,21.653333333,0,0
6986536761307654836,6986536761307654836-1488484895-1488484895,6986536761307654836-1485834064-1485834064,Direct,0.333333,21.653333333,0,0
5238919505234478700,5238919505234478700-1487911487-1487911487,5238919505234478700-1487662140-1487662140,Organic Search,0.333333,17.18,0,0
5238919505234478700,5238919505234478700-1487911487-1487911487,5238919505234478700-1487663263-1487663263,Referral,0.333333,17.18,0,0
5238919505234478700,5238919505234478700-1487911487-1487911487,5238919505234478700-1487911487-1487911487,Referral,0.333333,17.18,1,51.54
2837725284997269762,2837725284997269762-1500345384-1500345384,2837725284997269762-1500335952-1500335952,Direct,0.333333,28.996666667,0,0
2837725284997269762,2837725284997269762-1500345384-1500345384,2837725284997269762-1500336106-1500336106,Organic Search,0.333333,28.996666667,0,0
2837725284997269762,2837725284997269762-1500345384-1500345384,2837725284997269762-1500345384-1500345384,Organic Search,0.333333,28.996666667,1,86.99
6776660125553091121,6776660125553091121-1493840582-1493840582,6776660125553091121-1488659892-1488659892,Referral,0.200000,8.318,0,0
6776660125553091121,6776660125553091121-1493840582-1493840582,6776660125553091121-1493838513-1493838513,Direct,0.200000,8.318,0,0
6776660125553091121,6776660125553091121-1493840582-1493840582,6776660125553091121-1493840582-1493840582,Direct,0.200000,8.318,1,41.59
6776660125553091121,6776660125553091121-1493840582-1493840582,6776660125553091121-1493812965-1493812965,Direct,0.200000,8.318,0,0
6776660125553091121,6776660125553091121-1493840582-1493840582,6776660125553091121-1487685354-1487685354,Referral,0.200000,8.318,0,0
517644101045776450,517644101045776450-1488658878-1488658878,517644101045776450-1488658878-1488658878,Referral,0.500000,14.375,1,28.75
517644101045776450,517644101045776450-1488658878-1488658878,517644101045776450-1488658741-1488658759,Direct,0.500000,14.375,0,0
0897654125845152658,0897654125845152658-1483030953-1483030953,0897654125845152658-1483030953-1483030953,Referral,0.500000,26,1,52
0897654125845152658,0897654125845152658-1483030953-1483030953,0897654125845152658-1482960658-1482960658,Direct,0.500000,26,0,0
2518379317255532090,2518379317255532090-1493569590-1493569590,2518379317255532090-1493073354-1493073354,Organic Search,0.333333,11.593333333,0,0
2518379317255532090,2518379317255532090-1493569590-1493569590,2518379317255532090-1493569590-1493569590,Referral,0.333333,11.593333333,1,34.78
2518379317255532090,2518379317255532090-1493569590-1493569590,2518379317255532090-1493569316-1493569316,Paid Search,0.333333,11.593333333,0,0
2454306711782802609,2454306711782802609-1478482587-1478482587,2454306711782802609-1478479453-1478479453,Referral,0.333333,14.12,0,0
2454306711782802609,2454306711782802609-1478482587-1478482587,2454306711782802609-1478476559-1478476559,Direct,0.333333,14.12,0,0
2454306711782802609,2454306711782802609-1478482587-1478482587,2454306711782802609-1478482587-1478482587,Referral,0.333333,14.12,1,42.36
4519532330271293397,4519532330271293397-1480381335-1480381335,4519532330271293397-1480360765-1480360765,Direct,0.250000,44.2,0,0
4519532330271293397,4519532330271293397-1480381335-1480381335,4519532330271293397-1480375844-1480375844,Direct,0.250000,44.2,0,0
4519532330271293397,4519532330271293397-1480381335-1480381335,4519532330271293397-1480381335-1480381335,Referral,0.250000,44.2,1,176.8
4519532330271293397,4519532330271293397-1480381335-1480381335,4519532330271293397-1480379482-1480379482,Direct,0.250000,44.2,0,0
165104775254170953,165104775254170953-1495832501-1495832501,165104775254170953-1495832501-1495832501,Referral,0.200000,11.998,1,59.99
165104775254170953,165104775254170953-1495832501-1495832501,165104775254170953-1495749890-1495749890,Referral,0.200000,11.998,0,0
165104775254170953,165104775254170953-1495832501-1495832501,165104775254170953-1495212455-1495212455,Direct,0.200000,11.998,0,0
165104775254170953,165104775254170953-1495832501-1495832501,165104775254170953-1495737330-1495737330,Referral,0.200000,11.998,0,0
165104775254170953,165104775254170953-1495832501-1495832501,165104775254170953-1495485681-1495485681,Referral,0.200000,11.998,0,0
2022590988318962074,2022590988318962074-1472707485-1472707485,2022590988318962074-1472707485-1472707485,Referral,1.500000,107.595,3,215.19
2022590988318962074,2022590988318962074-1472707485-1472707485,2022590988318962074-1472706526-1472706526,Direct,1.500000,107.595,0,0
4602383891226401804,4602383891226401804-1500900718-1500900718,4602383891226401804-1498490911-1498490911,Organic Search,0.500000,37.235,0,0
4602383891226401804,4602383891226401804-1500900718-1500900718,4602383891226401804-1500900718-1500900718,Paid Search,0.500000,37.235,1,74.47
0365800323147392278,0365800323147392278-1497333718-1497333718,0365800323147392278-1487227807-1487227807,Direct,0.125000,5.72375,0,0
0365800323147392278,0365800323147392278-1497333718-1497333718,0365800323147392278-1490848565-1490848565,Referral,0.125000,5.72375,0,0
0365800323147392278,0365800323147392278-1497333718-1497333718,0365800323147392278-1496293948-1496293948,Referral,0.125000,5.72375,0,0
0365800323147392278,0365800323147392278-1497333718-1497333718,0365800323147392278-1490763459-1490763459,Referral,0.125000,5.72375,0,0
0365800323147392278,0365800323147392278-1497333718-1497333718,0365800323147392278-1492617083-1492617083,Referral,0.125000,5.72375,0,0
0365800323147392278,0365800323147392278-1497333718-1497333718,0365800323147392278-1496375122-1496375122,Referral,0.125000,5.72375,0,0
0365800323147392278,0365800323147392278-1497333718-1497333718,0365800323147392278-1489640502-1489640502,Referral,0.125000,5.72375,0,0
0365800323147392278,0365800323147392278-1497333718-1497333718,0365800323147392278-1497333718-1497333718,Referral,0.125000,5.72375,1,45.79
4077897320198403283,4077897320198403283-1478810358-1478810358,4077897320198403283-1476137585-1476137585,Organic Search,0.111111,9.331111111,0,0
4077897320198403283,4077897320198403283-1478810358-1478810358,4077897320198403283-1476143515-1476143515,Organic Search,0.111111,9.331111111,0,0
4077897320198403283,4077897320198403283-1478810358-1478810358,4077897320198403283-1477335928-1477335928,Display,0.111111,9.331111111,0,0
4077897320198403283,4077897320198403283-1478810358-1478810358,4077897320198403283-1476465992-1476465992,Organic Search,0.111111,9.331111111,0,0
4077897320198403283,4077897320198403283-1478810358-1478810358,4077897320198403283-1478131722-1478131722,Direct,0.111111,9.331111111,0,0
4077897320198403283,4077897320198403283-1478810358-1478810358,4077897320198403283-1478810358-1478810358,Direct,0.111111,9.331111111,1,83.98
4077897320198403283,4077897320198403283-1478810358-1478810358,4077897320198403283-1477514984-1477514984,Direct,0.111111,9.331111111,0,0
4077897320198403283,4077897320198403283-1478810358-1478810358,4077897320198403283-1476924078-1476924078,Display,0.111111,9.331111111,0,0
4077897320198403283,4077897320198403283-1478810358-1478810358,4077897320198403283-1476292080-1476292080,Organic Search,0.111111,9.331111111,0,0
0075449012662152580,0075449012662152580-1494857068-1494857068,0075449012662152580-1494618936-1494618936,Organic Search,0.200000,8.524,0,0
0075449012662152580,0075449012662152580-1494857068-1494857068,0075449012662152580-1494259513-1494259513,Referral,0.200000,8.524,0,0
0075449012662152580,0075449012662152580-1494857068-1494857068,0075449012662152580-1494618962-1494618962,Referral,0.200000,8.524,0,0
0075449012662152580,0075449012662152580-1494857068-1494857068,0075449012662152580-1494622565-1494622565,Referral,0.200000,8.524,0,0
0075449012662152580,0075449012662152580-1494857068-1494857068,0075449012662152580-1494857068-1494857068,Referral,0.200000,8.524,1,42.62
4471415710206918415,4471415710206918415-1493299916-1493299916,4471415710206918415-1490290365-1490290365,Referral,0.090909,750.709090909,0,0
4471415710206918415,4471415710206918415-1493299916-1493299916,4471415710206918415-1489445858-1489445858,Referral,0.090909,750.709090909,0,0
4471415710206918415,4471415710206918415-1493299916-1493299916,4471415710206918415-1493299916-1493299916,Referral,0.090909,750.709090909,1,8257.8
4471415710206918415,4471415710206918415-1493299916-1493299916,4471415710206918415-1492546903-1492546903,Organic Search,0.090909,750.709090909,0,0
4471415710206918415,4471415710206918415-1493299916-1493299916,4471415710206918415-1490741706-1490741706,Referral,0.090909,750.709090909,0,0
4471415710206918415,4471415710206918415-1493299916-1493299916,4471415710206918415-1490852758-1490852758,Referral,0.090909,750.709090909,0,0
4471415710206918415,4471415710206918415-1493299916-1493299916,4471415710206918415-1491855205-1491855205,Organic Search,0.090909,750.709090909,0,0
4471415710206918415,4471415710206918415-1493299916-1493299916,4471415710206918415-1490042485-1490042485,Referral,0.090909,750.709090909,0,0
4471415710206918415,4471415710206918415-1493299916-1493299916,4471415710206918415-1488955282-1488955282,Referral,0.090909,750.709090909,0,0
4471415710206918415,4471415710206918415-1493299916-1493299916,4471415710206918415-1489014943-1489014943,Referral,0.090909,750.709090909,0,0
4471415710206918415,4471415710206918415-1493299916-1493299916,4471415710206918415-1491365897-1491365897,Organic Search,0.090909,750.709090909,0,0
7404450717900707917,7404450717900707917-1490648308-1490648308,7404450717900707917-1490648308-1490648308,Referral,0.333333,8.33,1,24.99
7404450717900707917,7404450717900707917-1490648308-1490648308,7404450717900707917-1484684772-1484684776,Direct,0.333333,8.33,0,0
7404450717900707917,7404450717900707917-1490648308-1490648308,7404450717900707917-1485549917-1485549917,Referral,0.333333,8.33,0,0
9550705733723196313,9550705733723196313-1493924376-1493924376,9550705733723196313-1493923772-1493923772,Direct,0.500000,19.795,0,0
9550705733723196313,9550705733723196313-1493924376-1493924376,9550705733723196313-1493924376-1493924376,Referral,0.500000,19.795,1,39.59
7346307461579354249,7346307461579354249-1482189655-1482189655,7346307461579354249-1482189003-1482189003,Display,0.500000,31.08,0,0
7346307461579354249,7346307461579354249-1482189655-1482189655,7346307461579354249-1482189655-1482189655,Referral,0.500000,31.08,1,62.16
6924624858911861429,6924624858911861429-1481506874-1481506874,6924624858911861429-1481506874-1481506874,Organic Search,0.333333,8.663333333,1,25.99
6924624858911861429,6924624858911861429-1481506874-1481506874,6924624858911861429-1481506763-1481506763,Direct,0.333333,8.663333333,0,0
6924624858911861429,6924624858911861429-1481506874-1481506874,6924624858911861429-1481332110-1481332110,Direct,0.333333,8.663333333,0,0
3119753230515283152,3119753230515283152-1481929830-1481929830,3119753230515283152-1478661295-1478661295,Direct,0.500000,13.995,0,0
3119753230515283152,3119753230515283152-1481929830-1481929830,3119753230515283152-1481929830-1481929830,Organic Search,0.500000,13.995,1,27.99
0020502892485275044,0020502892485275044-1473613244-1473613244,0020502892485275044-1471404082-1471404082,Direct,0.500000,2.885,0,0
0020502892485275044,0020502892485275044-1473613244-1473613244,0020502892485275044-1473613244-1473613244,Referral,0.500000,2.885,1,5.77
7797999885990809909,7797999885990809909-1480481870-1480481870,7797999885990809909-1480229089-1480229089,Organic Search,0.125000,2.24875,0,0
7797999885990809909,7797999885990809909-1480481870-1480481870,7797999885990809909-1479912339-1479912339,Organic Search,0.125000,2.24875,0,0
7797999885990809909,7797999885990809909-1480481870-1480481870,7797999885990809909-1480481870-1480481870,Display,0.125000,2.24875,1,17.99
7797999885990809909,7797999885990809909-1480481870-1480481870,7797999885990809909-1479883542-1479883542,Paid Search,0.125000,2.24875,0,0
7797999885990809909,7797999885990809909-1480481870-1480481870,7797999885990809909-1480112671-1480112671,Organic Search,0.125000,2.24875,0,0
7797999885990809909,7797999885990809909-1480481870-1480481870,7797999885990809909-1480280664-1480280664,Display,0.125000,2.24875,0,0
7797999885990809909,7797999885990809909-1480481870-1480481870,7797999885990809909-1480104051-1480104051,Organic Search,0.125000,2.24875,0,0
7797999885990809909,7797999885990809909-1480481870-1480481870,7797999885990809909-1480475102-1480475102,Display,0.125000,2.24875,0,0
3732860122805248629,3732860122805248629-1478021578-1478021578,3732860122805248629-1478021578-1478021578,Referral,0.333333,9.993333333,1,29.98
3732860122805248629,3732860122805248629-1478021578-1478021578,3732860122805248629-1475248681-1475248681,Referral,0.333333,9.993333333,0,0
3732860122805248629,3732860122805248629-1478021578-1478021578,3732860122805248629-1475248582-1475248582,Direct,0.333333,9.993333333,0,0
1481084267519588690,1481084267519588690-1490460476-1490460476,1481084267519588690-1490460476-1490460476,Organic Search,0.500000,8.495,1,16.99
1481084267519588690,1481084267519588690-1490460476-1490460476,1481084267519588690-1490460423-1490460423,Direct,0.500000,8.495,0,0
1424355572088327868,1424355572088327868-1501013364-1501013364,1424355572088327868-1500914893-1500914893,Organic Search,0.333333,35.996666667,0,0
1424355572088327868,1424355572088327868-1501013364-1501013364,1424355572088327868-1501013364-1501013364,Organic Search,0.333333,35.996666667,1,107.99
1424355572088327868,1424355572088327868-1501013364-1501013364,1424355572088327868-1501008192-1501008192,Paid Search,0.333333,35.996666667,0,0
7653600583827596196,7653600583827596196-1490934779-1490934779,7653600583827596196-1490934779-1490934779,Referral,0.500000,23.68,1,47.36
7653600583827596196,7653600583827596196-1490934779-1490934779,7653600583827596196-1490924887-1490924887,Organic Search,0.500000,23.68,0,0
9485972956098452266,9485972956098452266-1474301046-1474301046,9485972956098452266-1474301046-1474301046,Social,0.333333,50.373333333,1,151.12
9485972956098452266,9485972956098452266-1474301046-1474301046,9485972956098452266-1474300471-1474300471,Organic Search,0.333333,50.373333333,0,0
9485972956098452266,9485972956098452266-1474301046-1474301046,9485972956098452266-1474051336-1474051336,Organic Search,0.333333,50.373333333,0,0
8043915706646697572,8043915706646697572-1496091621-1496091621,8043915706646697572-1496091403-1496091403,Organic Search,0.500000,27.985,0,0
8043915706646697572,8043915706646697572-1496091621-1496091621,8043915706646697572-1496091621-1496091621,Referral,0.500000,27.985,1,55.97
4069497283751295817,4069497283751295817-1496928108-1496928108,4069497283751295817-1496928108-1496928108,Referral,0.500000,27.56,1,55.12
4069497283751295817,4069497283751295817-1496928108-1496928108,4069497283751295817-1496926630-1496926630,Direct,0.500000,27.56,0,0
1573919593896895308,1573919593896895308-1501521192-1501521192,1573919593896895308-1501521192-1501521192,Referral,0.500000,65.5,1,131
1573919593896895308,1573919593896895308-1501521192-1501521192,1573919593896895308-1498750391-1498750391,Direct,0.500000,65.5,0,0
3788077234501576551,3788077234501576551-1472437846-1472437846,3788077234501576551-1472437676-1472437676,Direct,0.500000,13.39,0,0
3788077234501576551,3788077234501576551-1472437846-1472437846,3788077234501576551-1472437846-1472437846,Referral,0.500000,13.39,1,26.78
6204463650092781278,6204463650092781278-1498013053-1498013053,6204463650092781278-1497554139-1497554139,Referral,0.333333,104.15,0,0
6204463650092781278,6204463650092781278-1498013053-1498013053,6204463650092781278-1498013053-1498013053,Referral,0.333333,104.15,1,312.45
6204463650092781278,6204463650092781278-1498013053-1498013053,6204463650092781278-1479255182-1479255182,Organic Search,0.333333,104.15,0,0
6515057374372191963,6515057374372191963-1482139126-1482139126,6515057374372191963-1482139126-1482139126,Social,0.333333,27.32,1,81.96
6515057374372191963,6515057374372191963-1482139126-1482139126,6515057374372191963-1482138992-1482138992,Social,0.333333,27.32,0,0
6515057374372191963,6515057374372191963-1482139126-1482139126,6515057374372191963-1482137022-1482137022,Organic Search,0.333333,27.32,0,0
7935549301309973853,7935549301309973853-1498161992-1498161992,7935549301309973853-1498148974-1498148974,Organic Search,0.500000,10.595,0,0
7935549301309973853,7935549301309973853-1498161992-1498161992,7935549301309973853-1498161992-1498161992,Referral,0.500000,10.595,1,21.19
4730946449578884508,4730946449578884508-1476132030-1476132030,4730946449578884508-1474493803-1474493803,Direct,0.250000,21.02,0,0
4730946449578884508,4730946449578884508-1476132030-1476132030,4730946449578884508-1475615401-1475615401,Referral,0.250000,21.02,0,0
4730946449578884508,4730946449578884508-1476132030-1476132030,4730946449578884508-1476132030-1476132030,Referral,0.250000,21.02,1,84.08
4730946449578884508,4730946449578884508-1476132030-1476132030,4730946449578884508-1474493998-1474493998,Referral,0.250000,21.02,0,0
67427211374180015,67427211374180015-1498796190-1498796190,67427211374180015-1498793300-1498793300,Organic Search,0.500000,26.185,0,0
67427211374180015,67427211374180015-1498796190-1498796190,67427211374180015-1498796190-1498796190,Referral,0.500000,26.185,1,52.37
2496439703637913793,2496439703637913793-1482283481-1482283481,2496439703637913793-1480352403-1480352403,Referral,0.200000,337.758,0,0
2496439703637913793,2496439703637913793-1482283481-1482283481,2496439703637913793-1480179373-1480179373,Direct,0.200000,337.758,0,0
2496439703637913793,2496439703637913793-1482283481-1482283481,2496439703637913793-1482279946-1482279946,Referral,0.200000,337.758,0,0
2496439703637913793,2496439703637913793-1482283481-1482283481,2496439703637913793-1482283481-1482283481,Referral,0.200000,337.758,1,1688.79
2496439703637913793,2496439703637913793-1482283481-1482283481,2496439703637913793-1481571398-1481571398,Referral,0.200000,337.758,0,0
0136876972401975041,0136876972401975041-1471650648-1471650648,0136876972401975041-1471650648-1471650648,Organic Search,0.500000,1.02,1,2.04
0136876972401975041,0136876972401975041-1471650648-1471650648,0136876972401975041-1471650278-1471650278,Paid Search,0.500000,1.02,0,0
959439201025524582,959439201025524582-1476894083-1476894083,959439201025524582-1476894083-1476894083,Display,0.500000,73.4,1,146.8
959439201025524582,959439201025524582-1476894083-1476894083,959439201025524582-1476645665-1476645665,Paid Search,0.500000,73.4,0,0
0854188600885318735,0854188600885318735-1496095219-1496095219,0854188600885318735-1491352009-1491352009,Organic Search,0.500000,32.1,0,0
0854188600885318735,0854188600885318735-1496095219-1496095219,0854188600885318735-1496095219-1496095219,Paid Search,0.500000,32.1,1,64.2
7341792877185657270,7341792877185657270-1473571330-1473571330,7341792877185657270-1473571330-1473571330,Referral,0.500000,51.385,1,102.77
7341792877185657270,7341792877185657270-1473571330-1473571330,7341792877185657270-1473571101-1473571101,Direct,0.500000,51.385,0,0
4239174393004519889,4239174393004519889-1472175114-1472175114,4239174393004519889-1471821969-1471821969,Paid Search,0.500000,31.585,0,0
4239174393004519889,4239174393004519889-1472175114-1472175114,4239174393004519889-1472175114-1472175114,Organic Search,0.500000,31.585,1,63.17
8247388453936975366,8247388453936975366-1470773581-1470773581,8247388453936975366-1470773581-1470773581,Referral,0.333333,53.9,1,161.7
8247388453936975366,8247388453936975366-1470773581-1470773581,8247388453936975366-1470069458-1470069458,Direct,0.333333,53.9,0,0
8247388453936975366,8247388453936975366-1470773581-1470773581,8247388453936975366-1470065039-1470065039,Direct,0.333333,53.9,0,0
4899803417936737547,4899803417936737547-1495820152-1495820152,4899803417936737547-1490806133-1490806133,Referral,0.333333,20.323333333,0,0
4899803417936737547,4899803417936737547-1495820152-1495820152,4899803417936737547-1495820152-1495820152,Referral,0.333333,20.323333333,1,60.97
4899803417936737547,4899803417936737547-1495820152-1495820152,4899803417936737547-1482950872-1482950872,Display,0.333333,20.323333333,0,0
3784608915391176306,3784608915391176306-1499804705-1499804705,3784608915391176306-1499712502-1499712502,Referral,0.250000,16.215,0,0
3784608915391176306,3784608915391176306-1499804705-1499804705,3784608915391176306-1496183493-1496183493,Referral,0.250000,16.215,0,0
3784608915391176306,3784608915391176306-1499804705-1499804705,3784608915391176306-1495574507-1495574507,Organic Search,0.250000,16.215,0,0
3784608915391176306,3784608915391176306-1499804705-1499804705,3784608915391176306-1499804705-1499804705,Referral,0.250000,16.215,1,64.86
096138798737237315,096138798737237315-1476389835-1476389835,096138798737237315-1475437380-1475437380,Organic Search,0.333333,23.993333333,0,0
096138798737237315,096138798737237315-1476389835-1476389835,096138798737237315-1475095593-1475095593,Direct,0.333333,23.993333333,0,0
096138798737237315,096138798737237315-1476389835-1476389835,096138798737237315-1476389835-1476389835,Referral,0.333333,23.993333333,1,71.98
1423245652069790681,1423245652069790681-1493020383-1493020383,1423245652069790681-1493020383-1493020383,Referral,0.333333,36.24,1,108.72
1423245652069790681,1423245652069790681-1493020383-1493020383,1423245652069790681-1490645355-1490645355,Display,0.333333,36.24,0,0
1423245652069790681,1423245652069790681-1493020383-1493020383,1423245652069790681-1493020328-1493020328,Organic Search,0.333333,36.24,0,0
3745754200111893080,3745754200111893080-1470754745-1470754745,3745754200111893080-1470672525-1470672525,Referral,0.250000,42.9425,0,0
3745754200111893080,3745754200111893080-1470754745-1470754745,3745754200111893080-1470257929-1470257929,Direct,0.250000,42.9425,0,0
3745754200111893080,3745754200111893080-1470754745-1470754745,3745754200111893080-1470325921-1470325921,Referral,0.250000,42.9425,0,0
3745754200111893080,3745754200111893080-1470754745-1470754745,3745754200111893080-1470754745-1470754745,Referral,0.250000,42.9425,1,171.77
3021223849614284256,3021223849614284256-1488838169-1488838169,3021223849614284256-1488838169-1488838169,Referral,0.333333,57.313333333,1,171.94
3021223849614284256,3021223849614284256-1488838169-1488838169,3021223849614284256-1488563336-1488563336,Referral,0.333333,57.313333333,0,0
3021223849614284256,3021223849614284256-1488838169-1488838169,3021223849614284256-1486357337-1486357337,Direct,0.333333,57.313333333,0,0
4961305064447921198,4961305064447921198-1496216221-1496216221,4961305064447921198-1495307266-1495307266,Organic Search,0.166667,3.761666667,0,0
4961305064447921198,4961305064447921198-1496216221-1496216221,4961305064447921198-1495302224-1495302224,Organic Search,0.166667,3.761666667,0,0
4961305064447921198,4961305064447921198-1496216221-1496216221,4961305064447921198-1494578498-1494578498,Direct,0.166667,3.761666667,0,0
4961305064447921198,4961305064447921198-1496216221-1496216221,4961305064447921198-1496215660-1496215660,Organic Search,0.166667,3.761666667,0,0
4961305064447921198,4961305064447921198-1496216221-1496216221,4961305064447921198-1496216221-1496216221,Referral,0.166667,3.761666667,1,22.57
4961305064447921198,4961305064447921198-1496216221-1496216221,4961305064447921198-1496213622-1496213622,Organic Search,0.166667,3.761666667,0,0
8572246047047081810,8572246047047081810-1501519419-1501519419,8572246047047081810-1501519419-1501519419,Referral,0.333333,13.143333333,1,39.43
8572246047047081810,8572246047047081810-1501519419-1501519419,8572246047047081810-1501503108-1501503108,Direct,0.333333,13.143333333,0,0
8572246047047081810,8572246047047081810-1501519419-1501519419,8572246047047081810-1498794962-1498794962,Direct,0.333333,13.143333333,0,0
407927208045481071,407927208045481071-1480371579-1480371579,407927208045481071-1480371579-1480371579,Referral,0.333333,17.64,1,52.92
407927208045481071,407927208045481071-1480371579-1480371579,407927208045481071-1479130166-1479130166,Referral,0.333333,17.64,0,0
407927208045481071,407927208045481071-1480371579-1480371579,407927208045481071-1480371489-1480371489,Paid Search,0.333333,17.64,0,0
9560188227657174682,9560188227657174682-1498831517-1498831517,9560188227657174682-1496457890-1496457890,Referral,0.250000,18.79,0,0
9560188227657174682,9560188227657174682-1498831517-1498831517,9560188227657174682-1495936347-1495936347,Organic Search,0.250000,18.79,0,0
9560188227657174682,9560188227657174682-1498831517-1498831517,9560188227657174682-1498831517-1498831517,Referral,0.250000,18.79,1,75.16
9560188227657174682,9560188227657174682-1498831517-1498831517,9560188227657174682-1498768604-1498768604,Referral,0.250000,18.79,0,0
7701613595320832147,7701613595320832147-1499292788-1499292788,7701613595320832147-1499214070-1499214070,Paid Search,0.333333,297.166666667,0,0
7701613595320832147,7701613595320832147-1499292788-1499292788,7701613595320832147-1499216144-1499216144,Paid Search,0.333333,297.166666667,0,0
7701613595320832147,7701613595320832147-1499292788-1499292788,7701613595320832147-1499292788-1499292788,Organic Search,0.333333,297.166666667,1,891.5
8100515448851904856,8100515448851904856-1488825091-1488825091,8100515448851904856-1488825091-1488825091,Referral,0.500000,20.585,1,41.17
8100515448851904856,8100515448851904856-1488825091-1488825091,8100515448851904856-1488824830-1488824830,Direct,0.500000,20.585,0,0
9164894477297734993,9164894477297734993-1482989264-1482989264,9164894477297734993-1482989264-1482989264,Organic Search,0.500000,43.97,1,87.94
9164894477297734993,9164894477297734993-1482989264-1482989264,9164894477297734993-1482989220-1482989220,Paid Search,0.500000,43.97,0,0
4394657957253741368,4394657957253741368-1498353077-1498353077,4394657957253741368-1498352657-1498352657,Paid Search,0.333333,16.983333333,0,0
4394657957253741368,4394657957253741368-1498353077-1498353077,4394657957253741368-1498352113-1498352113,Organic Search,0.333333,16.983333333,0,0
4394657957253741368,4394657957253741368-1498353077-1498353077,4394657957253741368-1498353077-1498353077,Organic Search,0.333333,16.983333333,1,50.95
4880074144243472885,4880074144243472885-1474554487-1474554487,4880074144243472885-1474554487-1474554487,Organic Search,0.200000,6.598,1,32.99
4880074144243472885,4880074144243472885-1474554487-1474554487,4880074144243472885-1474554230-1474554230,Referral,0.200000,6.598,0,0
4880074144243472885,4880074144243472885-1474554487-1474554487,4880074144243472885-1474470061-1474470061,Referral,0.200000,6.598,0,0
4880074144243472885,4880074144243472885-1474554487-1474554487,4880074144243472885-1474476495-1474476495,Referral,0.200000,6.598,0,0
4880074144243472885,4880074144243472885-1474554487-1474554487,4880074144243472885-1474299436-1474299436,Referral,0.200000,6.598,0,0
8670467728578251460,8670467728578251460-1481325665-1481325665,8670467728578251460-1481325665-1481325665,Organic Search,0.500000,22.975,1,45.95
8670467728578251460,8670467728578251460-1481325665-1481325665,8670467728578251460-1481321143-1481321143,Paid Search,0.500000,22.975,0,0
2667298817344312615,2667298817344312615-1496334429-1496334429,2667298817344312615-1496333205-1496333205,Direct,0.500000,16.49,0,0
2667298817344312615,2667298817344312615-1496334429-1496334429,2667298817344312615-1496334429-1496334429,Organic Search,0.500000,16.49,1,32.98
2539723678842817509,2539723678842817509-1494282993-1494282993,2539723678842817509-1494280018-1494280018,Direct,0.333333,62.326666667,0,0
2539723678842817509,2539723678842817509-1494282993-1494282993,2539723678842817509-1494280047-1494280047,Referral,0.333333,62.326666667,0,0
2539723678842817509,2539723678842817509-1494282993-1494282993,2539723678842817509-1494282993-1494282993,Referral,0.333333,62.326666667,1,186.98
3091668257669224026,3091668257669224026-1481399560-1481399560,3091668257669224026-1481399560-1481399560,Paid Search,0.500000,62.485,1,124.97
3091668257669224026,3091668257669224026-1481399560-1481399560,3091668257669224026-1481397798-1481397798,Organic Search,0.500000,62.485,0,0
820975458829073449,820975458829073449-1477350832-1477350832,820975458829073449-1475513701-1475513701,Direct,0.500000,15.68,0,0
820975458829073449,820975458829073449-1477350832-1477350832,820975458829073449-1477350832-1477350832,Referral,0.500000,15.68,1,31.36
7737545548847540539,7737545548847540539-1480919046-1480919046,7737545548847540539-1480919026-1480919026,Paid Search,0.500000,34.49,0,0
7737545548847540539,7737545548847540539-1480919046-1480919046,7737545548847540539-1480919046-1480919046,Organic Search,0.500000,34.49,1,68.98
316636715154446720,316636715154446720-1474323493-1474323493,316636715154446720-1473971265-1473971265,Direct,0.250000,8.695,0,0
316636715154446720,316636715154446720-1474323493-1474323493,316636715154446720-1474323493-1474323493,Referral,0.250000,8.695,1,34.78
316636715154446720,316636715154446720-1474323493-1474323493,316636715154446720-1474038368-1474038368,Referral,0.250000,8.695,0,0
316636715154446720,316636715154446720-1474323493-1474323493,316636715154446720-1473987873-1473987873,Referral,0.250000,8.695,0,0
9005201499963725625,9005201499963725625-1480359013-1480359013,9005201499963725625-1479844738-1479844738,Paid Search,0.090909,9.088181818,0,0
9005201499963725625,9005201499963725625-1480359013-1480359013,9005201499963725625-1474473428-1474473428,Referral,0.090909,9.088181818,0,0
9005201499963725625,9005201499963725625-1480359013-1480359013,9005201499963725625-1474488900-1474488900,Referral,0.090909,9.088181818,0,0
9005201499963725625,9005201499963725625-1480359013-1480359013,9005201499963725625-1474473430-1474473430,Referral,0.090909,9.088181818,0,0
9005201499963725625,9005201499963725625-1480359013-1480359013,9005201499963725625-1474473387-1474473387,Paid Search,0.090909,9.088181818,0,0
9005201499963725625,9005201499963725625-1480359013-1480359013,9005201499963725625-1474464424-1474464424,Paid Search,0.090909,9.088181818,0,0
9005201499963725625,9005201499963725625-1480359013-1480359013,9005201499963725625-1480359013-1480359013,Organic Search,0.090909,9.088181818,1,99.97
9005201499963725625,9005201499963725625-1480359013-1480359013,9005201499963725625-1474482871-1474482871,Referral,0.090909,9.088181818,0,0
9005201499963725625,9005201499963725625-1480359013-1480359013,9005201499963725625-1475262213-1475262213,Organic Search,0.090909,9.088181818,0,0
9005201499963725625,9005201499963725625-1480359013-1480359013,9005201499963725625-1474404888-1474404888,Paid Search,0.090909,9.088181818,0,0
9005201499963725625,9005201499963725625-1480359013-1480359013,9005201499963725625-1474402429-1474402429,Paid Search,0.090909,9.088181818,0,0
3769184752556746361,3769184752556746361-1479425482-1479425482,3769184752556746361-1479425314-1479425314,Direct,0.500000,116.49,0,0
3769184752556746361,3769184752556746361-1479425482-1479425482,3769184752556746361-1479425482-1479425482,Social,0.500000,116.49,1,232.98
6268007310834685329,6268007310834685329-1476377447-1476377447,6268007310834685329-1476377447-1476377447,Referral,0.333333,42.966666667,1,128.9
6268007310834685329,6268007310834685329-1476377447-1476377447,6268007310834685329-1474308620-1474308620,Direct,0.333333,42.966666667,0,0
6268007310834685329,6268007310834685329-1476377447-1476377447,6268007310834685329-1474583952-1474583952,Referral,0.333333,42.966666667,0,0
33024620802809684,33024620802809684-1481089679-1481089679,33024620802809684-1481088512-1481088512,Direct,0.333333,705.266666667,0,0
33024620802809684,33024620802809684-1481089679-1481089679,33024620802809684-1480553061-1480553061,Direct,0.333333,705.266666667,0,0
33024620802809684,33024620802809684-1481089679-1481089679,33024620802809684-1481089679-1481089679,Referral,0.333333,705.266666667,1,2115.8
8821259122819000444,8821259122819000444-1471450005-1471450005,8821259122819000444-1471442550-1471442550,Direct,1.000000,350.695,0,0
8821259122819000444,8821259122819000444-1471450005-1471450005,8821259122819000444-1471450005-1471450005,Organic Search,1.000000,350.695,2,701.39
986279637934068597,986279637934068597-1473343513-1473343513,986279637934068597-1473343513-1473343513,Referral,1.000000,397.305,2,794.61
986279637934068597,986279637934068597-1473343513-1473343513,986279637934068597-1470188476-1470188476,Organic Search,1.000000,397.305,0,0
5375717438017990161,5375717438017990161-1474138426-1474138426,5375717438017990161-1474138408-1474138408,Referral,0.333333,9.323333333,0,0
5375717438017990161,5375717438017990161-1474138426-1474138426,5375717438017990161-1474137863-1474137863,Organic Search,0.333333,9.323333333,0,0
5375717438017990161,5375717438017990161-1474138426-1474138426,5375717438017990161-1474138426-1474138426,Paid Search,0.333333,9.323333333,1,27.97
3170422263023415862,3170422263023415862-1487359551-1487359551,3170422263023415862-1487359551-1487359551,Referral,0.500000,18.795,1,37.59
3170422263023415862,3170422263023415862-1487359551-1487359551,3170422263023415862-1487359363-1487359363,Direct,0.500000,18.795,0,0
659736568334808305,659736568334808305-1498088552-1498088552,659736568334808305-1498088552-1498088552,Organic Search,0.500000,23.285,1,46.57
659736568334808305,659736568334808305-1498088552-1498088552,659736568334808305-1498088524-1498088524,Paid Search,0.500000,23.285,0,0
6572163684881501472,6572163684881501472-1482513364-1482513364,6572163684881501472-1480608076-1480608076,Direct,0.333333,9.46,0,0
6572163684881501472,6572163684881501472-1482513364-1482513364,6572163684881501472-1481310425-1481310425,Referral,0.333333,9.46,0,0
6572163684881501472,6572163684881501472-1482513364-1482513364,6572163684881501472-1482513364-1482513364,Referral,0.333333,9.46,1,28.38
547013638763660090,547013638763660090-1493841364-1493841364,547013638763660090-1493418904-1493418904,Referral,0.333333,14.196666667,0,0
547013638763660090,547013638763660090-1493841364-1493841364,547013638763660090-1493841364-1493841364,Referral,0.333333,14.196666667,1,42.59
547013638763660090,547013638763660090-1493841364-1493841364,547013638763660090-1493418885-1493418885,Direct,0.333333,14.196666667,0,0
4128917041709885631,4128917041709885631-1498756014-1498756014,4128917041709885631-1498756003-1498756003,Paid Search,0.500000,12.64,0,0
4128917041709885631,4128917041709885631-1498756014-1498756014,4128917041709885631-1498756014-1498756014,Organic Search,0.500000,12.64,1,25.28
5729167288225910625,5729167288225910625-1470770391-1470770391,5729167288225910625-1470261081-1470261081,Organic Search,0.111111,16.222222222,0,0
5729167288225910625,5729167288225910625-1470770391-1470770391,5729167288225910625-1470761682-1470761682,Referral,0.111111,16.222222222,0,0
5729167288225910625,5729167288225910625-1470770391-1470770391,5729167288225910625-1470179556-1470179556,Organic Search,0.111111,16.222222222,0,0
5729167288225910625,5729167288225910625-1470770391-1470770391,5729167288225910625-1470344225-1470344225,Organic Search,0.111111,16.222222222,0,0
5729167288225910625,5729167288225910625-1470770391-1470770391,5729167288225910625-1470767274-1470767274,Referral,0.111111,16.222222222,0,0
5729167288225910625,5729167288225910625-1470770391-1470770391,5729167288225910625-1470761520-1470761520,Organic Search,0.111111,16.222222222,0,0
5729167288225910625,5729167288225910625-1470770391-1470770391,5729167288225910625-1470255853-1470255853,Organic Search,0.111111,16.222222222,0,0
5729167288225910625,5729167288225910625-1470770391-1470770391,5729167288225910625-1470349817-1470349817,Organic Search,0.111111,16.222222222,0,0
5729167288225910625,5729167288225910625-1470770391-1470770391,5729167288225910625-1470770391-1470770391,Referral,0.111111,16.222222222,1,146
5241647858965846935,5241647858965846935-1479068994-1479068994,5241647858965846935-1478468130-1478468130,Paid Search,0.071429,0.9992857143,0,0
5241647858965846935,5241647858965846935-1479068994-1479068994,5241647858965846935-1478823091-1478823091,Paid Search,0.071429,0.9992857143,0,0
5241647858965846935,5241647858965846935-1479068994-1479068994,5241647858965846935-1477764421-1477764421,Organic Search,0.071429,0.9992857143,0,0
5241647858965846935,5241647858965846935-1479068994-1479068994,5241647858965846935-1475843973-1475843973,Organic Search,0.071429,0.9992857143,0,0
5241647858965846935,5241647858965846935-1479068994-1479068994,5241647858965846935-1477932696-1477932696,Paid Search,0.071429,0.9992857143,0,0
5241647858965846935,5241647858965846935-1479068994-1479068994,5241647858965846935-1478346403-1478346403,Paid Search,0.071429,0.9992857143,0,0
5241647858965846935,5241647858965846935-1479068994-1479068994,5241647858965846935-1477922844-1477922844,Paid Search,0.071429,0.9992857143,0,0
5241647858965846935,5241647858965846935-1479068994-1479068994,5241647858965846935-1479068994-1479068994,Paid Search,0.071429,0.9992857143,1,13.99
5241647858965846935,5241647858965846935-1479068994-1479068994,5241647858965846935-1477530945-1477530945,Display,0.071429,0.9992857143,0,0
5241647858965846935,5241647858965846935-1479068994-1479068994,5241647858965846935-1476189112-1476189112,Paid Search,0.071429,0.9992857143,0,0
5241647858965846935,5241647858965846935-1479068994-1479068994,5241647858965846935-1475849713-1475849713,Organic Search,0.071429,0.9992857143,0,0
5241647858965846935,5241647858965846935-1479068994-1479068994,5241647858965846935-1478348446-1478348446,Paid Search,0.071429,0.9992857143,0,0
5241647858965846935,5241647858965846935-1479068994-1479068994,5241647858965846935-1478306957-1478306957,Paid Search,0.071429,0.9992857143,0,0
5241647858965846935,5241647858965846935-1479068994-1479068994,5241647858965846935-1475799987-1475799987,Organic Search,0.071429,0.9992857143,0,0
1672614276054120363,1672614276054120363-1490321651-1490321651,1672614276054120363-1490321651-1490321651,Referral,0.250000,41.67,1,166.68
1672614276054120363,1672614276054120363-1490321651-1490321651,1672614276054120363-1489523271-1489523271,Organic Search,0.250000,41.67,0,0
1672614276054120363,1672614276054120363-1490321651-1490321651,1672614276054120363-1489516721-1489516721,Organic Search,0.250000,41.67,0,0
1672614276054120363,1672614276054120363-1490321651-1490321651,1672614276054120363-1490321073-1490321073,Organic Search,0.250000,41.67,0,0
8518736572243003083,8518736572243003083-1470952051-1470952051,8518736572243003083-1470667860-1470667860,Organic Search,0.125000,19.88,0,0
8518736572243003083,8518736572243003083-1470952051-1470952051,8518736572243003083-1470687785-1470687785,Referral,0.125000,19.88,0,0
8518736572243003083,8518736572243003083-1470952051-1470952051,8518736572243003083-1470678096-1470678096,Organic Search,0.125000,19.88,0,0
8518736572243003083,8518736572243003083-1470952051-1470952051,8518736572243003083-1470409458-1470409458,Organic Search,0.125000,19.88,0,0
8518736572243003083,8518736572243003083-1470952051-1470952051,8518736572243003083-1470675243-1470675243,Organic Search,0.125000,19.88,0,0
8518736572243003083,8518736572243003083-1470952051-1470952051,8518736572243003083-1470952051-1470952051,Referral,0.125000,19.88,1,159.04
8518736572243003083,8518736572243003083-1470952051-1470952051,8518736572243003083-1470082924-1470082924,Referral,0.125000,19.88,0,0
8518736572243003083,8518736572243003083-1470952051-1470952051,8518736572243003083-1470082900-1470082900,Direct,0.125000,19.88,0,0
626672651895030919,626672651895030919-1479170666-1479170666,626672651895030919-1477332834-1477332834,Direct,0.125000,8.30875,0,0
626672651895030919,626672651895030919-1479170666-1479170666,626672651895030919-1479148162-1479148162,Referral,0.125000,8.30875,0,0
626672651895030919,626672651895030919-1479170666-1479170666,626672651895030919-1477716376-1477716376,Referral,0.125000,8.30875,0,0
626672651895030919,626672651895030919-1479170666-1479170666,626672651895030919-1479162693-1479162693,Organic Search,0.125000,8.30875,0,0
626672651895030919,626672651895030919-1479170666-1479170666,626672651895030919-1479170666-1479170666,Organic Search,0.125000,8.30875,1,66.47
626672651895030919,626672651895030919-1479170666-1479170666,626672651895030919-1477187948-1477187948,Direct,0.125000,8.30875,0,0
626672651895030919,626672651895030919-1479170666-1479170666,626672651895030919-1478199817-1478199817,Referral,0.125000,8.30875,0,0
626672651895030919,626672651895030919-1479170666-1479170666,626672651895030919-1479167619-1479167619,Organic Search,0.125000,8.30875,0,0
4578640586284138624,4578640586284138624-1474923302-1474923302,4578640586284138624-1474307248-1474307248,Direct,0.166667,15.748333333,0,0
4578640586284138624,4578640586284138624-1474923302-1474923302,4578640586284138624-1474495179-1474495179,Organic Search,0.166667,15.748333333,0,0
4578640586284138624,4578640586284138624-1474923302-1474923302,4578640586284138624-1474317297-1474317297,Direct,0.166667,15.748333333,0,0
4578640586284138624,4578640586284138624-1474923302-1474923302,4578640586284138624-1474321649-1474321649,Organic Search,0.166667,15.748333333,0,0
4578640586284138624,4578640586284138624-1474923302-1474923302,4578640586284138624-1474302562-1474302562,Direct,0.166667,15.748333333,0,0
4578640586284138624,4578640586284138624-1474923302-1474923302,4578640586284138624-1474492233-1474492233,Organic Search,0.166667,15.748333333,0,0
4578640586284138624,4578640586284138624-1474923302-1474923302,4578640586284138624-1474067825-1474067825,Direct,0.166667,15.748333333,0,0
4578640586284138624,4578640586284138624-1474923302-1474923302,4578640586284138624-1474329482-1474329482,Organic Search,0.166667,15.748333333,0,0
4578640586284138624,4578640586284138624-1474923302-1474923302,4578640586284138624-1474923302-1474923302,Organic Search,0.166667,15.748333333,2,188.98
4578640586284138624,4578640586284138624-1474923302-1474923302,4578640586284138624-1474335608-1474335608,Organic Search,0.166667,15.748333333,0,0
4578640586284138624,4578640586284138624-1474923302-1474923302,4578640586284138624-1473966722-1473966722,Direct,0.166667,15.748333333,0,0
4578640586284138624,4578640586284138624-1474923302-1474923302,4578640586284138624-1474677204-1474677204,Organic Search,0.166667,15.748333333,0,0
8471635860223602848,8471635860223602848-1493416506-1493416506,8471635860223602848-1493415941-1493415941,Organic Search,0.250000,9.8475,0,0
8471635860223602848,8471635860223602848-1493416506-1493416506,8471635860223602848-1492726783-1492726783,Organic Search,0.250000,9.8475,0,0
8471635860223602848,8471635860223602848-1493416506-1493416506,8471635860223602848-1493317107-1493317107,Organic Search,0.250000,9.8475,0,0
8471635860223602848,8471635860223602848-1493416506-1493416506,8471635860223602848-1493416506-1493416506,Referral,0.250000,9.8475,1,39.39
2265703789548596461,2265703789548596461-1483295231-1483295231,2265703789548596461-1482958267-1482958267,Display,0.200000,8.914,0,0
2265703789548596461,2265703789548596461-1483295231-1483295231,2265703789548596461-1481813103-1481813103,Display,0.200000,8.914,0,0
2265703789548596461,2265703789548596461-1483295231-1483295231,2265703789548596461-1483295231-1483295231,Referral,0.200000,8.914,1,44.57
2265703789548596461,2265703789548596461-1483295231-1483295231,2265703789548596461-1483295089-1483295089,Display,0.200000,8.914,0,0
2265703789548596461,2265703789548596461-1483295231-1483295231,2265703789548596461-1482954854-1482954854,Display,0.200000,8.914,0,0
7441074498173829277,7441074498173829277-1495209755-1495209755,7441074498173829277-1495209755-1495209755,Referral,0.250000,59.2375,1,236.95
7441074498173829277,7441074498173829277-1495209755-1495209755,7441074498173829277-1494609294-1494609294,Organic Search,0.250000,59.2375,0,0
7441074498173829277,7441074498173829277-1495209755-1495209755,7441074498173829277-1494602639-1494602639,Organic Search,0.250000,59.2375,0,0
7441074498173829277,7441074498173829277-1495209755-1495209755,7441074498173829277-1492466267-1492466267,Organic Search,0.250000,59.2375,0,0
6391993592802283286,6391993592802283286-1493689934-1493689934,6391993592802283286-1493689934-1493689934,Referral,0.142857,5.332857143,1,37.33
6391993592802283286,6391993592802283286-1493689934-1493689934,6391993592802283286-1493257950-1493257950,Referral,0.142857,5.332857143,0,0
6391993592802283286,6391993592802283286-1493689934-1493689934,6391993592802283286-1493265947-1493265947,Paid Search,0.142857,5.332857143,0,0
6391993592802283286,6391993592802283286-1493689934-1493689934,6391993592802283286-1493330395-1493330395,Organic Search,0.142857,5.332857143,0,0
6391993592802283286,6391993592802283286-1493689934-1493689934,6391993592802283286-1493686974-1493686974,Referral,0.142857,5.332857143,0,0
6391993592802283286,6391993592802283286-1493689934-1493689934,6391993592802283286-1493265807-1493265807,Referral,0.142857,5.332857143,0,0
6391993592802283286,6391993592802283286-1493689934-1493689934,6391993592802283286-1493330658-1493330658,Referral,0.142857,5.332857143,0,0
4296109044601139440,4296109044601139440-1497369312-1497369312,4296109044601139440-1497369032-1497369032,Direct,0.500000,29.995,0,0
4296109044601139440,4296109044601139440-1497369312-1497369312,4296109044601139440-1497369312-1497369312,Organic Search,0.500000,29.995,1,59.99
0488236137527169951,0488236137527169951-1471383743-1471383743,0488236137527169951-1471329548-1471329548,Referral,0.200000,21.108,0,0
0488236137527169951,0488236137527169951-1471383743-1471383743,0488236137527169951-1471303689-1471303689,Referral,0.200000,21.108,0,0
0488236137527169951,0488236137527169951-1471383743-1471383743,0488236137527169951-1471383743-1471383743,Referral,0.200000,21.108,1,105.54
0488236137527169951,0488236137527169951-1471383743-1471383743,0488236137527169951-1471371192-1471371192,Organic Search,0.200000,21.108,0,0
0488236137527169951,0488236137527169951-1471383743-1471383743,0488236137527169951-1471329576-1471329576,Organic Search,0.200000,21.108,0,0
8007564628670829915,8007564628670829915-1496715739-1496715739,8007564628670829915-1496673547-1496673547,Referral,0.200000,59.3,0,0
8007564628670829915,8007564628670829915-1496715739-1496715739,8007564628670829915-1496688791-1496688791,Referral,0.200000,59.3,0,0
8007564628670829915,8007564628670829915-1496715739-1496715739,8007564628670829915-1496715739-1496715739,Referral,0.200000,59.3,1,296.5
8007564628670829915,8007564628670829915-1496715739-1496715739,8007564628670829915-1496370338-1496370338,Direct,0.200000,59.3,0,0
8007564628670829915,8007564628670829915-1496715739-1496715739,8007564628670829915-1496670859-1496670859,Referral,0.200000,59.3,0,0
1294302951834290508,1294302951834290508-1478119867-1478119867,1294302951834290508-1478119867-1478119867,Referral,0.333333,38.48,1,115.44
1294302951834290508,1294302951834290508-1478119867-1478119867,1294302951834290508-1478111980-1478111980,Referral,0.333333,38.48,0,0
1294302951834290508,1294302951834290508-1478119867-1478119867,1294302951834290508-1478110303-1478110303,Direct,0.333333,38.48,0,0
0343104487250705794,0343104487250705794-1487028972-1487028972,0343104487250705794-1487007750-1487007750,Organic Search,0.250000,41.74,0,0
0343104487250705794,0343104487250705794-1487028972-1487028972,0343104487250705794-1486064503-1486064503,Referral,0.250000,41.74,0,0
0343104487250705794,0343104487250705794-1487028972-1487028972,0343104487250705794-1486663102-1486663102,Organic Search,0.250000,41.74,0,0
0343104487250705794,0343104487250705794-1487028972-1487028972,0343104487250705794-1487028972-1487028972,Organic Search,0.250000,41.74,1,166.96
4191489896925210475,4191489896925210475-1482360949-1482360949,4191489896925210475-1479515518-1479515518,Organic Search,0.500000,175.5,0,0
4191489896925210475,4191489896925210475-1482360949-1482360949,4191489896925210475-1482360949-1482360949,Referral,0.500000,175.5,1,351
0833802672962058376,0833802672962058376-1479164251-1479164251,0833802672962058376-1471280349-1471280349,Organic Search,0.250000,8.045,0,0
0833802672962058376,0833802672962058376-1479164251-1479164251,0833802672962058376-1476038992-1476038992,Referral,0.250000,8.045,0,0
0833802672962058376,0833802672962058376-1479164251-1479164251,0833802672962058376-1479153741-1479153741,Organic Search,0.250000,8.045,0,0
0833802672962058376,0833802672962058376-1479164251-1479164251,0833802672962058376-1479164251-1479164251,Organic Search,0.250000,8.045,1,32.18
3130970991190166322,3130970991190166322-1486419276-1486419276,3130970991190166322-1486419276-1486419276,Referral,0.500000,111.89,1,223.78
3130970991190166322,3130970991190166322-1486419276-1486419276,3130970991190166322-1486418783-1486418783,Organic Search,0.500000,111.89,0,0
9044068295785235529,9044068295785235529-1476370257-1476370257,9044068295785235529-1476370257-1476370257,Referral,0.500000,79.285,1,158.57
9044068295785235529,9044068295785235529-1476370257-1476370257,9044068295785235529-1474948288-1474948288,Paid Search,0.500000,79.285,0,0
4518084412353571470,4518084412353571470-1498165687-1498165687,4518084412353571470-1495756311-1495756311,Organic Search,0.111111,10.055555556,0,0
4518084412353571470,4518084412353571470-1498165687-1498165687,4518084412353571470-1495418986-1495418986,Organic Search,0.111111,10.055555556,0,0
4518084412353571470,4518084412353571470-1498165687-1498165687,4518084412353571470-1495483915-1495483915,Organic Search,0.111111,10.055555556,0,0
4518084412353571470,4518084412353571470-1498165687-1498165687,4518084412353571470-1495851841-1495851841,Organic Search,0.111111,10.055555556,0,0
4518084412353571470,4518084412353571470-1498165687-1498165687,4518084412353571470-1498165687-1498165687,Paid Search,0.111111,10.055555556,1,90.5
4518084412353571470,4518084412353571470-1498165687-1498165687,4518084412353571470-1495858330-1495858330,Organic Search,0.111111,10.055555556,0,0
4518084412353571470,4518084412353571470-1498165687-1498165687,4518084412353571470-1495470033-1495470033,Organic Search,0.111111,10.055555556,0,0
4518084412353571470,4518084412353571470-1498165687-1498165687,4518084412353571470-1497287616-1497287616,Organic Search,0.111111,10.055555556,0,0
4518084412353571470,4518084412353571470-1498165687-1498165687,4518084412353571470-1495814076-1495814076,Organic Search,0.111111,10.055555556,0,0
4092654193706632876,4092654193706632876-1479165539-1479165539,4092654193706632876-1479135126-1479135126,Organic Search,0.142857,6.378571429,0,0
4092654193706632876,4092654193706632876-1479165539-1479165539,4092654193706632876-1476904848-1476904848,Organic Search,0.142857,6.378571429,0,0
4092654193706632876,4092654193706632876-1479165539-1479165539,4092654193706632876-1479096961-1479096961,Organic Search,0.142857,6.378571429,0,0
4092654193706632876,4092654193706632876-1479165539-1479165539,4092654193706632876-1479165539-1479165539,Organic Search,0.142857,6.378571429,1,44.65
4092654193706632876,4092654193706632876-1479165539-1479165539,4092654193706632876-1476649643-1476649643,Referral,0.142857,6.378571429,0,0
4092654193706632876,4092654193706632876-1479165539-1479165539,4092654193706632876-1476323768-1476323768,Referral,0.142857,6.378571429,0,0
4092654193706632876,4092654193706632876-1479165539-1479165539,4092654193706632876-1476819870-1476819870,Organic Search,0.142857,6.378571429,0,0
3187154400551133371,3187154400551133371-1487013618-1487013618,3187154400551133371-1471037148-1471037148,Referral,0.100000,2.399,0,0
3187154400551133371,3187154400551133371-1487013618-1487013618,3187154400551133371-1473453038-1473453038,Referral,0.100000,2.399,0,0
3187154400551133371,3187154400551133371-1487013618-1487013618,3187154400551133371-1474298194-1474298194,Referral,0.100000,2.399,0,0
3187154400551133371,3187154400551133371-1487013618-1487013618,3187154400551133371-1476711972-1476711972,Referral,0.100000,2.399,0,0
3187154400551133371,3187154400551133371-1487013618-1487013618,3187154400551133371-1477314229-1477314229,Referral,0.100000,2.399,0,0
3187154400551133371,3187154400551133371-1487013618-1487013618,3187154400551133371-1477318750-1477318750,Referral,0.100000,2.399,0,0
3187154400551133371,3187154400551133371-1487013618-1487013618,3187154400551133371-1476191984-1476191984,Referral,0.100000,2.399,0,0
3187154400551133371,3187154400551133371-1487013618-1487013618,3187154400551133371-1486743034-1486743034,Referral,0.100000,2.399,0,0
3187154400551133371,3187154400551133371-1487013618-1487013618,3187154400551133371-1474030585-1474030585,Referral,0.100000,2.399,0,0
3187154400551133371,3187154400551133371-1487013618-1487013618,3187154400551133371-1487013618-1487013618,Direct,0.100000,2.399,1,23.99
0290333981372798422,0290333981372798422-1494872984-1494872984,0290333981372798422-1494022211-1494022211,Referral,0.500000,18.21,0,0
0290333981372798422,0290333981372798422-1494872984-1494872984,0290333981372798422-1494872984-1494872984,Organic Search,0.500000,18.21,1,36.42
4580502273723821061,4580502273723821061-1487604895-1487604895,4580502273723821061-1486587095-1486587095,Direct,0.500000,29.075,0,0
4580502273723821061,4580502273723821061-1487604895-1487604895,4580502273723821061-1487604895-1487604895,Referral,0.500000,29.075,1,58.15
3188368730358313533,3188368730358313533-1475534510-1475534510,3188368730358313533-1475534510-1475534510,Referral,0.500000,97.94,1,195.88
3188368730358313533,3188368730358313533-1475534510-1475534510,3188368730358313533-1474666615-1474666615,Direct,0.500000,97.94,0,0
2390837948124103582,2390837948124103582-1487370502-1487370502,2390837948124103582-1487370438-1487370438,Direct,0.500000,19.295,0,0
2390837948124103582,2390837948124103582-1487370502-1487370502,2390837948124103582-1487370502-1487370502,Referral,0.500000,19.295,1,38.59
3970595310898448417,3970595310898448417-1496159393-1496159393,3970595310898448417-1496159393-1496159393,Referral,0.500000,9.295,1,18.59
3970595310898448417,3970595310898448417-1496159393-1496159393,3970595310898448417-1492104331-1492104331,Direct,0.500000,9.295,0,0
428994201200499894,428994201200499894-1472478374-1472478374,428994201200499894-1471352538-1471352538,Display,0.166667,159.33,0,0
428994201200499894,428994201200499894-1472478374-1472478374,428994201200499894-1471881660-1471881660,Display,0.166667,159.33,0,0
428994201200499894,428994201200499894-1472478374-1472478374,428994201200499894-1472139280-1472139280,Organic Search,0.166667,159.33,0,0
428994201200499894,428994201200499894-1472478374-1472478374,428994201200499894-1471559089-1471559089,Display,0.166667,159.33,0,0
428994201200499894,428994201200499894-1472478374-1472478374,428994201200499894-1471320477-1471320477,Paid Search,0.166667,159.33,0,0
428994201200499894,428994201200499894-1472478374-1472478374,428994201200499894-1472478374-1472478374,Organic Search,0.166667,159.33,1,955.98
7169974092956652971,7169974092956652971-1500479519-1500479519,7169974092956652971-1500479239-1500479239,Referral,0.500000,22.1,0,0
7169974092956652971,7169974092956652971-1500479519-1500479519,7169974092956652971-1500479519-1500479519,Organic Search,0.500000,22.1,1,44.2
4353270075467470044,4353270075467470044-1485364853-1485364853,4353270075467470044-1485364796-1485364796,Direct,0.500000,25.895,0,0
4353270075467470044,4353270075467470044-1485364853-1485364853,4353270075467470044-1485364853-1485364853,Referral,0.500000,25.895,1,51.79
0815047945706399620,0815047945706399620-1501612980-1501612980,0815047945706399620-1500387519-1500387519,Direct,0.142857,7.395714286,0,0
0815047945706399620,0815047945706399620-1501612980-1501612980,0815047945706399620-1500327815-1500327815,Direct,0.142857,7.395714286,0,0
0815047945706399620,0815047945706399620-1501612980-1501612980,0815047945706399620-1500999921-1500999921,Referral,0.142857,7.395714286,0,0
0815047945706399620,0815047945706399620-1501612980-1501612980,0815047945706399620-1501007338-1501007338,Referral,0.142857,7.395714286,0,0
0815047945706399620,0815047945706399620-1501612980-1501612980,0815047945706399620-1500662482-1500662482,Referral,0.142857,7.395714286,0,0
0815047945706399620,0815047945706399620-1501612980-1501612980,0815047945706399620-1501513338-1501513338,Referral,0.142857,7.395714286,0,0
0815047945706399620,0815047945706399620-1501612980-1501612980,0815047945706399620-1501612980-1501612980,Referral,0.142857,7.395714286,1,51.77
6645585126548219573,6645585126548219573-1484791493-1484791493,6645585126548219573-1484791493-1484791493,Referral,0.500000,40.495,1,80.99
6645585126548219573,6645585126548219573-1484791493-1484791493,6645585126548219573-1484789718-1484789718,Organic Search,0.500000,40.495,0,0
6338909403180350961,6338909403180350961-1499863233-1499863233,6338909403180350961-1498443584-1498443584,Organic Search,0.500000,11.995,0,0
6338909403180350961,6338909403180350961-1499863233-1499863233,6338909403180350961-1499863233-1499863233,Paid Search,0.500000,11.995,1,23.99
1971879185768782326,1971879185768782326-1490974023-1490974023,1971879185768782326-1490974023-1490974023,Organic Search,0.500000,45.185,1,90.37
1971879185768782326,1971879185768782326-1490974023-1490974023,1971879185768782326-1490973219-1490973219,Referral,0.500000,45.185,0,0
5896536036728324632,5896536036728324632-1472403925-1472403925,5896536036728324632-1472348008-1472348008,Paid Search,0.200000,10.558,0,0
5896536036728324632,5896536036728324632-1472403925-1472403925,5896536036728324632-1471559521-1471559521,Organic Search,0.200000,10.558,0,0
5896536036728324632,5896536036728324632-1472403925-1472403925,5896536036728324632-1472403925-1472403925,Referral,0.200000,10.558,1,52.79
5896536036728324632,5896536036728324632-1472403925-1472403925,5896536036728324632-1472402794-1472402794,Paid Search,0.200000,10.558,0,0
5896536036728324632,5896536036728324632-1472403925-1472403925,5896536036728324632-1472341811-1472341811,Paid Search,0.200000,10.558,0,0
3287424336851494398,3287424336851494398-1481815023-1481815023,3287424336851494398-1481045185-1481045185,Organic Search,0.125000,17.79625,0,0
3287424336851494398,3287424336851494398-1481815023-1481815023,3287424336851494398-1481815023-1481815023,Organic Search,0.125000,17.79625,1,142.37
3287424336851494398,3287424336851494398-1481815023-1481815023,3287424336851494398-1481218053-1481218060,Organic Search,0.125000,17.79625,0,0
3287424336851494398,3287424336851494398-1481815023-1481815023,3287424336851494398-1481051157-1481051157,Organic Search,0.125000,17.79625,0,0
3287424336851494398,3287424336851494398-1481815023-1481815023,3287424336851494398-1479306173-1479306173,Direct,0.125000,17.79625,0,0
3287424336851494398,3287424336851494398-1481815023-1481815023,3287424336851494398-1481731220-1481731220,Organic Search,0.125000,17.79625,0,0
3287424336851494398,3287424336851494398-1481815023-1481815023,3287424336851494398-1481812220-1481812220,Organic Search,0.125000,17.79625,0,0
3287424336851494398,3287424336851494398-1481815023-1481815023,3287424336851494398-1479946116-1479946116,Organic Search,0.125000,17.79625,0,0
476894088375216381,476894088375216381-1480350132-1480350132,476894088375216381-1476711810-1476711810,Organic Search,0.250000,122.245,0,0
476894088375216381,476894088375216381-1480350132-1480350132,476894088375216381-1480295008-1480295008,Organic Search,0.250000,122.245,0,0
476894088375216381,476894088375216381-1480350132-1480350132,476894088375216381-1472826888-1472826888,Organic Search,0.250000,122.245,0,0
476894088375216381,476894088375216381-1480350132-1480350132,476894088375216381-1480350132-1480350132,Paid Search,0.250000,122.245,1,488.98
8915655068975271461,8915655068975271461-1500070846-1500070846,8915655068975271461-1500050066-1500050066,Referral,0.333333,10.86,0,0
8915655068975271461,8915655068975271461-1500070846-1500070846,8915655068975271461-1498959228-1498959228,Organic Search,0.333333,10.86,0,0
8915655068975271461,8915655068975271461-1500070846-1500070846,8915655068975271461-1500070846-1500070846,Referral,0.333333,10.86,1,32.58
0053010816158486672,0053010816158486672-1487175167-1487175167,0053010816158486672-1487174880-1487174880,Direct,0.500000,31.89,0,0
0053010816158486672,0053010816158486672-1487175167-1487175167,0053010816158486672-1487175167-1487175167,Referral,0.500000,31.89,1,63.78
4061383032908254634,4061383032908254634-1481573748-1481573748,4061383032908254634-1481573748-1481573748,Organic Search,0.500000,16.99,1,33.98
4061383032908254634,4061383032908254634-1481573748-1481573748,4061383032908254634-1480824911-1480824911,Direct,0.500000,16.99,0,0
9963742951438650349,9963742951438650349-1480884019-1480884019,9963742951438650349-1480117131-1480117131,Direct,0.250000,11.4475,0,0
9963742951438650349,9963742951438650349-1480884019-1480884019,9963742951438650349-1478480380-1478480380,Direct,0.250000,11.4475,0,0
9963742951438650349,9963742951438650349-1480884019-1480884019,9963742951438650349-1480884019-1480884019,Referral,0.250000,11.4475,1,45.79
9963742951438650349,9963742951438650349-1480884019-1480884019,9963742951438650349-1480694941-1480694941,Direct,0.250000,11.4475,0,0
1856789034184748379,1856789034184748379-1478639412-1478639412,1856789034184748379-1478214218-1478214218,Referral,0.166667,10.498333333,0,0
1856789034184748379,1856789034184748379-1478639412-1478639412,1856789034184748379-1478276256-1478276256,Referral,0.166667,10.498333333,0,0
1856789034184748379,1856789034184748379-1478639412-1478639412,1856789034184748379-1478209385-1478209385,Referral,0.166667,10.498333333,0,0
1856789034184748379,1856789034184748379-1478639412-1478639412,1856789034184748379-1478206868-1478206868,Referral,0.166667,10.498333333,0,0
1856789034184748379,1856789034184748379-1478639412-1478639412,1856789034184748379-1478639412-1478639412,Referral,0.166667,10.498333333,1,62.99
1856789034184748379,1856789034184748379-1478639412-1478639412,1856789034184748379-1478116613-1478116613,Direct,0.166667,10.498333333,0,0
9193930054101057748,9193930054101057748-1487209629-1487209629,9193930054101057748-1486064455-1486064455,Display,0.333333,13.393333333,0,0
9193930054101057748,9193930054101057748-1487209629-1487209629,9193930054101057748-1487209629-1487209629,Organic Search,0.333333,13.393333333,1,40.18
9193930054101057748,9193930054101057748-1487209629-1487209629,9193930054101057748-1486497318-1486497318,Organic Search,0.333333,13.393333333,0,0
9973665079624172058,9973665079624172058-1500930921-1500930921,9973665079624172058-1500870192-1500870192,Direct,0.333333,26.65,0,0
9973665079624172058,9973665079624172058-1500930921-1500930921,9973665079624172058-1500930884-1500930884,Direct,0.333333,26.65,0,0
9973665079624172058,9973665079624172058-1500930921-1500930921,9973665079624172058-1500930921-1500930921,Referral,0.333333,26.65,1,79.95
9089132392240687728,9089132392240687728-1490048025-1490048025,9089132392240687728-1487983484-1487983484,Direct,1.000000,547.88,0,0
9089132392240687728,9089132392240687728-1490048025-1490048025,9089132392240687728-1490048025-1490048025,Paid Search,1.000000,547.88,2,1095.76
5952422370450576468,5952422370450576468-1500860215-1500860215,5952422370450576468-1497734222-1497734222,Organic Search,0.500000,9.095,0,0
5952422370450576468,5952422370450576468-1500860215-1500860215,5952422370450576468-1500860215-1500860215,Referral,0.500000,9.095,1,18.19
5197010601731138144,5197010601731138144-1497898592-1497898592,5197010601731138144-1497898592-1497898592,Paid Search,0.500000,75.7,1,151.4
5197010601731138144,5197010601731138144-1497898592-1497898592,5197010601731138144-1497897239-1497897239,Organic Search,0.500000,75.7,0,0
3756657782077054596,3756657782077054596-1481940280-1481940280,3756657782077054596-1481663916-1481663916,Organic Search,0.500000,11.215,0,0
3756657782077054596,3756657782077054596-1481940280-1481940280,3756657782077054596-1481940280-1481940280,Paid Search,0.500000,11.215,1,22.43
8750540969678184280,8750540969678184280-1475870807-1475870807,8750540969678184280-1475626310-1475626310,Referral,0.200000,44.876,0,0
8750540969678184280,8750540969678184280-1475870807-1475870807,8750540969678184280-1475863071-1475863071,Referral,0.200000,44.876,0,0
8750540969678184280,8750540969678184280-1475870807-1475870807,8750540969678184280-1475853286-1475853286,Referral,0.200000,44.876,0,0
8750540969678184280,8750540969678184280-1475870807-1475870807,8750540969678184280-1475870807-1475870807,Referral,0.200000,44.876,1,224.38
8750540969678184280,8750540969678184280-1475870807-1475870807,8750540969678184280-1475622855-1475622855,Direct,0.200000,44.876,0,0
3213274881393839783,3213274881393839783-1481728239-1481728239,3213274881393839783-1481550556-1481550556,Direct,0.500000,13.995,0,0
3213274881393839783,3213274881393839783-1481728239-1481728239,3213274881393839783-1481728239-1481728239,Organic Search,0.500000,13.995,1,27.99
9342781097328717607,9342781097328717607-1495729651-1495729651,9342781097328717607-1495729651-1495729651,Organic Search,0.500000,5.985,1,11.97
9342781097328717607,9342781097328717607-1495729651-1495729651,9342781097328717607-1495467312-1495467312,Direct,0.500000,5.985,0,0
2193251253036865639,2193251253036865639-1479012556-1479012556,2193251253036865639-1478706531-1478706531,Direct,0.250000,27.9425,0,0
2193251253036865639,2193251253036865639-1479012556-1479012556,2193251253036865639-1478656419-1478656419,Direct,0.250000,27.9425,0,0
2193251253036865639,2193251253036865639-1479012556-1479012556,2193251253036865639-1478877382-1478877382,Referral,0.250000,27.9425,0,0
2193251253036865639,2193251253036865639-1479012556-1479012556,2193251253036865639-1479012556-1479012556,Referral,0.250000,27.9425,1,111.77
3449924104971285851,3449924104971285851-1482942545-1482942545,3449924104971285851-1482884421-1482884421,Organic Search,0.333333,256.266666667,0,0
3449924104971285851,3449924104971285851-1482942545-1482942545,3449924104971285851-1481757878-1481757878,Paid Search,0.333333,256.266666667,0,0
3449924104971285851,3449924104971285851-1482942545-1482942545,3449924104971285851-1482942545-1482942545,Organic Search,0.333333,256.266666667,1,768.8
1465921528988606892,1465921528988606892-1500239213-1500239213,1465921528988606892-1499740094-1499740094,Social,0.500000,22.245,0,0
1465921528988606892,1465921528988606892-1500239213-1500239213,1465921528988606892-1500239213-1500239213,Organic Search,0.500000,22.245,1,44.49
5811368078800551365,5811368078800551365-1496393528-1496393528,5811368078800551365-1496393528-1496393528,Paid Search,0.500000,27.97,1,55.94
5811368078800551365,5811368078800551365-1496393528-1496393528,5811368078800551365-1495002715-1495002715,Organic Search,0.500000,27.97,0,0
472388433264551158,472388433264551158-1474425848-1474425848,472388433264551158-1474425848-1474425848,Referral,0.500000,121.23,1,242.46
472388433264551158,472388433264551158-1474425848-1474425848,472388433264551158-1473351304-1473351304,Direct,0.500000,121.23,0,0
1006586895176730194,1006586895176730194-1490890123-1490890123,1006586895176730194-1490890123-1490890123,Referral,0.500000,11.9,1,23.8
1006586895176730194,1006586895176730194-1490890123-1490890123,1006586895176730194-1490889691-1490889691,Organic Search,0.500000,11.9,0,0
562325699784469979,562325699784469979-1480522186-1480522186,562325699784469979-1480522025-1480522025,Direct,0.500000,32.05,0,0
562325699784469979,562325699784469979-1480522186-1480522186,562325699784469979-1480522186-1480522186,Referral,0.500000,32.05,1,64.1
7950848969150459416,7950848969150459416-1480884349-1480884349,7950848969150459416-1480884349-1480884349,Organic Search,0.500000,30.995,1,61.99
7950848969150459416,7950848969150459416-1480884349-1480884349,7950848969150459416-1480196222-1480196222,Paid Search,0.500000,30.995,0,0
7538330122216229269,7538330122216229269-1474307549-1474307549,7538330122216229269-1474307549-1474307549,Referral,0.500000,685.835,1,1371.67
7538330122216229269,7538330122216229269-1474307549-1474307549,7538330122216229269-1474306734-1474306734,Direct,0.500000,685.835,0,0
7275146492710079917,7275146492710079917-1491619294-1491619294,7275146492710079917-1491619294-1491619294,Organic Search,0.500000,12.995,1,25.99
7275146492710079917,7275146492710079917-1491619294-1491619294,7275146492710079917-1491545789-1491545789,Direct,0.500000,12.995,0,0
798087643954247685,798087643954247685-1478281907-1478281907,798087643954247685-1478281907-1478281907,Organic Search,0.500000,40.595,1,81.19
798087643954247685,798087643954247685-1478281907-1478281907,798087643954247685-1478107272-1478107272,Referral,0.500000,40.595,0,0
5187692235197224679,5187692235197224679-1496168276-1496168276,5187692235197224679-1496168276-1496168276,Referral,0.500000,33.9,1,67.8
5187692235197224679,5187692235197224679-1496168276-1496168276,5187692235197224679-1496168035-1496168035,Direct,0.500000,33.9,0,0
2507346080386513370,2507346080386513370-1479153936-1479153936,2507346080386513370-1477936725-1477936725,Direct,0.500000,44.3,0,0
2507346080386513370,2507346080386513370-1479153936-1479153936,2507346080386513370-1479153936-1479153936,Referral,0.500000,44.3,1,88.6
3440941357653473285,3440941357653473285-1485041614-1485041614,3440941357653473285-1485041614-1485041614,Paid Search,0.500000,54.975,1,109.95
3440941357653473285,3440941357653473285-1485041614-1485041614,3440941357653473285-1484250408-1484250408,Referral,0.500000,54.975,0,0
625333892395560084,625333892395560084-1489859604-1489859604,625333892395560084-1489859604-1489859604,Organic Search,0.500000,25.995,1,51.99
625333892395560084,625333892395560084-1489859604-1489859604,625333892395560084-1488998847-1488998847,Direct,0.500000,25.995,0,0
543654610852010937,543654610852010937-1481000816-1481000816,543654610852010937-1480189541-1480189541,Referral,0.200000,10.754,0,0
543654610852010937,543654610852010937-1481000816-1481000816,543654610852010937-1480229445-1480229445,Referral,0.200000,10.754,0,0
543654610852010937,543654610852010937-1481000816-1481000816,543654610852010937-1476428572-1476428572,Referral,0.200000,10.754,0,0
543654610852010937,543654610852010937-1481000816-1481000816,543654610852010937-1481000694-1481000694,Referral,0.200000,10.754,0,0
543654610852010937,543654610852010937-1481000816-1481000816,543654610852010937-1481000816-1481000816,Organic Search,0.200000,10.754,1,53.77
9427363159955336757,9427363159955336757-1485732278-1485732278,9427363159955336757-1485732278-1485732278,Paid Search,0.500000,56.97,1,113.94
9427363159955336757,9427363159955336757-1485732278-1485732278,9427363159955336757-1485564877-1485564877,Organic Search,0.500000,56.97,0,0
4242693912596237127,4242693912596237127-1499449510-1499449510,4242693912596237127-1499441441-1499441441,Organic Search,0.500000,27.62,0,0
4242693912596237127,4242693912596237127-1499449510-1499449510,4242693912596237127-1499449510-1499449510,Referral,0.500000,27.62,1,55.24
9979550771372989715,9979550771372989715-1488922829-1488922829,9979550771372989715-1488921939-1488921939,Paid Search,0.500000,14.495,0,0
9979550771372989715,9979550771372989715-1488922829-1488922829,9979550771372989715-1488922829-1488922829,Organic Search,0.500000,14.495,1,28.99
0764484494612548101,0764484494612548101-1493738866-1493738866,0764484494612548101-1493738866-1493738866,Referral,0.500000,20.295,1,40.59
0764484494612548101,0764484494612548101-1493738866-1493738866,0764484494612548101-1493581879-1493581879,Direct,0.500000,20.295,0,0
7565764107128651335,7565764107128651335-1483657525-1483657525,7565764107128651335-1483657525-1483657525,Organic Search,0.500000,11.49,1,22.98
7565764107128651335,7565764107128651335-1483657525-1483657525,7565764107128651335-1483657483-1483657483,Paid Search,0.500000,11.49,0,0
4205053914875923563,4205053914875923563-1498496964-1498496964,4205053914875923563-1498323403-1498323403,Organic Search,0.500000,17.49,0,0
4205053914875923563,4205053914875923563-1498496964-1498496964,4205053914875923563-1498496964-1498496964,Referral,0.500000,17.49,1,34.98
0027729301290398668,0027729301290398668-1484712595-1484712595,0027729301290398668-1484712595-1484712595,Referral,0.500000,32.085,1,64.17
0027729301290398668,0027729301290398668-1484712595-1484712595,0027729301290398668-1484712519-1484712519,Direct,0.500000,32.085,0,0
9441031549900042682,9441031549900042682-1492196546-1492196546,9441031549900042682-1492170207-1492170207,Organic Search,0.250000,17.8275,0,0
9441031549900042682,9441031549900042682-1492196546-1492196546,9441031549900042682-1492193587-1492193587,Referral,0.250000,17.8275,0,0
9441031549900042682,9441031549900042682-1492196546-1492196546,9441031549900042682-1492170251-1492170251,Referral,0.250000,17.8275,0,0
9441031549900042682,9441031549900042682-1492196546-1492196546,9441031549900042682-1492196546-1492196546,Referral,0.250000,17.8275,1,71.31
2546464604912220860,2546464604912220860-1485014740-1485014740,2546464604912220860-1485013965-1485013965,Referral,0.333333,139.266666667,0,0
2546464604912220860,2546464604912220860-1485014740-1485014740,2546464604912220860-1485014740-1485014740,Organic Search,0.333333,139.266666667,1,417.8
2546464604912220860,2546464604912220860-1485014740-1485014740,2546464604912220860-1484363668-1484363668,Referral,0.333333,139.266666667,0,0
4034510370290015321,4034510370290015321-1499283032-1499283032,4034510370290015321-1494601609-1494601609,Direct,0.500000,17.39,0,0
4034510370290015321,4034510370290015321-1499283032-1499283032,4034510370290015321-1499283032-1499283032,Organic Search,0.500000,17.39,1,34.78
1424707127501880055,1424707127501880055-1499316634-1499316634,1424707127501880055-1482619492-1482619492,Direct,0.500000,35.855,0,0
1424707127501880055,1424707127501880055-1499316634-1499316634,1424707127501880055-1499316634-1499316634,Referral,0.500000,35.855,1,71.71
4406321641138445418,4406321641138445418-1478055482-1478055482,4406321641138445418-1478055482-1478055482,Referral,0.500000,27.395,1,54.79
4406321641138445418,4406321641138445418-1478055482-1478055482,4406321641138445418-1478055440-1478055440,Organic Search,0.500000,27.395,0,0
0780206376162514125,0780206376162514125-1473373023-1473373023,0780206376162514125-1472850326-1472850326,Referral,0.750000,126.25,0,0
0780206376162514125,0780206376162514125-1473373023-1473373023,0780206376162514125-1473284502-1473284502,Referral,0.750000,126.25,0,0
0780206376162514125,0780206376162514125-1473373023-1473373023,0780206376162514125-1472850276-1472850276,Organic Search,0.750000,126.25,0,0
0780206376162514125,0780206376162514125-1473373023-1473373023,0780206376162514125-1473373023-1473373023,Referral,0.750000,126.25,3,505
7232068354296514443,7232068354296514443-1494378296-1494378296,7232068354296514443-1494378296-1494378296,Organic Search,0.500000,29.18,1,58.36
7232068354296514443,7232068354296514443-1494378296-1494378296,7232068354296514443-1494306479-1494306479,Paid Search,0.500000,29.18,0,0
2136031415967879248,2136031415967879248-1493830125-1493830125,2136031415967879248-1493830125-1493830125,Referral,0.500000,96.105,1,192.21
2136031415967879248,2136031415967879248-1493830125-1493830125,2136031415967879248-1493830052-1493830052,Direct,0.500000,96.105,0,0
4490616705875483786,4490616705875483786-1488305565-1488305565,4490616705875483786-1477084836-1477084836,Organic Search,0.500000,30.995,0,0
4490616705875483786,4490616705875483786-1488305565-1488305565,4490616705875483786-1488305565-1488305565,Display,0.500000,30.995,1,61.99
3694234028523165868,3694234028523165868-1499026072-1499026072,3694234028523165868-1493992576-1493992576,Affiliates,0.009804,0.207745098,0,0
3694234028523165868,3694234028523165868-1499026072-1499026072,3694234028523165868-1495746301-1495746301,Display,0.009804,0.207745098,0,0
3694234028523165868,3694234028523165868-1499026072-1499026072,3694234028523165868-1494869275-1494869275,Organic Search,0.009804,0.207745098,0,0
3694234028523165868,3694234028523165868-1499026072-1499026072,3694234028523165868-1495584816-1495584816,Display,0.009804,0.207745098,0,0
3694234028523165868,3694234028523165868-1499026072-1499026072,3694234028523165868-1491341500-1491341500,Organic Search,0.009804,0.207745098,0,0
3694234028523165868,3694234028523165868-1499026072-1499026072,3694234028523165868-1493850519-1493850519,Organic Search,0.009804,0.207745098,0,0
3694234028523165868,3694234028523165868-1499026072-1499026072,3694234028523165868-1495567404-1495567404,Display,0.009804,0.207745098,0,0
3694234028523165868,3694234028523165868-1499026072-1499026072,3694234028523165868-1492478293-1492478293,Organic Search,0.009804,0.207745098,0,0
3694234028523165868,3694234028523165868-1499026072-1499026072,3694234028523165868-1490341836-1490341836,Display,0.009804,0.207745098,0,0
3694234028523165868,3694234028523165868-1499026072-1499026072,3694234028523165868-1495582681-1495582681,Display,0.009804,0.207745098,0,0
3694234028523165868,3694234028523165868-1499026072-1499026072,3694234028523165868-1488858668-1488858668,Display,0.009804,0.207745098,0,0
3694234028523165868,3694234028523165868-1499026072-1499026072,3694234028523165868-1487793237-1487793237,Organic Search,0.009804,0.207745098,0,0
3694234028523165868,3694234028523165868-1499026072-1499026072,3694234028523165868-1488931830-1488931830,Organic Search,0.009804,0.207745098,0,0
3694234028523165868,3694234028523165868-1499026072-1499026072,3694234028523165868-1487800683-1487800683,Organic Search,0.009804,0.207745098,0,0
3694234028523165868,3694234028523165868-1499026072-1499026072,3694234028523165868-1487975313-1487975313,Organic Search,0.009804,0.207745098,0,0
3694234028523165868,3694234028523165868-1499026072-1499026072,3694234028523165868-1490565437-1490565437,Display,0.009804,0.207745098,0,0
3694234028523165868,3694234028523165868-1499026072-1499026072,3694234028523165868-1490308713-1490308713,Display,0.009804,0.207745098,0,0
3694234028523165868,3694234028523165868-1499026072-1499026072,3694234028523165868-1488947623-1488947623,Display,0.009804,0.207745098,0,0
3694234028523165868,3694234028523165868-1499026072-1499026072,3694234028523165868-1494046657-1494046657,Affiliates,0.009804,0.207745098,0,0
3694234028523165868,3694234028523165868-1499026072-1499026072,3694234028523165868-1487808516-1487808516,Organic Search,0.009804,0.207745098,0,0
3694234028523165868,3694234028523165868-1499026072-1499026072,3694234028523165868-1493593369-1493593369,Organic Search,0.009804,0.207745098,0,0
3694234028523165868,3694234028523165868-1499026072-1499026072,3694234028523165868-1488848592-1488848592,Organic Search,0.009804,0.207745098,0,0
3694234028523165868,3694234028523165868-1499026072-1499026072,3694234028523165868-1495392215-1495392215,Display,0.009804,0.207745098,0,0
3694234028523165868,3694234028523165868-1499026072-1499026072,3694234028523165868-1488479245-1488479245,Organic Search,0.009804,0.207745098,0,0
3694234028523165868,3694234028523165868-1499026072-1499026072,3694234028523165868-1494515708-1494515708,Organic Search,0.009804,0.207745098,0,0
3694234028523165868,3694234028523165868-1499026072-1499026072,3694234028523165868-1487885275-1487885275,Organic Search,0.009804,0.207745098,0,0
3694234028523165868,3694234028523165868-1499026072-1499026072,3694234028523165868-1489092942-1489092942,Display,0.009804,0.207745098,0,0
3694234028523165868,3694234028523165868-1499026072-1499026072,3694234028523165868-1488858116-1488858116,Display,0.009804,0.207745098,0,0
3694234028523165868,3694234028523165868-1499026072-1499026072,3694234028523165868-1498065371-1498065371,Display,0.009804,0.207745098,0,0
3694234028523165868,3694234028523165868-1499026072-1499026072,3694234028523165868-1489690156-1489690156,Organic Search,0.009804,0.207745098,0,0
3694234028523165868,3694234028523165868-1499026072-1499026072,3694234028523165868-1492538029-1492538029,Organic Search,0.009804,0.207745098,0,0
3694234028523165868,3694234028523165868-1499026072-1499026072,3694234028523165868-1493991339-1493991339,Organic Search,0.009804,0.207745098,0,0
3694234028523165868,3694234028523165868-1499026072-1499026072,3694234028523165868-1492542498-1492542498,Organic Search,0.009804,0.207745098,0,0
3694234028523165868,3694234028523165868-1499026072-1499026072,3694234028523165868-1488834822-1488834822,Organic Search,0.009804,0.207745098,0,0
3694234028523165868,3694234028523165868-1499026072-1499026072,3694234028523165868-1497387385-1497387385,Referral,0.009804,0.207745098,0,0
3694234028523165868,3694234028523165868-1499026072-1499026072,3694234028523165868-1497486945-1497486945,Referral,0.009804,0.207745098,0,0
3694234028523165868,3694234028523165868-1499026072-1499026072,3694234028523165868-1489076072-1489076072,Display,0.009804,0.207745098,0,0
3694234028523165868,3694234028523165868-1499026072-1499026072,3694234028523165868-1492448391-1492448391,Organic Search,0.009804,0.207745098,0,0
3694234028523165868,3694234028523165868-1499026072-1499026072,3694234028523165868-1488400783-1488400783,Organic Search,0.009804,0.207745098,0,0
3694234028523165868,3694234028523165868-1499026072-1499026072,3694234028523165868-1488566570-1488566570,Organic Search,0.009804,0.207745098,0,0
3694234028523165868,3694234028523165868-1499026072-1499026072,3694234028523165868-1489165939-1489165939,Display,0.009804,0.207745098,0,0
3694234028523165868,3694234028523165868-1499026072-1499026072,3694234028523165868-1496783237-1496783237,Organic Search,0.009804,0.207745098,0,0
3694234028523165868,3694234028523165868-1499026072-1499026072,3694234028523165868-1494087775-1494087775,Affiliates,0.009804,0.207745098,0,0
3694234028523165868,3694234028523165868-1499026072-1499026072,3694234028523165868-1490281829-1490281829,Referral,0.009804,0.207745098,0,0
3694234028523165868,3694234028523165868-1499026072-1499026072,3694234028523165868-1487697876-1487697876,Direct,0.009804,0.207745098,0,0
3694234028523165868,3694234028523165868-1499026072-1499026072,3694234028523165868-1487715607-1487715607,Direct,0.009804,0.207745098,0,0
3694234028523165868,3694234028523165868-1499026072-1499026072,3694234028523165868-1487701131-1487701131,Direct,0.009804,0.207745098,0,0
3694234028523165868,3694234028523165868-1499026072-1499026072,3694234028523165868-1490389913-1490389913,Display,0.009804,0.207745098,0,0
3694234028523165868,3694234028523165868-1499026072-1499026072,3694234028523165868-1489370759-1489370759,Organic Search,0.009804,0.207745098,0,0
3694234028523165868,3694234028523165868-1499026072-1499026072,3694234028523165868-1494867230-1494867230,Organic Search,0.009804,0.207745098,0,0
3694234028523165868,3694234028523165868-1499026072-1499026072,3694234028523165868-1489008068-1489008068,Display,0.009804,0.207745098,0,0
3694234028523165868,3694234028523165868-1499026072-1499026072,3694234028523165868-1488748942-1488748942,Organic Search,0.009804,0.207745098,0,0
3694234028523165868,3694234028523165868-1499026072-1499026072,3694234028523165868-1497488247-1497488247,Display,0.009804,0.207745098,0,0
3694234028523165868,3694234028523165868-1499026072-1499026072,3694234028523165868-1493828521-1493828521,Organic Search,0.009804,0.207745098,0,0
3694234028523165868,3694234028523165868-1499026072-1499026072,3694234028523165868-1488178434-1488178434,Organic Search,0.009804,0.207745098,0,0
3694234028523165868,3694234028523165868-1499026072-1499026072,3694234028523165868-1489188404-1489188404,Organic Search,0.009804,0.207745098,0,0
3694234028523165868,3694234028523165868-1499026072-1499026072,3694234028523165868-1489686255-1489686255,Organic Search,0.009804,0.207745098,0,0
3694234028523165868,3694234028523165868-1499026072-1499026072,3694234028523165868-1489175014-1489175014,Organic Search,0.009804,0.207745098,0,0
3694234028523165868,3694234028523165868-1499026072-1499026072,3694234028523165868-1492587864-1492587864,Organic Search,0.009804,0.207745098,0,0
3694234028523165868,3694234028523165868-1499026072-1499026072,3694234028523165868-1487726326-1487726326,Organic Search,0.009804,0.207745098,0,0
3694234028523165868,3694234028523165868-1499026072-1499026072,3694234028523165868-1487708702-1487708702,Direct,0.009804,0.207745098,0,0
3694234028523165868,3694234028523165868-1499026072-1499026072,3694234028523165868-1488406527-1488406527,Organic Search,0.009804,0.207745098,0,0
3694234028523165868,3694234028523165868-1499026072-1499026072,3694234028523165868-1490369879-1490369879,Display,0.009804,0.207745098,0,0
3694234028523165868,3694234028523165868-1499026072-1499026072,3694234028523165868-1489097168-1489097168,Display,0.009804,0.207745098,0,0
3694234028523165868,3694234028523165868-1499026072-1499026072,3694234028523165868-1491599433-1491599433,Organic Search,0.009804,0.207745098,0,0
3694234028523165868,3694234028523165868-1499026072-1499026072,3694234028523165868-1489373500-1489373500,Organic Search,0.009804,0.207745098,0,0
3694234028523165868,3694234028523165868-1499026072-1499026072,3694234028523165868-1492469162-1492469162,Organic Search,0.009804,0.207745098,0,0
3694234028523165868,3694234028523165868-1499026072-1499026072,3694234028523165868-1490801283-1490801283,Organic Search,0.009804,0.207745098,0,0
3694234028523165868,3694234028523165868-1499026072-1499026072,3694234028523165868-1492805601-1492805601,Organic Search,0.009804,0.207745098,0,0
3694234028523165868,3694234028523165868-1499026072-1499026072,3694234028523165868-1488757246-1488757246,Organic Search,0.009804,0.207745098,0,0
3694234028523165868,3694234028523165868-1499026072-1499026072,3694234028523165868-1494030160-1494030160,Affiliates,0.009804,0.207745098,0,0
3694234028523165868,3694234028523165868-1499026072-1499026072,3694234028523165868-1493424547-1493424547,Display,0.009804,0.207745098,0,0
3694234028523165868,3694234028523165868-1499026072-1499026072,3694234028523165868-1488334109-1488334109,Organic Search,0.009804,0.207745098,0,0
3694234028523165868,3694234028523165868-1499026072-1499026072,3694234028523165868-1489539113-1489539113,Organic Search,0.009804,0.207745098,0,0
3694234028523165868,3694234028523165868-1499026072-1499026072,3694234028523165868-1493605535-1493605535,Organic Search,0.009804,0.207745098,0,0
3694234028523165868,3694234028523165868-1499026072-1499026072,3694234028523165868-1496339669-1496339669,Organic Search,0.009804,0.207745098,0,0
3694234028523165868,3694234028523165868-1499026072-1499026072,3694234028523165868-1499026072-1499026072,Display,0.009804,0.207745098,1,21.19
3694234028523165868,3694234028523165868-1499026072-1499026072,3694234028523165868-1488223128-1488223128,Organic Search,0.009804,0.207745098,0,0
3694234028523165868,3694234028523165868-1499026072-1499026072,3694234028523165868-1488930279-1488930279,Display,0.009804,0.207745098,0,0
3694234028523165868,3694234028523165868-1499026072-1499026072,3694234028523165868-1487877313-1487877313,Organic Search,0.009804,0.207745098,0,0
3694234028523165868,3694234028523165868-1499026072-1499026072,3694234028523165868-1497387158-1497387158,Organic Search,0.009804,0.207745098,0,0
3694234028523165868,3694234028523165868-1499026072-1499026072,3694234028523165868-1496790858-1496790858,Organic Search,0.009804,0.207745098,0,0
3694234028523165868,3694234028523165868-1499026072-1499026072,3694234028523165868-1495293835-1495293835,Display,0.009804,0.207745098,0,0
3694234028523165868,3694234028523165868-1499026072-1499026072,3694234028523165868-1489079369-1489079369,Display,0.009804,0.207745098,0,0
3694234028523165868,3694234028523165868-1499026072-1499026072,3694234028523165868-1493050494-1493050494,Display,0.009804,0.207745098,0,0
3694234028523165868,3694234028523165868-1499026072-1499026072,3694234028523165868-1489447566-1489447566,Organic Search,0.009804,0.207745098,0,0
3694234028523165868,3694234028523165868-1499026072-1499026072,3694234028523165868-1488482826-1488482826,Organic Search,0.009804,0.207745098,0,0
3694234028523165868,3694234028523165868-1499026072-1499026072,3694234028523165868-1489700514-1489700514,Organic Search,0.009804,0.207745098,0,0
3694234028523165868,3694234028523165868-1499026072-1499026072,3694234028523165868-1487718505-1487718505,Direct,0.009804,0.207745098,0,0
3694234028523165868,3694234028523165868-1499026072-1499026072,3694234028523165868-1490581456-1490581456,Organic Search,0.009804,0.207745098,0,0
3694234028523165868,3694234028523165868-1499026072-1499026072,3694234028523165868-1490580593-1490580593,Display,0.009804,0.207745098,0,0
3694234028523165868,3694234028523165868-1499026072-1499026072,3694234028523165868-1487810814-1487810814,Organic Search,0.009804,0.207745098,0,0
3694234028523165868,3694234028523165868-1499026072-1499026072,3694234028523165868-1490278625-1490278625,Referral,0.009804,0.207745098,0,0
3694234028523165868,3694234028523165868-1499026072-1499026072,3694234028523165868-1487971523-1487971523,Organic Search,0.009804,0.207745098,0,0
3694234028523165868,3694234028523165868-1499026072-1499026072,3694234028523165868-1490762110-1490762110,Organic Search,0.009804,0.207745098,0,0
3694234028523165868,3694234028523165868-1499026072-1499026072,3694234028523165868-1487874539-1487874539,Organic Search,0.009804,0.207745098,0,0
3694234028523165868,3694234028523165868-1499026072-1499026072,3694234028523165868-1493872207-1493872207,Organic Search,0.009804,0.207745098,0,0
3694234028523165868,3694234028523165868-1499026072-1499026072,3694234028523165868-1487865828-1487865828,Organic Search,0.009804,0.207745098,0,0
3694234028523165868,3694234028523165868-1499026072-1499026072,3694234028523165868-1496333804-1496333804,Display,0.009804,0.207745098,0,0
3694234028523165868,3694234028523165868-1499026072-1499026072,3694234028523165868-1494858408-1494858408,Organic Search,0.009804,0.207745098,0,0
3694234028523165868,3694234028523165868-1499026072-1499026072,3694234028523165868-1488227965-1488227965,Organic Search,0.009804,0.207745098,0,0
3694234028523165868,3694234028523165868-1499026072-1499026072,3694234028523165868-1487694040-1487694040,Direct,0.009804,0.207745098,0,0
1005326553546138067,1005326553546138067-1501270704-1501270704,1005326553546138067-1499818479-1499818479,Referral,0.083333,6.581666667,0,0
1005326553546138067,1005326553546138067-1501270704-1501270704,1005326553546138067-1500325963-1500325963,Referral,0.083333,6.581666667,0,0
1005326553546138067,1005326553546138067-1501270704-1501270704,1005326553546138067-1499818457-1499818457,Organic Search,0.083333,6.581666667,0,0
1005326553546138067,1005326553546138067-1501270704-1501270704,1005326553546138067-1499920597-1499920597,Referral,0.083333,6.581666667,0,0
1005326553546138067,1005326553546138067-1501270704-1501270704,1005326553546138067-1499896443-1499896443,Referral,0.083333,6.581666667,0,0
1005326553546138067,1005326553546138067-1501270704-1501270704,1005326553546138067-1499923504-1499923504,Referral,0.083333,6.581666667,0,0
1005326553546138067,1005326553546138067-1501270704-1501270704,1005326553546138067-1501270704-1501270704,Organic Search,0.083333,6.581666667,1,78.98
1005326553546138067,1005326553546138067-1501270704-1501270704,1005326553546138067-1500328448-1500328448,Referral,0.083333,6.581666667,0,0
1005326553546138067,1005326553546138067-1501270704-1501270704,1005326553546138067-1501261293-1501261293,Organic Search,0.083333,6.581666667,0,0
1005326553546138067,1005326553546138067-1501270704-1501270704,1005326553546138067-1501234350-1501234350,Organic Search,0.083333,6.581666667,0,0
1005326553546138067,1005326553546138067-1501270704-1501270704,1005326553546138067-1501265159-1501265159,Organic Search,0.083333,6.581666667,0,0
1005326553546138067,1005326553546138067-1501270704-1501270704,1005326553546138067-1501188992-1501188992,Organic Search,0.083333,6.581666667,0,0
3088956989442559269,3088956989442559269-1490635565-1490635565,3088956989442559269-1490377230-1490377230,Referral,0.142857,24.378571429,0,0
3088956989442559269,3088956989442559269-1490635565-1490635565,3088956989442559269-1489439613-1489439613,Referral,0.142857,24.378571429,0,0
3088956989442559269,3088956989442559269-1490635565-1490635565,3088956989442559269-1489439738-1489439738,Organic Search,0.142857,24.378571429,0,0
3088956989442559269,3088956989442559269-1490635565-1490635565,3088956989442559269-1488321763-1488321763,Referral,0.142857,24.378571429,0,0
3088956989442559269,3088956989442559269-1490635565-1490635565,3088956989442559269-1487023818-1487023818,Referral,0.142857,24.378571429,0,0
3088956989442559269,3088956989442559269-1490635565-1490635565,3088956989442559269-1490635565-1490635565,Referral,0.142857,24.378571429,1,170.65
3088956989442559269,3088956989442559269-1490635565-1490635565,3088956989442559269-1487104432-1487104432,Referral,0.142857,24.378571429,0,0
8565474882130184766,8565474882130184766-1477475879-1477475879,8565474882130184766-1474436706-1474436706,Referral,0.043478,4.946086957,0,0
8565474882130184766,8565474882130184766-1477475879-1477475879,8565474882130184766-1476209654-1476209654,Referral,0.043478,4.946086957,0,0
8565474882130184766,8565474882130184766-1477475879-1477475879,8565474882130184766-1474759129-1474759129,Referral,0.043478,4.946086957,0,0
8565474882130184766,8565474882130184766-1477475879-1477475879,8565474882130184766-1475804751-1475804751,Referral,0.043478,4.946086957,0,0
8565474882130184766,8565474882130184766-1477475879-1477475879,8565474882130184766-1473676441-1473676441,Referral,0.043478,4.946086957,0,0
8565474882130184766,8565474882130184766-1477475879-1477475879,8565474882130184766-1473746632-1473746632,Referral,0.043478,4.946086957,0,0
8565474882130184766,8565474882130184766-1477475879-1477475879,8565474882130184766-1474069798-1474069798,Referral,0.043478,4.946086957,0,0
8565474882130184766,8565474882130184766-1477475879-1477475879,8565474882130184766-1474635162-1474635162,Referral,0.043478,4.946086957,0,0
8565474882130184766,8565474882130184766-1477475879-1477475879,8565474882130184766-1473927543-1473927543,Referral,0.043478,4.946086957,0,0
8565474882130184766,8565474882130184766-1477475879-1477475879,8565474882130184766-1475702720-1475702720,Referral,0.043478,4.946086957,0,0
8565474882130184766,8565474882130184766-1477475879-1477475879,8565474882130184766-1473284421-1473284421,Referral,0.043478,4.946086957,0,0
8565474882130184766,8565474882130184766-1477475879-1477475879,8565474882130184766-1475987546-1475987546,Referral,0.043478,4.946086957,0,0
8565474882130184766,8565474882130184766-1477475879-1477475879,8565474882130184766-1477344543-1477344543,Referral,0.043478,4.946086957,0,0
8565474882130184766,8565474882130184766-1477475879-1477475879,8565474882130184766-1475753033-1475753033,Referral,0.043478,4.946086957,0,0
8565474882130184766,8565474882130184766-1477475879-1477475879,8565474882130184766-1475551683-1475551683,Referral,0.043478,4.946086957,0,0
8565474882130184766,8565474882130184766-1477475879-1477475879,8565474882130184766-1473842571-1473842571,Referral,0.043478,4.946086957,0,0
8565474882130184766,8565474882130184766-1477475879-1477475879,8565474882130184766-1473369822-1473369822,Referral,0.043478,4.946086957,0,0
8565474882130184766,8565474882130184766-1477475879-1477475879,8565474882130184766-1476396026-1476396026,Referral,0.043478,4.946086957,0,0
8565474882130184766,8565474882130184766-1477475879-1477475879,8565474882130184766-1475998145-1475998145,Referral,0.043478,4.946086957,0,0
8565474882130184766,8565474882130184766-1477475879-1477475879,8565474882130184766-1477475879-1477475879,Direct,0.043478,4.946086957,1,113.76
8565474882130184766,8565474882130184766-1477475879-1477475879,8565474882130184766-1475902604-1475902604,Referral,0.043478,4.946086957,0,0
8565474882130184766,8565474882130184766-1477475879-1477475879,8565474882130184766-1475090116-1475090116,Referral,0.043478,4.946086957,0,0
8565474882130184766,8565474882130184766-1477475879-1477475879,8565474882130184766-1474275711-1474275711,Referral,0.043478,4.946086957,0,0
1308843236768324191,1308843236768324191-1480564970-1480564970,1308843236768324191-1470190960-1470190960,Organic Search,0.076923,103.983076923,0,0
1308843236768324191,1308843236768324191-1480564970-1480564970,1308843236768324191-1480564970-1480564970,Organic Search,0.076923,103.983076923,1,1351.78
1308843236768324191,1308843236768324191-1480564970-1480564970,1308843236768324191-1470241130-1470241130,Organic Search,0.076923,103.983076923,0,0
1308843236768324191,1308843236768324191-1480564970-1480564970,1308843236768324191-1475787547-1475787547,Organic Search,0.076923,103.983076923,0,0
1308843236768324191,1308843236768324191-1480564970-1480564970,1308843236768324191-1470233111-1470233111,Organic Search,0.076923,103.983076923,0,0
1308843236768324191,1308843236768324191-1480564970-1480564970,1308843236768324191-1470188876-1470188876,Organic Search,0.076923,103.983076923,0,0
1308843236768324191,1308843236768324191-1480564970-1480564970,1308843236768324191-1475850149-1475850149,Referral,0.076923,103.983076923,0,0
1308843236768324191,1308843236768324191-1480564970-1480564970,1308843236768324191-1479330032-1479330032,Organic Search,0.076923,103.983076923,0,0
1308843236768324191,1308843236768324191-1480564970-1480564970,1308843236768324191-1476729182-1476729182,Referral,0.076923,103.983076923,0,0
1308843236768324191,1308843236768324191-1480564970-1480564970,1308843236768324191-1475856463-1475856463,Referral,0.076923,103.983076923,0,0
1308843236768324191,1308843236768324191-1480564970-1480564970,1308843236768324191-1470184303-1470184303,Organic Search,0.076923,103.983076923,0,0
1308843236768324191,1308843236768324191-1480564970-1480564970,1308843236768324191-1475848399-1475848399,Organic Search,0.076923,103.983076923,0,0
1308843236768324191,1308843236768324191-1480564970-1480564970,1308843236768324191-1479789047-1479789047,Organic Search,0.076923,103.983076923,0,0
163910434575936100,163910434575936100-1500341669-1500341669,163910434575936100-1500341669-1500341669,Paid Search,0.333333,6.633333333,1,19.9
163910434575936100,163910434575936100-1500341669-1500341669,163910434575936100-1499914689-1499914689,Organic Search,0.333333,6.633333333,0,0
163910434575936100,163910434575936100-1500341669-1500341669,163910434575936100-1499980036-1499980036,Organic Search,0.333333,6.633333333,0,0
1480311877127336013,1480311877127336013-1478007873-1478007873,1480311877127336013-1476619788-1476619788,Direct,0.066667,67.698666667,0,0
1480311877127336013,1480311877127336013-1478007873-1478007873,1480311877127336013-1477181382-1477181382,Organic Search,0.066667,67.698666667,0,0
1480311877127336013,1480311877127336013-1478007873-1478007873,1480311877127336013-1476737816-1476737816,Organic Search,0.066667,67.698666667,0,0
1480311877127336013,1480311877127336013-1478007873-1478007873,1480311877127336013-1477924038-1477924038,Organic Search,0.066667,67.698666667,0,0
1480311877127336013,1480311877127336013-1478007873-1478007873,1480311877127336013-1478007873-1478007873,Organic Search,0.066667,67.698666667,1,1015.48
1480311877127336013,1480311877127336013-1478007873-1478007873,1480311877127336013-1477963891-1477963891,Organic Search,0.066667,67.698666667,0,0
1480311877127336013,1480311877127336013-1478007873-1478007873,1480311877127336013-1476653546-1476653546,Organic Search,0.066667,67.698666667,0,0
1480311877127336013,1480311877127336013-1478007873-1478007873,1480311877127336013-1476710555-1476710555,Organic Search,0.066667,67.698666667,0,0
1480311877127336013,1480311877127336013-1478007873-1478007873,1480311877127336013-1476619873-1476619873,Organic Search,0.066667,67.698666667,0,0
1480311877127336013,1480311877127336013-1478007873-1478007873,1480311877127336013-1477148871-1477148871,Organic Search,0.066667,67.698666667,0,0
1480311877127336013,1480311877127336013-1478007873-1478007873,1480311877127336013-1476707805-1476707805,Organic Search,0.066667,67.698666667,0,0
1480311877127336013,1480311877127336013-1478007873-1478007873,1480311877127336013-1476747179-1476747179,Organic Search,0.066667,67.698666667,0,0
1480311877127336013,1480311877127336013-1478007873-1478007873,1480311877127336013-1476510883-1476510883,Direct,0.066667,67.698666667,0,0
1480311877127336013,1480311877127336013-1478007873-1478007873,1480311877127336013-1477131658-1477131658,Organic Search,0.066667,67.698666667,0,0
1480311877127336013,1480311877127336013-1478007873-1478007873,1480311877127336013-1477921318-1477921318,Organic Search,0.066667,67.698666667,0,0
1081131800379517088,1081131800379517088-1482519494-1482519494,1081131800379517088-1482519494-1482519494,Organic Search,0.333333,16.93,1,50.79
1081131800379517088,1081131800379517088-1482519494-1482519494,1081131800379517088-1481904443-1481904443,Referral,0.333333,16.93,0,0
1081131800379517088,1081131800379517088-1482519494-1482519494,1081131800379517088-1481909497-1481909497,Organic Search,0.333333,16.93,0,0
4271792018121577582,4271792018121577582-1489081711-1489081711,4271792018121577582-1487714423-1487714423,Direct,0.200000,20.99,0,0
4271792018121577582,4271792018121577582-1489081711-1489081711,4271792018121577582-1488903711-1488903711,Direct,0.200000,20.99,0,0
4271792018121577582,4271792018121577582-1489081711-1489081711,4271792018121577582-1488904042-1488904042,Referral,0.200000,20.99,0,0
4271792018121577582,4271792018121577582-1489081711-1489081711,4271792018121577582-1487705695-1487705695,Direct,0.200000,20.99,0,0
4271792018121577582,4271792018121577582-1489081711-1489081711,4271792018121577582-1489081711-1489081711,Referral,0.200000,20.99,1,104.95
5331056297862855879,5331056297862855879-1479569232-1479569232,5331056297862855879-1478347717-1478347717,Organic Search,0.333333,35.993333333,0,0
5331056297862855879,5331056297862855879-1479569232-1479569232,5331056297862855879-1478347669-1478347669,Referral,0.333333,35.993333333,0,0
5331056297862855879,5331056297862855879-1479569232-1479569232,5331056297862855879-1479569232-1479569232,Organic Search,0.333333,35.993333333,1,107.98
4882055783656603340,4882055783656603340-1495460376-1495460376,4882055783656603340-1494604348-1494604348,Display,0.166667,7.496666667,0,0
4882055783656603340,4882055783656603340-1495460376-1495460376,4882055783656603340-1494506363-1494506363,Display,0.166667,7.496666667,0,0
4882055783656603340,4882055783656603340-1495460376-1495460376,4882055783656603340-1494776398-1494776398,Display,0.166667,7.496666667,0,0
4882055783656603340,4882055783656603340-1495460376-1495460376,4882055783656603340-1493759166-1493759166,Direct,0.166667,7.496666667,0,0
4882055783656603340,4882055783656603340-1495460376-1495460376,4882055783656603340-1495032789-1495032789,Display,0.166667,7.496666667,0,0
4882055783656603340,4882055783656603340-1495460376-1495460376,4882055783656603340-1495460376-1495460376,Display,0.166667,7.496666667,1,44.98
3500440264779811239,3500440264779811239-1476372664-1476372664,3500440264779811239-1475767526-1475767526,Display,0.666667,77.9,0,0
3500440264779811239,3500440264779811239-1476372664-1476372664,3500440264779811239-1476372664-1476372664,Organic Search,0.666667,77.9,2,233.7
3500440264779811239,3500440264779811239-1476372664-1476372664,3500440264779811239-1475605677-1475605677,Display,0.666667,77.9,0,0
5991536664355896877,5991536664355896877-1500855705-1500855705,5991536664355896877-1500688554-1500688554,Display,0.333333,19.66,0,0
5991536664355896877,5991536664355896877-1500855705-1500855705,5991536664355896877-1500675329-1500675329,Display,0.333333,19.66,0,0
5991536664355896877,5991536664355896877-1500855705-1500855705,5991536664355896877-1500855705-1500855705,Referral,0.333333,19.66,1,58.98
3295470093238310609,3295470093238310609-1499729470-1499729470,3295470093238310609-1481566007-1481566007,Organic Search,0.200000,9.574,0,0
3295470093238310609,3295470093238310609-1499729470-1499729470,3295470093238310609-1482380409-1482380409,Organic Search,0.200000,9.574,0,0
3295470093238310609,3295470093238310609-1499729470-1499729470,3295470093238310609-1481543661-1481543661,Organic Search,0.200000,9.574,0,0
3295470093238310609,3295470093238310609-1499729470-1499729470,3295470093238310609-1498751543-1498751543,Organic Search,0.200000,9.574,0,0
3295470093238310609,3295470093238310609-1499729470-1499729470,3295470093238310609-1499729470-1499729470,Paid Search,0.200000,9.574,1,47.87
4068416534578096540,4068416534578096540-1499449007-1499449007,4068416534578096540-1499437914-1499437914,Direct,0.200000,78.508,0,0
4068416534578096540,4068416534578096540-1499449007-1499449007,4068416534578096540-1499355870-1499355870,Direct,0.200000,78.508,0,0
4068416534578096540,4068416534578096540-1499449007-1499449007,4068416534578096540-1499365365-1499365365,Direct,0.200000,78.508,0,0
4068416534578096540,4068416534578096540-1499449007-1499449007,4068416534578096540-1499449007-1499449007,Referral,0.200000,78.508,1,392.54
4068416534578096540,4068416534578096540-1499449007-1499449007,4068416534578096540-1499362775-1499362775,Direct,0.200000,78.508,0,0
7635012716697544709,7635012716697544709-1490732099-1490732099,7635012716697544709-1488898814-1488898814,Direct,0.250000,4.4975,0,0
7635012716697544709,7635012716697544709-1490732099-1490732099,7635012716697544709-1490732099-1490732099,Organic Search,0.250000,4.4975,1,17.99
7635012716697544709,7635012716697544709-1490732099-1490732099,7635012716697544709-1489331374-1489331374,Organic Search,0.250000,4.4975,0,0
7635012716697544709,7635012716697544709-1490732099-1490732099,7635012716697544709-1490720253-1490720253,Organic Search,0.250000,4.4975,0,0
118139814032445850,118139814032445850-1497036078-1497036078,118139814032445850-1490891990-1490891990,Referral,0.200000,15.632,0,0
118139814032445850,118139814032445850-1497036078-1497036078,118139814032445850-1497031950-1497031950,Organic Search,0.200000,15.632,0,0
118139814032445850,118139814032445850-1497036078-1497036078,118139814032445850-1497035950-1497035950,Organic Search,0.200000,15.632,0,0
118139814032445850,118139814032445850-1497036078-1497036078,118139814032445850-1497036078-1497036078,Referral,0.200000,15.632,1,78.16
118139814032445850,118139814032445850-1497036078-1497036078,118139814032445850-1490911760-1490911760,Referral,0.200000,15.632,0,0
3835134197841326255,3835134197841326255-1487265868-1487265868,3835134197841326255-1483461020-1483461020,Direct,0.250000,305.4375,0,0
3835134197841326255,3835134197841326255-1487265868-1487265868,3835134197841326255-1485447889-1485447889,Referral,0.250000,305.4375,0,0
3835134197841326255,3835134197841326255-1487265868-1487265868,3835134197841326255-1487265868-1487265868,Referral,0.250000,305.4375,1,1221.75
3835134197841326255,3835134197841326255-1487265868-1487265868,3835134197841326255-1482419274-1482419274,Direct,0.250000,305.4375,0,0
0216379390200329933,0216379390200329933-1484334309-1484334309,0216379390200329933-1484334309-1484334309,Display,0.200000,25.554,1,127.77
0216379390200329933,0216379390200329933-1484334309-1484334309,0216379390200329933-1483730665-1483730665,Display,0.200000,25.554,0,0
0216379390200329933,0216379390200329933-1484334309-1484334309,0216379390200329933-1481559282-1481559282,Referral,0.200000,25.554,0,0
0216379390200329933,0216379390200329933-1484334309-1484334309,0216379390200329933-1480434005-1480434005,Referral,0.200000,25.554,0,0
0216379390200329933,0216379390200329933-1484334309-1484334309,0216379390200329933-1483634538-1483634538,Referral,0.200000,25.554,0,0
5677740195938501149,5677740195938501149-1480975357-1480975357,5677740195938501149-1480975357-1480975357,Referral,0.333333,21.996666667,1,65.99
5677740195938501149,5677740195938501149-1480975357-1480975357,5677740195938501149-1480959257-1480959257,Organic Search,0.333333,21.996666667,0,0
5677740195938501149,5677740195938501149-1480975357-1480975357,5677740195938501149-1480975204-1480975204,Organic Search,0.333333,21.996666667,0,0
0239563913417476259,0239563913417476259-1471649003-1471649003,0239563913417476259-1471649003-1471649003,Social,0.142857,4.427142857,1,30.99
0239563913417476259,0239563913417476259-1471649003-1471649003,0239563913417476259-1471580084-1471580084,Social,0.142857,4.427142857,0,0
0239563913417476259,0239563913417476259-1471649003-1471649003,0239563913417476259-1471581773-1471581773,Social,0.142857,4.427142857,0,0
0239563913417476259,0239563913417476259-1471649003-1471649003,0239563913417476259-1470490440-1470490440,Organic Search,0.142857,4.427142857,0,0
0239563913417476259,0239563913417476259-1471649003-1471649003,0239563913417476259-1470526851-1470526851,Organic Search,0.142857,4.427142857,0,0
0239563913417476259,0239563913417476259-1471649003-1471649003,0239563913417476259-1470374246-1470374246,Organic Search,0.142857,4.427142857,0,0
0239563913417476259,0239563913417476259-1471649003-1471649003,0239563913417476259-1471580144-1471580144,Organic Search,0.142857,4.427142857,0,0
5921718666533314694,5921718666533314694-1489786854-1489786854,5921718666533314694-1489786854-1489786854,Organic Search,0.333333,28.663333333,1,85.99
5921718666533314694,5921718666533314694-1489786854-1489786854,5921718666533314694-1489742119-1489742119,Organic Search,0.333333,28.663333333,0,0
5921718666533314694,5921718666533314694-1489786854-1489786854,5921718666533314694-1488349824-1488349824,Referral,0.333333,28.663333333,0,0
407927208045481071,407927208045481071-1479130166-1479130166,407927208045481071-1479130166-1479130166,Referral,0.333333,30.003333333,1,90.01
407927208045481071,407927208045481071-1479130166-1479130166,407927208045481071-1474582401-1474582401,Referral,0.333333,30.003333333,0,0
407927208045481071,407927208045481071-1479130166-1479130166,407927208045481071-1475840159-1475840159,Organic Search,0.333333,30.003333333,0,0
4266823904408093435,4266823904408093435-1482017229-1482017229,4266823904408093435-1482016588-1482016588,Organic Search,0.250000,29.2325,0,0
4266823904408093435,4266823904408093435-1482017229-1482017229,4266823904408093435-1482017229-1482017229,Referral,0.250000,29.2325,1,116.93
4266823904408093435,4266823904408093435-1482017229-1482017229,4266823904408093435-1481045854-1481045854,Organic Search,0.250000,29.2325,0,0
4266823904408093435,4266823904408093435-1482017229-1482017229,4266823904408093435-1481844565-1481844565,Organic Search,0.250000,29.2325,0,0
372706149688864468,372706149688864468-1493903754-1493903754,372706149688864468-1493900903-1493900903,Direct,0.250000,59.0325,0,0
372706149688864468,372706149688864468-1493903754-1493903754,372706149688864468-1493903754-1493903754,Referral,0.250000,59.0325,1,236.13
372706149688864468,372706149688864468-1493903754-1493903754,372706149688864468-1493423109-1493423109,Referral,0.250000,59.0325,0,0
372706149688864468,372706149688864468-1493903754-1493903754,372706149688864468-1489594720-1489594720,Referral,0.250000,59.0325,0,0
489387095051650874,489387095051650874-1489958363-1489958363,489387095051650874-1489001779-1489001779,Direct,0.250000,4.6475,0,0
489387095051650874,489387095051650874-1489958363-1489958363,489387095051650874-1489958363-1489958363,Organic Search,0.250000,4.6475,1,18.59
489387095051650874,489387095051650874-1489958363-1489958363,489387095051650874-1489452406-1489452406,Organic Search,0.250000,4.6475,0,0
489387095051650874,489387095051650874-1489958363-1489958363,489387095051650874-1489381235-1489381235,Organic Search,0.250000,4.6475,0,0
5345276565851241365,5345276565851241365-1481400642-1481400642,5345276565851241365-1479929372-1479929372,Direct,0.200000,17.438,0,0
5345276565851241365,5345276565851241365-1481400642-1481400642,5345276565851241365-1481251046-1481251046,Referral,0.200000,17.438,0,0
5345276565851241365,5345276565851241365-1481400642-1481400642,5345276565851241365-1481400642-1481400642,Referral,0.200000,17.438,1,87.19
5345276565851241365,5345276565851241365-1481400642-1481400642,5345276565851241365-1480815313-1480815313,Referral,0.200000,17.438,0,0
5345276565851241365,5345276565851241365-1481400642-1481400642,5345276565851241365-1479798531-1479798531,Direct,0.200000,17.438,0,0
7360768108223062056,7360768108223062056-1473902004-1473902004,7360768108223062056-1473896648-1473896648,Display,0.166667,26.333333333,0,0
7360768108223062056,7360768108223062056-1473902004-1473902004,7360768108223062056-1473716212-1473716215,Direct,0.166667,26.333333333,0,0
7360768108223062056,7360768108223062056-1473902004-1473902004,7360768108223062056-1473889780-1473889780,Display,0.166667,26.333333333,0,0
7360768108223062056,7360768108223062056-1473902004-1473902004,7360768108223062056-1473887065-1473887065,Direct,0.166667,26.333333333,0,0
7360768108223062056,7360768108223062056-1473902004-1473902004,7360768108223062056-1473902004-1473902004,Organic Search,0.166667,26.333333333,1,158
7360768108223062056,7360768108223062056-1473902004-1473902004,7360768108223062056-1473890234-1473890234,Display,0.166667,26.333333333,0,0
9619365002104387449,9619365002104387449-1483995410-1483995410,9619365002104387449-1481919900-1481919900,Direct,0.333333,40.306666667,0,0
9619365002104387449,9619365002104387449-1483995410-1483995410,9619365002104387449-1483995410-1483995410,Referral,0.333333,40.306666667,1,120.92
9619365002104387449,9619365002104387449-1483995410-1483995410,9619365002104387449-1481917907-1481917907,Direct,0.333333,40.306666667,0,0
0309385525240537775,0309385525240537775-1492862230-1492862230,0309385525240537775-1492862230-1492862230,Referral,0.200000,12.834,1,64.17
0309385525240537775,0309385525240537775-1492862230-1492862230,0309385525240537775-1492138635-1492138635,Referral,0.200000,12.834,0,0
0309385525240537775,0309385525240537775-1492862230-1492862230,0309385525240537775-1492849395-1492849395,Referral,0.200000,12.834,0,0
0309385525240537775,0309385525240537775-1492862230-1492862230,0309385525240537775-1492697804-1492697804,Organic Search,0.200000,12.834,0,0
0309385525240537775,0309385525240537775-1492862230-1492862230,0309385525240537775-1492749288-1492749288,Organic Search,0.200000,12.834,0,0
9482544472489334744,9482544472489334744-1481222848-1481222848,9482544472489334744-1480533812-1480533812,Direct,0.200000,27.594,0,0
9482544472489334744,9482544472489334744-1481222848-1481222848,9482544472489334744-1480978517-1480978517,Referral,0.200000,27.594,0,0
9482544472489334744,9482544472489334744-1481222848-1481222848,9482544472489334744-1480554897-1480554897,Referral,0.200000,27.594,0,0
9482544472489334744,9482544472489334744-1481222848-1481222848,9482544472489334744-1481222848-1481222848,Referral,0.200000,27.594,1,137.97
9482544472489334744,9482544472489334744-1481222848-1481222848,9482544472489334744-1480982070-1480982070,Referral,0.200000,27.594,0,0
1998944550000750737,1998944550000750737-1478031015-1478031015,1998944550000750737-1477587224-1477587224,Referral,0.333333,17.32,0,0
1998944550000750737,1998944550000750737-1478031015-1478031015,1998944550000750737-1478031015-1478031015,Referral,0.333333,17.32,1,51.96
1998944550000750737,1998944550000750737-1478031015-1478031015,1998944550000750737-1477587378-1477587378,Organic Search,0.333333,17.32,0,0
7806950251446529341,7806950251446529341-1496260565-1496260565,7806950251446529341-1496260565-1496260565,Social,0.333333,35.07,1,105.21
7806950251446529341,7806950251446529341-1496260565-1496260565,7806950251446529341-1496245259-1496245259,Referral,0.333333,35.07,0,0
7806950251446529341,7806950251446529341-1496260565-1496260565,7806950251446529341-1496259468-1496259468,Referral,0.333333,35.07,0,0
2469327075513689553,2469327075513689553-1489429046-1489429046,2469327075513689553-1489429046-1489429046,Referral,0.333333,6.73,1,20.19
2469327075513689553,2469327075513689553-1489429046-1489429046,2469327075513689553-1489425904-1489425904,Referral,0.333333,6.73,0,0
2469327075513689553,2469327075513689553-1489429046-1489429046,2469327075513689553-1489425684-1489425684,Organic Search,0.333333,6.73,0,0
929896049024044781,929896049024044781-1471390298-1471390298,929896049024044781-1470861701-1470861701,Organic Search,0.076923,2.805384615,0,0
929896049024044781,929896049024044781-1471390298-1471390298,929896049024044781-1470283269-1470283269,Organic Search,0.076923,2.805384615,0,0
929896049024044781,929896049024044781-1471390298-1471390298,929896049024044781-1470281884-1470281884,Social,0.076923,2.805384615,0,0
929896049024044781,929896049024044781-1471390298-1471390298,929896049024044781-1471390298-1471390298,Organic Search,0.076923,2.805384615,1,36.47
929896049024044781,929896049024044781-1471390298-1471390298,929896049024044781-1471318012-1471318012,Organic Search,0.076923,2.805384615,0,0
929896049024044781,929896049024044781-1471390298-1471390298,929896049024044781-1470376516-1470376516,Organic Search,0.076923,2.805384615,0,0
929896049024044781,929896049024044781-1471390298-1471390298,929896049024044781-1470143453-1470143453,Direct,0.076923,2.805384615,0,0
929896049024044781,929896049024044781-1471390298-1471390298,929896049024044781-1470283582-1470283582,Organic Search,0.076923,2.805384615,0,0
929896049024044781,929896049024044781-1471390298-1471390298,929896049024044781-1470283344-1470283344,Social,0.076923,2.805384615,0,0
929896049024044781,929896049024044781-1471390298-1471390298,929896049024044781-1470278900-1470278900,Direct,0.076923,2.805384615,0,0
929896049024044781,929896049024044781-1471390298-1471390298,929896049024044781-1471304477-1471304477,Organic Search,0.076923,2.805384615,0,0
929896049024044781,929896049024044781-1471390298-1471390298,929896049024044781-1470371547-1470371547,Organic Search,0.076923,2.805384615,0,0
929896049024044781,929896049024044781-1471390298-1471390298,929896049024044781-1471152134-1471152134,Organic Search,0.076923,2.805384615,0,0
431719229375940985,431719229375940985-1475234812-1475234812,431719229375940985-1474515738-1474515738,Social,0.333333,2.66,0,0
431719229375940985,431719229375940985-1475234812-1475234812,431719229375940985-1475234812-1475234812,Organic Search,0.333333,2.66,1,7.98
431719229375940985,431719229375940985-1475234812-1475234812,431719229375940985-1474515600-1474515600,Social,0.333333,2.66,0,0
5546793669751235607,5546793669751235607-1501204999-1501204999,5546793669751235607-1501204999-1501204999,Referral,0.250000,8.9475,1,35.79
5546793669751235607,5546793669751235607-1501204999-1501204999,5546793669751235607-1499991801-1499991801,Organic Search,0.250000,8.9475,0,0
5546793669751235607,5546793669751235607-1501204999-1501204999,5546793669751235607-1499971436-1499971436,Organic Search,0.250000,8.9475,0,0
5546793669751235607,5546793669751235607-1501204999-1501204999,5546793669751235607-1500317297-1500317297,Organic Search,0.250000,8.9475,0,0
9308310352918219134,9308310352918219134-1501608078-1501608078,9308310352918219134-1501525606-1501525606,Direct,0.125000,366.95125,0,0
9308310352918219134,9308310352918219134-1501608078-1501608078,9308310352918219134-1500672144-1500672144,Direct,0.125000,366.95125,0,0
9308310352918219134,9308310352918219134-1501608078-1501608078,9308310352918219134-1500680305-1500680305,Direct,0.125000,366.95125,0,0
9308310352918219134,9308310352918219134-1501608078-1501608078,9308310352918219134-1501543401-1501543401,Referral,0.125000,366.95125,0,0
9308310352918219134,9308310352918219134-1501608078-1501608078,9308310352918219134-1501531645-1501531645,Direct,0.125000,366.95125,0,0
9308310352918219134,9308310352918219134-1501608078-1501608078,9308310352918219134-1501543218-1501543218,Direct,0.125000,366.95125,0,0
9308310352918219134,9308310352918219134-1501608078-1501608078,9308310352918219134-1501527993-1501527993,Direct,0.125000,366.95125,0,0
9308310352918219134,9308310352918219134-1501608078-1501608078,9308310352918219134-1501608078-1501608078,Referral,0.125000,366.95125,1,2935.61
9372618001980854712,9372618001980854712-1479264870-1479264870,9372618001980854712-1479264870-1479264870,Referral,0.200000,75.046,1,375.23
9372618001980854712,9372618001980854712-1479264870-1479264870,9372618001980854712-1479263590-1479263590,Direct,0.200000,75.046,0,0
9372618001980854712,9372618001980854712-1479264870-1479264870,9372618001980854712-1477514732-1477514732,Direct,0.200000,75.046,0,0
9372618001980854712,9372618001980854712-1479264870-1479264870,9372618001980854712-1479264867-1479264867,Referral,0.200000,75.046,0,0
9372618001980854712,9372618001980854712-1479264870-1479264870,9372618001980854712-1479214973-1479214973,Direct,0.200000,75.046,0,0
9920226064713599750,9920226064713599750-1493052519-1493052519,9920226064713599750-1488393840-1488393840,Social,0.142857,6.137142857,0,0
9920226064713599750,9920226064713599750-1493052519-1493052519,9920226064713599750-1487358847-1487358847,Social,0.142857,6.137142857,0,0
9920226064713599750,9920226064713599750-1493052519-1493052519,9920226064713599750-1493052519-1493052519,Organic Search,0.142857,6.137142857,1,42.96
9920226064713599750,9920226064713599750-1493052519-1493052519,9920226064713599750-1488306629-1488306629,Social,0.142857,6.137142857,0,0
9920226064713599750,9920226064713599750-1493052519-1493052519,9920226064713599750-1490638743-1490638743,Organic Search,0.142857,6.137142857,0,0
9920226064713599750,9920226064713599750-1493052519-1493052519,9920226064713599750-1488218547-1488218547,Social,0.142857,6.137142857,0,0
9920226064713599750,9920226064713599750-1493052519-1493052519,9920226064713599750-1488197153-1488197153,Social,0.142857,6.137142857,0,0
478403815632492375,478403815632492375-1499461462-1499461462,478403815632492375-1499461457-1499461457,Paid Search,0.333333,12.993333333,0,0
478403815632492375,478403815632492375-1499461462-1499461462,478403815632492375-1499461462-1499461462,Paid Search,0.333333,12.993333333,1,38.98
478403815632492375,478403815632492375-1499461462-1499461462,478403815632492375-1499461446-1499461446,Organic Search,0.333333,12.993333333,0,0
5441957633456467994,5441957633456467994-1499918217-1499918217,5441957633456467994-1497560867-1497560867,Direct,0.100000,16.697,0,0
5441957633456467994,5441957633456467994-1499918217-1499918217,5441957633456467994-1497376904-1497376904,Direct,0.100000,16.697,0,0
5441957633456467994,5441957633456467994-1499918217-1499918217,5441957633456467994-1497561205-1497561205,Referral,0.100000,16.697,0,0
5441957633456467994,5441957633456467994-1499918217-1499918217,5441957633456467994-1496638777-1496638777,Direct,0.100000,16.697,0,0
5441957633456467994,5441957633456467994-1499918217-1499918217,5441957633456467994-1499151247-1499151613,Referral,0.100000,16.697,0,0
5441957633456467994,5441957633456467994-1499918217-1499918217,5441957633456467994-1497381016-1497381016,Direct,0.100000,16.697,0,0
5441957633456467994,5441957633456467994-1499918217-1499918217,5441957633456467994-1499317441-1499317441,Referral,0.100000,16.697,0,0
5441957633456467994,5441957633456467994-1499918217-1499918217,5441957633456467994-1498764795-1498764795,Referral,0.100000,16.697,0,0
5441957633456467994,5441957633456467994-1499918217-1499918217,5441957633456467994-1499151247-1499151247,Referral,0.100000,16.697,0,0
5441957633456467994,5441957633456467994-1499918217-1499918217,5441957633456467994-1499918217-1499918217,Referral,0.100000,16.697,1,166.97
3452520076908363504,3452520076908363504-1499789306-1499789306,3452520076908363504-1499789306-1499789306,Organic Search,0.333333,18.756666667,1,56.27
3452520076908363504,3452520076908363504-1499789306-1499789306,3452520076908363504-1499785380-1499785380,Paid Search,0.333333,18.756666667,0,0
3452520076908363504,3452520076908363504-1499789306-1499789306,3452520076908363504-1499785401-1499785401,Organic Search,0.333333,18.756666667,0,0
9958703050592305834,9958703050592305834-1476043901-1476043901,9958703050592305834-1475080634-1475080634,Display,0.333333,16.393333333,0,0
9958703050592305834,9958703050592305834-1476043901-1476043901,9958703050592305834-1475906310-1475906310,Referral,0.333333,16.393333333,0,0
9958703050592305834,9958703050592305834-1476043901-1476043901,9958703050592305834-1476043901-1476043901,Referral,0.333333,16.393333333,1,49.18
7419167186572756753,7419167186572756753-1484243845-1484243845,7419167186572756753-1482244570-1482244570,Direct,0.250000,27.88,0,0
7419167186572756753,7419167186572756753-1484243845-1484243845,7419167186572756753-1484243845-1484243845,Referral,0.250000,27.88,1,111.52
7419167186572756753,7419167186572756753-1484243845-1484243845,7419167186572756753-1484163281-1484163281,Referral,0.250000,27.88,0,0
7419167186572756753,7419167186572756753-1484243845-1484243845,7419167186572756753-1482249239-1482249239,Direct,0.250000,27.88,0,0
9817395183603701442,9817395183603701442-1472145168-1472145168,9817395183603701442-1472145168-1472145168,Referral,0.333333,1362.5,1,4087.5
9817395183603701442,9817395183603701442-1472145168-1472145168,9817395183603701442-1472136415-1472136415,Referral,0.333333,1362.5,0,0
9817395183603701442,9817395183603701442-1472145168-1472145168,9817395183603701442-1472072311-1472072311,Direct,0.333333,1362.5,0,0
0074650632244292633,0074650632244292633-1498576489-1498576489,0074650632244292633-1498165404-1498165404,Referral,0.333333,6.13,0,0
0074650632244292633,0074650632244292633-1498576489-1498576489,0074650632244292633-1498576489-1498576489,Organic Search,0.333333,6.13,1,18.39
0074650632244292633,0074650632244292633-1498576489-1498576489,0074650632244292633-1498145129-1498145129,Organic Search,0.333333,6.13,0,0
3700714855829972615,3700714855829972615-1500507377-1500507377,3700714855829972615-1499973803-1499973803,Organic Search,0.333333,89.596666667,0,0
3700714855829972615,3700714855829972615-1500507377-1500507377,3700714855829972615-1500507377-1500507377,Referral,0.333333,89.596666667,1,268.79
3700714855829972615,3700714855829972615-1500507377-1500507377,3700714855829972615-1499973692-1499973692,Referral,0.333333,89.596666667,0,0
8657427332734176422,8657427332734176422-1501097660-1501097660,8657427332734176422-1500999820-1500999820,Direct,0.200000,15.024,0,0
8657427332734176422,8657427332734176422-1501097660-1501097660,8657427332734176422-1501092446-1501092446,Direct,0.200000,15.024,0,0
8657427332734176422,8657427332734176422-1501097660-1501097660,8657427332734176422-1499870707-1499870707,Direct,0.200000,15.024,0,0
8657427332734176422,8657427332734176422-1501097660-1501097660,8657427332734176422-1501097660-1501097660,Direct,0.200000,15.024,1,75.12
8657427332734176422,8657427332734176422-1501097660-1501097660,8657427332734176422-1493046504-1493046504,Organic Search,0.200000,15.024,0,0
3944989619827418524,3944989619827418524-1471884985-1471884985,3944989619827418524-1471026563-1471026563,Direct,0.142857,11.28,0,0
3944989619827418524,3944989619827418524-1471884985-1471884985,3944989619827418524-1470430208-1470430208,Direct,0.142857,11.28,0,0
3944989619827418524,3944989619827418524-1471884985-1471884985,3944989619827418524-1471473211-1471473211,Referral,0.142857,11.28,0,0
3944989619827418524,3944989619827418524-1471884985-1471884985,3944989619827418524-1470444294-1470444294,Direct,0.142857,11.28,0,0
3944989619827418524,3944989619827418524-1471884985-1471884985,3944989619827418524-1471568130-1471568130,Referral,0.142857,11.28,0,0
3944989619827418524,3944989619827418524-1471884985-1471884985,3944989619827418524-1470766895-1470766895,Direct,0.142857,11.28,0,0
3944989619827418524,3944989619827418524-1471884985-1471884985,3944989619827418524-1471884985-1471884985,Referral,0.142857,11.28,1,78.96
4284747478619287722,4284747478619287722-1498515155-1498515155,4284747478619287722-1498501690-1498501690,Organic Search,0.333333,27.643333333,0,0
4284747478619287722,4284747478619287722-1498515155-1498515155,4284747478619287722-1498515155-1498515155,Referral,0.333333,27.643333333,1,82.93
4284747478619287722,4284747478619287722-1498515155-1498515155,4284747478619287722-1498510758-1498510758,Referral,0.333333,27.643333333,0,0
2678017605977262322,2678017605977262322-1484937964-1484937964,2678017605977262322-1479769218-1479769218,Social,0.090909,9.707272727,0,0
2678017605977262322,2678017605977262322-1484937964-1484937964,2678017605977262322-1484930443-1484930443,Referral,0.090909,9.707272727,0,0
2678017605977262322,2678017605977262322-1484937964-1484937964,2678017605977262322-1484074043-1484074043,Referral,0.090909,9.707272727,0,0
2678017605977262322,2678017605977262322-1484937964-1484937964,2678017605977262322-1479769051-1479769051,Referral,0.090909,9.707272727,0,0
2678017605977262322,2678017605977262322-1484937964-1484937964,2678017605977262322-1484937964-1484937964,Referral,0.090909,9.707272727,1,106.78
2678017605977262322,2678017605977262322-1484937964-1484937964,2678017605977262322-1480715460-1480715460,Social,0.090909,9.707272727,0,0
2678017605977262322,2678017605977262322-1484937964-1484937964,2678017605977262322-1482187480-1482187480,Referral,0.090909,9.707272727,0,0
2678017605977262322,2678017605977262322-1484937964-1484937964,2678017605977262322-1480718282-1480718282,Referral,0.090909,9.707272727,0,0
2678017605977262322,2678017605977262322-1484937964-1484937964,2678017605977262322-1484932618-1484932618,Referral,0.090909,9.707272727,0,0
2678017605977262322,2678017605977262322-1484937964-1484937964,2678017605977262322-1480715478-1480715478,Referral,0.090909,9.707272727,0,0
2678017605977262322,2678017605977262322-1484937964-1484937964,2678017605977262322-1484860224-1484860224,Referral,0.090909,9.707272727,0,0
2130970500799303391,2130970500799303391-1482705025-1482705025,2130970500799303391-1482353814-1482353814,Referral,0.200000,27.274,0,0
2130970500799303391,2130970500799303391-1482705025-1482705025,2130970500799303391-1482550263-1482550263,Referral,0.200000,27.274,0,0
2130970500799303391,2130970500799303391-1482705025-1482705025,2130970500799303391-1482300356-1482300356,Direct,0.200000,27.274,0,0
2130970500799303391,2130970500799303391-1482705025-1482705025,2130970500799303391-1482300504-1482300504,Referral,0.200000,27.274,0,0
2130970500799303391,2130970500799303391-1482705025-1482705025,2130970500799303391-1482705025-1482705025,Referral,0.200000,27.274,1,136.37
1383687428379664179,1383687428379664179-1499966198-1499966198,1383687428379664179-1499965935-1499965935,Direct,0.333333,17.756666667,0,0
1383687428379664179,1383687428379664179-1499966198-1499966198,1383687428379664179-1496867125-1496867125,Direct,0.333333,17.756666667,0,0
1383687428379664179,1383687428379664179-1499966198-1499966198,1383687428379664179-1499966198-1499966198,Referral,0.333333,17.756666667,1,53.27
9654518257837426461,9654518257837426461-1501027632-1501027632,9654518257837426461-1501009625-1501009627,Display,0.250000,12,0,0
9654518257837426461,9654518257837426461-1501027632-1501027632,9654518257837426461-1501027632-1501027632,Referral,0.250000,12,1,48
9654518257837426461,9654518257837426461-1501027632-1501027632,9654518257837426461-1501010244-1501010244,Referral,0.250000,12,0,0
9654518257837426461,9654518257837426461-1501027632-1501027632,9654518257837426461-1501016556-1501016556,Referral,0.250000,12,0,0
4655749242535722816,4655749242535722816-1477489620-1477489620,4655749242535722816-1477489582-1477489582,Direct,0.333333,21.663333333,0,0
4655749242535722816,4655749242535722816-1477489620-1477489620,4655749242535722816-1477489620-1477489620,Referral,0.333333,21.663333333,1,64.99
4655749242535722816,4655749242535722816-1477489620-1477489620,4655749242535722816-1472500810-1472500810,Direct,0.333333,21.663333333,0,0
307884915539160890,307884915539160890-1487373008-1487373008,307884915539160890-1487131411-1487131411,Direct,0.250000,11.2475,0,0
307884915539160890,307884915539160890-1487373008-1487373008,307884915539160890-1487196420-1487196420,Referral,0.250000,11.2475,0,0
307884915539160890,307884915539160890-1487373008-1487373008,307884915539160890-1487195823-1487195823,Direct,0.250000,11.2475,0,0
307884915539160890,307884915539160890-1487373008-1487373008,307884915539160890-1487373008-1487373008,Referral,0.250000,11.2475,1,44.99
6467250659124993626,6467250659124993626-1471305279-1471305279,6467250659124993626-1471305279-1471305279,Referral,0.333333,13,1,39
6467250659124993626,6467250659124993626-1471305279-1471305279,6467250659124993626-1471294011-1471294011,Referral,0.333333,13,0,0
6467250659124993626,6467250659124993626-1471305279-1471305279,6467250659124993626-1471293792-1471293792,Display,0.333333,13,0,0
0813572144884353388,0813572144884353388-1488776795-1488776795,0813572144884353388-1488764862-1488764862,Direct,0.200000,20.508,0,0
0813572144884353388,0813572144884353388-1488776795-1488776795,0813572144884353388-1488542170-1488542170,Direct,0.200000,20.508,0,0
0813572144884353388,0813572144884353388-1488776795-1488776795,0813572144884353388-1488531139-1488531139,Direct,0.200000,20.508,0,0
0813572144884353388,0813572144884353388-1488776795-1488776795,0813572144884353388-1488765219-1488765219,Referral,0.200000,20.508,0,0
0813572144884353388,0813572144884353388-1488776795-1488776795,0813572144884353388-1488776795-1488776795,Referral,0.200000,20.508,1,102.54
5039693679894183284,5039693679894183284-1499355609-1499355609,5039693679894183284-1479321620-1479321620,Referral,0.333333,19.99,0,0
5039693679894183284,5039693679894183284-1499355609-1499355609,5039693679894183284-1499355609-1499355609,Referral,0.333333,19.99,1,59.97
5039693679894183284,5039693679894183284-1499355609-1499355609,5039693679894183284-1485990985-1485990985,Organic Search,0.333333,19.99,0,0
5322397769480961983,5322397769480961983-1500677017-1500677017,5322397769480961983-1500646472-1500646472,Paid Search,0.333333,49.996666667,0,0
5322397769480961983,5322397769480961983-1500677017-1500677017,5322397769480961983-1500677017-1500677017,Organic Search,0.333333,49.996666667,1,149.99
5322397769480961983,5322397769480961983-1500677017-1500677017,5322397769480961983-1500646480-1500646480,Organic Search,0.333333,49.996666667,0,0
1957458976293878100,1957458976293878100-1487097028-1487097028,1957458976293878100-1477399158-1477399158,Organic Search,0.007246,129.416666667,0,0
1957458976293878100,1957458976293878100-1487097028-1487097028,1957458976293878100-1480690054-1480690054,Organic Search,0.007246,129.416666667,0,0
1957458976293878100,1957458976293878100-1487097028-1487097028,1957458976293878100-1482174228-1482174228,Organic Search,0.007246,129.416666667,0,0
1957458976293878100,1957458976293878100-1487097028-1487097028,1957458976293878100-1471466829-1471466829,Organic Search,0.007246,129.416666667,0,0
1957458976293878100,1957458976293878100-1487097028-1487097028,1957458976293878100-1484602890-1484602890,Organic Search,0.007246,129.416666667,0,0
1957458976293878100,1957458976293878100-1487097028-1487097028,1957458976293878100-1471294655-1471294655,Organic Search,0.007246,129.416666667,0,0
1957458976293878100,1957458976293878100-1487097028-1487097028,1957458976293878100-1473948848-1473948848,Organic Search,0.007246,129.416666667,0,0
1957458976293878100,1957458976293878100-1487097028-1487097028,1957458976293878100-1476814726-1476814726,Organic Search,0.007246,129.416666667,0,0
1957458976293878100,1957458976293878100-1487097028-1487097028,1957458976293878100-1478714380-1478714380,Organic Search,0.007246,129.416666667,0,0
1957458976293878100,1957458976293878100-1487097028-1487097028,1957458976293878100-1475085793-1475085793,Organic Search,0.007246,129.416666667,0,0
1957458976293878100,1957458976293878100-1487097028-1487097028,1957458976293878100-1470858691-1470858691,Organic Search,0.007246,129.416666667,0,0
1957458976293878100,1957458976293878100-1487097028-1487097028,1957458976293878100-1470931824-1470931824,Organic Search,0.007246,129.416666667,0,0
1957458976293878100,1957458976293878100-1487097028-1487097028,1957458976293878100-1472129707-1472129707,Organic Search,0.007246,129.416666667,0,0
1957458976293878100,1957458976293878100-1487097028-1487097028,1957458976293878100-1471289972-1471289972,Organic Search,0.007246,129.416666667,0,0
1957458976293878100,1957458976293878100-1487097028-1487097028,1957458976293878100-1480540648-1480540648,Organic Search,0.007246,129.416666667,0,0
1957458976293878100,1957458976293878100-1487097028-1487097028,1957458976293878100-1475756680-1475756680,Organic Search,0.007246,129.416666667,0,0
1957458976293878100,1957458976293878100-1487097028-1487097028,1957458976293878100-1475166583-1475166583,Organic Search,0.007246,129.416666667,0,0
1957458976293878100,1957458976293878100-1487097028-1487097028,1957458976293878100-1476103700-1476103700,Organic Search,0.007246,129.416666667,0,0
1957458976293878100,1957458976293878100-1487097028-1487097028,1957458976293878100-1481308757-1481308757,Organic Search,0.007246,129.416666667,0,0
1957458976293878100,1957458976293878100-1487097028-1487097028,1957458976293878100-1472745613-1472745613,Organic Search,0.007246,129.416666667,0,0
1957458976293878100,1957458976293878100-1487097028-1487097028,1957458976293878100-1472732393-1472732393,Organic Search,0.007246,129.416666667,0,0
1957458976293878100,1957458976293878100-1487097028-1487097028,1957458976293878100-1485444781-1485444781,Organic Search,0.007246,129.416666667,0,0
1957458976293878100,1957458976293878100-1487097028-1487097028,1957458976293878100-1481662247-1481662247,Organic Search,0.007246,129.416666667,0,0
1957458976293878100,1957458976293878100-1487097028-1487097028,1957458976293878100-1478115380-1478115380,Organic Search,0.007246,129.416666667,0,0
1957458976293878100,1957458976293878100-1487097028-1487097028,1957458976293878100-1472558734-1472558734,Organic Search,0.007246,129.416666667,0,0
1957458976293878100,1957458976293878100-1487097028-1487097028,1957458976293878100-1480532429-1480532429,Organic Search,0.007246,129.416666667,0,0
1957458976293878100,1957458976293878100-1487097028-1487097028,1957458976293878100-1481721989-1481721989,Organic Search,0.007246,129.416666667,0,0
1957458976293878100,1957458976293878100-1487097028-1487097028,1957458976293878100-1480436526-1480436526,Organic Search,0.007246,129.416666667,0,0
1957458976293878100,1957458976293878100-1487097028-1487097028,1957458976293878100-1481834103-1481834103,Organic Search,0.007246,129.416666667,0,0
1957458976293878100,1957458976293878100-1487097028-1487097028,1957458976293878100-1470328437-1470328437,Organic Search,0.007246,129.416666667,0,0
1957458976293878100,1957458976293878100-1487097028-1487097028,1957458976293878100-1472823804-1472823804,Organic Search,0.007246,129.416666667,0,0
1957458976293878100,1957458976293878100-1487097028-1487097028,1957458976293878100-1477929686-1477929686,Organic Search,0.007246,129.416666667,0,0
1957458976293878100,1957458976293878100-1487097028-1487097028,1957458976293878100-1471978139-1471978139,Organic Search,0.007246,129.416666667,0,0
1957458976293878100,1957458976293878100-1487097028-1487097028,1957458976293878100-1479915412-1479915412,Organic Search,0.007246,129.416666667,0,0
1957458976293878100,1957458976293878100-1487097028-1487097028,1957458976293878100-1472071398-1472071398,Organic Search,0.007246,129.416666667,0,0
1957458976293878100,1957458976293878100-1487097028-1487097028,1957458976293878100-1474043928-1474043928,Organic Search,0.007246,129.416666667,0,0
1957458976293878100,1957458976293878100-1487097028-1487097028,1957458976293878100-1477078178-1477078178,Organic Search,0.007246,129.416666667,0,0
1957458976293878100,1957458976293878100-1487097028-1487097028,1957458976293878100-1476904072-1476904072,Organic Search,0.007246,129.416666667,0,0
1957458976293878100,1957458976293878100-1487097028-1487097028,1957458976293878100-1475522618-1475522618,Organic Search,0.007246,129.416666667,0,0
1957458976293878100,1957458976293878100-1487097028-1487097028,1957458976293878100-1481306492-1481306492,Organic Search,0.007246,129.416666667,0,0
1957458976293878100,1957458976293878100-1487097028-1487097028,1957458976293878100-1480538547-1480538547,Organic Search,0.007246,129.416666667,0,0
1957458976293878100,1957458976293878100-1487097028-1487097028,1957458976293878100-1479498822-1479498822,Organic Search,0.007246,129.416666667,0,0
1957458976293878100,1957458976293878100-1487097028-1487097028,1957458976293878100-1480627195-1480627195,Organic Search,0.007246,129.416666667,0,0
1957458976293878100,1957458976293878100-1487097028-1487097028,1957458976293878100-1480963130-1480963130,Organic Search,0.007246,129.416666667,0,0
1957458976293878100,1957458976293878100-1487097028-1487097028,1957458976293878100-1482500703-1482500703,Organic Search,0.007246,129.416666667,0,0
1957458976293878100,1957458976293878100-1487097028-1487097028,1957458976293878100-1482518507-1482518507,Organic Search,0.007246,129.416666667,0,0
1957458976293878100,1957458976293878100-1487097028-1487097028,1957458976293878100-1472675483-1472675483,Organic Search,0.007246,129.416666667,0,0
1957458976293878100,1957458976293878100-1487097028-1487097028,1957458976293878100-1486051101-1486051101,Organic Search,0.007246,129.416666667,0,0
1957458976293878100,1957458976293878100-1487097028-1487097028,1957458976293878100-1480703595-1480703595,Organic Search,0.007246,129.416666667,0,0
1957458976293878100,1957458976293878100-1487097028-1487097028,1957458976293878100-1470866550-1470866550,Organic Search,0.007246,129.416666667,0,0
1957458976293878100,1957458976293878100-1487097028-1487097028,1957458976293878100-1475151268-1475151268,Organic Search,0.007246,129.416666667,0,0
1957458976293878100,1957458976293878100-1487097028-1487097028,1957458976293878100-1471279221-1471279221,Organic Search,0.007246,129.416666667,0,0
1957458976293878100,1957458976293878100-1487097028-1487097028,1957458976293878100-1475586597-1475586597,Organic Search,0.007246,129.416666667,0,0
1957458976293878100,1957458976293878100-1487097028-1487097028,1957458976293878100-1471360203-1471360203,Organic Search,0.007246,129.416666667,0,0
1957458976293878100,1957458976293878100-1487097028-1487097028,1957458976293878100-1480542460-1480542460,Organic Search,0.007246,129.416666667,0,0
1957458976293878100,1957458976293878100-1487097028-1487097028,1957458976293878100-1473250441-1473250441,Organic Search,0.007246,129.416666667,0,0
1957458976293878100,1957458976293878100-1487097028-1487097028,1957458976293878100-1472044619-1472044619,Organic Search,0.007246,129.416666667,0,0
1957458976293878100,1957458976293878100-1487097028-1487097028,1957458976293878100-1473353102-1473353102,Organic Search,0.007246,129.416666667,0,0
1957458976293878100,1957458976293878100-1487097028-1487097028,1957458976293878100-1472049402-1472049402,Organic Search,0.007246,129.416666667,0,0
1957458976293878100,1957458976293878100-1487097028-1487097028,1957458976293878100-1475608724-1475608724,Organic Search,0.007246,129.416666667,0,0
1957458976293878100,1957458976293878100-1487097028-1487097028,1957458976293878100-1475074896-1475074896,Organic Search,0.007246,129.416666667,0,0
1957458976293878100,1957458976293878100-1487097028-1487097028,1957458976293878100-1479912103-1479912103,Organic Search,0.007246,129.416666667,0,0
1957458976293878100,1957458976293878100-1487097028-1487097028,1957458976293878100-1471881497-1471881497,Organic Search,0.007246,129.416666667,0,0
1957458976293878100,1957458976293878100-1487097028-1487097028,1957458976293878100-1472140992-1472140992,Organic Search,0.007246,129.416666667,0,0
1957458976293878100,1957458976293878100-1487097028-1487097028,1957458976293878100-1471014094-1471014094,Organic Search,0.007246,129.416666667,0,0
1957458976293878100,1957458976293878100-1487097028-1487097028,1957458976293878100-1471633011-1471633011,Organic Search,0.007246,129.416666667,0,0
1957458976293878100,1957458976293878100-1487097028-1487097028,1957458976293878100-1480426516-1480426516,Organic Search,0.007246,129.416666667,0,0
1957458976293878100,1957458976293878100-1487097028-1487097028,1957458976293878100-1475695295-1475695295,Organic Search,0.007246,129.416666667,0,0
1957458976293878100,1957458976293878100-1487097028-1487097028,1957458976293878100-1479935513-1479935513,Organic Search,0.007246,129.416666667,0,0
1957458976293878100,1957458976293878100-1487097028-1487097028,1957458976293878100-1477335588-1477335588,Organic Search,0.007246,129.416666667,0,0
1957458976293878100,1957458976293878100-1487097028-1487097028,1957458976293878100-1470863775-1470863775,Organic Search,0.007246,129.416666667,0,0
1957458976293878100,1957458976293878100-1487097028-1487097028,1957458976293878100-1472821703-1472821703,Organic Search,0.007246,129.416666667,0,0
1957458976293878100,1957458976293878100-1487097028-1487097028,1957458976293878100-1482930409-1482930409,Organic Search,0.007246,129.416666667,0,0
1957458976293878100,1957458976293878100-1487097028-1487097028,1957458976293878100-1471543731-1471543731,Organic Search,0.007246,129.416666667,0,0
1957458976293878100,1957458976293878100-1487097028-1487097028,1957458976293878100-1479486397-1479486397,Organic Search,0.007246,129.416666667,0,0
1957458976293878100,1957458976293878100-1487097028-1487097028,1957458976293878100-1475682232-1475682232,Organic Search,0.007246,129.416666667,0,0
1957458976293878100,1957458976293878100-1487097028-1487097028,1957458976293878100-1478706350-1478706350,Organic Search,0.007246,129.416666667,0,0
1957458976293878100,1957458976293878100-1487097028-1487097028,1957458976293878100-1471866970-1471866970,Organic Search,0.007246,129.416666667,0,0
1957458976293878100,1957458976293878100-1487097028-1487097028,1957458976293878100-1473855366-1473855366,Organic Search,0.007246,129.416666667,0,0
1957458976293878100,1957458976293878100-1487097028-1487097028,1957458976293878100-1471569723-1471569723,Organic Search,0.007246,129.416666667,0,0
1957458976293878100,1957458976293878100-1487097028-1487097028,1957458976293878100-1471523125-1471523125,Organic Search,0.007246,129.416666667,0,0
1957458976293878100,1957458976293878100-1487097028-1487097028,1957458976293878100-1473863287-1473863287,Organic Search,0.007246,129.416666667,0,0
1957458976293878100,1957458976293878100-1487097028-1487097028,1957458976293878100-1478003158-1478003158,Organic Search,0.007246,129.416666667,0,0
1957458976293878100,1957458976293878100-1487097028-1487097028,1957458976293878100-1476794159-1476794159,Organic Search,0.007246,129.416666667,0,0
1957458976293878100,1957458976293878100-1487097028-1487097028,1957458976293878100-1473860161-1473860161,Organic Search,0.007246,129.416666667,0,0
1957458976293878100,1957458976293878100-1487097028-1487097028,1957458976293878100-1470934753-1470934753,Organic Search,0.007246,129.416666667,0,0
1957458976293878100,1957458976293878100-1487097028-1487097028,1957458976293878100-1473959042-1473959042,Organic Search,0.007246,129.416666667,0,0
1957458976293878100,1957458976293878100-1487097028-1487097028,1957458976293878100-1472671577-1472671577,Organic Search,0.007246,129.416666667,0,0
1957458976293878100,1957458976293878100-1487097028-1487097028,1957458976293878100-1478869847-1478869847,Organic Search,0.007246,129.416666667,0,0
1957458976293878100,1957458976293878100-1487097028-1487097028,1957458976293878100-1474546998-1474546998,Organic Search,0.007246,129.416666667,0,0
1957458976293878100,1957458976293878100-1487097028-1487097028,1957458976293878100-1472735576-1472735576,Organic Search,0.007246,129.416666667,0,0
1957458976293878100,1957458976293878100-1487097028-1487097028,1957458976293878100-1472136581-1472136581,Organic Search,0.007246,129.416666667,0,0
1957458976293878100,1957458976293878100-1487097028-1487097028,1957458976293878100-1478801570-1478801570,Organic Search,0.007246,129.416666667,0,0
1957458976293878100,1957458976293878100-1487097028-1487097028,1957458976293878100-1478883924-1478883924,Organic Search,0.007246,129.416666667,0,0
1957458976293878100,1957458976293878100-1487097028-1487097028,1957458976293878100-1485283234-1485283234,Organic Search,0.007246,129.416666667,0,0
1957458976293878100,1957458976293878100-1487097028-1487097028,1957458976293878100-1481818929-1481818929,Organic Search,0.007246,129.416666667,0,0
1957458976293878100,1957458976293878100-1487097028-1487097028,1957458976293878100-1473164981-1473164981,Organic Search,0.007246,129.416666667,0,0
1957458976293878100,1957458976293878100-1487097028-1487097028,1957458976293878100-1471469003-1471469003,Organic Search,0.007246,129.416666667,0,0
1957458976293878100,1957458976293878100-1487097028-1487097028,1957458976293878100-1486479227-1486479227,Direct,0.007246,129.416666667,0,0
1957458976293878100,1957458976293878100-1487097028-1487097028,1957458976293878100-1481897897-1481897897,Organic Search,0.007246,129.416666667,0,0
1957458976293878100,1957458976293878100-1487097028-1487097028,1957458976293878100-1473266240-1473266240,Organic Search,0.007246,129.416666667,0,0
1957458976293878100,1957458976293878100-1487097028-1487097028,1957458976293878100-1470744357-1470744357,Organic Search,0.007246,129.416666667,0,0
1957458976293878100,1957458976293878100-1487097028-1487097028,1957458976293878100-1474558507-1474558507,Organic Search,0.007246,129.416666667,0,0
1957458976293878100,1957458976293878100-1487097028-1487097028,1957458976293878100-1471007312-1471007312,Organic Search,0.007246,129.416666667,0,0
1957458976293878100,1957458976293878100-1487097028-1487097028,1957458976293878100-1477686727-1477686727,Organic Search,0.007246,129.416666667,0,0
1957458976293878100,1957458976293878100-1487097028-1487097028,1957458976293878100-1471299039-1471299039,Organic Search,0.007246,129.416666667,0,0
1957458976293878100,1957458976293878100-1487097028-1487097028,1957458976293878100-1480709602-1480709602,Organic Search,0.007246,129.416666667,0,0
1957458976293878100,1957458976293878100-1487097028-1487097028,1957458976293878100-1473953325-1473953325,Organic Search,0.007246,129.416666667,0,0
1957458976293878100,1957458976293878100-1487097028-1487097028,1957458976293878100-1472755097-1472755097,Organic Search,0.007246,129.416666667,0,0
1957458976293878100,1957458976293878100-1487097028-1487097028,1957458976293878100-1472564491-1472564491,Organic Search,0.007246,129.416666667,0,0
1957458976293878100,1957458976293878100-1487097028-1487097028,1957458976293878100-1475669579-1475669579,Organic Search,0.007246,129.416666667,0,0
1957458976293878100,1957458976293878100-1487097028-1487097028,1957458976293878100-1479907093-1479907093,Organic Search,0.007246,129.416666667,0,0
1957458976293878100,1957458976293878100-1487097028-1487097028,1957458976293878100-1475438528-1475438528,Organic Search,0.007246,129.416666667,0,0
1957458976293878100,1957458976293878100-1487097028-1487097028,1957458976293878100-1478176458-1478176458,Organic Search,0.007246,129.416666667,0,0
1957458976293878100,1957458976293878100-1487097028-1487097028,1957458976293878100-1473356775-1473356775,Organic Search,0.007246,129.416666667,0,0
1957458976293878100,1957458976293878100-1487097028-1487097028,1957458976293878100-1475080576-1475080576,Organic Search,0.007246,129.416666667,0,0
1957458976293878100,1957458976293878100-1487097028-1487097028,1957458976293878100-1478722728-1478722728,Organic Search,0.007246,129.416666667,0,0
1957458976293878100,1957458976293878100-1487097028-1487097028,1957458976293878100-1476820928-1476820928,Organic Search,0.007246,129.416666667,0,0
1957458976293878100,1957458976293878100-1487097028-1487097028,1957458976293878100-1470419668-1470419668,Organic Search,0.007246,129.416666667,0,0
1957458976293878100,1957458976293878100-1487097028-1487097028,1957458976293878100-1472007481-1472007481,Organic Search,0.007246,129.416666667,0,0
1957458976293878100,1957458976293878100-1487097028-1487097028,1957458976293878100-1483038056-1483038056,Organic Search,0.007246,129.416666667,0,0
1957458976293878100,1957458976293878100-1487097028-1487097028,1957458976293878100-1480696357-1480696357,Organic Search,0.007246,129.416666667,0,0
1957458976293878100,1957458976293878100-1487097028-1487097028,1957458976293878100-1482176490-1482176490,Organic Search,0.007246,129.416666667,0,0
1957458976293878100,1957458976293878100-1487097028-1487097028,1957458976293878100-1472149989-1472149989,Organic Search,0.007246,129.416666667,0,0
1957458976293878100,1957458976293878100-1487097028-1487097028,1957458976293878100-1472474036-1472474036,Organic Search,0.007246,129.416666667,0,0
1957458976293878100,1957458976293878100-1487097028-1487097028,1957458976293878100-1479157921-1479157921,Organic Search,0.007246,129.416666667,0,0
1957458976293878100,1957458976293878100-1487097028-1487097028,1957458976293878100-1477406810-1477406810,Organic Search,0.007246,129.416666667,0,0
1957458976293878100,1957458976293878100-1487097028-1487097028,1957458976293878100-1479139339-1479139339,Organic Search,0.007246,129.416666667,0,0
1957458976293878100,1957458976293878100-1487097028-1487097028,1957458976293878100-1480605476-1480605476,Organic Search,0.007246,129.416666667,0,0
1957458976293878100,1957458976293878100-1487097028-1487097028,1957458976293878100-1481742389-1481742389,Organic Search,0.007246,129.416666667,0,0
1957458976293878100,1957458976293878100-1487097028-1487097028,1957458976293878100-1482259033-1482259033,Organic Search,0.007246,129.416666667,0,0
1957458976293878100,1957458976293878100-1487097028-1487097028,1957458976293878100-1472146448-1472146448,Organic Search,0.007246,129.416666667,0,0
1957458976293878100,1957458976293878100-1487097028-1487097028,1957458976293878100-1474472903-1474472903,Organic Search,0.007246,129.416666667,0,0
1957458976293878100,1957458976293878100-1487097028-1487097028,1957458976293878100-1472841771-1472841771,Organic Search,0.007246,129.416666667,0,0
1957458976293878100,1957458976293878100-1487097028-1487097028,1957458976293878100-1470758383-1470758383,Organic Search,0.007246,129.416666667,0,0
1957458976293878100,1957458976293878100-1487097028-1487097028,1957458976293878100-1471444514-1471444514,Organic Search,0.007246,129.416666667,0,0
1957458976293878100,1957458976293878100-1487097028-1487097028,1957458976293878100-1471284627-1471284627,Organic Search,0.007246,129.416666667,0,0
1957458976293878100,1957458976293878100-1487097028-1487097028,1957458976293878100-1487097028-1487097028,Direct,0.007246,129.416666667,1,17859.5
173863901552294318,173863901552294318-1484256466-1484256466,173863901552294318-1484182512-1484182512,Display,0.200000,7.552,0,0
173863901552294318,173863901552294318-1484256466-1484256466,173863901552294318-1484256466-1484256466,Display,0.200000,7.552,1,37.76
173863901552294318,173863901552294318-1484256466-1484256466,173863901552294318-1484161752-1484161752,Direct,0.200000,7.552,0,0
173863901552294318,173863901552294318-1484256466-1484256466,173863901552294318-1484156797-1484156797,Direct,0.200000,7.552,0,0
173863901552294318,173863901552294318-1484256466-1484256466,173863901552294318-1484239989-1484239989,Display,0.200000,7.552,0,0
009046037663524262,009046037663524262-1487112693-1487112693,009046037663524262-1487112693-1487112693,Organic Search,0.333333,14.193333333,1,42.58
009046037663524262,009046037663524262-1487112693-1487112693,009046037663524262-1487112585-1487112585,Referral,0.333333,14.193333333,0,0
009046037663524262,009046037663524262-1487112693-1487112693,009046037663524262-1485477039-1485477039,Referral,0.333333,14.193333333,0,0
3916992730920009646,3916992730920009646-1488319683-1488319683,3916992730920009646-1488297571-1488297571,Organic Search,0.200000,85.146,0,0
3916992730920009646,3916992730920009646-1488319683-1488319683,3916992730920009646-1487871367-1487871367,Organic Search,0.200000,85.146,0,0
3916992730920009646,3916992730920009646-1488319683-1488319683,3916992730920009646-1487780873-1487780873,Referral,0.200000,85.146,0,0
3916992730920009646,3916992730920009646-1488319683-1488319683,3916992730920009646-1487781421-1487781421,Organic Search,0.200000,85.146,0,0
3916992730920009646,3916992730920009646-1488319683-1488319683,3916992730920009646-1488319683-1488319683,Organic Search,0.200000,85.146,1,425.73
0536559199229561402,0536559199229561402-1489273007-1489273007,0536559199229561402-1489272026-1489272026,Social,0.333333,11.99,0,0
0536559199229561402,0536559199229561402-1489273007-1489273007,0536559199229561402-1487134282-1487134282,Social,0.333333,11.99,0,0
0536559199229561402,0536559199229561402-1489273007-1489273007,0536559199229561402-1489273007-1489273007,Referral,0.333333,11.99,1,35.97
3191023303780419966,3191023303780419966-1481919079-1481919079,3191023303780419966-1481890217-1481890217,Paid Search,0.200000,8,0,0
3191023303780419966,3191023303780419966-1481919079-1481919079,3191023303780419966-1481592919-1481592919,Paid Search,0.200000,8,0,0
3191023303780419966,3191023303780419966-1481919079-1481919079,3191023303780419966-1481856486-1481856486,Paid Search,0.200000,8,0,0
3191023303780419966,3191023303780419966-1481919079-1481919079,3191023303780419966-1481893621-1481893621,Organic Search,0.200000,8,0,0
3191023303780419966,3191023303780419966-1481919079-1481919079,3191023303780419966-1481919079-1481919079,Paid Search,0.200000,8,1,40
4127513140005445280,4127513140005445280-1498218912-1498218912,4127513140005445280-1498128705-1498128705,Referral,0.333333,4.863333333,0,0
4127513140005445280,4127513140005445280-1498218912-1498218912,4127513140005445280-1498128619-1498128619,Organic Search,0.333333,4.863333333,0,0
4127513140005445280,4127513140005445280-1498218912-1498218912,4127513140005445280-1498218912-1498218912,Referral,0.333333,4.863333333,1,14.59
8924760956022529477,8924760956022529477-1481826070-1481826070,8924760956022529477-1480520391-1480520391,Direct,0.166667,190.131666667,0,0
8924760956022529477,8924760956022529477-1481826070-1481826070,8924760956022529477-1481826070-1481826070,Referral,0.166667,190.131666667,1,1140.79
8924760956022529477,8924760956022529477-1481826070-1481826070,8924760956022529477-1481775240-1481775240,Referral,0.166667,190.131666667,0,0
8924760956022529477,8924760956022529477-1481826070-1481826070,8924760956022529477-1480698488-1480698488,Referral,0.166667,190.131666667,0,0
8924760956022529477,8924760956022529477-1481826070-1481826070,8924760956022529477-1480529087-1480529087,Direct,0.166667,190.131666667,0,0
8924760956022529477,8924760956022529477-1481826070-1481826070,8924760956022529477-1481753655-1481753655,Referral,0.166667,190.131666667,0,0
8906637697429401120,8906637697429401120-1471407047-1471407047,8906637697429401120-1471386283-1471386283,Direct,0.250000,12.14,0,0
8906637697429401120,8906637697429401120-1471407047-1471407047,8906637697429401120-1471391246-1471391246,Direct,0.250000,12.14,0,0
8906637697429401120,8906637697429401120-1471407047-1471407047,8906637697429401120-1471407047-1471407047,Referral,0.250000,12.14,1,48.56
8906637697429401120,8906637697429401120-1471407047-1471407047,8906637697429401120-1471391864-1471391864,Referral,0.250000,12.14,0,0
034988778973749269,034988778973749269-1490297576-1490297618,034988778973749269-1487022001-1487022004,Direct,0.250000,8.495,0,0
034988778973749269,034988778973749269-1490297576-1490297618,034988778973749269-1490297576-1490297618,Organic Search,0.250000,8.495,1,33.98
034988778973749269,034988778973749269-1490297576-1490297618,034988778973749269-1489019812-1489019812,Organic Search,0.250000,8.495,0,0
034988778973749269,034988778973749269-1490297576-1490297618,034988778973749269-1489171116-1489171121,Organic Search,0.250000,8.495,0,0
9503263320769884901,9503263320769884901-1482246743-1482246743,9503263320769884901-1482246743-1482246743,Referral,0.250000,59.03,1,236.12
9503263320769884901,9503263320769884901-1482246743-1482246743,9503263320769884901-1478018898-1478018898,Organic Search,0.250000,59.03,0,0
9503263320769884901,9503263320769884901-1482246743-1482246743,9503263320769884901-1480522154-1480522154,Referral,0.250000,59.03,0,0
9503263320769884901,9503263320769884901-1482246743-1482246743,9503263320769884901-1482151404-1482151404,Referral,0.250000,59.03,0,0
8160942479431419810,8160942479431419810-1472128911-1472128911,8160942479431419810-1470071041-1470071041,Referral,0.333333,62.1,0,0
8160942479431419810,8160942479431419810-1472128911-1472128911,8160942479431419810-1470167099-1470167099,Organic Search,0.333333,62.1,0,0
8160942479431419810,8160942479431419810-1472128911-1472128911,8160942479431419810-1472128911-1472128911,Organic Search,0.333333,62.1,1,186.3
4758916657085060917,4758916657085060917-1484002795-1484002795,4758916657085060917-1483573880-1483573880,Referral,0.333333,65.566666667,0,0
4758916657085060917,4758916657085060917-1484002795-1484002795,4758916657085060917-1483573375-1483573375,Direct,0.333333,65.566666667,0,0
4758916657085060917,4758916657085060917-1484002795-1484002795,4758916657085060917-1484002795-1484002795,Referral,0.333333,65.566666667,1,196.7
7488710348710523001,7488710348710523001-1485480993-1485480993,7488710348710523001-1484692530-1484692628,Direct,0.333333,23.566666667,0,0
7488710348710523001,7488710348710523001-1485480993-1485480993,7488710348710523001-1485468830-1485468830,Referral,0.333333,23.566666667,0,0
7488710348710523001,7488710348710523001-1485480993-1485480993,7488710348710523001-1485480993-1485480993,Referral,0.333333,23.566666667,1,70.7
2773403605706356104,2773403605706356104-1478295755-1478295755,2773403605706356104-1476120482-1476120482,Direct,0.250000,15.7475,0,0
2773403605706356104,2773403605706356104-1478295755-1478295755,2773403605706356104-1474585629-1474585629,Direct,0.250000,15.7475,0,0
2773403605706356104,2773403605706356104-1478295755-1478295755,2773403605706356104-1478290335-1478290335,Referral,0.250000,15.7475,0,0
2773403605706356104,2773403605706356104-1478295755-1478295755,2773403605706356104-1478295755-1478295755,Referral,0.250000,15.7475,1,62.99
1712066703099487652,1712066703099487652-1500698268-1500698268,1712066703099487652-1500277108-1500277108,Referral,0.090909,6.070909091,0,0
1712066703099487652,1712066703099487652-1500698268-1500698268,1712066703099487652-1500617879-1500617879,Organic Search,0.090909,6.070909091,0,0
1712066703099487652,1712066703099487652-1500698268-1500698268,1712066703099487652-1499834708-1499834708,Referral,0.090909,6.070909091,0,0
1712066703099487652,1712066703099487652-1500698268-1500698268,1712066703099487652-1499745970-1499745970,Referral,0.090909,6.070909091,0,0
1712066703099487652,1712066703099487652-1500698268-1500698268,1712066703099487652-1500395541-1500395541,Referral,0.090909,6.070909091,0,0
1712066703099487652,1712066703099487652-1500698268-1500698268,1712066703099487652-1500698175-1500698175,Organic Search,0.090909,6.070909091,0,0
1712066703099487652,1712066703099487652-1500698268-1500698268,1712066703099487652-1500698268-1500698268,Referral,0.090909,6.070909091,1,66.78
1712066703099487652,1712066703099487652-1500698268-1500698268,1712066703099487652-1500693416-1500693416,Organic Search,0.090909,6.070909091,0,0
1712066703099487652,1712066703099487652-1500698268-1500698268,1712066703099487652-1500239053-1500239053,Referral,0.090909,6.070909091,0,0
1712066703099487652,1712066703099487652-1500698268-1500698268,1712066703099487652-1500362633-1500362633,Referral,0.090909,6.070909091,0,0
1712066703099487652,1712066703099487652-1500698268-1500698268,1712066703099487652-1500307739-1500307739,Referral,0.090909,6.070909091,0,0
7691884507775578651,7691884507775578651-1488914056-1488914056,7691884507775578651-1488914056-1488914056,Paid Search,0.200000,5.596,1,27.98
7691884507775578651,7691884507775578651-1488914056-1488914056,7691884507775578651-1486496130-1486496130,Organic Search,0.200000,5.596,0,0
7691884507775578651,7691884507775578651-1488914056-1488914056,7691884507775578651-1486762837-1486762837,Paid Search,0.200000,5.596,0,0
7691884507775578651,7691884507775578651-1488914056-1488914056,7691884507775578651-1487271945-1487271945,Paid Search,0.200000,5.596,0,0
7691884507775578651,7691884507775578651-1488914056-1488914056,7691884507775578651-1486493235-1486493235,Organic Search,0.200000,5.596,0,0
2294678809767887639,2294678809767887639-1477108748-1477108748,2294678809767887639-1476749226-1476749226,Organic Search,0.500000,18.1925,0,0
2294678809767887639,2294678809767887639-1477108748-1477108748,2294678809767887639-1476754204-1476754204,Referral,0.500000,18.1925,0,0
2294678809767887639,2294678809767887639-1477108748-1477108748,2294678809767887639-1476750065-1476750065,Referral,0.500000,18.1925,0,0
2294678809767887639,2294678809767887639-1477108748-1477108748,2294678809767887639-1477108748-1477108748,Referral,0.500000,18.1925,2,72.77
3871891696772635172,3871891696772635172-1483925723-1483925723,3871891696772635172-1483925723-1483925723,Referral,0.333333,21.786666667,1,65.36
3871891696772635172,3871891696772635172-1483925723-1483925723,3871891696772635172-1472698479-1472698482,Direct,0.333333,21.786666667,0,0
3871891696772635172,3871891696772635172-1483925723-1483925723,3871891696772635172-1483919807-1483919807,Referral,0.333333,21.786666667,0,0
9207350605949288880,9207350605949288880-1491486746-1491486746,9207350605949288880-1491486448-1491486448,Organic Search,0.333333,54.636666667,0,0
9207350605949288880,9207350605949288880-1491486746-1491486746,9207350605949288880-1491486746-1491486746,Referral,0.333333,54.636666667,1,163.91
9207350605949288880,9207350605949288880-1491486746-1491486746,9207350605949288880-1491424046-1491424046,Organic Search,0.333333,54.636666667,0,0
9575515287846808484,9575515287846808484-1498616783-1498616783,9575515287846808484-1497489425-1497489425,Referral,0.333333,30.26,0,0
9575515287846808484,9575515287846808484-1498616783-1498616783,9575515287846808484-1491609627-1491609627,Direct,0.333333,30.26,0,0
9575515287846808484,9575515287846808484-1498616783-1498616783,9575515287846808484-1498616783-1498616783,Referral,0.333333,30.26,1,90.78
7786496751068018925,7786496751068018925-1498681995-1498681995,7786496751068018925-1497565322-1497565322,Referral,0.333333,11.35,0,0
7786496751068018925,7786496751068018925-1498681995-1498681995,7786496751068018925-1497935645-1497935645,Organic Search,0.333333,11.35,0,0
7786496751068018925,7786496751068018925-1498681995-1498681995,7786496751068018925-1498681995-1498681995,Referral,0.333333,11.35,1,34.05
5720584332217047483,5720584332217047483-1493823450-1493823450,5720584332217047483-1493823450-1493823450,Organic Search,0.250000,29.18,1,116.72
5720584332217047483,5720584332217047483-1493823450-1493823450,5720584332217047483-1493822025-1493822025,Referral,0.250000,29.18,0,0
5720584332217047483,5720584332217047483-1493823450-1493823450,5720584332217047483-1492532339-1492532339,Referral,0.250000,29.18,0,0
5720584332217047483,5720584332217047483-1493823450-1493823450,5720584332217047483-1492538947-1492538947,Referral,0.250000,29.18,0,0
3822207688294082684,3822207688294082684-1500376439-1500376439,3822207688294082684-1500375087-1500375087,Direct,0.500000,12.975,0,0
3822207688294082684,3822207688294082684-1500376439-1500376439,3822207688294082684-1500376439-1500376439,Organic Search,0.500000,12.975,1,25.95
569356915734606916,569356915734606916-1480479824-1480479824,569356915734606916-1480479824-1480479824,Referral,1.000000,275,2,550
569356915734606916,569356915734606916-1480479824-1480479824,569356915734606916-1480479747-1480479747,Direct,1.000000,275,0,0
213003977022600203,213003977022600203-1470361175-1470361175,213003977022600203-1470196605-1470196605,Direct,0.250000,1.55,0,0
213003977022600203,213003977022600203-1470361175-1470361175,213003977022600203-1470197067-1470197067,Referral,0.250000,1.55,0,0
213003977022600203,213003977022600203-1470361175-1470361175,213003977022600203-1470248986-1470248986,Referral,0.250000,1.55,0,0
213003977022600203,213003977022600203-1470361175-1470361175,213003977022600203-1470361175-1470361175,Referral,0.250000,1.55,1,6.2
120266359617148298,120266359617148298-1491518618-1491518618,120266359617148298-1491518618-1491518618,Referral,0.333333,10.5,1,31.5
120266359617148298,120266359617148298-1491518618-1491518618,120266359617148298-1491515523-1491515523,Organic Search,0.333333,10.5,0,0
120266359617148298,120266359617148298-1491518618-1491518618,120266359617148298-1491518580-1491518580,Organic Search,0.333333,10.5,0,0
5097087346105463693,5097087346105463693-1499816383-1499816383,5097087346105463693-1497983590-1497983590,Organic Search,0.250000,40.0875,0,0
5097087346105463693,5097087346105463693-1499816383-1499816383,5097087346105463693-1499632768-1499632768,Organic Search,0.250000,40.0875,0,0
5097087346105463693,5097087346105463693-1499816383-1499816383,5097087346105463693-1499816383-1499816383,Display,0.250000,40.0875,1,160.35
5097087346105463693,5097087346105463693-1499816383-1499816383,5097087346105463693-1496779337-1496779337,Organic Search,0.250000,40.0875,0,0
3282526834147517212,3282526834147517212-1481075966-1481075966,3282526834147517212-1481073244-1481073244,Referral,0.250000,20.5975,0,0
3282526834147517212,3282526834147517212-1481075966-1481075966,3282526834147517212-1480963496-1480963496,Referral,0.250000,20.5975,0,0
3282526834147517212,3282526834147517212-1481075966-1481075966,3282526834147517212-1480523228-1480523228,Direct,0.250000,20.5975,0,0
3282526834147517212,3282526834147517212-1481075966-1481075966,3282526834147517212-1481075966-1481075966,Referral,0.250000,20.5975,1,82.39
5712957387241378835,5712957387241378835-1487801806-1487801806,5712957387241378835-1487801806-1487801806,Organic Search,0.125000,3.24875,1,25.99
5712957387241378835,5712957387241378835-1487801806-1487801806,5712957387241378835-1487771615-1487771615,Organic Search,0.125000,3.24875,0,0
5712957387241378835,5712957387241378835-1487801806-1487801806,5712957387241378835-1487800351-1487800351,Organic Search,0.125000,3.24875,0,0
5712957387241378835,5712957387241378835-1487801806-1487801806,5712957387241378835-1487791334-1487791334,Organic Search,0.125000,3.24875,0,0
5712957387241378835,5712957387241378835-1487801806-1487801806,5712957387241378835-1487801268-1487801268,Paid Search,0.125000,3.24875,0,0
5712957387241378835,5712957387241378835-1487801806-1487801806,5712957387241378835-1487643227-1487643227,Organic Search,0.125000,3.24875,0,0
5712957387241378835,5712957387241378835-1487801806-1487801806,5712957387241378835-1487108187-1487108187,Organic Search,0.125000,3.24875,0,0
5712957387241378835,5712957387241378835-1487801806-1487801806,5712957387241378835-1487536871-1487536871,Organic Search,0.125000,3.24875,0,0
0361534245405505016,0361534245405505016-1486870308-1486870308,0361534245405505016-1480919896-1480919896,Organic Search,0.058824,8.391176471,0,0
0361534245405505016,0361534245405505016-1486870308-1486870308,0361534245405505016-1485940999-1485940999,Organic Search,0.058824,8.391176471,0,0
0361534245405505016,0361534245405505016-1486870308-1486870308,0361534245405505016-1486003808-1486003808,Organic Search,0.058824,8.391176471,0,0
0361534245405505016,0361534245405505016-1486870308-1486870308,0361534245405505016-1478836945-1478836945,Referral,0.058824,8.391176471,0,0
0361534245405505016,0361534245405505016-1486870308-1486870308,0361534245405505016-1486516916-1486516916,Organic Search,0.058824,8.391176471,0,0
0361534245405505016,0361534245405505016-1486870308-1486870308,0361534245405505016-1478151620-1478151620,Organic Search,0.058824,8.391176471,0,0
0361534245405505016,0361534245405505016-1486870308-1486870308,0361534245405505016-1478154902-1478154902,Organic Search,0.058824,8.391176471,0,0
0361534245405505016,0361534245405505016-1486870308-1486870308,0361534245405505016-1478164172-1478164172,Organic Search,0.058824,8.391176471,0,0
0361534245405505016,0361534245405505016-1486870308-1486870308,0361534245405505016-1481092857-1481092857,Organic Search,0.058824,8.391176471,0,0
0361534245405505016,0361534245405505016-1486870308-1486870308,0361534245405505016-1484533249-1484533249,Organic Search,0.058824,8.391176471,0,0
0361534245405505016,0361534245405505016-1486870308-1486870308,0361534245405505016-1486094023-1486094023,Organic Search,0.058824,8.391176471,0,0
0361534245405505016,0361534245405505016-1486870308-1486870308,0361534245405505016-1484638642-1484638642,Organic Search,0.058824,8.391176471,0,0
0361534245405505016,0361534245405505016-1486870308-1486870308,0361534245405505016-1486870308-1486870308,Organic Search,0.058824,8.391176471,1,142.65
0361534245405505016,0361534245405505016-1486870308-1486870308,0361534245405505016-1486001864-1486001864,Organic Search,0.058824,8.391176471,0,0
0361534245405505016,0361534245405505016-1486870308-1486870308,0361534245405505016-1486605272-1486605272,Organic Search,0.058824,8.391176471,0,0
0361534245405505016,0361534245405505016-1486870308-1486870308,0361534245405505016-1486720158-1486720158,Organic Search,0.058824,8.391176471,0,0
0361534245405505016,0361534245405505016-1486870308-1486870308,0361534245405505016-1485850696-1485850696,Organic Search,0.058824,8.391176471,0,0
5814980334876441459,5814980334876441459-1480392461-1480392461,5814980334876441459-1480392461-1480392461,Referral,0.333333,7.33,1,21.99
5814980334876441459,5814980334876441459-1480392461-1480392461,5814980334876441459-1480374843-1480374843,Direct,0.333333,7.33,0,0
5814980334876441459,5814980334876441459-1480392461-1480392461,5814980334876441459-1480375770-1480375770,Referral,0.333333,7.33,0,0
9078321444578002385,9078321444578002385-1490884365-1490884365,9078321444578002385-1482254779-1482254779,Referral,0.166667,16.93,0,0
9078321444578002385,9078321444578002385-1490884365-1490884365,9078321444578002385-1482270416-1482270416,Referral,0.166667,16.93,0,0
9078321444578002385,9078321444578002385-1490884365-1490884365,9078321444578002385-1486659611-1486659611,Referral,0.166667,16.93,0,0
9078321444578002385,9078321444578002385-1490884365-1490884365,9078321444578002385-1478620927-1478620927,Referral,0.166667,16.93,0,0
9078321444578002385,9078321444578002385-1490884365-1490884365,9078321444578002385-1490884365-1490884365,Organic Search,0.166667,16.93,1,101.58
9078321444578002385,9078321444578002385-1490884365-1490884365,9078321444578002385-1482259904-1482259904,Referral,0.166667,16.93,0,0
4123909121225276066,4123909121225276066-1487169213-1487169213,4123909121225276066-1485474493-1485474493,Referral,0.200000,52.092,0,0
4123909121225276066,4123909121225276066-1487169213-1487169213,4123909121225276066-1486568855-1486568855,Referral,0.200000,52.092,0,0
4123909121225276066,4123909121225276066-1487169213-1487169213,4123909121225276066-1487169213-1487169213,Organic Search,0.200000,52.092,1,260.46
4123909121225276066,4123909121225276066-1487169213-1487169213,4123909121225276066-1486573429-1486573429,Organic Search,0.200000,52.092,0,0
4123909121225276066,4123909121225276066-1487169213-1487169213,4123909121225276066-1486570389-1486570389,Organic Search,0.200000,52.092,0,0
0731600632766258810,0731600632766258810-1498080925-1498080925,0731600632766258810-1493319158-1493319158,Referral,0.333333,55.343333333,0,0
0731600632766258810,0731600632766258810-1498080925-1498080925,0731600632766258810-1498080925-1498080925,Paid Search,0.333333,55.343333333,1,166.03
0731600632766258810,0731600632766258810-1498080925-1498080925,0731600632766258810-1496946917-1496946917,Referral,0.333333,55.343333333,0,0
9102474086699884011,9102474086699884011-1500502054-1500502054,9102474086699884011-1498000980-1498000980,Organic Search,0.250000,2.05,0,0
9102474086699884011,9102474086699884011-1500502054-1500502054,9102474086699884011-1499991086-1499991086,Referral,0.250000,2.05,0,0
9102474086699884011,9102474086699884011-1500502054-1500502054,9102474086699884011-1498061842-1498061842,Organic Search,0.250000,2.05,0,0
9102474086699884011,9102474086699884011-1500502054-1500502054,9102474086699884011-1500502054-1500502054,Referral,0.250000,2.05,1,8.2
2559541037359538765,2559541037359538765-1478126871-1478126871,2559541037359538765-1478125881-1478125881,Organic Search,0.500000,48.495,0,0
2559541037359538765,2559541037359538765-1478126871-1478126871,2559541037359538765-1478126871-1478126871,Paid Search,0.500000,48.495,1,96.99
4221744879183024662,4221744879183024662-1472502913-1472502913,4221744879183024662-1472502324-1472502324,Organic Search,0.500000,4.51,0,0
4221744879183024662,4221744879183024662-1472502913-1472502913,4221744879183024662-1472502913-1472502913,Referral,0.500000,4.51,1,9.02
6734483584623295408,6734483584623295408-1494627268-1494627268,6734483584623295408-1493249473-1493249473,Organic Search,0.500000,9.695,0,0
6734483584623295408,6734483584623295408-1494627268-1494627268,6734483584623295408-1494627268-1494627268,Paid Search,0.500000,9.695,1,19.39
2518379317255532090,2518379317255532090-1494345188-1494345188,2518379317255532090-1493911029-1493911029,Organic Search,0.142857,4.397142857,0,0
2518379317255532090,2518379317255532090-1494345188-1494345188,2518379317255532090-1494001589-1494001589,Referral,0.142857,4.397142857,0,0
2518379317255532090,2518379317255532090-1494345188-1494345188,2518379317255532090-1493744689-1493744689,Organic Search,0.142857,4.397142857,0,0
2518379317255532090,2518379317255532090-1494345188-1494345188,2518379317255532090-1493569590-1493569590,Referral,0.142857,4.397142857,0,0
2518379317255532090,2518379317255532090-1494345188-1494345188,2518379317255532090-1494345188-1494345188,Referral,0.142857,4.397142857,1,30.78
2518379317255532090,2518379317255532090-1494345188-1494345188,2518379317255532090-1494007553-1494007553,Organic Search,0.142857,4.397142857,0,0
2518379317255532090,2518379317255532090-1494345188-1494345188,2518379317255532090-1494264415-1494264415,Referral,0.142857,4.397142857,0,0
2020115174591875878,2020115174591875878-1484322843-1484322843,2020115174591875878-1484257290-1484257290,Referral,0.111111,23.544444444,0,0
2020115174591875878,2020115174591875878-1484322843-1484322843,2020115174591875878-1470775482-1470775482,Referral,0.111111,23.544444444,0,0
2020115174591875878,2020115174591875878-1484322843-1484322843,2020115174591875878-1483653625-1483653625,Direct,0.111111,23.544444444,0,0
2020115174591875878,2020115174591875878-1484322843-1484322843,2020115174591875878-1470838125-1470838125,Referral,0.111111,23.544444444,0,0
2020115174591875878,2020115174591875878-1484322843-1484322843,2020115174591875878-1478113949-1478113949,Direct,0.111111,23.544444444,0,0
2020115174591875878,2020115174591875878-1484322843-1484322843,2020115174591875878-1472138770-1472138770,Referral,0.111111,23.544444444,0,0
2020115174591875878,2020115174591875878-1484322843-1484322843,2020115174591875878-1472153828-1472153828,Referral,0.111111,23.544444444,0,0
2020115174591875878,2020115174591875878-1484322843-1484322843,2020115174591875878-1484322843-1484322843,Referral,0.111111,23.544444444,1,211.9
2020115174591875878,2020115174591875878-1484322843-1484322843,2020115174591875878-1484250290-1484250290,Referral,0.111111,23.544444444,0,0
4739974666602376469,4739974666602376469-1480963908-1480963908,4739974666602376469-1471046441-1471046444,Direct,0.500000,24.485,0,0
4739974666602376469,4739974666602376469-1480963908-1480963908,4739974666602376469-1480963908-1480963908,Referral,0.500000,24.485,1,48.97
0159084910202112487,0159084910202112487-1483552413-1483552413,0159084910202112487-1483552413-1483552413,Referral,0.500000,11.185,1,22.37
0159084910202112487,0159084910202112487-1483552413-1483552413,0159084910202112487-1483552395-1483552395,Direct,0.500000,11.185,0,0
3348449424172649440,3348449424172649440-1481912381-1481912381,3348449424172649440-1478489283-1478489283,Referral,0.142857,4.825714286,0,0
3348449424172649440,3348449424172649440-1481912381-1481912381,3348449424172649440-1481912381-1481912381,Referral,0.142857,4.825714286,1,33.78
3348449424172649440,3348449424172649440-1481912381-1481912381,3348449424172649440-1478489261-1478489261,Organic Search,0.142857,4.825714286,0,0
3348449424172649440,3348449424172649440-1481912381-1481912381,3348449424172649440-1478626832-1478626832,Referral,0.142857,4.825714286,0,0
3348449424172649440,3348449424172649440-1481912381-1481912381,3348449424172649440-1480920282-1480920282,Referral,0.142857,4.825714286,0,0
3348449424172649440,3348449424172649440-1481912381-1481912381,3348449424172649440-1479792435-1479792435,Referral,0.142857,4.825714286,0,0
3348449424172649440,3348449424172649440-1481912381-1481912381,3348449424172649440-1479445823-1479445823,Referral,0.142857,4.825714286,0,0
7132015811944987714,7132015811944987714-1487094761-1487094761,7132015811944987714-1487006724-1487006724,Organic Search,0.500000,107.21,0,0
7132015811944987714,7132015811944987714-1487094761-1487094761,7132015811944987714-1487094761-1487094761,Display,0.500000,107.21,1,214.42
5034741422855713026,5034741422855713026-1476136670-1476136670,5034741422855713026-1476136542-1476136542,Organic Search,0.500000,7.795,0,0
5034741422855713026,5034741422855713026-1476136670-1476136670,5034741422855713026-1476136670-1476136670,Referral,0.500000,7.795,1,15.59
7773367694615408886,7773367694615408886-1480740474-1480740474,7773367694615408886-1479776880-1479776880,Paid Search,0.333333,11.993333333,0,0
7773367694615408886,7773367694615408886-1480740474-1480740474,7773367694615408886-1479776931-1479776931,Organic Search,0.333333,11.993333333,0,0
7773367694615408886,7773367694615408886-1480740474-1480740474,7773367694615408886-1480740474-1480740474,Organic Search,0.333333,11.993333333,1,35.98
9830505479421032237,9830505479421032237-1482192082-1482192082,9830505479421032237-1478789383-1478789383,Organic Search,0.500000,9.98,0,0
9830505479421032237,9830505479421032237-1482192082-1482192082,9830505479421032237-1482192082-1482192082,Paid Search,0.500000,9.98,1,19.96
1553504908601719051,1553504908601719051-1481652978-1481652978,1553504908601719051-1481299263-1481299263,Referral,0.250000,3.8675,0,0
1553504908601719051,1553504908601719051-1481652978-1481652978,1553504908601719051-1481293243-1481293243,Referral,0.250000,3.8675,0,0
1553504908601719051,1553504908601719051-1481652978-1481652978,1553504908601719051-1481292838-1481292838,Organic Search,0.250000,3.8675,0,0
1553504908601719051,1553504908601719051-1481652978-1481652978,1553504908601719051-1481652978-1481652978,Referral,0.250000,3.8675,1,15.47
7548511681521037018,7548511681521037018-1493670963-1493670963,7548511681521037018-1493239493-1493239493,Referral,0.100000,31.825,0,0
7548511681521037018,7548511681521037018-1493670963-1493670963,7548511681521037018-1493325969-1493325969,Organic Search,0.100000,31.825,0,0
7548511681521037018,7548511681521037018-1493670963-1493670963,7548511681521037018-1493411635-1493411635,Organic Search,0.100000,31.825,0,0
7548511681521037018,7548511681521037018-1493670963-1493670963,7548511681521037018-1493412466-1493412466,Referral,0.100000,31.825,0,0
7548511681521037018,7548511681521037018-1493670963-1493670963,7548511681521037018-1493227734-1493227734,Referral,0.100000,31.825,0,0
7548511681521037018,7548511681521037018-1493670963-1493670963,7548511681521037018-1493670963-1493670963,Referral,0.100000,31.825,1,318.25
7548511681521037018,7548511681521037018-1493670963-1493670963,7548511681521037018-1493663001-1493663001,Referral,0.100000,31.825,0,0
7548511681521037018,7548511681521037018-1493670963-1493670963,7548511681521037018-1493241579-1493241579,Referral,0.100000,31.825,0,0
7548511681521037018,7548511681521037018-1493670963-1493670963,7548511681521037018-1493661072-1493661072,Referral,0.100000,31.825,0,0
7548511681521037018,7548511681521037018-1493670963-1493670963,7548511681521037018-1493328734-1493328734,Referral,0.100000,31.825,0,0
7522022248849575139,7522022248849575139-1480706270-1480706270,7522022248849575139-1480706270-1480706270,Referral,0.500000,19.585,1,39.17
7522022248849575139,7522022248849575139-1480706270-1480706270,7522022248849575139-1480704611-1480704611,Direct,0.500000,19.585,0,0
6407020613319085956,6407020613319085956-1496636340-1496636340,6407020613319085956-1492837755-1492837755,Referral,0.333333,8.26,0,0
6407020613319085956,6407020613319085956-1496636340-1496636340,6407020613319085956-1496636340-1496636340,Organic Search,0.333333,8.26,1,24.78
6407020613319085956,6407020613319085956-1496636340-1496636340,6407020613319085956-1496636184-1496636184,Referral,0.333333,8.26,0,0
949851277313958084,949851277313958084-1489974967-1489974967,949851277313958084-1489188780-1489188780,Organic Search,0.333333,11.656666667,0,0
949851277313958084,949851277313958084-1489974967-1489974967,949851277313958084-1489974967-1489974967,Organic Search,0.333333,11.656666667,1,34.97
949851277313958084,949851277313958084-1489974967-1489974967,949851277313958084-1487541867-1487541867,Social,0.333333,11.656666667,0,0
4921988083628435819,4921988083628435819-1497385704-1497385704,4921988083628435819-1495046878-1495046878,Organic Search,0.250000,15.8975,0,0
4921988083628435819,4921988083628435819-1497385704-1497385704,4921988083628435819-1495046812-1495046812,Organic Search,0.250000,15.8975,0,0
4921988083628435819,4921988083628435819-1497385704-1497385704,4921988083628435819-1495046870-1495046870,Organic Search,0.250000,15.8975,0,0
4921988083628435819,4921988083628435819-1497385704-1497385704,4921988083628435819-1497385704-1497385704,Referral,0.250000,15.8975,1,63.59
2100286135111282949,2100286135111282949-1471376197-1471376197,2100286135111282949-1470695413-1470695413,Referral,0.250000,12.8625,0,0
2100286135111282949,2100286135111282949-1471376197-1471376197,2100286135111282949-1471376197-1471376197,Referral,0.250000,12.8625,1,51.45
2100286135111282949,2100286135111282949-1471376197-1471376197,2100286135111282949-1470667742-1470667742,Direct,0.250000,12.8625,0,0
2100286135111282949,2100286135111282949-1471376197-1471376197,2100286135111282949-1470667850-1470667850,Referral,0.250000,12.8625,0,0
9697396763466620407,9697396763466620407-1492314406-1492314406,9697396763466620407-1492314406-1492314406,Organic Search,0.500000,73.91,1,147.82
9697396763466620407,9697396763466620407-1492314406-1492314406,9697396763466620407-1477272722-1477272722,Paid Search,0.500000,73.91,0,0
0714601935287141843,0714601935287141843-1480457740-1480457740,0714601935287141843-1480457740-1480457740,Display,0.500000,116.46,1,232.92
0714601935287141843,0714601935287141843-1480457740-1480457740,0714601935287141843-1479252753-1479252753,Organic Search,0.500000,116.46,0,0
062337808774510362,062337808774510362-1475772766-1475772766,062337808774510362-1475693962-1475693962,Display,0.166667,83.671666667,0,0
062337808774510362,062337808774510362-1475772766-1475772766,062337808774510362-1475608519-1475608519,Display,0.166667,83.671666667,0,0
062337808774510362,062337808774510362-1475772766-1475772766,062337808774510362-1475686112-1475686112,Display,0.166667,83.671666667,0,0
062337808774510362,062337808774510362-1475772766-1475772766,062337808774510362-1475772766-1475772766,Paid Search,0.166667,83.671666667,1,502.03
062337808774510362,062337808774510362-1475772766-1475772766,062337808774510362-1475620498-1475620498,Display,0.166667,83.671666667,0,0
062337808774510362,062337808774510362-1475772766-1475772766,062337808774510362-1475603000-1475603000,Display,0.166667,83.671666667,0,0
2487472362348320358,2487472362348320358-1473266673-1473266673,2487472362348320358-1473266432-1473266432,Paid Search,1.000000,50.5,0,0
2487472362348320358,2487472362348320358-1473266673-1473266673,2487472362348320358-1473266673-1473266673,Organic Search,1.000000,50.5,2,101
8706577222412136430,8706577222412136430-1479913009-1479913009,8706577222412136430-1479910535-1479910535,Direct,0.500000,14.995,0,0
8706577222412136430,8706577222412136430-1479913009-1479913009,8706577222412136430-1479913009-1479913009,Organic Search,0.500000,14.995,1,29.99
6323342664060848949,6323342664060848949-1477363097-1477363097,6323342664060848949-1475991355-1475991355,Organic Search,0.500000,21.55,0,0
6323342664060848949,6323342664060848949-1477363097-1477363097,6323342664060848949-1477363097-1477363097,Referral,0.500000,21.55,1,43.1
4184351765093293485,4184351765093293485-1482170095-1482170095,4184351765093293485-1481821446-1481821446,Organic Search,0.500000,16.285,0,0
4184351765093293485,4184351765093293485-1482170095-1482170095,4184351765093293485-1482170095-1482170095,Referral,0.500000,16.285,1,32.57
3136743370771670654,3136743370771670654-1489776875-1489776875,3136743370771670654-1487269566-1487269566,Referral,0.250000,91.035,0,0
3136743370771670654,3136743370771670654-1489776875-1489776875,3136743370771670654-1487269435-1487269435,Paid Search,0.250000,91.035,0,0
3136743370771670654,3136743370771670654-1489776875-1489776875,3136743370771670654-1488401923-1488401923,Paid Search,0.250000,91.035,0,0
3136743370771670654,3136743370771670654-1489776875-1489776875,3136743370771670654-1489776875-1489776875,Paid Search,0.250000,91.035,1,364.14
1894617860778311526,1894617860778311526-1497318414-1497318414,1894617860778311526-1494435788-1494435788,Organic Search,0.250000,163.3075,0,0
1894617860778311526,1894617860778311526-1497318414-1497318414,1894617860778311526-1497318414-1497318414,Paid Search,0.250000,163.3075,1,653.23
1894617860778311526,1894617860778311526-1497318414-1497318414,1894617860778311526-1494473850-1494473850,Organic Search,0.250000,163.3075,0,0
1894617860778311526,1894617860778311526-1497318414-1497318414,1894617860778311526-1496204907-1496204907,Organic Search,0.250000,163.3075,0,0
6997260560132631354,6997260560132631354-1500910051-1500910051,6997260560132631354-1499367631-1499367631,Referral,0.083333,5.578333333,0,0
6997260560132631354,6997260560132631354-1500910051-1500910051,6997260560132631354-1496683702-1496683702,Referral,0.083333,5.578333333,0,0
6997260560132631354,6997260560132631354-1500910051-1500910051,6997260560132631354-1496680319-1496680319,Referral,0.083333,5.578333333,0,0
6997260560132631354,6997260560132631354-1500910051-1500910051,6997260560132631354-1500910051-1500910051,Referral,0.083333,5.578333333,1,66.94
6997260560132631354,6997260560132631354-1500910051-1500910051,6997260560132631354-1498068547-1498068547,Referral,0.083333,5.578333333,0,0
6997260560132631354,6997260560132631354-1500910051-1500910051,6997260560132631354-1500416217-1500416217,Referral,0.083333,5.578333333,0,0
6997260560132631354,6997260560132631354-1500910051-1500910051,6997260560132631354-1495491787-1495491787,Direct,0.083333,5.578333333,0,0
6997260560132631354,6997260560132631354-1500910051-1500910051,6997260560132631354-1499896296-1499896296,Referral,0.083333,5.578333333,0,0
6997260560132631354,6997260560132631354-1500910051-1500910051,6997260560132631354-1500408571-1500408571,Referral,0.083333,5.578333333,0,0
6997260560132631354,6997260560132631354-1500910051-1500910051,6997260560132631354-1499373070-1499373070,Referral,0.083333,5.578333333,0,0
6997260560132631354,6997260560132631354-1500910051-1500910051,6997260560132631354-1497891421-1497891421,Referral,0.083333,5.578333333,0,0
6997260560132631354,6997260560132631354-1500910051-1500910051,6997260560132631354-1500401025-1500401025,Referral,0.083333,5.578333333,0,0
8835738429285274387,8835738429285274387-1481685242-1481685242,8835738429285274387-1470623830-1470623830,Organic Search,0.125000,2.89875,0,0
8835738429285274387,8835738429285274387-1481685242-1481685242,8835738429285274387-1471571934-1471571934,Organic Search,0.125000,2.89875,0,0
8835738429285274387,8835738429285274387-1481685242-1481685242,8835738429285274387-1471569339-1471569339,Organic Search,0.125000,2.89875,0,0
8835738429285274387,8835738429285274387-1481685242-1481685242,8835738429285274387-1481256920-1481256920,Referral,0.125000,2.89875,0,0
8835738429285274387,8835738429285274387-1481685242-1481685242,8835738429285274387-1481685242-1481685242,Referral,0.125000,2.89875,1,23.19
8835738429285274387,8835738429285274387-1481685242-1481685242,8835738429285274387-1481418345-1481418345,Referral,0.125000,2.89875,0,0
8835738429285274387,8835738429285274387-1481685242-1481685242,8835738429285274387-1470421872-1470421872,Organic Search,0.125000,2.89875,0,0
8835738429285274387,8835738429285274387-1481685242-1481685242,8835738429285274387-1470407820-1470407820,Organic Search,0.125000,2.89875,0,0
4286676770640078553,4286676770640078553-1480722431-1480722431,4286676770640078553-1478897604-1478897604,Direct,0.250000,84.175,0,0
4286676770640078553,4286676770640078553-1480722431-1480722431,4286676770640078553-1480722431-1480722431,Organic Search,0.250000,84.175,1,336.7
4286676770640078553,4286676770640078553-1480722431-1480722431,4286676770640078553-1479146027-1479146027,Organic Search,0.250000,84.175,0,0
4286676770640078553,4286676770640078553-1480722431-1480722431,4286676770640078553-1478892351-1478892351,Direct,0.250000,84.175,0,0
1639589047263376521,1639589047263376521-1489479082-1489479082,1639589047263376521-1489478723-1489478723,Paid Search,0.142857,3.57,0,0
1639589047263376521,1639589047263376521-1489479082-1489479082,1639589047263376521-1488254842-1488254842,Referral,0.142857,3.57,0,0
1639589047263376521,1639589047263376521-1489479082-1489479082,1639589047263376521-1489479082-1489479082,Referral,0.142857,3.57,1,24.99
1639589047263376521,1639589047263376521-1489479082-1489479082,1639589047263376521-1489478767-1489478767,Paid Search,0.142857,3.57,0,0
1639589047263376521,1639589047263376521-1489479082-1489479082,1639589047263376521-1489478874-1489478874,Paid Search,0.142857,3.57,0,0
1639589047263376521,1639589047263376521-1489479082-1489479082,1639589047263376521-1487546586-1487546586,Referral,0.142857,3.57,0,0
1639589047263376521,1639589047263376521-1489479082-1489479082,1639589047263376521-1486862868-1486862868,Referral,0.142857,3.57,0,0
088945266147609238,088945266147609238-1487097851-1487097851,088945266147609238-1486409646-1486409646,Referral,0.250000,5.145,0,0
088945266147609238,088945266147609238-1487097851-1487097851,088945266147609238-1484779792-1484779792,Referral,0.250000,5.145,0,0
088945266147609238,088945266147609238-1487097851-1487097851,088945266147609238-1487097851-1487097851,Organic Search,0.250000,5.145,1,20.58
088945266147609238,088945266147609238-1487097851-1487097851,088945266147609238-1483477140-1483477140,Referral,0.250000,5.145,0,0
8883064592655631631,8883064592655631631-1480976194-1480976194,8883064592655631631-1480976194-1480976194,Organic Search,0.333333,15.93,1,47.79
8883064592655631631,8883064592655631631-1480976194-1480976194,8883064592655631631-1480975937-1480975937,Referral,0.333333,15.93,0,0
8883064592655631631,8883064592655631631-1480976194-1480976194,8883064592655631631-1480966560-1480966560,Referral,0.333333,15.93,0,0
081281456829886913,081281456829886913-1500761004-1500761004,081281456829886913-1500759352-1500759352,Referral,0.333333,27.236666667,0,0
081281456829886913,081281456829886913-1500761004-1500761004,081281456829886913-1500761004-1500761004,Organic Search,0.333333,27.236666667,1,81.71
081281456829886913,081281456829886913-1500761004-1500761004,081281456829886913-1498783715-1498783715,Referral,0.333333,27.236666667,0,0
3076174797058833907,3076174797058833907-1494877902-1494877902,3076174797058833907-1494877902-1494877902,Referral,0.100000,31.631,1,316.31
3076174797058833907,3076174797058833907-1494877902-1494877902,3076174797058833907-1494425213-1494425213,Organic Search,0.100000,31.631,0,0
3076174797058833907,3076174797058833907-1494877902-1494877902,3076174797058833907-1491922973-1491922973,Organic Search,0.100000,31.631,0,0
3076174797058833907,3076174797058833907-1494877902-1494877902,3076174797058833907-1494877028-1494877028,Organic Search,0.100000,31.631,0,0
3076174797058833907,3076174797058833907-1494877902-1494877902,3076174797058833907-1490024811-1490024811,Organic Search,0.100000,31.631,0,0
3076174797058833907,3076174797058833907-1494877902-1494877902,3076174797058833907-1487808105-1487808105,Organic Search,0.100000,31.631,0,0
3076174797058833907,3076174797058833907-1494877902-1494877902,3076174797058833907-1491928778-1491928778,Organic Search,0.100000,31.631,0,0
3076174797058833907,3076174797058833907-1494877902-1494877902,3076174797058833907-1493059933-1493059933,Organic Search,0.100000,31.631,0,0
3076174797058833907,3076174797058833907-1494877902-1494877902,3076174797058833907-1492101066-1492101066,Organic Search,0.100000,31.631,0,0
3076174797058833907,3076174797058833907-1494877902-1494877902,3076174797058833907-1487716193-1487716193,Organic Search,0.100000,31.631,0,0
8276434531874543884,8276434531874543884-1489600895-1489600895,8276434531874543884-1489600560-1489600560,Organic Search,0.500000,49.285,0,0
8276434531874543884,8276434531874543884-1489600895-1489600895,8276434531874543884-1489600895-1489600895,Referral,0.500000,49.285,1,98.57
537940071228449977,537940071228449977-1482219816-1482220828,537940071228449977-1482219816-1482220828,Referral,0.333333,41.313333333,1,123.94
537940071228449977,537940071228449977-1482219816-1482220828,537940071228449977-1482022547-1482022547,Referral,0.333333,41.313333333,0,0
537940071228449977,537940071228449977-1482219816-1482220828,537940071228449977-1482022972-1482022972,Organic Search,0.333333,41.313333333,0,0
0385969934087457197,0385969934087457197-1478559709-1478559709,0385969934087457197-1478537073-1478537073,Referral,0.333333,38.3,0,0
0385969934087457197,0385969934087457197-1478559709-1478559709,0385969934087457197-1478559709-1478559709,Referral,0.333333,38.3,1,114.9
0385969934087457197,0385969934087457197-1478559709-1478559709,0385969934087457197-1474649057-1474649057,Paid Search,0.333333,38.3,0,0
3135132394776964687,3135132394776964687-1490821359-1490821359,3135132394776964687-1487345914-1487345914,Direct,0.333333,11.126666667,0,0
3135132394776964687,3135132394776964687-1490821359-1490821359,3135132394776964687-1490808018-1490808018,Referral,0.333333,11.126666667,0,0
3135132394776964687,3135132394776964687-1490821359-1490821359,3135132394776964687-1490821359-1490821359,Referral,0.333333,11.126666667,1,33.38
1455159374538425132,1455159374538425132-1479948701-1479948701,1455159374538425132-1479415511-1479415511,Display,0.200000,11.998,0,0
1455159374538425132,1455159374538425132-1479948701-1479948701,1455159374538425132-1479412284-1479412284,Display,0.200000,11.998,0,0
1455159374538425132,1455159374538425132-1479948701-1479948701,1455159374538425132-1479948701-1479948701,Display,0.200000,11.998,1,59.99
1455159374538425132,1455159374538425132-1479948701-1479948701,1455159374538425132-1479182973-1479182973,Organic Search,0.200000,11.998,0,0
1455159374538425132,1455159374538425132-1479948701-1479948701,1455159374538425132-1479172242-1479172242,Organic Search,0.200000,11.998,0,0
3641847080616677863,3641847080616677863-1498945586-1498945586,3641847080616677863-1496958691-1496958691,Organic Search,0.062500,2.16125,0,0
3641847080616677863,3641847080616677863-1498945586-1498945586,3641847080616677863-1495666973-1495666973,Organic Search,0.062500,2.16125,0,0
3641847080616677863,3641847080616677863-1498945586-1498945586,3641847080616677863-1497497715-1497497715,Organic Search,0.062500,2.16125,0,0
3641847080616677863,3641847080616677863-1498945586-1498945586,3641847080616677863-1495683994-1495683994,Display,0.062500,2.16125,0,0
3641847080616677863,3641847080616677863-1498945586-1498945586,3641847080616677863-1497913796-1497913796,Organic Search,0.062500,2.16125,0,0
3641847080616677863,3641847080616677863-1498945586-1498945586,3641847080616677863-1498945586-1498945586,Organic Search,0.062500,2.16125,1,34.58
3641847080616677863,3641847080616677863-1498945586-1498945586,3641847080616677863-1496275744-1496275744,Organic Search,0.062500,2.16125,0,0
3641847080616677863,3641847080616677863-1498945586-1498945586,3641847080616677863-1495592941-1495592941,Direct,0.062500,2.16125,0,0
3641847080616677863,3641847080616677863-1498945586-1498945586,3641847080616677863-1497901631-1497901631,Organic Search,0.062500,2.16125,0,0
3641847080616677863,3641847080616677863-1498945586-1498945586,3641847080616677863-1497655316-1497655316,Organic Search,0.062500,2.16125,0,0
3641847080616677863,3641847080616677863-1498945586-1498945586,3641847080616677863-1495678588-1495678588,Display,0.062500,2.16125,0,0
3641847080616677863,3641847080616677863-1498945586-1498945586,3641847080616677863-1495661313-1495661313,Direct,0.062500,2.16125,0,0
3641847080616677863,3641847080616677863-1498945586-1498945586,3641847080616677863-1498010603-1498010603,Organic Search,0.062500,2.16125,0,0
3641847080616677863,3641847080616677863-1498945586-1498945586,3641847080616677863-1495664495-1495664495,Organic Search,0.062500,2.16125,0,0
3641847080616677863,3641847080616677863-1498945586-1498945586,3641847080616677863-1497662017-1497662017,Organic Search,0.062500,2.16125,0,0
3641847080616677863,3641847080616677863-1498945586-1498945586,3641847080616677863-1497559709-1497559709,Organic Search,0.062500,2.16125,0,0
5541410550636269362,5541410550636269362-1471636297-1471636297,5541410550636269362-1471559142-1471559142,Display,0.333333,15.623333333,0,0
5541410550636269362,5541410550636269362-1471636297-1471636297,5541410550636269362-1470959146-1470959146,Organic Search,0.333333,15.623333333,0,0
5541410550636269362,5541410550636269362-1471636297-1471636297,5541410550636269362-1471636297-1471636297,Organic Search,0.333333,15.623333333,1,46.87
6060508924396042346,6060508924396042346-1492094977-1492094977,6060508924396042346-1492093299-1492093299,Organic Search,0.500000,22.595,0,0
6060508924396042346,6060508924396042346-1492094977-1492094977,6060508924396042346-1492094977-1492094977,Social,0.500000,22.595,1,45.19
1978868515963084363,1978868515963084363-1481636511-1481636511,1978868515963084363-1481550849-1481550849,Referral,0.250000,15.7475,0,0
1978868515963084363,1978868515963084363-1481636511-1481636511,1978868515963084363-1481547866-1481547866,Referral,0.250000,15.7475,0,0
1978868515963084363,1978868515963084363-1481636511-1481636511,1978868515963084363-1471031449-1471031449,Direct,0.250000,15.7475,0,0
1978868515963084363,1978868515963084363-1481636511-1481636511,1978868515963084363-1481636511-1481636511,Referral,0.250000,15.7475,1,62.99
7138325410902068496,7138325410902068496-1479436703-1479436703,7138325410902068496-1478961932-1478961932,Direct,0.250000,4.8975,0,0
7138325410902068496,7138325410902068496-1479436703-1479436703,7138325410902068496-1479431651-1479431651,Referral,0.250000,4.8975,0,0
7138325410902068496,7138325410902068496-1479436703-1479436703,7138325410902068496-1479157264-1479157264,Direct,0.250000,4.8975,0,0
7138325410902068496,7138325410902068496-1479436703-1479436703,7138325410902068496-1479436703-1479436703,Referral,0.250000,4.8975,1,19.59
7032925674295119702,7032925674295119702-1492790662-1492790662,7032925674295119702-1490202363-1490202363,Direct,0.500000,31.28,0,0
7032925674295119702,7032925674295119702-1492790662-1492790662,7032925674295119702-1492790662-1492790662,Referral,0.500000,31.28,1,62.56
8429032125086378862,8429032125086378862-1470428338-1470428338,8429032125086378862-1470428338-1470428338,Organic Search,0.500000,260.225,1,520.45
8429032125086378862,8429032125086378862-1470428338-1470428338,8429032125086378862-1470419416-1470419416,Paid Search,0.500000,260.225,0,0
1814166460229302850,1814166460229302850-1491229504-1491229504,1814166460229302850-1491229504-1491229504,Paid Search,0.500000,599.02,1,1198.04
1814166460229302850,1814166460229302850-1491229504-1491229504,1814166460229302850-1488416159-1488416159,Direct,0.500000,599.02,0,0
2944524817492930577,2944524817492930577-1477954834-1477954834,2944524817492930577-1476597936-1476597936,Direct,0.500000,19.98,0,0
2944524817492930577,2944524817492930577-1477954834-1477954834,2944524817492930577-1477954834-1477954834,Organic Search,0.500000,19.98,1,39.96
7645423855844337919,7645423855844337919-1474571529-1474571529,7645423855844337919-1473434191-1473434191,Direct,0.333333,47.966666667,0,0
7645423855844337919,7645423855844337919-1474571529-1474571529,7645423855844337919-1474571529-1474571529,Organic Search,0.333333,47.966666667,1,143.9
7645423855844337919,7645423855844337919-1474571529-1474571529,7645423855844337919-1473783628-1473783628,Organic Search,0.333333,47.966666667,0,0
7183073463207684020,7183073463207684020-1480702737-1480702737,7183073463207684020-1480612914-1480612914,Direct,0.333333,22.66,0,0
7183073463207684020,7183073463207684020-1480702737-1480702737,7183073463207684020-1480702737-1480702737,Referral,0.333333,22.66,1,67.98
7183073463207684020,7183073463207684020-1480702737-1480702737,7183073463207684020-1480612936-1480612936,Referral,0.333333,22.66,0,0
6289648487532029978,6289648487532029978-1493843732-1493843732,6289648487532029978-1493843732-1493843732,Referral,0.500000,20.295,1,40.59
6289648487532029978,6289648487532029978-1493843732-1493843732,6289648487532029978-1493843633-1493843633,Direct,0.500000,20.295,0,0
4464961438459587947,4464961438459587947-1497613407-1497613407,4464961438459587947-1497613407-1497613407,Referral,0.500000,23.905,1,47.81
4464961438459587947,4464961438459587947-1497613407-1497613407,4464961438459587947-1497612780-1497612780,Organic Search,0.500000,23.905,0,0
6727676146823335338,6727676146823335338-1476460511-1476460511,6727676146823335338-1476460511-1476460511,Referral,0.500000,94.42,1,188.84
6727676146823335338,6727676146823335338-1476460511-1476460511,6727676146823335338-1476458152-1476458152,Paid Search,0.500000,94.42,0,0
6822760560564314761,6822760560564314761-1496337697-1496337697,6822760560564314761-1496337242-1496337242,Organic Search,0.500000,23.495,0,0
6822760560564314761,6822760560564314761-1496337697-1496337697,6822760560564314761-1496337697-1496337697,Referral,0.500000,23.495,1,46.99
5457966268582392647,5457966268582392647-1473377599-1473377599,5457966268582392647-1470788137-1470788137,Organic Search,0.200000,5.382,0,0
5457966268582392647,5457966268582392647-1473377599-1473377599,5457966268582392647-1473377599-1473377599,Referral,0.200000,5.382,1,26.91
5457966268582392647,5457966268582392647-1473377599-1473377599,5457966268582392647-1470090486-1470090486,Organic Search,0.200000,5.382,0,0
5457966268582392647,5457966268582392647-1473377599-1473377599,5457966268582392647-1473377400-1473377400,Organic Search,0.200000,5.382,0,0
5457966268582392647,5457966268582392647-1473377599-1473377599,5457966268582392647-1470847075-1470847075,Organic Search,0.200000,5.382,0,0
3235007945976260672,3235007945976260672-1480840122-1480840122,3235007945976260672-1480837923-1480838410,Organic Search,0.250000,24.2475,0,0
3235007945976260672,3235007945976260672-1480840122-1480840122,3235007945976260672-1480839900-1480839900,Referral,0.250000,24.2475,0,0
3235007945976260672,3235007945976260672-1480840122-1480840122,3235007945976260672-1480837923-1480837923,Organic Search,0.250000,24.2475,0,0
3235007945976260672,3235007945976260672-1480840122-1480840122,3235007945976260672-1480840122-1480840122,Referral,0.250000,24.2475,1,96.99
5623116547642226257,5623116547642226257-1487364940-1487364940,5623116547642226257-1487350399-1487350399,Referral,0.250000,9.5975,0,0
5623116547642226257,5623116547642226257-1487364940-1487364940,5623116547642226257-1487350242-1487350242,Referral,0.250000,9.5975,0,0
5623116547642226257,5623116547642226257-1487364940-1487364940,5623116547642226257-1487350261-1487350261,Organic Search,0.250000,9.5975,0,0
5623116547642226257,5623116547642226257-1487364940-1487364940,5623116547642226257-1487364940-1487364940,Referral,0.250000,9.5975,1,38.39
8590369633898567459,8590369633898567459-1490827929-1490827929,8590369633898567459-1490827864-1490827864,Direct,0.333333,28.883333333,0,0
8590369633898567459,8590369633898567459-1490827929-1490827929,8590369633898567459-1490335660-1490335660,Direct,0.333333,28.883333333,0,0
8590369633898567459,8590369633898567459-1490827929-1490827929,8590369633898567459-1490827929-1490827929,Referral,0.333333,28.883333333,1,86.65
6941556461186083517,6941556461186083517-1471914786-1471914786,6941556461186083517-1471302356-1471302360,Direct,0.250000,8.2775,0,0
6941556461186083517,6941556461186083517-1471914786-1471914786,6941556461186083517-1471910090-1471910090,Referral,0.250000,8.2775,0,0
6941556461186083517,6941556461186083517-1471914786-1471914786,6941556461186083517-1471912672-1471912672,Referral,0.250000,8.2775,0,0
6941556461186083517,6941556461186083517-1471914786-1471914786,6941556461186083517-1471914786-1471914786,Referral,0.250000,8.2775,1,33.11
6553890260973501420,6553890260973501420-1479176835-1479176835,6553890260973501420-1475698397-1475698397,Referral,0.125000,8.57,0,0
6553890260973501420,6553890260973501420-1479176835-1479176835,6553890260973501420-1470327748-1470327748,Direct,0.125000,8.57,0,0
6553890260973501420,6553890260973501420-1479176835-1479176835,6553890260973501420-1474311827-1474311827,Referral,0.125000,8.57,0,0
6553890260973501420,6553890260973501420-1479176835-1479176835,6553890260973501420-1470328165-1470328165,Organic Search,0.125000,8.57,0,0
6553890260973501420,6553890260973501420-1479176835-1479176835,6553890260973501420-1479176835-1479176835,Referral,0.125000,8.57,1,68.56
6553890260973501420,6553890260973501420-1479176835-1479176835,6553890260973501420-1471378275-1471378275,Referral,0.125000,8.57,0,0
6553890260973501420,6553890260973501420-1479176835-1479176835,6553890260973501420-1478755190-1478755190,Referral,0.125000,8.57,0,0
6553890260973501420,6553890260973501420-1479176835-1479176835,6553890260973501420-1470328666-1470328666,Referral,0.125000,8.57,0,0
8125338238269523095,8125338238269523095-1476371503-1476371503,8125338238269523095-1475710382-1475710382,Organic Search,0.142857,3.284285714,0,0
8125338238269523095,8125338238269523095-1476371503-1476371503,8125338238269523095-1476336745-1476336745,Organic Search,0.142857,3.284285714,0,0
8125338238269523095,8125338238269523095-1476371503-1476371503,8125338238269523095-1476279386-1476279386,Organic Search,0.142857,3.284285714,0,0
8125338238269523095,8125338238269523095-1476371503-1476371503,8125338238269523095-1474996485-1474996485,Organic Search,0.142857,3.284285714,0,0
8125338238269523095,8125338238269523095-1476371503-1476371503,8125338238269523095-1476371503-1476371503,Paid Search,0.142857,3.284285714,1,22.99
8125338238269523095,8125338238269523095-1476371503-1476371503,8125338238269523095-1476333112-1476333112,Organic Search,0.142857,3.284285714,0,0
8125338238269523095,8125338238269523095-1476371503-1476371503,8125338238269523095-1474945656-1474945656,Organic Search,0.142857,3.284285714,0,0
0703271650319125139,0703271650319125139-1492096366-1492096366,0703271650319125139-1474398478-1474398478,Organic Search,0.166667,5.603333333,0,0
0703271650319125139,0703271650319125139-1492096366-1492096366,0703271650319125139-1492024120-1492024120,Organic Search,0.166667,5.603333333,0,0
0703271650319125139,0703271650319125139-1492096366-1492096366,0703271650319125139-1484836249-1484836249,Referral,0.166667,5.603333333,0,0
0703271650319125139,0703271650319125139-1492096366-1492096366,0703271650319125139-1490640523-1490640523,Organic Search,0.166667,5.603333333,0,0
0703271650319125139,0703271650319125139-1492096366-1492096366,0703271650319125139-1480912296-1480912296,Referral,0.166667,5.603333333,0,0
0703271650319125139,0703271650319125139-1492096366-1492096366,0703271650319125139-1492096366-1492096366,Organic Search,0.166667,5.603333333,1,33.62
4928792811032177502,4928792811032177502-1490320163-1490320163,4928792811032177502-1487999911-1487999911,Organic Search,0.500000,39.58,0,0
4928792811032177502,4928792811032177502-1490320163-1490320163,4928792811032177502-1490320163-1490320163,Referral,0.500000,39.58,1,79.16
4263101733222626989,4263101733222626989-1486236129-1486236129,4263101733222626989-1481609893-1481609893,Direct,0.500000,22.285,0,0
4263101733222626989,4263101733222626989-1486236129-1486236129,4263101733222626989-1486236129-1486236129,Referral,0.500000,22.285,1,44.57
2868494413354804849,2868494413354804849-1471550870-1471550870,2868494413354804849-1470428706-1470428706,Paid Search,0.500000,12.33,0,0
2868494413354804849,2868494413354804849-1471550870-1471550870,2868494413354804849-1471550870-1471550870,Referral,0.500000,12.33,1,24.66
8501985399565493808,8501985399565493808-1487370058-1487370058,8501985399565493808-1487107781-1487107781,Direct,0.333333,34.59,0,0
8501985399565493808,8501985399565493808-1487370058-1487370058,8501985399565493808-1487168524-1487168524,Direct,0.333333,34.59,0,0
8501985399565493808,8501985399565493808-1487370058-1487370058,8501985399565493808-1487370058-1487370058,Paid Search,0.333333,34.59,1,103.77
8532055883431477965,8532055883431477965-1494772223-1494772223,8532055883431477965-1493735404-1493735404,Display,0.500000,14.595,0,0
8532055883431477965,8532055883431477965-1494772223-1494772223,8532055883431477965-1494772223-1494772223,Organic Search,0.500000,14.595,1,29.19
6304364152192410070,6304364152192410070-1492633411-1492633411,6304364152192410070-1492471294-1492471294,Direct,0.200000,7.204,0,0
6304364152192410070,6304364152192410070-1492633411-1492633411,6304364152192410070-1492479524-1492479524,Organic Search,0.200000,7.204,0,0
6304364152192410070,6304364152192410070-1492633411-1492633411,6304364152192410070-1492471912-1492471912,Referral,0.200000,7.204,0,0
6304364152192410070,6304364152192410070-1492633411-1492633411,6304364152192410070-1492633411-1492633411,Organic Search,0.200000,7.204,1,36.02
6304364152192410070,6304364152192410070-1492633411-1492633411,6304364152192410070-1492489191-1492489191,Organic Search,0.200000,7.204,0,0
4860834865862297118,4860834865862297118-1475108743-1475108743,4860834865862297118-1475037049-1475037049,Organic Search,0.500000,15.185,0,0
4860834865862297118,4860834865862297118-1475108743-1475108743,4860834865862297118-1475108743-1475108743,Referral,0.500000,15.185,1,30.37
9374906684711010516,9374906684711010516-1498761125-1498761125,9374906684711010516-1498761125-1498761125,Referral,0.500000,51.565,1,103.13
9374906684711010516,9374906684711010516-1498761125-1498761125,9374906684711010516-1497410838-1497410838,Direct,0.500000,51.565,0,0
4621936357749469927,4621936357749469927-1471388645-1471388645,4621936357749469927-1471387871-1471387871,Organic Search,0.500000,22.51,0,0
4621936357749469927,4621936357749469927-1471388645-1471388645,4621936357749469927-1471388645-1471388645,Referral,0.500000,22.51,1,45.02
0348759248625736228,0348759248625736228-1489966915-1489966915,0348759248625736228-1488946097-1488946097,Referral,0.058824,3.926470588,0,0
0348759248625736228,0348759248625736228-1489966915-1489966915,0348759248625736228-1484175718-1484175718,Direct,0.058824,3.926470588,0,0
0348759248625736228,0348759248625736228-1489966915-1489966915,0348759248625736228-1488996310-1488996310,Referral,0.058824,3.926470588,0,0
0348759248625736228,0348759248625736228-1489966915-1489966915,0348759248625736228-1487015118-1487015118,Referral,0.058824,3.926470588,0,0
0348759248625736228,0348759248625736228-1489966915-1489966915,0348759248625736228-1489775379-1489775379,Social,0.058824,3.926470588,0,0
0348759248625736228,0348759248625736228-1489966915-1489966915,0348759248625736228-1485907062-1485907062,Referral,0.058824,3.926470588,0,0
0348759248625736228,0348759248625736228-1489966915-1489966915,0348759248625736228-1485845114-1485845114,Referral,0.058824,3.926470588,0,0
0348759248625736228,0348759248625736228-1489966915-1489966915,0348759248625736228-1484350263-1484350263,Referral,0.058824,3.926470588,0,0
0348759248625736228,0348759248625736228-1489966915-1489966915,0348759248625736228-1485052674-1485052674,Referral,0.058824,3.926470588,0,0
0348759248625736228,0348759248625736228-1489966915-1489966915,0348759248625736228-1489966915-1489966915,Referral,0.058824,3.926470588,1,66.75
0348759248625736228,0348759248625736228-1489966915-1489966915,0348759248625736228-1485848082-1485848082,Referral,0.058824,3.926470588,0,0
0348759248625736228,0348759248625736228-1489966915-1489966915,0348759248625736228-1487738724-1487738724,Referral,0.058824,3.926470588,0,0
0348759248625736228,0348759248625736228-1489966915-1489966915,0348759248625736228-1485371612-1485371612,Referral,0.058824,3.926470588,0,0
0348759248625736228,0348759248625736228-1489966915-1489966915,0348759248625736228-1486060671-1486060671,Referral,0.058824,3.926470588,0,0
0348759248625736228,0348759248625736228-1489966915-1489966915,0348759248625736228-1484268110-1484268110,Referral,0.058824,3.926470588,0,0
0348759248625736228,0348759248625736228-1489966915-1489966915,0348759248625736228-1489774712-1489774712,Referral,0.058824,3.926470588,0,0
0348759248625736228,0348759248625736228-1489966915-1489966915,0348759248625736228-1489904519-1489904519,Referral,0.058824,3.926470588,0,0
9085834622128985589,9085834622128985589-1489627671-1489627671,9085834622128985589-1487693783-1487693783,Direct,0.500000,12.495,0,0
9085834622128985589,9085834622128985589-1489627671-1489627671,9085834622128985589-1489627671-1489627671,Referral,0.500000,12.495,1,24.99
1238921085129292496,1238921085129292496-1480215228-1480215228,1238921085129292496-1480215159-1480215159,Organic Search,0.500000,21.685,0,0
1238921085129292496,1238921085129292496-1480215228-1480215228,1238921085129292496-1480215228-1480215228,Referral,0.500000,21.685,1,43.37
3224127593419927949,3224127593419927949-1480387444-1480387444,3224127593419927949-1480386984-1480386984,Paid Search,0.500000,31.985,0,0
3224127593419927949,3224127593419927949-1480387444-1480387444,3224127593419927949-1480387444-1480387444,Referral,0.500000,31.985,1,63.97
6118933348572020566,6118933348572020566-1479309700-1479309700,6118933348572020566-1478027382-1478027382,Referral,0.500000,31.68,0,0
6118933348572020566,6118933348572020566-1479309700-1479309700,6118933348572020566-1479309700-1479309700,Organic Search,0.500000,31.68,1,63.36
1925633389522225305,1925633389522225305-1486490366-1486490366,1925633389522225305-1484079529-1484079529,Organic Search,0.500000,58.68,0,0
1925633389522225305,1925633389522225305-1486490366-1486490366,1925633389522225305-1486490366-1486490366,Referral,0.500000,58.68,1,117.36
1232482218170292968,1232482218170292968-1484102061-1484102061,1232482218170292968-1480727918-1480727918,Direct,0.333333,14.156666667,0,0
1232482218170292968,1232482218170292968-1484102061-1484102061,1232482218170292968-1480988022-1480988022,Direct,0.333333,14.156666667,0,0
1232482218170292968,1232482218170292968-1484102061-1484102061,1232482218170292968-1484102061-1484102061,Organic Search,0.333333,14.156666667,1,42.47
1997243885876089475,1997243885876089475-1490786999-1490786999,1997243885876089475-1480700185-1480700185,Organic Search,0.090909,26.521818182,0,0
1997243885876089475,1997243885876089475-1490786999-1490786999,1997243885876089475-1489599643-1489599643,Social,0.090909,26.521818182,0,0
1997243885876089475,1997243885876089475-1490786999-1490786999,1997243885876089475-1480938674-1480938674,Organic Search,0.090909,26.521818182,0,0
1997243885876089475,1997243885876089475-1490786999-1490786999,1997243885876089475-1486747728-1486747728,Paid Search,0.090909,26.521818182,0,0
1997243885876089475,1997243885876089475-1490786999-1490786999,1997243885876089475-1487705034-1487705034,Organic Search,0.090909,26.521818182,0,0
1997243885876089475,1997243885876089475-1490786999-1490786999,1997243885876089475-1490786999-1490786999,Organic Search,0.090909,26.521818182,1,291.74
1997243885876089475,1997243885876089475-1490786999-1490786999,1997243885876089475-1489599171-1489599171,Organic Search,0.090909,26.521818182,0,0
1997243885876089475,1997243885876089475-1490786999-1490786999,1997243885876089475-1488464221-1488464221,Organic Search,0.090909,26.521818182,0,0
1997243885876089475,1997243885876089475-1490786999-1490786999,1997243885876089475-1475254558-1475254558,Paid Search,0.090909,26.521818182,0,0
1997243885876089475,1997243885876089475-1490786999-1490786999,1997243885876089475-1486744851-1486744851,Paid Search,0.090909,26.521818182,0,0
1997243885876089475,1997243885876089475-1490786999-1490786999,1997243885876089475-1481826128-1481826128,Display,0.090909,26.521818182,0,0
4570976451995896965,4570976451995896965-1501175168-1501175168,4570976451995896965-1500905011-1500905011,Referral,0.333333,9.726666667,0,0
4570976451995896965,4570976451995896965-1501175168-1501175168,4570976451995896965-1500468369-1500468369,Direct,0.333333,9.726666667,0,0
4570976451995896965,4570976451995896965-1501175168-1501175168,4570976451995896965-1501175168-1501175168,Referral,0.333333,9.726666667,1,29.18
3182046558551540109,3182046558551540109-1474906523-1474906523,3182046558551540109-1472758999-1472758999,Organic Search,0.400000,24.596,0,0
3182046558551540109,3182046558551540109-1474906523-1474906523,3182046558551540109-1471380939-1471380939,Direct,0.400000,24.596,0,0
3182046558551540109,3182046558551540109-1474906523-1474906523,3182046558551540109-1471101159-1471101159,Direct,0.400000,24.596,0,0
3182046558551540109,3182046558551540109-1474906523-1474906523,3182046558551540109-1474411269-1474411269,Referral,0.400000,24.596,0,0
3182046558551540109,3182046558551540109-1474906523-1474906523,3182046558551540109-1474906523-1474906523,Referral,0.400000,24.596,2,122.98
7323947562520019941,7323947562520019941-1487184036-1487184047,7323947562520019941-1481550937-1481550937,Display,0.090909,2.542727273,0,0
7323947562520019941,7323947562520019941-1487184036-1487184047,7323947562520019941-1482269558-1482269558,Display,0.090909,2.542727273,0,0
7323947562520019941,7323947562520019941-1487184036-1487184047,7323947562520019941-1484333817-1484333817,Display,0.090909,2.542727273,0,0
7323947562520019941,7323947562520019941-1487184036-1487184047,7323947562520019941-1487184036-1487184047,Organic Search,0.090909,2.542727273,1,27.97
7323947562520019941,7323947562520019941-1487184036-1487184047,7323947562520019941-1484834416-1484834416,Display,0.090909,2.542727273,0,0
7323947562520019941,7323947562520019941-1487184036-1487184047,7323947562520019941-1485985884-1485985884,Display,0.090909,2.542727273,0,0
7323947562520019941,7323947562520019941-1487184036-1487184047,7323947562520019941-1484061191-1484061191,Display,0.090909,2.542727273,0,0
7323947562520019941,7323947562520019941-1487184036-1487184047,7323947562520019941-1480950250-1480950250,Direct,0.090909,2.542727273,0,0
7323947562520019941,7323947562520019941-1487184036-1487184047,7323947562520019941-1486674317-1486674317,Organic Search,0.090909,2.542727273,0,0
7323947562520019941,7323947562520019941-1487184036-1487184047,7323947562520019941-1485801691-1485801691,Display,0.090909,2.542727273,0,0
7323947562520019941,7323947562520019941-1487184036-1487184047,7323947562520019941-1481301346-1481301346,Display,0.090909,2.542727273,0,0
6579892662403001804,6579892662403001804-1482176342-1482176342,6579892662403001804-1478816733-1478816733,Organic Search,0.066667,5.332,0,0
6579892662403001804,6579892662403001804-1482176342-1482176342,6579892662403001804-1470593387-1470593387,Organic Search,0.066667,5.332,0,0
6579892662403001804,6579892662403001804-1482176342-1482176342,6579892662403001804-1475703163-1475703163,Organic Search,0.066667,5.332,0,0
6579892662403001804,6579892662403001804-1482176342-1482176342,6579892662403001804-1473552830-1473552830,Organic Search,0.066667,5.332,0,0
6579892662403001804,6579892662403001804-1482176342-1482176342,6579892662403001804-1476645634-1476645634,Organic Search,0.066667,5.332,0,0
6579892662403001804,6579892662403001804-1482176342-1482176342,6579892662403001804-1480886821-1480886821,Social,0.066667,5.332,0,0
6579892662403001804,6579892662403001804-1482176342-1482176342,6579892662403001804-1478818439-1478818439,Social,0.066667,5.332,0,0
6579892662403001804,6579892662403001804-1482176342-1482176342,6579892662403001804-1476611251-1476611251,Organic Search,0.066667,5.332,0,0
6579892662403001804,6579892662403001804-1482176342-1482176342,6579892662403001804-1476063282-1476063282,Organic Search,0.066667,5.332,0,0
6579892662403001804,6579892662403001804-1482176342-1482176342,6579892662403001804-1475439432-1475439432,Organic Search,0.066667,5.332,0,0
6579892662403001804,6579892662403001804-1482176342-1482176342,6579892662403001804-1474009816-1474009816,Organic Search,0.066667,5.332,0,0
6579892662403001804,6579892662403001804-1482176342-1482176342,6579892662403001804-1476682177-1476682177,Organic Search,0.066667,5.332,0,0
6579892662403001804,6579892662403001804-1482176342-1482176342,6579892662403001804-1470698645-1470698645,Organic Search,0.066667,5.332,0,0
6579892662403001804,6579892662403001804-1482176342-1482176342,6579892662403001804-1482176342-1482176342,Social,0.066667,5.332,1,79.98
6579892662403001804,6579892662403001804-1482176342-1482176342,6579892662403001804-1472376444-1472376444,Organic Search,0.066667,5.332,0,0
3702504149982325265,3702504149982325265-1500960026-1500960026,3702504149982325265-1500493862-1500493862,Organic Search,0.100000,6.819,0,0
3702504149982325265,3702504149982325265-1500960026-1500960026,3702504149982325265-1497549572-1497549572,Organic Search,0.100000,6.819,0,0
3702504149982325265,3702504149982325265-1500960026-1500960026,3702504149982325265-1500960026-1500960026,Organic Search,0.100000,6.819,1,68.19
3702504149982325265,3702504149982325265-1500960026-1500960026,3702504149982325265-1500576604-1500576604,Organic Search,0.100000,6.819,0,0
3702504149982325265,3702504149982325265-1500960026-1500960026,3702504149982325265-1500488628-1500488628,Organic Search,0.100000,6.819,0,0
3702504149982325265,3702504149982325265-1500960026-1500960026,3702504149982325265-1500959043-1500959043,Organic Search,0.100000,6.819,0,0
3702504149982325265,3702504149982325265-1500960026-1500960026,3702504149982325265-1500937613-1500937613,Organic Search,0.100000,6.819,0,0
3702504149982325265,3702504149982325265-1500960026-1500960026,3702504149982325265-1499380365-1499380365,Organic Search,0.100000,6.819,0,0
3702504149982325265,3702504149982325265-1500960026-1500960026,3702504149982325265-1500506708-1500506708,Organic Search,0.100000,6.819,0,0
3702504149982325265,3702504149982325265-1500960026-1500960026,3702504149982325265-1500959537-1500959537,Referral,0.100000,6.819,0,0
5703962423814396269,5703962423814396269-1481144283-1481144283,5703962423814396269-1475605317-1475605317,Referral,0.125000,5.81125,0,0
5703962423814396269,5703962423814396269-1481144283-1481144283,5703962423814396269-1479159140-1479159140,Referral,0.125000,5.81125,0,0
5703962423814396269,5703962423814396269-1481144283-1481144283,5703962423814396269-1476476886-1476476886,Display,0.125000,5.81125,0,0
5703962423814396269,5703962423814396269-1481144283-1481144283,5703962423814396269-1475702470-1475702470,Referral,0.125000,5.81125,0,0
5703962423814396269,5703962423814396269-1481144283-1481144283,5703962423814396269-1481130085-1481130085,Referral,0.125000,5.81125,0,0
5703962423814396269,5703962423814396269-1481144283-1481144283,5703962423814396269-1479413926-1479413926,Referral,0.125000,5.81125,0,0
5703962423814396269,5703962423814396269-1481144283-1481144283,5703962423814396269-1481134950-1481134950,Referral,0.125000,5.81125,0,0
5703962423814396269,5703962423814396269-1481144283-1481144283,5703962423814396269-1481144283-1481144283,Referral,0.125000,5.81125,1,46.49
2338178303528914061,2338178303528914061-1489677182-1489677182,2338178303528914061-1482808992-1482808992,Direct,0.250000,5.0475,0,0
2338178303528914061,2338178303528914061-1489677182-1489677182,2338178303528914061-1482422897-1482422897,Direct,0.250000,5.0475,0,0
2338178303528914061,2338178303528914061-1489677182-1489677182,2338178303528914061-1489677182-1489677182,Organic Search,0.250000,5.0475,1,20.19
2338178303528914061,2338178303528914061-1489677182-1489677182,2338178303528914061-1482854840-1482854840,Direct,0.250000,5.0475,0,0
5341995419456035142,5341995419456035142-1496844139-1496844139,5341995419456035142-1495373566-1495373566,Paid Search,0.166667,26.993333333,0,0
5341995419456035142,5341995419456035142-1496844139-1496844139,5341995419456035142-1495341759-1495341759,Paid Search,0.166667,26.993333333,0,0
5341995419456035142,5341995419456035142-1496844139-1496844139,5341995419456035142-1495340816-1495340816,Organic Search,0.166667,26.993333333,0,0
5341995419456035142,5341995419456035142-1496844139-1496844139,5341995419456035142-1496843837-1496843837,Display,0.166667,26.993333333,0,0
5341995419456035142,5341995419456035142-1496844139-1496844139,5341995419456035142-1495341316-1495341316,Paid Search,0.166667,26.993333333,0,0
5341995419456035142,5341995419456035142-1496844139-1496844139,5341995419456035142-1496844139-1496844139,Display,0.166667,26.993333333,1,161.96
0352394936298937026,0352394936298937026-1494117230-1494117230,0352394936298937026-1491755309-1491755309,Organic Search,0.166667,4.663333333,0,0
0352394936298937026,0352394936298937026-1494117230-1494117230,0352394936298937026-1494117230-1494117230,Organic Search,0.166667,4.663333333,1,27.98
0352394936298937026,0352394936298937026-1494117230-1494117230,0352394936298937026-1490308651-1490308651,Organic Search,0.166667,4.663333333,0,0
0352394936298937026,0352394936298937026-1494117230-1494117230,0352394936298937026-1494109751-1494109751,Organic Search,0.166667,4.663333333,0,0
0352394936298937026,0352394936298937026-1494117230-1494117230,0352394936298937026-1490314269-1490314269,Organic Search,0.166667,4.663333333,0,0
0352394936298937026,0352394936298937026-1494117230-1494117230,0352394936298937026-1494115514-1494115514,Display,0.166667,4.663333333,0,0
784029865132552069,784029865132552069-1477055137-1477055137,784029865132552069-1476134459-1476134459,Direct,0.333333,11.33,0,0
784029865132552069,784029865132552069-1477055137-1477055137,784029865132552069-1477055137-1477055137,Referral,0.333333,11.33,1,33.99
784029865132552069,784029865132552069-1477055137-1477055137,784029865132552069-1473957541-1473957541,Direct,0.333333,11.33,0,0
48315652365779540,48315652365779540-1489970007-1489970007,48315652365779540-1481171368-1481171373,Direct,0.333333,20.663333333,0,0
48315652365779540,48315652365779540-1489970007-1489970007,48315652365779540-1483561285-1483561285,Referral,0.333333,20.663333333,0,0
48315652365779540,48315652365779540-1489970007-1489970007,48315652365779540-1489970007-1489970007,Referral,0.333333,20.663333333,1,61.99
9595877689889623969,9595877689889623969-1494298366-1494298366,9595877689889623969-1487276708-1487276708,Referral,0.125000,4.82375,0,0
9595877689889623969,9595877689889623969-1494298366-1494298366,9595877689889623969-1487282434-1487282434,Referral,0.125000,4.82375,0,0
9595877689889623969,9595877689889623969-1494298366-1494298366,9595877689889623969-1484963401-1484963401,Referral,0.125000,4.82375,0,0
9595877689889623969,9595877689889623969-1494298366-1494298366,9595877689889623969-1476046829-1476046829,Paid Search,0.125000,4.82375,0,0
9595877689889623969,9595877689889623969-1494298366-1494298366,9595877689889623969-1494298366-1494298366,Social,0.125000,4.82375,1,38.59
9595877689889623969,9595877689889623969-1494298366-1494298366,9595877689889623969-1487623828-1487623828,Social,0.125000,4.82375,0,0
9595877689889623969,9595877689889623969-1494298366-1494298366,9595877689889623969-1487265206-1487265206,Referral,0.125000,4.82375,0,0
9595877689889623969,9595877689889623969-1494298366-1494298366,9595877689889623969-1493765478-1493765478,Social,0.125000,4.82375,0,0
9946129061582785641,9946129061582785641-1480736875-1480736875,9946129061582785641-1480359318-1480359318,Paid Search,0.250000,98.56,0,0
9946129061582785641,9946129061582785641-1480736875-1480736875,9946129061582785641-1480736869-1480736869,Paid Search,0.250000,98.56,0,0
9946129061582785641,9946129061582785641-1480736875-1480736875,9946129061582785641-1474654097-1474654097,Paid Search,0.250000,98.56,0,0
9946129061582785641,9946129061582785641-1480736875-1480736875,9946129061582785641-1480736875-1480736875,Organic Search,0.250000,98.56,1,394.24
7496147812697146114,7496147812697146114-1481592907-1481592907,7496147812697146114-1481325168-1481325168,Direct,0.500000,3501.75,0,0
7496147812697146114,7496147812697146114-1481592907-1481592907,7496147812697146114-1481592907-1481592907,Referral,0.500000,3501.75,1,7003.5
0053544367470918772,0053544367470918772-1481059277-1481059277,0053544367470918772-1480710309-1480710309,Organic Search,0.500000,364.19,0,0
0053544367470918772,0053544367470918772-1481059277-1481059277,0053544367470918772-1481059277-1481059277,Display,0.500000,364.19,1,728.38
2434821222031951612,2434821222031951612-1483141522-1483141522,2434821222031951612-1483141456-1483141456,Organic Search,0.333333,12.32,0,0
2434821222031951612,2434821222031951612-1483141522-1483141522,2434821222031951612-1483141051-1483141051,Referral,0.333333,12.32,0,0
2434821222031951612,2434821222031951612-1483141522-1483141522,2434821222031951612-1483141522-1483141522,Referral,0.333333,12.32,1,36.96
9377429831454005466,9377429831454005466-1472515058-1472515058,9377429831454005466-1472515058-1472515058,Organic Search,0.500000,117.1,1,234.2
9377429831454005466,9377429831454005466-1472515058-1472515058,9377429831454005466-1472508498-1472508498,Referral,0.500000,117.1,0,0
5818907015155531907,5818907015155531907-1485363477-1485363477,5818907015155531907-1485363477-1485363477,Referral,0.333333,28.6,1,85.8
5818907015155531907,5818907015155531907-1485363477-1485363477,5818907015155531907-1485209285-1485209285,Direct,0.333333,28.6,0,0
5818907015155531907,5818907015155531907-1485363477-1485363477,5818907015155531907-1485209460-1485209460,Referral,0.333333,28.6,0,0
4647847058075406841,4647847058075406841-1497386554-1497386554,4647847058075406841-1496774993-1496774993,Direct,0.250000,12.295,0,0
4647847058075406841,4647847058075406841-1497386554-1497386554,4647847058075406841-1496955334-1496955334,Referral,0.250000,12.295,0,0
4647847058075406841,4647847058075406841-1497386554-1497386554,4647847058075406841-1497386554-1497386554,Referral,0.250000,12.295,1,49.18
4647847058075406841,4647847058075406841-1497386554-1497386554,4647847058075406841-1496964351-1496964351,Referral,0.250000,12.295,0,0
8190690604112443321,8190690604112443321-1479138209-1479138209,8190690604112443321-1478535205-1478535205,Direct,0.500000,18.095,0,0
8190690604112443321,8190690604112443321-1479138209-1479138209,8190690604112443321-1479138209-1479138209,Referral,0.500000,18.095,1,36.19
4624790961997446284,4624790961997446284-1494707570-1494707570,4624790961997446284-1480560883-1480560883,Referral,0.166667,10.683333333,0,0
4624790961997446284,4624790961997446284-1494707570-1494707570,4624790961997446284-1489806387-1489806387,Organic Search,0.166667,10.683333333,0,0
4624790961997446284,4624790961997446284-1494707570-1494707570,4624790961997446284-1475885389-1475885389,Organic Search,0.166667,10.683333333,0,0
4624790961997446284,4624790961997446284-1494707570-1494707570,4624790961997446284-1494707570-1494707570,Paid Search,0.166667,10.683333333,1,64.1
4624790961997446284,4624790961997446284-1494707570-1494707570,4624790961997446284-1475546736-1475546736,Organic Search,0.166667,10.683333333,0,0
4624790961997446284,4624790961997446284-1494707570-1494707570,4624790961997446284-1481758483-1481758483,Paid Search,0.166667,10.683333333,0,0
0744210830143973631,0744210830143973631-1498714507-1498714507,0744210830143973631-1498714507-1498714507,Paid Search,0.500000,11.51,1,23.02
0744210830143973631,0744210830143973631-1498714507-1498714507,0744210830143973631-1498695267-1498695267,Referral,0.500000,11.51,0,0
438887787668714744,438887787668714744-1471891957-1471891957,438887787668714744-1471891957-1471891957,Referral,0.500000,25.215,1,50.43
438887787668714744,438887787668714744-1471891957-1471891957,438887787668714744-1471891936-1471891936,Organic Search,0.500000,25.215,0,0
8718443071348965186,8718443071348965186-1500317651-1500317651,8718443071348965186-1500316721-1500316721,Referral,0.500000,31.085,0,0
8718443071348965186,8718443071348965186-1500317651-1500317651,8718443071348965186-1500317651-1500317651,Organic Search,0.500000,31.085,1,62.17
3506253985459951484,3506253985459951484-1493843208-1493843208,3506253985459951484-1493740043-1493740043,Direct,0.333333,14.33,0,0
3506253985459951484,3506253985459951484-1493843208-1493843208,3506253985459951484-1493740058-1493740058,Referral,0.333333,14.33,0,0
3506253985459951484,3506253985459951484-1493843208-1493843208,3506253985459951484-1493843208-1493843208,Referral,0.333333,14.33,1,42.99
6543165313492728193,6543165313492728193-1472174406-1472174406,6543165313492728193-1472174379-1472174379,Display,0.500000,47.55,0,0
6543165313492728193,6543165313492728193-1472174406-1472174406,6543165313492728193-1472174406-1472174406,Referral,0.500000,47.55,1,95.1
7347925447338164715,7347925447338164715-1497056131-1497056131,7347925447338164715-1497055732-1497055732,Organic Search,0.125000,7.08875,0,0
7347925447338164715,7347925447338164715-1497056131-1497056131,7347925447338164715-1496266046-1496266046,Referral,0.125000,7.08875,0,0
7347925447338164715,7347925447338164715-1497056131-1497056131,7347925447338164715-1492800304-1492800304,Referral,0.125000,7.08875,0,0
7347925447338164715,7347925447338164715-1497056131-1497056131,7347925447338164715-1496270574-1496270574,Referral,0.125000,7.08875,0,0
7347925447338164715,7347925447338164715-1497056131-1497056131,7347925447338164715-1493411285-1493411285,Referral,0.125000,7.08875,0,0
7347925447338164715,7347925447338164715-1497056131-1497056131,7347925447338164715-1497054244-1497054244,Referral,0.125000,7.08875,0,0
7347925447338164715,7347925447338164715-1497056131-1497056131,7347925447338164715-1497056131-1497056131,Referral,0.125000,7.08875,1,56.71
7347925447338164715,7347925447338164715-1497056131-1497056131,7347925447338164715-1490969672-1490969672,Referral,0.125000,7.08875,0,0
0188308435688462855,0188308435688462855-1501651868-1501651868,0188308435688462855-1500093965-1500093965,Referral,0.142857,4.97,0,0
0188308435688462855,0188308435688462855-1501651868-1501651868,0188308435688462855-1497031520-1497031520,Direct,0.142857,4.97,0,0
0188308435688462855,0188308435688462855-1501651868-1501651868,0188308435688462855-1501651868-1501651868,Referral,0.142857,4.97,1,34.79
0188308435688462855,0188308435688462855-1501651868-1501651868,0188308435688462855-1498800601-1498800601,Referral,0.142857,4.97,0,0
0188308435688462855,0188308435688462855-1501651868-1501651868,0188308435688462855-1500674276-1500674276,Referral,0.142857,4.97,0,0
0188308435688462855,0188308435688462855-1501651868-1501651868,0188308435688462855-1500608580-1500608580,Referral,0.142857,4.97,0,0
0188308435688462855,0188308435688462855-1501651868-1501651868,0188308435688462855-1500843458-1500843458,Referral,0.142857,4.97,0,0
3530859499206479968,3530859499206479968-1481564761-1481564761,3530859499206479968-1480820988-1480820988,Display,0.333333,22.986666667,0,0
3530859499206479968,3530859499206479968-1481564761-1481564761,3530859499206479968-1481564761-1481564761,Display,0.333333,22.986666667,1,68.96
3530859499206479968,3530859499206479968-1481564761-1481564761,3530859499206479968-1479691109-1479691109,Organic Search,0.333333,22.986666667,0,0
6752243770204635267,6752243770204635267-1497913525-1497913525,6752243770204635267-1497913525-1497913525,Referral,0.333333,17.65,1,52.95
6752243770204635267,6752243770204635267-1497913525-1497913525,6752243770204635267-1497912867-1497912867,Organic Search,0.333333,17.65,0,0
6752243770204635267,6752243770204635267-1497913525-1497913525,6752243770204635267-1497912961-1497912961,Affiliates,0.333333,17.65,0,0
3724344539154169107,3724344539154169107-1491608976-1491608976,3724344539154169107-1490825460-1490825460,Referral,0.111111,10.04,0,0
3724344539154169107,3724344539154169107-1491608976-1491608976,3724344539154169107-1491250786-1491250786,Referral,0.111111,10.04,0,0
3724344539154169107,3724344539154169107-1491608976-1491608976,3724344539154169107-1491399762-1491399762,Referral,0.111111,10.04,0,0
3724344539154169107,3724344539154169107-1491608976-1491608976,3724344539154169107-1491603389-1491603389,Referral,0.111111,10.04,0,0
3724344539154169107,3724344539154169107-1491608976-1491608976,3724344539154169107-1491427768-1491427768,Referral,0.111111,10.04,0,0
3724344539154169107,3724344539154169107-1491608976-1491608976,3724344539154169107-1491608976-1491608976,Referral,0.111111,10.04,1,90.36
3724344539154169107,3724344539154169107-1491608976-1491608976,3724344539154169107-1490717807-1490717807,Direct,0.111111,10.04,0,0
3724344539154169107,3724344539154169107-1491608976-1491608976,3724344539154169107-1490754029-1490754029,Direct,0.111111,10.04,0,0
3724344539154169107,3724344539154169107-1491608976-1491608976,3724344539154169107-1490754067-1490754067,Referral,0.111111,10.04,0,0
1930841378800737827,1930841378800737827-1475292572-1475292572,1930841378800737827-1475292572-1475292572,Paid Search,0.200000,15.794,1,78.97
1930841378800737827,1930841378800737827-1475292572-1475292572,1930841378800737827-1475180251-1475180251,Organic Search,0.200000,15.794,0,0
1930841378800737827,1930841378800737827-1475292572-1475292572,1930841378800737827-1475176319-1475176319,Organic Search,0.200000,15.794,0,0
1930841378800737827,1930841378800737827-1475292572-1475292572,1930841378800737827-1475266747-1475266747,Organic Search,0.200000,15.794,0,0
1930841378800737827,1930841378800737827-1475292572-1475292572,1930841378800737827-1475195623-1475195623,Organic Search,0.200000,15.794,0,0
9031724260430223922,9031724260430223922-1492537580-1492537580,9031724260430223922-1492537580-1492537580,Referral,0.500000,56.195,1,112.39
9031724260430223922,9031724260430223922-1492537580-1492537580,9031724260430223922-1491605116-1491605116,Direct,0.500000,56.195,0,0
042744959300558986,042744959300558986-1493152659-1493152659,042744959300558986-1492459250-1492459250,Referral,0.166667,4.963333333,0,0
042744959300558986,042744959300558986-1493152659-1493152659,042744959300558986-1492456387-1492456387,Referral,0.166667,4.963333333,0,0
042744959300558986,042744959300558986-1493152659-1493152659,042744959300558986-1491406270-1491406270,Direct,0.166667,4.963333333,0,0
042744959300558986,042744959300558986-1493152659-1493152659,042744959300558986-1492713001-1492713001,Referral,0.166667,4.963333333,0,0
042744959300558986,042744959300558986-1493152659-1493152659,042744959300558986-1493152659-1493152659,Referral,0.166667,4.963333333,1,29.78
042744959300558986,042744959300558986-1493152659-1493152659,042744959300558986-1492436821-1492436821,Referral,0.166667,4.963333333,0,0
3394557957149163238,3394557957149163238-1487101544-1487101544,3394557957149163238-1486508775-1486508775,Organic Search,0.500000,21.925,0,0
3394557957149163238,3394557957149163238-1487101544-1487101544,3394557957149163238-1487101544-1487101544,Paid Search,0.500000,21.925,1,43.85
6807510968686400169,6807510968686400169-1473788026-1473788026,6807510968686400169-1473784478-1473784481,Direct,0.500000,20.245,0,0
6807510968686400169,6807510968686400169-1473788026-1473788026,6807510968686400169-1473788026-1473788026,Organic Search,0.500000,20.245,1,40.49
7908892250153476680,7908892250153476680-1487725303-1487725303,7908892250153476680-1487371970-1487371970,Referral,0.250000,6.6475,0,0
7908892250153476680,7908892250153476680-1487725303-1487725303,7908892250153476680-1487376560-1487376560,Referral,0.250000,6.6475,0,0
7908892250153476680,7908892250153476680-1487725303-1487725303,7908892250153476680-1487112114-1487112114,Direct,0.250000,6.6475,0,0
7908892250153476680,7908892250153476680-1487725303-1487725303,7908892250153476680-1487725303-1487725303,Paid Search,0.250000,6.6475,1,26.59
683463694449296647,683463694449296647-1493432171-1493432171,683463694449296647-1477180404-1477180404,Organic Search,0.500000,15.495,0,0
683463694449296647,683463694449296647-1493432171-1493432171,683463694449296647-1493432171-1493432171,Direct,0.500000,15.495,1,30.99
2416762481769496280,2416762481769496280-1473453463-1473453463,2416762481769496280-1473383623-1473383623,Paid Search,0.500000,18.77,0,0
2416762481769496280,2416762481769496280-1473453463-1473453463,2416762481769496280-1473453463-1473453463,Organic Search,0.500000,18.77,1,37.54
560045648140089234,560045648140089234-1491941446-1491941446,560045648140089234-1491850044-1491850044,Organic Search,0.200000,12.678,0,0
560045648140089234,560045648140089234-1491941446-1491941446,560045648140089234-1491930590-1491930590,Organic Search,0.200000,12.678,0,0
560045648140089234,560045648140089234-1491941446-1491941446,560045648140089234-1488836359-1488836359,Referral,0.200000,12.678,0,0
560045648140089234,560045648140089234-1491941446-1491941446,560045648140089234-1491941446-1491941446,Referral,0.200000,12.678,1,63.39
560045648140089234,560045648140089234-1491941446-1491941446,560045648140089234-1491940465-1491940465,Organic Search,0.200000,12.678,0,0
0352372860744696733,0352372860744696733-1488645220-1488645220,0352372860744696733-1488645220-1488645220,Paid Search,0.500000,29.935,1,59.87
0352372860744696733,0352372860744696733-1488645220-1488645220,0352372860744696733-1487435647-1487435647,Direct,0.500000,29.935,0,0
7884773385633780909,7884773385633780909-1472058105-1472058105,7884773385633780909-1472058105-1472058105,Organic Search,0.500000,49.845,1,99.69
7884773385633780909,7884773385633780909-1472058105-1472058105,7884773385633780909-1472058100-1472058100,Display,0.500000,49.845,0,0
0134543573456503980,0134543573456503980-1478727098-1478727098,0134543573456503980-1478727098-1478727098,Organic Search,0.500000,18.78,1,37.56
0134543573456503980,0134543573456503980-1478727098-1478727098,0134543573456503980-1478209537-1478209537,Display,0.500000,18.78,0,0
7499829957338497070,7499829957338497070-1498338515-1498338515,7499829957338497070-1498156335-1498156335,Organic Search,0.333333,12.803333333,0,0
7499829957338497070,7499829957338497070-1498338515-1498338515,7499829957338497070-1498153164-1498153164,Organic Search,0.333333,12.803333333,0,0
7499829957338497070,7499829957338497070-1498338515-1498338515,7499829957338497070-1498338515-1498338515,Paid Search,0.333333,12.803333333,1,38.41
4439256652059416237,4439256652059416237-1480971284-1480971284,4439256652059416237-1480971284-1480971284,Referral,0.500000,11.995,1,23.99
4439256652059416237,4439256652059416237-1480971284-1480971284,4439256652059416237-1480971086-1480971086,Organic Search,0.500000,11.995,0,0
2512335805046114445,2512335805046114445-1486016015-1486016015,2512335805046114445-1486016015-1486016015,Referral,0.500000,50.44,1,100.88
2512335805046114445,2512335805046114445-1486016015-1486016015,2512335805046114445-1486011195-1486011195,Organic Search,0.500000,50.44,0,0
341723817943217505,341723817943217505-1491877819-1491877819,341723817943217505-1491877819-1491877819,Referral,0.500000,12.295,1,24.59
341723817943217505,341723817943217505-1491877819-1491877819,341723817943217505-1491875139-1491875139,Direct,0.500000,12.295,0,0
9127648314670892401,9127648314670892401-1479406249-1479406249,9127648314670892401-1478804923-1478804923,Direct,0.200000,24.2,0,0
9127648314670892401,9127648314670892401-1479406249-1479406249,9127648314670892401-1479406249-1479406249,Referral,0.200000,24.2,1,121
9127648314670892401,9127648314670892401-1479406249-1479406249,9127648314670892401-1479236385-1479236385,Referral,0.200000,24.2,0,0
9127648314670892401,9127648314670892401-1479406249-1479406249,9127648314670892401-1479165090-1479165090,Referral,0.200000,24.2,0,0
9127648314670892401,9127648314670892401-1479406249-1479406249,9127648314670892401-1479229359-1479229359,Referral,0.200000,24.2,0,0
4133979497741500741,4133979497741500741-1475524792-1475524792,4133979497741500741-1475524792-1475524792,Referral,0.500000,21.59,1,43.18
4133979497741500741,4133979497741500741-1475524792-1475524792,4133979497741500741-1473460787-1473460787,Direct,0.500000,21.59,0,0
0640040708763897460,0640040708763897460-1500672436-1500672436,0640040708763897460-1500658921-1500658921,Display,0.250000,9.69,0,0
0640040708763897460,0640040708763897460-1500672436-1500672436,0640040708763897460-1500435895-1500435895,Organic Search,0.250000,9.69,0,0
0640040708763897460,0640040708763897460-1500672436-1500672436,0640040708763897460-1500672436-1500672436,Display,0.250000,9.69,1,38.76
0640040708763897460,0640040708763897460-1500672436-1500672436,0640040708763897460-1500666342-1500666342,Display,0.250000,9.69,0,0
1054368481850016599,1054368481850016599-1493311993-1493311993,1054368481850016599-1492798609-1492798609,Organic Search,0.333333,10.726666667,0,0
1054368481850016599,1054368481850016599-1493311993-1493311993,1054368481850016599-1493311993-1493311993,Paid Search,0.333333,10.726666667,1,32.18
1054368481850016599,1054368481850016599-1493311993-1493311993,1054368481850016599-1493238148-1493238148,Paid Search,0.333333,10.726666667,0,0
5692598567107013181,5692598567107013181-1495810268-1495810268,5692598567107013181-1494341606-1494341606,Direct,0.500000,43.5,0,0
5692598567107013181,5692598567107013181-1495810268-1495810268,5692598567107013181-1495810268-1495810268,Organic Search,0.500000,43.5,1,87
4246596103361426339,4246596103361426339-1481822889-1481822889,4246596103361426339-1481822165-1481822165,Paid Search,0.500000,18.97,0,0
4246596103361426339,4246596103361426339-1481822889-1481822889,4246596103361426339-1481822889-1481822889,Referral,0.500000,18.97,1,37.94
3339969886638037862,3339969886638037862-1472657539-1472657539,3339969886638037862-1470333190-1470333190,Organic Search,0.666667,36.12,0,0
3339969886638037862,3339969886638037862-1472657539-1472657539,3339969886638037862-1472657539-1472657539,Display,0.666667,36.12,2,108.36
3339969886638037862,3339969886638037862-1472657539-1472657539,3339969886638037862-1472653550-1472653550,Display,0.666667,36.12,0,0
7561014297963838461,7561014297963838461-1488660176-1488660176,7561014297963838461-1488328487-1488328487,Direct,0.333333,23.158333333,0,0
7561014297963838461,7561014297963838461-1488660176-1488660176,7561014297963838461-1488249971-1488249971,Direct,0.333333,23.158333333,0,0
7561014297963838461,7561014297963838461-1488660176-1488660176,7561014297963838461-1488601717-1488601717,Direct,0.333333,23.158333333,0,0
7561014297963838461,7561014297963838461-1488660176-1488660176,7561014297963838461-1488588625-1488588625,Direct,0.333333,23.158333333,0,0
7561014297963838461,7561014297963838461-1488660176-1488660176,7561014297963838461-1488594719-1488594719,Direct,0.333333,23.158333333,0,0
7561014297963838461,7561014297963838461-1488660176-1488660176,7561014297963838461-1488660176-1488660176,Organic Search,0.333333,23.158333333,2,138.95
2838394030048546223,2838394030048546223-1485283949-1485283949,2838394030048546223-1485283949-1485283949,Paid Search,0.500000,101.45,1,202.9
2838394030048546223,2838394030048546223-1485283949-1485283949,2838394030048546223-1484153831-1484153831,Display,0.500000,101.45,0,0
7843562488071473206,7843562488071473206-1485878506-1485878506,7843562488071473206-1485878506-1485878506,Referral,0.500000,58.9,1,117.8
7843562488071473206,7843562488071473206-1485878506-1485878506,7843562488071473206-1485878382-1485878382,Direct,0.500000,58.9,0,0
4611888827983385850,4611888827983385850-1485649633-1485649633,4611888827983385850-1485649163-1485649163,Direct,0.500000,9.995,0,0
4611888827983385850,4611888827983385850-1485649633-1485649633,4611888827983385850-1485649633-1485649633,Referral,0.500000,9.995,1,19.99
5535005184327242090,5535005184327242090-1481634145-1481634145,5535005184327242090-1481634145-1481634145,Organic Search,0.500000,21.485,1,42.97
5535005184327242090,5535005184327242090-1481634145-1481634145,5535005184327242090-1481550812-1481550812,Paid Search,0.500000,21.485,0,0
9583683554162057560,9583683554162057560-1499535262-1499535262,9583683554162057560-1499279171-1499279171,Affiliates,0.333333,6.996666667,0,0
9583683554162057560,9583683554162057560-1499535262-1499535262,9583683554162057560-1499535262-1499535262,Organic Search,0.333333,6.996666667,1,20.99
9583683554162057560,9583683554162057560-1499535262-1499535262,9583683554162057560-1499532487-1499532487,Organic Search,0.333333,6.996666667,0,0
7958734805769918855,7958734805769918855-1480956647-1480956647,7958734805769918855-1480956647-1480956647,Referral,0.250000,6.75,1,27
7958734805769918855,7958734805769918855-1480956647-1480956647,7958734805769918855-1480377621-1480377621,Referral,0.250000,6.75,0,0
7958734805769918855,7958734805769918855-1480956647-1480956647,7958734805769918855-1480956586-1480956586,Display,0.250000,6.75,0,0
7958734805769918855,7958734805769918855-1480956647-1480956647,7958734805769918855-1472760595-1472760599,Direct,0.250000,6.75,0,0
4613028274025406966,4613028274025406966-1493669344-1493669344,4613028274025406966-1493669344-1493669344,Referral,0.500000,33.495,1,66.99
4613028274025406966,4613028274025406966-1493669344-1493669344,4613028274025406966-1476799108-1476799108,Direct,0.500000,33.495,0,0
7804796494256061450,7804796494256061450-1484025649-1484025649,7804796494256061450-1484025649-1484025649,Display,0.333333,9.15,1,27.45
7804796494256061450,7804796494256061450-1484025649-1484025649,7804796494256061450-1484023314-1484023314,Display,0.333333,9.15,0,0
7804796494256061450,7804796494256061450-1484025649-1484025649,7804796494256061450-1482270690-1482270690,Organic Search,0.333333,9.15,0,0
2616726267850019328,2616726267850019328-1491432535-1491432535,2616726267850019328-1473202117-1473202117,Direct,0.333333,37.106666667,0,0
2616726267850019328,2616726267850019328-1491432535-1491432535,2616726267850019328-1489439752-1489439752,Organic Search,0.333333,37.106666667,0,0
2616726267850019328,2616726267850019328-1491432535-1491432535,2616726267850019328-1491432535-1491432535,Referral,0.333333,37.106666667,1,111.32
5028300438174569492,5028300438174569492-1487879671-1487879671,5028300438174569492-1487879115-1487879115,Organic Search,0.200000,9.674,0,0
5028300438174569492,5028300438174569492-1487879671-1487879671,5028300438174569492-1487879671-1487879671,Referral,0.200000,9.674,1,48.37
5028300438174569492,5028300438174569492-1487879671-1487879671,5028300438174569492-1474309626-1474309626,Organic Search,0.200000,9.674,0,0
5028300438174569492,5028300438174569492-1487879671-1487879671,5028300438174569492-1477464372-1477464372,Direct,0.200000,9.674,0,0
5028300438174569492,5028300438174569492-1487879671-1487879671,5028300438174569492-1487737860-1487737860,Organic Search,0.200000,9.674,0,0
916418463050257488,916418463050257488-1480803951-1480803951,916418463050257488-1480803656-1480803656,Organic Search,0.333333,21.33,0,0
916418463050257488,916418463050257488-1480803951-1480803951,916418463050257488-1480788728-1480788728,Organic Search,0.333333,21.33,0,0
916418463050257488,916418463050257488-1480803951-1480803951,916418463050257488-1480803951-1480803951,Referral,0.333333,21.33,1,63.99
2446685875964479851,2446685875964479851-1488212442-1488212442,2446685875964479851-1480525864-1480525864,Organic Search,0.500000,345.2,0,0
2446685875964479851,2446685875964479851-1488212442-1488212442,2446685875964479851-1488212442-1488212442,Paid Search,0.500000,345.2,1,690.4
1178415213642758789,1178415213642758789-1481848643-1481848643,1178415213642758789-1481848593-1481848593,Referral,0.500000,24.495,0,0
1178415213642758789,1178415213642758789-1481848643-1481848643,1178415213642758789-1481848643-1481848643,Organic Search,0.500000,24.495,1,48.99
5366601655480145417,5366601655480145417-1478543563-1478543563,5366601655480145417-1476241593-1476241593,Referral,0.166667,40.116666667,0,0
5366601655480145417,5366601655480145417-1478543563-1478543563,5366601655480145417-1476232765-1476232765,Referral,0.166667,40.116666667,0,0
5366601655480145417,5366601655480145417-1478543563-1478543563,5366601655480145417-1477592560-1477592560,Referral,0.166667,40.116666667,0,0
5366601655480145417,5366601655480145417-1478543563-1478543563,5366601655480145417-1478543563-1478543563,Referral,0.166667,40.116666667,1,240.7
5366601655480145417,5366601655480145417-1478543563-1478543563,5366601655480145417-1473987153-1473987153,Organic Search,0.166667,40.116666667,0,0
5366601655480145417,5366601655480145417-1478543563-1478543563,5366601655480145417-1478537324-1478537324,Referral,0.166667,40.116666667,0,0
813435824692883942,813435824692883942-1484342015-1484342015,813435824692883942-1484342015-1484342015,Referral,0.500000,5.275,1,10.55
813435824692883942,813435824692883942-1484342015-1484342015,813435824692883942-1482347943-1482347943,Organic Search,0.500000,5.275,0,0
5082310728519609149,5082310728519609149-1484363272-1484363272,5082310728519609149-1481990014-1481990014,Direct,0.166667,5.91,0,0
5082310728519609149,5082310728519609149-1484363272-1484363272,5082310728519609149-1481980601-1481980601,Direct,0.166667,5.91,0,0
5082310728519609149,5082310728519609149-1484363272-1484363272,5082310728519609149-1483992985-1483992985,Display,0.166667,5.91,0,0
5082310728519609149,5082310728519609149-1484363272-1484363272,5082310728519609149-1483824035-1483824035,Paid Search,0.166667,5.91,0,0
5082310728519609149,5082310728519609149-1484363272-1484363272,5082310728519609149-1484363272-1484363272,Display,0.166667,5.91,1,35.46
5082310728519609149,5082310728519609149-1484363272-1484363272,5082310728519609149-1483934829-1483934829,Display,0.166667,5.91,0,0
4216847323898828897,4216847323898828897-1473804865-1473804865,4216847323898828897-1473802600-1473802600,Referral,0.333333,84.3,0,0
4216847323898828897,4216847323898828897-1473804865-1473804865,4216847323898828897-1473802537-1473802537,Direct,0.333333,84.3,0,0
4216847323898828897,4216847323898828897-1473804865-1473804865,4216847323898828897-1473804865-1473804865,Referral,0.333333,84.3,1,252.9
0482588777140962763,0482588777140962763-1491923195-1491923195,0482588777140962763-1491923195-1491923195,Organic Search,0.500000,27,1,54
0482588777140962763,0482588777140962763-1491923195-1491923195,0482588777140962763-1491922695-1491922695,Direct,0.500000,27,0,0
0866685156179538803,0866685156179538803-1493475999-1493475999,0866685156179538803-1488173402-1488173402,Direct,0.250000,9.1475,0,0
0866685156179538803,0866685156179538803-1493475999-1493475999,0866685156179538803-1486480032-1486480032,Direct,0.250000,9.1475,0,0
0866685156179538803,0866685156179538803-1493475999-1493475999,0866685156179538803-1493475999-1493475999,Referral,0.250000,9.1475,1,36.59
0866685156179538803,0866685156179538803-1493475999-1493475999,0866685156179538803-1487867153-1487867153,Direct,0.250000,9.1475,0,0
8008641986881155629,8008641986881155629-1487357370-1487357370,8008641986881155629-1479532673-1479532673,Organic Search,0.142857,7.398571429,0,0
8008641986881155629,8008641986881155629-1487357370-1487357370,8008641986881155629-1484800622-1484800622,Referral,0.142857,7.398571429,0,0
8008641986881155629,8008641986881155629-1487357370-1487357370,8008641986881155629-1487357370-1487357370,Referral,0.142857,7.398571429,1,51.79
8008641986881155629,8008641986881155629-1487357370-1487357370,8008641986881155629-1487310883-1487310883,Referral,0.142857,7.398571429,0,0
8008641986881155629,8008641986881155629-1487357370-1487357370,8008641986881155629-1483750846-1483750846,Referral,0.142857,7.398571429,0,0
8008641986881155629,8008641986881155629-1487357370-1487357370,8008641986881155629-1484179603-1484179603,Referral,0.142857,7.398571429,0,0
8008641986881155629,8008641986881155629-1487357370-1487357370,8008641986881155629-1486667949-1486667949,Referral,0.142857,7.398571429,0,0
1957458976293878100,1957458976293878100-1490380560-1490380560,1957458976293878100-1487797381-1487797381,Direct,0.017544,152.295263158,0,0
1957458976293878100,1957458976293878100-1490380560-1490380560,1957458976293878100-1489164579-1489164579,Direct,0.017544,152.295263158,0,0
1957458976293878100,1957458976293878100-1490380560-1490380560,1957458976293878100-1489176837-1489176837,Display,0.017544,152.295263158,0,0
1957458976293878100,1957458976293878100-1490380560-1490380560,1957458976293878100-1487885552-1487885552,Direct,0.017544,152.295263158,0,0
1957458976293878100,1957458976293878100-1490380560-1490380560,1957458976293878100-1489066701-1489066701,Direct,0.017544,152.295263158,0,0
1957458976293878100,1957458976293878100-1490380560-1490380560,1957458976293878100-1489092366-1489092366,Direct,0.017544,152.295263158,0,0
1957458976293878100,1957458976293878100-1490380560-1490380560,1957458976293878100-1487350210-1487350210,Direct,0.017544,152.295263158,0,0
1957458976293878100,1957458976293878100-1490380560-1490380560,1957458976293878100-1489609971-1489609971,Display,0.017544,152.295263158,0,0
1957458976293878100,1957458976293878100-1490380560-1490380560,1957458976293878100-1489694973-1489694973,Display,0.017544,152.295263158,0,0
1957458976293878100,1957458976293878100-1490380560-1490380560,1957458976293878100-1488812228-1488812228,Direct,0.017544,152.295263158,0,0
1957458976293878100,1957458976293878100-1490380560-1490380560,1957458976293878100-1488809767-1488809767,Direct,0.017544,152.295263158,0,0
1957458976293878100,1957458976293878100-1490380560-1490380560,1957458976293878100-1489755995-1489755995,Display,0.017544,152.295263158,0,0
1957458976293878100,1957458976293878100-1490380560-1490380560,1957458976293878100-1487857291-1487857291,Direct,0.017544,152.295263158,0,0
1957458976293878100,1957458976293878100-1490380560-1490380560,1957458976293878100-1488316041-1488316041,Direct,0.017544,152.295263158,0,0
1957458976293878100,1957458976293878100-1490380560-1490380560,1957458976293878100-1488288318-1488288318,Direct,0.017544,152.295263158,0,0
1957458976293878100,1957458976293878100-1490380560-1490380560,1957458976293878100-1489071694-1489071694,Direct,0.017544,152.295263158,0,0
1957458976293878100,1957458976293878100-1490380560-1490380560,1957458976293878100-1489089354-1489089354,Direct,0.017544,152.295263158,0,0
1957458976293878100,1957458976293878100-1490380560-1490380560,1957458976293878100-1487276943-1487276943,Direct,0.017544,152.295263158,0,0
1957458976293878100,1957458976293878100-1490380560-1490380560,1957458976293878100-1487950640-1487950640,Direct,0.017544,152.295263158,0,0
1957458976293878100,1957458976293878100-1490380560-1490380560,1957458976293878100-1487102351-1487102351,Direct,0.017544,152.295263158,0,0
1957458976293878100,1957458976293878100-1490380560-1490380560,1957458976293878100-1488741069-1488741069,Direct,0.017544,152.295263158,0,0
1957458976293878100,1957458976293878100-1490380560-1490380560,1957458976293878100-1490373732-1490373732,Display,0.017544,152.295263158,0,0
1957458976293878100,1957458976293878100-1490380560-1490380560,1957458976293878100-1488979581-1488979581,Direct,0.017544,152.295263158,0,0
1957458976293878100,1957458976293878100-1490380560-1490380560,1957458976293878100-1489069404-1489069404,Direct,0.017544,152.295263158,0,0
1957458976293878100,1957458976293878100-1490380560-1490380560,1957458976293878100-1487340088-1487340088,Direct,0.017544,152.295263158,0,0
1957458976293878100,1957458976293878100-1490380560-1490380560,1957458976293878100-1489082904-1489082904,Direct,0.017544,152.295263158,0,0
1957458976293878100,1957458976293878100-1490380560-1490380560,1957458976293878100-1487952775-1487952775,Direct,0.017544,152.295263158,0,0
1957458976293878100,1957458976293878100-1490380560-1490380560,1957458976293878100-1489683527-1489683527,Display,0.017544,152.295263158,0,0
1957458976293878100,1957458976293878100-1490380560-1490380560,1957458976293878100-1488806073-1488806073,Direct,0.017544,152.295263158,0,0
1957458976293878100,1957458976293878100-1490380560-1490380560,1957458976293878100-1488600416-1488600416,Direct,0.017544,152.295263158,0,0
1957458976293878100,1957458976293878100-1490380560-1490380560,1957458976293878100-1489001170-1489001170,Direct,0.017544,152.295263158,0,0
1957458976293878100,1957458976293878100-1490380560-1490380560,1957458976293878100-1488401644-1488401644,Direct,0.017544,152.295263158,0,0
1957458976293878100,1957458976293878100-1490380560-1490380560,1957458976293878100-1489508405-1489508405,Display,0.017544,152.295263158,0,0
1957458976293878100,1957458976293878100-1490380560-1490380560,1957458976293878100-1488388630-1488388630,Direct,0.017544,152.295263158,0,0
1957458976293878100,1957458976293878100-1490380560-1490380560,1957458976293878100-1487773909-1487773909,Direct,0.017544,152.295263158,0,0
1957458976293878100,1957458976293878100-1490380560-1490380560,1957458976293878100-1489085260-1489085260,Direct,0.017544,152.295263158,0,0
1957458976293878100,1957458976293878100-1490380560-1490380560,1957458976293878100-1488559290-1488559290,Direct,0.017544,152.295263158,0,0
1957458976293878100,1957458976293878100-1490380560-1490380560,1957458976293878100-1490368999-1490368999,Display,0.017544,152.295263158,0,0
1957458976293878100,1957458976293878100-1490380560-1490380560,1957458976293878100-1490380560-1490380560,Display,0.017544,152.295263158,1,8680.83
1957458976293878100,1957458976293878100-1490380560-1490380560,1957458976293878100-1487867055-1487867055,Direct,0.017544,152.295263158,0,0
1957458976293878100,1957458976293878100-1490380560-1490380560,1957458976293878100-1488562272-1488562272,Direct,0.017544,152.295263158,0,0
1957458976293878100,1957458976293878100-1490380560-1490380560,1957458976293878100-1488459290-1488459290,Direct,0.017544,152.295263158,0,0
1957458976293878100,1957458976293878100-1490380560-1490380560,1957458976293878100-1487782681-1487782681,Direct,0.017544,152.295263158,0,0
1957458976293878100,1957458976293878100-1490380560-1490380560,1957458976293878100-1487871529-1487871529,Direct,0.017544,152.295263158,0,0
1957458976293878100,1957458976293878100-1490380560-1490380560,1957458976293878100-1489517282-1489517282,Display,0.017544,152.295263158,0,0
1957458976293878100,1957458976293878100-1490380560-1490380560,1957458976293878100-1488565756-1488565756,Direct,0.017544,152.295263158,0,0
1957458976293878100,1957458976293878100-1490380560-1490380560,1957458976293878100-1487358749-1487358749,Direct,0.017544,152.295263158,0,0
1957458976293878100,1957458976293878100-1490380560-1490380560,1957458976293878100-1489161768-1489161768,Direct,0.017544,152.295263158,0,0
1957458976293878100,1957458976293878100-1490380560-1490380560,1957458976293878100-1488913780-1488913780,Direct,0.017544,152.295263158,0,0
1957458976293878100,1957458976293878100-1490380560-1490380560,1957458976293878100-1490211855-1490211855,Display,0.017544,152.295263158,0,0
1957458976293878100,1957458976293878100-1490380560-1490380560,1957458976293878100-1490192724-1490192724,Display,0.017544,152.295263158,0,0
1957458976293878100,1957458976293878100-1490380560-1490380560,1957458976293878100-1488910293-1488910293,Direct,0.017544,152.295263158,0,0
1957458976293878100,1957458976293878100-1490380560-1490380560,1957458976293878100-1488405086-1488405086,Direct,0.017544,152.295263158,0,0
1957458976293878100,1957458976293878100-1490380560-1490380560,1957458976293878100-1488817781-1488817781,Direct,0.017544,152.295263158,0,0
1957458976293878100,1957458976293878100-1490380560-1490380560,1957458976293878100-1488567836-1488567836,Direct,0.017544,152.295263158,0,0
1957458976293878100,1957458976293878100-1490380560-1490380560,1957458976293878100-1488982739-1488982739,Direct,0.017544,152.295263158,0,0
1957458976293878100,1957458976293878100-1490380560-1490380560,1957458976293878100-1487097028-1487097028,Direct,0.017544,152.295263158,0,0
7060354578698145518,7060354578698145518-1472529951-1472529951,7060354578698145518-1471039854-1471039854,Direct,0.200000,7.498,0,0
7060354578698145518,7060354578698145518-1472529951-1472529951,7060354578698145518-1472529951-1472529951,Organic Search,0.200000,7.498,1,37.49
7060354578698145518,7060354578698145518-1472529951-1472529951,7060354578698145518-1471036973-1471036973,Direct,0.200000,7.498,0,0
7060354578698145518,7060354578698145518-1472529951-1472529951,7060354578698145518-1471296312-1471296312,Direct,0.200000,7.498,0,0
7060354578698145518,7060354578698145518-1472529951-1472529951,7060354578698145518-1472509364-1472509364,Organic Search,0.200000,7.498,0,0
1681975491896946073,1681975491896946073-1501550646-1501550646,1681975491896946073-1501550646-1501550646,Organic Search,0.200000,11.794,1,58.97
1681975491896946073,1681975491896946073-1501550646-1501550646,1681975491896946073-1500728798-1500728798,Direct,0.200000,11.794,0,0
1681975491896946073,1681975491896946073-1501550646-1501550646,1681975491896946073-1501292658-1501292658,Organic Search,0.200000,11.794,0,0
1681975491896946073,1681975491896946073-1501550646-1501550646,1681975491896946073-1501444529-1501444529,Organic Search,0.200000,11.794,0,0
1681975491896946073,1681975491896946073-1501550646-1501550646,1681975491896946073-1501359919-1501359919,Organic Search,0.200000,11.794,0,0
8833612323012512340,8833612323012512340-1475237408-1475237408,8833612323012512340-1474998886-1474998886,Organic Search,0.250000,26.9875,0,0
8833612323012512340,8833612323012512340-1475237408-1475237408,8833612323012512340-1475237408-1475237408,Paid Search,0.250000,26.9875,1,107.95
8833612323012512340,8833612323012512340-1475237408-1475237408,8833612323012512340-1474979263-1474979263,Organic Search,0.250000,26.9875,0,0
8833612323012512340,8833612323012512340-1475237408-1475237408,8833612323012512340-1475151004-1475151004,Organic Search,0.250000,26.9875,0,0
6029872331740528503,6029872331740528503-1476483403-1476483403,6029872331740528503-1476412789-1476412789,Organic Search,0.111111,3.108888889,0,0
6029872331740528503,6029872331740528503-1476483403-1476483403,6029872331740528503-1475293395-1475293395,Organic Search,0.111111,3.108888889,0,0
6029872331740528503,6029872331740528503-1476483403-1476483403,6029872331740528503-1475293104-1475293104,Referral,0.111111,3.108888889,0,0
6029872331740528503,6029872331740528503-1476483403-1476483403,6029872331740528503-1475380170-1475380170,Organic Search,0.111111,3.108888889,0,0
6029872331740528503,6029872331740528503-1476483403-1476483403,6029872331740528503-1476415465-1476415465,Organic Search,0.111111,3.108888889,0,0
6029872331740528503,6029872331740528503-1476483403-1476483403,6029872331740528503-1475293102-1475293102,Referral,0.111111,3.108888889,0,0
6029872331740528503,6029872331740528503-1476483403-1476483403,6029872331740528503-1475258991-1475258991,Organic Search,0.111111,3.108888889,0,0
6029872331740528503,6029872331740528503-1476483403-1476483403,6029872331740528503-1476483403-1476483403,Organic Search,0.111111,3.108888889,1,27.98
6029872331740528503,6029872331740528503-1476483403-1476483403,6029872331740528503-1475292932-1475292932,Organic Search,0.111111,3.108888889,0,0
7675869407000236910,7675869407000236910-1487951386-1487951386,7675869407000236910-1485115965-1485115965,Direct,0.333333,118.213333333,0,0
7675869407000236910,7675869407000236910-1487951386-1487951386,7675869407000236910-1485968133-1485968133,Referral,0.333333,118.213333333,0,0
7675869407000236910,7675869407000236910-1487951386-1487951386,7675869407000236910-1486403462-1486403462,Referral,0.333333,118.213333333,0,0
7675869407000236910,7675869407000236910-1487951386-1487951386,7675869407000236910-1487948672-1487948672,Referral,0.333333,118.213333333,0,0
7675869407000236910,7675869407000236910-1487951386-1487951386,7675869407000236910-1486405532-1486405532,Referral,0.333333,118.213333333,0,0
7675869407000236910,7675869407000236910-1487951386-1487951386,7675869407000236910-1487951386-1487951386,Referral,0.333333,118.213333333,2,709.28
8436426603099391262,8436426603099391262-1478265472-1478265472,8436426603099391262-1476232017-1476232017,Referral,0.200000,36.56,0,0
8436426603099391262,8436426603099391262-1478265472-1478265472,8436426603099391262-1478191368-1478191368,Referral,0.200000,36.56,0,0
8436426603099391262,8436426603099391262-1478265472-1478265472,8436426603099391262-1478220784-1478220784,Organic Search,0.200000,36.56,0,0
8436426603099391262,8436426603099391262-1478265472-1478265472,8436426603099391262-1478265472-1478265472,Referral,0.200000,36.56,1,182.8
8436426603099391262,8436426603099391262-1478265472-1478265472,8436426603099391262-1478220879-1478220879,Referral,0.200000,36.56,0,0
437168720279817148,437168720279817148-1475176900-1475176900,437168720279817148-1474239131-1474239131,Direct,0.333333,33.646666667,0,0
437168720279817148,437168720279817148-1475176900-1475176900,437168720279817148-1475176900-1475176900,Referral,0.333333,33.646666667,1,100.94
437168720279817148,437168720279817148-1475176900-1475176900,437168720279817148-1474306583-1474306583,Referral,0.333333,33.646666667,0,0
82234340449923799,82234340449923799-1492061741-1492061741,82234340449923799-1491980834-1491980834,Paid Search,0.250000,29.33,0,0
82234340449923799,82234340449923799-1492061741-1492061741,82234340449923799-1491980839-1491980839,Organic Search,0.250000,29.33,0,0
82234340449923799,82234340449923799-1492061741-1492061741,82234340449923799-1492061741-1492061741,Organic Search,0.250000,29.33,1,117.32
82234340449923799,82234340449923799-1492061741-1492061741,82234340449923799-1492053057-1492053057,Organic Search,0.250000,29.33,0,0
5513556639437908117,5513556639437908117-1496168650-1496168650,5513556639437908117-1494008175-1494008175,Organic Search,0.250000,273.965,0,0
5513556639437908117,5513556639437908117-1496168650-1496168650,5513556639437908117-1496093317-1496093317,Referral,0.250000,273.965,0,0
5513556639437908117,5513556639437908117-1496168650-1496168650,5513556639437908117-1496168650-1496168650,Referral,0.250000,273.965,1,1095.86
5513556639437908117,5513556639437908117-1496168650-1496168650,5513556639437908117-1495825312-1495825312,Organic Search,0.250000,273.965,0,0
5469079519715865124,5469079519715865124-1496261286-1496261286,5469079519715865124-1496253622-1496253622,Direct,0.200000,1121.68,0,0
5469079519715865124,5469079519715865124-1496261286-1496261286,5469079519715865124-1496261286-1496261286,Referral,0.200000,1121.68,1,5608.4
5469079519715865124,5469079519715865124-1496261286-1496261286,5469079519715865124-1496258037-1496258037,Referral,0.200000,1121.68,0,0
5469079519715865124,5469079519715865124-1496261286-1496261286,5469079519715865124-1495817589-1495817589,Direct,0.200000,1121.68,0,0
5469079519715865124,5469079519715865124-1496261286-1496261286,5469079519715865124-1496253697-1496253697,Referral,0.200000,1121.68,0,0
0686766074904091675,0686766074904091675-1490049761-1490049761,0686766074904091675-1488325339-1488325339,Referral,0.100000,14.79,0,0
0686766074904091675,0686766074904091675-1490049761-1490049761,0686766074904091675-1487963039-1487963039,Referral,0.100000,14.79,0,0
0686766074904091675,0686766074904091675-1490049761-1490049761,0686766074904091675-1481932130-1481932130,Direct,0.100000,14.79,0,0
0686766074904091675,0686766074904091675-1490049761-1490049761,0686766074904091675-1488827638-1488827638,Referral,0.100000,14.79,0,0
0686766074904091675,0686766074904091675-1490049761-1490049761,0686766074904091675-1486787436-1486787436,Referral,0.100000,14.79,0,0
0686766074904091675,0686766074904091675-1490049761-1490049761,0686766074904091675-1490049761-1490049761,Referral,0.100000,14.79,1,147.9
0686766074904091675,0686766074904091675-1490049761-1490049761,0686766074904091675-1489097084-1489097084,Referral,0.100000,14.79,0,0
0686766074904091675,0686766074904091675-1490049761-1490049761,0686766074904091675-1486501830-1486501830,Referral,0.100000,14.79,0,0
0686766074904091675,0686766074904091675-1490049761-1490049761,0686766074904091675-1484850319-1484850319,Direct,0.100000,14.79,0,0
0686766074904091675,0686766074904091675-1490049761-1490049761,0686766074904091675-1483395696-1483395696,Direct,0.100000,14.79,0,0
0583165761373207455,0583165761373207455-1476582725-1476582725,0583165761373207455-1476482753-1476482753,Organic Search,0.333333,17.663333333,0,0
0583165761373207455,0583165761373207455-1476582725-1476582725,0583165761373207455-1476582725-1476582725,Organic Search,0.333333,17.663333333,1,52.99
0583165761373207455,0583165761373207455-1476582725-1476582725,0583165761373207455-1476482535-1476482535,Referral,0.333333,17.663333333,0,0
5960127137243713650,5960127137243713650-1499311378-1499311378,5960127137243713650-1498670936-1498670936,Referral,0.125000,19.0925,0,0
5960127137243713650,5960127137243713650-1499311378-1499311378,5960127137243713650-1499306081-1499306081,Referral,0.125000,19.0925,0,0
5960127137243713650,5960127137243713650-1499311378-1499311378,5960127137243713650-1485628466-1485628466,Referral,0.125000,19.0925,0,0
5960127137243713650,5960127137243713650-1499311378-1499311378,5960127137243713650-1487468134-1487468134,Referral,0.125000,19.0925,0,0
5960127137243713650,5960127137243713650-1499311378-1499311378,5960127137243713650-1499311378-1499311378,Referral,0.125000,19.0925,1,152.74
5960127137243713650,5960127137243713650-1499311378-1499311378,5960127137243713650-1481479378-1481479378,Organic Search,0.125000,19.0925,0,0
5960127137243713650,5960127137243713650-1499311378-1499311378,5960127137243713650-1475531434-1475531434,Referral,0.125000,19.0925,0,0
5960127137243713650,5960127137243713650-1499311378-1499311378,5960127137243713650-1475531346-1475531346,Direct,0.125000,19.0925,0,0
9556564333684881224,9556564333684881224-1487618517-1487618517,9556564333684881224-1487578454-1487578454,Paid Search,0.333333,38.453333333,0,0
9556564333684881224,9556564333684881224-1487618517-1487618517,9556564333684881224-1487618517-1487618517,Paid Search,0.333333,38.453333333,1,115.36
9556564333684881224,9556564333684881224-1487618517-1487618517,9556564333684881224-1487293846-1487293846,Referral,0.333333,38.453333333,0,0
7510366323696167693,7510366323696167693-1471021489-1471021489,7510366323696167693-1470952089-1470952089,Direct,0.500000,51.455,0,0
7510366323696167693,7510366323696167693-1471021489-1471021489,7510366323696167693-1471021489-1471021489,Referral,0.500000,51.455,1,102.91
3776258872363783792,3776258872363783792-1471359408-1471359408,3776258872363783792-1471359408-1471359408,Paid Search,0.500000,62.935,1,125.87
3776258872363783792,3776258872363783792-1471359408-1471359408,3776258872363783792-1471273848-1471273848,Organic Search,0.500000,62.935,0,0
5811368078800551365,5811368078800551365-1495002715-1495002715,5811368078800551365-1495002686-1495002686,Direct,0.500000,16.64,0,0
5811368078800551365,5811368078800551365-1495002715-1495002715,5811368078800551365-1495002715-1495002715,Organic Search,0.500000,16.64,1,33.28
8977039158734679466,8977039158734679466-1499809854-1499809854,8977039158734679466-1498646834-1498646834,Paid Search,0.166667,17.293333333,0,0
8977039158734679466,8977039158734679466-1499809854-1499809854,8977039158734679466-1498649417-1498649417,Paid Search,0.166667,17.293333333,0,0
8977039158734679466,8977039158734679466-1499809854-1499809854,8977039158734679466-1499426701-1499426701,Affiliates,0.166667,17.293333333,0,0
8977039158734679466,8977039158734679466-1499809854-1499809854,8977039158734679466-1497411494-1497411494,Organic Search,0.166667,17.293333333,0,0
8977039158734679466,8977039158734679466-1499809854-1499809854,8977039158734679466-1498640440-1498640440,Paid Search,0.166667,17.293333333,0,0
8977039158734679466,8977039158734679466-1499809854-1499809854,8977039158734679466-1499809854-1499809854,Paid Search,0.166667,17.293333333,1,103.76
7584227374144950004,7584227374144950004-1480720803-1480720803,7584227374144950004-1480719971-1480719971,Organic Search,0.500000,42.955,0,0
7584227374144950004,7584227374144950004-1480720803-1480720803,7584227374144950004-1480720803-1480720803,Referral,0.500000,42.955,1,85.91
3979618861854336423,3979618861854336423-1473950759-1473950759,3979618861854336423-1473364896-1473364896,Paid Search,0.500000,947.09,0,0
3979618861854336423,3979618861854336423-1473950759-1473950759,3979618861854336423-1473950759-1473950759,Organic Search,0.500000,947.09,1,1894.18
072871522029318255,072871522029318255-1485327451-1485327451,072871522029318255-1485327451-1485327451,Referral,0.333333,2.66,1,7.98
072871522029318255,072871522029318255-1485327451-1485327451,072871522029318255-1485327052-1485327052,Organic Search,0.333333,2.66,0,0
072871522029318255,072871522029318255-1485327451-1485327451,072871522029318255-1485326640-1485326640,Direct,0.333333,2.66,0,0
067475292701707948,067475292701707948-1499720473-1499720473,067475292701707948-1499299689-1499299689,Organic Search,0.250000,5.355,0,0
067475292701707948,067475292701707948-1499720473-1499720473,067475292701707948-1499720473-1499720473,Referral,0.250000,5.355,1,21.42
067475292701707948,067475292701707948-1499720473-1499720473,067475292701707948-1498174345-1498174345,Direct,0.250000,5.355,0,0
067475292701707948,067475292701707948-1499720473-1499720473,067475292701707948-1499301369-1499301369,Referral,0.250000,5.355,0,0
7933171750259720017,7933171750259720017-1498669115-1498669115,7933171750259720017-1496935615-1496935615,Paid Search,0.250000,41.935,0,0
7933171750259720017,7933171750259720017-1498669115-1498669115,7933171750259720017-1496946851-1496946851,Organic Search,0.250000,41.935,0,0
7933171750259720017,7933171750259720017-1498669115-1498669115,7933171750259720017-1498669115-1498669115,Organic Search,0.250000,41.935,1,167.74
7933171750259720017,7933171750259720017-1498669115-1498669115,7933171750259720017-1496935624-1496935624,Organic Search,0.250000,41.935,0,0
5001293816565919651,5001293816565919651-1500319046-1500319046,5001293816565919651-1500319046-1500319046,Display,1.000000,6.995,2,13.99
5001293816565919651,5001293816565919651-1500319046-1500319046,5001293816565919651-1499931697-1499931697,Paid Search,1.000000,6.995,0,0
6288725097585538705,6288725097585538705-1483984289-1483984289,6288725097585538705-1482247579-1482247579,Organic Search,0.333333,79.343333333,0,0
6288725097585538705,6288725097585538705-1483984289-1483984289,6288725097585538705-1480013926-1480013926,Direct,0.333333,79.343333333,0,0
6288725097585538705,6288725097585538705-1483984289-1483984289,6288725097585538705-1483984289-1483984289,Organic Search,0.333333,79.343333333,1,238.03
3718453403580072693,3718453403580072693-1471051805-1471051805,3718453403580072693-1471051805-1471051805,Organic Search,0.166667,27.233333333,1,163.4
3718453403580072693,3718453403580072693-1471051805-1471051805,3718453403580072693-1471045452-1471045452,Organic Search,0.166667,27.233333333,0,0
3718453403580072693,3718453403580072693-1471051805-1471051805,3718453403580072693-1470680941-1470680941,Referral,0.166667,27.233333333,0,0
3718453403580072693,3718453403580072693-1471051805-1471051805,3718453403580072693-1471039242-1471039242,Organic Search,0.166667,27.233333333,0,0
3718453403580072693,3718453403580072693-1471051805-1471051805,3718453403580072693-1471042230-1471042230,Organic Search,0.166667,27.233333333,0,0
3718453403580072693,3718453403580072693-1471051805-1471051805,3718453403580072693-1470419992-1470419992,Referral,0.166667,27.233333333,0,0
2219304947112530029,2219304947112530029-1496682898-1496682898,2219304947112530029-1496682808-1496682808,Social,0.500000,13.89,0,0
2219304947112530029,2219304947112530029-1496682898-1496682898,2219304947112530029-1496682898-1496682898,Referral,0.500000,13.89,1,27.78
8488247280044091366,8488247280044091366-1477503513-1477503513,8488247280044091366-1477497530-1477497530,Organic Search,0.250000,9.2475,0,0
8488247280044091366,8488247280044091366-1477503513-1477503513,8488247280044091366-1475784654-1475784654,Display,0.250000,9.2475,0,0
8488247280044091366,8488247280044091366-1477503513-1477503513,8488247280044091366-1477503513-1477503513,Referral,0.250000,9.2475,1,36.99
8488247280044091366,8488247280044091366-1477503513-1477503513,8488247280044091366-1477497712-1477497712,Referral,0.250000,9.2475,0,0
6213994431207095726,6213994431207095726-1483471291-1483471291,6213994431207095726-1483471291-1483471291,Referral,0.500000,335.9,1,671.8
6213994431207095726,6213994431207095726-1483471291-1483471291,6213994431207095726-1483023182-1483023182,Direct,0.500000,335.9,0,0
4031210768119686086,4031210768119686086-1498142213-1498142213,4031210768119686086-1498142213-1498142213,Referral,0.500000,66.98,1,133.96
4031210768119686086,4031210768119686086-1498142213-1498142213,4031210768119686086-1498140683-1498140683,Organic Search,0.500000,66.98,0,0
5563434694269548184,5563434694269548184-1476150170-1476150170,5563434694269548184-1475636762-1475636762,Organic Search,0.500000,48.605,0,0
5563434694269548184,5563434694269548184-1476150170-1476150170,5563434694269548184-1476150170-1476150170,Referral,0.500000,48.605,1,97.21
2295871331415471856,2295871331415471856-1481925145-1481925145,2295871331415471856-1480963620-1480963620,Paid Search,0.333333,9.33,0,0
2295871331415471856,2295871331415471856-1481925145-1481925145,2295871331415471856-1480949069-1480949069,Paid Search,0.333333,9.33,0,0
2295871331415471856,2295871331415471856-1481925145-1481925145,2295871331415471856-1481925145-1481925145,Organic Search,0.333333,9.33,1,27.99
8477265213767844589,8477265213767844589-1490731330-1490731330,8477265213767844589-1489687930-1489687930,Direct,0.333333,179.416666667,0,0
8477265213767844589,8477265213767844589-1490731330-1490731330,8477265213767844589-1490215829-1490215829,Referral,0.333333,179.416666667,0,0
8477265213767844589,8477265213767844589-1490731330-1490731330,8477265213767844589-1490731330-1490731330,Referral,0.333333,179.416666667,1,538.25
5179586107192059934,5179586107192059934-1484342612-1484342612,5179586107192059934-1484342331-1484342331,Direct,0.500000,282.625,0,0
5179586107192059934,5179586107192059934-1484342612-1484342612,5179586107192059934-1484342612-1484342612,Referral,0.500000,282.625,1,565.25
2590088265600782267,2590088265600782267-1500636089-1500636089,2590088265600782267-1494247930-1494247930,Referral,0.142857,5.141428571,0,0
2590088265600782267,2590088265600782267-1500636089-1500636089,2590088265600782267-1492549002-1492549002,Direct,0.142857,5.141428571,0,0
2590088265600782267,2590088265600782267-1500636089-1500636089,2590088265600782267-1492549091-1492549091,Referral,0.142857,5.141428571,0,0
2590088265600782267,2590088265600782267-1500636089-1500636089,2590088265600782267-1495205621-1495205621,Referral,0.142857,5.141428571,0,0
2590088265600782267,2590088265600782267-1500636089-1500636089,2590088265600782267-1500636089-1500636089,Referral,0.142857,5.141428571,1,35.99
2590088265600782267,2590088265600782267-1500636089-1500636089,2590088265600782267-1493827827-1493827827,Referral,0.142857,5.141428571,0,0
2590088265600782267,2590088265600782267-1500636089-1500636089,2590088265600782267-1493817264-1493817264,Referral,0.142857,5.141428571,0,0
9433517997046669782,9433517997046669782-1500306181-1500306181,9433517997046669782-1497654854-1497654854,Organic Search,0.250000,9.8,0,0
9433517997046669782,9433517997046669782-1500306181-1500306181,9433517997046669782-1497645542-1497645542,Organic Search,0.250000,9.8,0,0
9433517997046669782,9433517997046669782-1500306181-1500306181,9433517997046669782-1500306181-1500306181,Organic Search,0.250000,9.8,1,39.2
9433517997046669782,9433517997046669782-1500306181-1500306181,9433517997046669782-1497040053-1497040053,Direct,0.250000,9.8,0,0
911428964962660656,911428964962660656-1481225507-1481225507,911428964962660656-1481225507-1481225507,Referral,0.500000,23.985,1,47.97
911428964962660656,911428964962660656-1481225507-1481225507,911428964962660656-1474319219-1474319219,Direct,0.500000,23.985,0,0
1364033099778280988,1364033099778280988-1493854615-1493854615,1364033099778280988-1493854615-1493854615,Referral,0.500000,18.295,1,36.59
1364033099778280988,1364033099778280988-1493854615-1493854615,1364033099778280988-1493845333-1493845333,Direct,0.500000,18.295,0,0
1049505592515499633,1049505592515499633-1481679774-1481679774,1049505592515499633-1481679310-1481679310,Direct,0.500000,21.49,0,0
1049505592515499633,1049505592515499633-1481679774-1481679774,1049505592515499633-1481679774-1481679774,Referral,0.500000,21.49,1,42.98
9359260991266226539,9359260991266226539-1495232917-1495232917,9359260991266226539-1491509387-1491509387,Direct,0.500000,13.38,0,0
9359260991266226539,9359260991266226539-1495232917-1495232917,9359260991266226539-1495232917-1495232917,Referral,0.500000,13.38,1,26.76
582369017403340851,582369017403340851-1476292026-1476292026,582369017403340851-1476291613-1476291613,Direct,0.500000,60.48,0,0
582369017403340851,582369017403340851-1476292026-1476292026,582369017403340851-1476292026-1476292026,Organic Search,0.500000,60.48,1,120.96
8673840761390618502,8673840761390618502-1481606513-1481606513,8673840761390618502-1481595161-1481595161,Direct,0.500000,16.49,0,0
8673840761390618502,8673840761390618502-1481606513-1481606513,8673840761390618502-1481606513-1481606513,Paid Search,0.500000,16.49,1,32.98
7466083443246048335,7466083443246048335-1477074918-1477074918,7466083443246048335-1477074918-1477074918,Referral,0.500000,50.085,1,100.17
7466083443246048335,7466083443246048335-1477074918-1477074918,7466083443246048335-1477074091-1477074091,Display,0.500000,50.085,0,0
3474262337199382231,3474262337199382231-1482366067-1482366067,3474262337199382231-1482366067-1482366067,Referral,0.500000,27.485,1,54.97
3474262337199382231,3474262337199382231-1482366067-1482366067,3474262337199382231-1482365984-1482365984,Organic Search,0.500000,27.485,0,0
0643786734868244401,0643786734868244401-1482120932-1482120932,0643786734868244401-1470172759-1470172759,Referral,0.166667,9.753333333,0,0
0643786734868244401,0643786734868244401-1482120932-1482120932,0643786734868244401-1470168779-1470168779,Organic Search,0.166667,9.753333333,0,0
0643786734868244401,0643786734868244401-1482120932-1482120932,0643786734868244401-1475074136-1475074136,Referral,0.166667,9.753333333,0,0
0643786734868244401,0643786734868244401-1482120932-1482120932,0643786734868244401-1482120932-1482120932,Paid Search,0.166667,9.753333333,1,58.52
0643786734868244401,0643786734868244401-1482120932-1482120932,0643786734868244401-1470169174-1470169174,Referral,0.166667,9.753333333,0,0
0643786734868244401,0643786734868244401-1482120932-1482120932,0643786734868244401-1481952495-1481952495,Referral,0.166667,9.753333333,0,0
5408240703525920538,5408240703525920538-1496416314-1496416314,5408240703525920538-1496416314-1496416314,Organic Search,0.500000,12.135,1,24.27
5408240703525920538,5408240703525920538-1496416314-1496416314,5408240703525920538-1496416298-1496416298,Paid Search,0.500000,12.135,0,0
0445007965605847225,0445007965605847225-1491342387-1491342387,0445007965605847225-1488769334-1488769334,Direct,0.200000,5.638,0,0
0445007965605847225,0445007965605847225-1491342387-1491342387,0445007965605847225-1490632056-1490632056,Referral,0.200000,5.638,0,0
0445007965605847225,0445007965605847225-1491342387-1491342387,0445007965605847225-1491336685-1491336685,Referral,0.200000,5.638,0,0
0445007965605847225,0445007965605847225-1491342387-1491342387,0445007965605847225-1490628846-1490628846,Referral,0.200000,5.638,0,0
0445007965605847225,0445007965605847225-1491342387-1491342387,0445007965605847225-1491342387-1491342387,Referral,0.200000,5.638,1,28.19
3388245352087757208,3388245352087757208-1476496773-1476496773,3388245352087757208-1475814326-1475814326,Referral,0.200000,2.358,0,0
3388245352087757208,3388245352087757208-1476496773-1476496773,3388245352087757208-1472512088-1472512088,Organic Search,0.200000,2.358,0,0
3388245352087757208,3388245352087757208-1476496773-1476496773,3388245352087757208-1476496773-1476496773,Organic Search,0.200000,2.358,1,11.79
3388245352087757208,3388245352087757208-1476496773-1476496773,3388245352087757208-1476163253-1476163253,Paid Search,0.200000,2.358,0,0
3388245352087757208,3388245352087757208-1476496773-1476496773,3388245352087757208-1473890876-1473890876,Organic Search,0.200000,2.358,0,0
2511032786245371752,2511032786245371752-1475726349-1475726349,2511032786245371752-1475726349-1475726349,Organic Search,0.500000,13.495,1,26.99
2511032786245371752,2511032786245371752-1475726349-1475726349,2511032786245371752-1475726342-1475726342,Paid Search,0.500000,13.495,0,0
1907624706752111002,1907624706752111002-1490225983-1490225983,1907624706752111002-1487787866-1487787866,Direct,0.500000,23.395,0,0
1907624706752111002,1907624706752111002-1490225983-1490225983,1907624706752111002-1490225983-1490225983,Referral,0.500000,23.395,1,46.79
6110976865163605905,6110976865163605905-1485796019-1485796019,6110976865163605905-1485795939-1485795939,Direct,0.500000,174.715,0,0
6110976865163605905,6110976865163605905-1485796019-1485796019,6110976865163605905-1485796019-1485796019,Referral,0.500000,174.715,1,349.43
0290663072707523580,0290663072707523580-1489017566-1489017566,0290663072707523580-1487178271-1487178271,Organic Search,0.142857,22.357142857,0,0
0290663072707523580,0290663072707523580-1489017566-1489017566,0290663072707523580-1487103346-1487103346,Paid Search,0.142857,22.357142857,0,0
0290663072707523580,0290663072707523580-1489017566-1489017566,0290663072707523580-1489017566-1489017566,Organic Search,0.142857,22.357142857,1,156.5
0290663072707523580,0290663072707523580-1489017566-1489017566,0290663072707523580-1489010099-1489010099,Organic Search,0.142857,22.357142857,0,0
0290663072707523580,0290663072707523580-1489017566-1489017566,0290663072707523580-1484344382-1484344382,Organic Search,0.142857,22.357142857,0,0
0290663072707523580,0290663072707523580-1489017566-1489017566,0290663072707523580-1484755624-1484755624,Organic Search,0.142857,22.357142857,0,0
0290663072707523580,0290663072707523580-1489017566-1489017566,0290663072707523580-1488311362-1488311362,Organic Search,0.142857,22.357142857,0,0
4083063588943320754,4083063588943320754-1476243926-1476243926,4083063588943320754-1476243755-1476243755,Direct,0.500000,11.295,0,0
4083063588943320754,4083063588943320754-1476243926-1476243926,4083063588943320754-1476243926-1476243926,Referral,0.500000,11.295,1,22.59
6983400713632965044,6983400713632965044-1489426087-1489426087,6983400713632965044-1487714240-1487714240,Direct,0.500000,31.18,0,0
6983400713632965044,6983400713632965044-1489426087-1489426087,6983400713632965044-1489426087-1489426087,Referral,0.500000,31.18,1,62.36
8950892768643244752,8950892768643244752-1471204867-1471204867,8950892768643244752-1470365871-1470365871,Referral,0.333333,16.963333333,0,0
8950892768643244752,8950892768643244752-1471204867-1471204867,8950892768643244752-1470793555-1470793555,Paid Search,0.333333,16.963333333,0,0
8950892768643244752,8950892768643244752-1471204867-1471204867,8950892768643244752-1471204867-1471204867,Paid Search,0.333333,16.963333333,1,50.89
3058457482106046803,3058457482106046803-1499298943-1499298943,3058457482106046803-1499298846-1499298846,Referral,0.333333,42.436666667,0,0
3058457482106046803,3058457482106046803-1499298943-1499298943,3058457482106046803-1497895880-1497895880,Referral,0.333333,42.436666667,0,0
3058457482106046803,3058457482106046803-1499298943-1499298943,3058457482106046803-1499298943-1499298943,Organic Search,0.333333,42.436666667,1,127.31
4056641951555237332,4056641951555237332-1478924668-1478924668,4056641951555237332-1473987589-1473987589,Paid Search,0.250000,20.4975,0,0
4056641951555237332,4056641951555237332-1478924668-1478924668,4056641951555237332-1478924668-1478924668,Organic Search,0.250000,20.4975,1,81.99
4056641951555237332,4056641951555237332-1478924668-1478924668,4056641951555237332-1478202109-1478202109,Paid Search,0.250000,20.4975,0,0
4056641951555237332,4056641951555237332-1478924668-1478924668,4056641951555237332-1475541620-1475541620,Paid Search,0.250000,20.4975,0,0
0223683667601132018,0223683667601132018-1481774509-1481774509,0223683667601132018-1481060961-1481060961,Paid Search,0.500000,8.595,0,0
0223683667601132018,0223683667601132018-1481774509-1481774509,0223683667601132018-1481774509-1481774509,Organic Search,0.500000,8.595,1,17.19
6821649352225770256,6821649352225770256-1483462079-1483462079,6821649352225770256-1483462079-1483462079,Referral,0.500000,26.375,1,52.75
6821649352225770256,6821649352225770256-1483462079-1483462079,6821649352225770256-1483461446-1483461446,Organic Search,0.500000,26.375,0,0
0676766064405033146,0676766064405033146-1480011539-1480011539,0676766064405033146-1480008487-1480008487,Organic Search,0.500000,12.745,0,0
0676766064405033146,0676766064405033146-1480011539-1480011539,0676766064405033146-1480011539-1480011539,Paid Search,0.500000,12.745,1,25.49
7194312596693049929,7194312596693049929-1471935751-1471935751,7194312596693049929-1471935751-1471935751,Referral,0.333333,40.04,1,120.12
7194312596693049929,7194312596693049929-1471935751-1471935751,7194312596693049929-1471935235-1471935235,Organic Search,0.333333,40.04,0,0
7194312596693049929,7194312596693049929-1471935751-1471935751,7194312596693049929-1471128345-1471128345,Organic Search,0.333333,40.04,0,0
9349161317881541522,9349161317881541522-1489556428-1489556428,9349161317881541522-1489208042-1489208042,Social,2.000000,225.4275,0,0
9349161317881541522,9349161317881541522-1489556428-1489556428,9349161317881541522-1489203285-1489203285,Organic Search,2.000000,225.4275,0,0
9349161317881541522,9349161317881541522-1489556428-1489556428,9349161317881541522-1489288596-1489288596,Social,2.000000,225.4275,0,0
9349161317881541522,9349161317881541522-1489556428-1489556428,9349161317881541522-1489556428-1489556428,Social,2.000000,225.4275,8,901.71
7622628711953468889,7622628711953468889-1474087116-1474087116,7622628711953468889-1472796843-1472796843,Organic Search,0.250000,5.4975,0,0
7622628711953468889,7622628711953468889-1474087116-1474087116,7622628711953468889-1474085989-1474085989,Organic Search,0.250000,5.4975,0,0
7622628711953468889,7622628711953468889-1474087116-1474087116,7622628711953468889-1473046199-1473046199,Organic Search,0.250000,5.4975,0,0
7622628711953468889,7622628711953468889-1474087116-1474087116,7622628711953468889-1474087116-1474087116,Referral,0.250000,5.4975,1,21.99
4968114239490264193,4968114239490264193-1493824569-1493824569,4968114239490264193-1493824168-1493824168,Direct,0.500000,35.59,0,0
4968114239490264193,4968114239490264193-1493824569-1493824569,4968114239490264193-1493824569-1493824569,Social,0.500000,35.59,1,71.18
5713958052491086700,5713958052491086700-1496264431-1496264431,5713958052491086700-1493647016-1493647016,Direct,0.250000,123.3,0,0
5713958052491086700,5713958052491086700-1496264431-1496264431,5713958052491086700-1495659907-1495659907,Referral,0.250000,123.3,0,0
5713958052491086700,5713958052491086700-1496264431-1496264431,5713958052491086700-1496264431-1496264431,Organic Search,0.250000,123.3,1,493.2
5713958052491086700,5713958052491086700-1496264431-1496264431,5713958052491086700-1495651208-1495651208,Referral,0.250000,123.3,0,0
7743552132615586742,7743552132615586742-1472763366-1472763366,7743552132615586742-1470250847-1470250847,Direct,0.333333,73.803333333,0,0
7743552132615586742,7743552132615586742-1472763366-1472763366,7743552132615586742-1471882221-1471882221,Referral,0.333333,73.803333333,0,0
7743552132615586742,7743552132615586742-1472763366-1472763366,7743552132615586742-1472763366-1472763366,Referral,0.333333,73.803333333,1,221.41
8851822767477687842,8851822767477687842-1475263566-1475263566,8851822767477687842-1474999022-1474999022,Referral,0.142857,71.591428571,0,0
8851822767477687842,8851822767477687842-1475263566-1475263566,8851822767477687842-1475251659-1475251659,Referral,0.142857,71.591428571,0,0
8851822767477687842,8851822767477687842-1475263566-1475263566,8851822767477687842-1475071776-1475071776,Referral,0.142857,71.591428571,0,0
8851822767477687842,8851822767477687842-1475263566-1475263566,8851822767477687842-1475263566-1475263566,Referral,0.142857,71.591428571,1,501.14
8851822767477687842,8851822767477687842-1475263566-1475263566,8851822767477687842-1474990194-1474990194,Referral,0.142857,71.591428571,0,0
8851822767477687842,8851822767477687842-1475263566-1475263566,8851822767477687842-1475080206-1475080206,Referral,0.142857,71.591428571,0,0
8851822767477687842,8851822767477687842-1475263566-1475263566,8851822767477687842-1475071847-1475071847,Display,0.142857,71.591428571,0,0
7750057450092176618,7750057450092176618-1489416355-1489416355,7750057450092176618-1489416355-1489416355,Referral,0.500000,100.78,1,201.56
7750057450092176618,7750057450092176618-1489416355-1489416355,7750057450092176618-1489416312-1489416312,Direct,0.500000,100.78,0,0
0395050647250429598,0395050647250429598-1494883109-1494883109,0395050647250429598-1494883109-1494883109,Referral,0.500000,26.83,1,53.66
0395050647250429598,0395050647250429598-1494883109-1494883109,0395050647250429598-1494882101-1494882101,Organic Search,0.500000,26.83,0,0
9865893747933434812,9865893747933434812-1492100047-1492100047,9865893747933434812-1492100047-1492100047,Referral,0.500000,57.49,1,114.98
9865893747933434812,9865893747933434812-1492100047-1492100047,9865893747933434812-1492099742-1492099742,Direct,0.500000,57.49,0,0
3475041930995418580,3475041930995418580-1473957402-1473957402,3475041930995418580-1470680524-1470680524,Referral,0.090909,1.908181818,0,0
3475041930995418580,3475041930995418580-1473957402-1473957402,3475041930995418580-1471299070-1471299070,Display,0.090909,1.908181818,0,0
3475041930995418580,3475041930995418580-1473957402-1473957402,3475041930995418580-1471017523-1471017523,Display,0.090909,1.908181818,0,0
3475041930995418580,3475041930995418580-1473957402-1473957402,3475041930995418580-1472054499-1472054499,Display,0.090909,1.908181818,0,0
3475041930995418580,3475041930995418580-1473957402-1473957402,3475041930995418580-1472143374-1472143374,Display,0.090909,1.908181818,0,0
3475041930995418580,3475041930995418580-1473957402-1473957402,3475041930995418580-1473954828-1473954828,Display,0.090909,1.908181818,0,0
3475041930995418580,3475041930995418580-1473957402-1473957402,3475041930995418580-1473866431-1473866431,Display,0.090909,1.908181818,0,0
3475041930995418580,3475041930995418580-1473957402-1473957402,3475041930995418580-1473957402-1473957402,Display,0.090909,1.908181818,1,20.99
3475041930995418580,3475041930995418580-1473957402-1473957402,3475041930995418580-1470779687-1470779687,Display,0.090909,1.908181818,0,0
3475041930995418580,3475041930995418580-1473957402-1473957402,3475041930995418580-1471025476-1471025476,Display,0.090909,1.908181818,0,0
3475041930995418580,3475041930995418580-1473957402-1473957402,3475041930995418580-1473699068-1473699068,Display,0.090909,1.908181818,0,0
3743841623706674212,3743841623706674212-1474568001-1474568001,3743841623706674212-1474561753-1474561753,Direct,0.250000,5.7475,0,0
3743841623706674212,3743841623706674212-1474568001-1474568001,3743841623706674212-1474564380-1474564380,Referral,0.250000,5.7475,0,0
3743841623706674212,3743841623706674212-1474568001-1474568001,3743841623706674212-1474561920-1474561920,Referral,0.250000,5.7475,0,0
3743841623706674212,3743841623706674212-1474568001-1474568001,3743841623706674212-1474568001-1474568001,Referral,0.250000,5.7475,1,22.99
9332319683360717593,9332319683360717593-1481765530-1481765530,9332319683360717593-1479941576-1479941576,Direct,0.250000,36.24,0,0
9332319683360717593,9332319683360717593-1481765530-1481765530,9332319683360717593-1480237476-1480237476,Organic Search,0.250000,36.24,0,0
9332319683360717593,9332319683360717593-1481765530-1481765530,9332319683360717593-1480323569-1480323569,Organic Search,0.250000,36.24,0,0
9332319683360717593,9332319683360717593-1481765530-1481765530,9332319683360717593-1481765530-1481765530,Organic Search,0.250000,36.24,1,144.96
7672124784796015338,7672124784796015338-1477884098-1477884098,7672124784796015338-1477884098-1477884098,Paid Search,0.500000,18.945,1,37.89
7672124784796015338,7672124784796015338-1477884098-1477884098,7672124784796015338-1477058003-1477058003,Organic Search,0.500000,18.945,0,0
3130936952600859212,3130936952600859212-1498678530-1498678530,3130936952600859212-1496238382-1496238382,Direct,0.250000,21.9625,0,0
3130936952600859212,3130936952600859212-1498678530-1498678530,3130936952600859212-1498678530-1498678530,Referral,0.250000,21.9625,1,87.85
3130936952600859212,3130936952600859212-1498678530-1498678530,3130936952600859212-1498055190-1498055190,Referral,0.250000,21.9625,0,0
3130936952600859212,3130936952600859212-1498678530-1498678530,3130936952600859212-1498673817-1498673817,Referral,0.250000,21.9625,0,0
6764771330832517063,6764771330832517063-1490132424-1490132424,6764771330832517063-1490132424-1490132424,Organic Search,0.500000,34.68,1,69.36
6764771330832517063,6764771330832517063-1490132424-1490132424,6764771330832517063-1490130746-1490130746,Referral,0.500000,34.68,0,0
6928017474634138268,6928017474634138268-1477746394-1477746394,6928017474634138268-1477746394-1477746394,Referral,0.333333,35.66,1,106.98
6928017474634138268,6928017474634138268-1477746394-1477746394,6928017474634138268-1477745520-1477745520,Organic Search,0.333333,35.66,0,0
6928017474634138268,6928017474634138268-1477746394-1477746394,6928017474634138268-1477746382-1477746382,Referral,0.333333,35.66,0,0
5491117449549870331,5491117449549870331-1474852681-1474852681,5491117449549870331-1474327459-1474327459,Organic Search,0.500000,63.495,0,0
5491117449549870331,5491117449549870331-1474852681-1474852681,5491117449549870331-1474852681-1474852681,Referral,0.500000,63.495,1,126.99
6773504129316656025,6773504129316656025-1484687617-1484687617,6773504129316656025-1484687617-1484687617,Referral,0.500000,84.35,1,168.7
6773504129316656025,6773504129316656025-1484687617-1484687617,6773504129316656025-1484684247-1484684253,Direct,0.500000,84.35,0,0
0163532416839889055,0163532416839889055-1497889451-1497889451,0163532416839889055-1496237661-1496237661,Referral,0.250000,4.2975,0,0
0163532416839889055,0163532416839889055-1497889451-1497889451,0163532416839889055-1497889451-1497889451,Referral,0.250000,4.2975,1,17.19
0163532416839889055,0163532416839889055-1497889451-1497889451,0163532416839889055-1496202164-1496202164,Direct,0.250000,4.2975,0,0
0163532416839889055,0163532416839889055-1497889451-1497889451,0163532416839889055-1496202282-1496202282,Referral,0.250000,4.2975,0,0
1144117197665161033,1144117197665161033-1481776205-1481776205,1144117197665161033-1481775713-1481775713,Paid Search,0.666667,15.986666667,0,0
1144117197665161033,1144117197665161033-1481776205-1481776205,1144117197665161033-1481776061-1481776061,Paid Search,0.666667,15.986666667,0,0
1144117197665161033,1144117197665161033-1481776205-1481776205,1144117197665161033-1481776205-1481776205,Organic Search,0.666667,15.986666667,2,47.96
6214016505412778340,6214016505412778340-1484766510-1484766510,6214016505412778340-1481070372-1481070372,Direct,0.500000,23.395,0,0
6214016505412778340,6214016505412778340-1484766510-1484766510,6214016505412778340-1484766510-1484766510,Referral,0.500000,23.395,1,46.79
0496156536586018580,0496156536586018580-1476982148-1476982148,0496156536586018580-1476982090-1476982090,Direct,0.500000,24.4,0,0
0496156536586018580,0496156536586018580-1476982148-1476982148,0496156536586018580-1476982148-1476982148,Referral,0.500000,24.4,1,48.8
6274615038428740035,6274615038428740035-1500657438-1500657438,6274615038428740035-1500577762-1500577762,Paid Search,0.500000,10.495,0,0
6274615038428740035,6274615038428740035-1500657438-1500657438,6274615038428740035-1500657438-1500657438,Organic Search,0.500000,10.495,1,20.99
2627365926426456189,2627365926426456189-1487267852-1487267852,2627365926426456189-1487267802-1487267802,Organic Search,0.500000,46.49,0,0
2627365926426456189,2627365926426456189-1487267852-1487267852,2627365926426456189-1487267852-1487267852,Referral,0.500000,46.49,1,92.98
2734277132701240130,2734277132701240130-1483127773-1483127773,2734277132701240130-1483126232-1483126232,Organic Search,0.500000,12.99,0,0
2734277132701240130,2734277132701240130-1483127773-1483127773,2734277132701240130-1483127773-1483127773,Display,0.500000,12.99,1,25.98
5158802402159118276,5158802402159118276-1497303476-1497303476,5158802402159118276-1495665477-1495665477,Organic Search,0.500000,24.995,0,0
5158802402159118276,5158802402159118276-1497303476-1497303476,5158802402159118276-1497303476-1497303476,Referral,0.500000,24.995,1,49.99
2194592743396253647,2194592743396253647-1473343516-1473343516,2194592743396253647-1471876286-1471876286,Direct,0.029412,0.7626470588,0,0
2194592743396253647,2194592743396253647-1473343516-1473343516,2194592743396253647-1472164955-1472164955,Direct,0.029412,0.7626470588,0,0
2194592743396253647,2194592743396253647-1473343516-1473343516,2194592743396253647-1472080325-1472080325,Direct,0.029412,0.7626470588,0,0
2194592743396253647,2194592743396253647-1473343516-1473343516,2194592743396253647-1472501420-1472501420,Direct,0.029412,0.7626470588,0,0
2194592743396253647,2194592743396253647-1473343516-1473343516,2194592743396253647-1472419676-1472419676,Direct,0.029412,0.7626470588,0,0
2194592743396253647,2194592743396253647-1473343516-1473343516,2194592743396253647-1471958873-1471958873,Direct,0.029412,0.7626470588,0,0
2194592743396253647,2194592743396253647-1473343516-1473343516,2194592743396253647-1472602559-1472602559,Direct,0.029412,0.7626470588,0,0
2194592743396253647,2194592743396253647-1473343516-1473343516,2194592743396253647-1472757472-1472757472,Social,0.029412,0.7626470588,0,0
2194592743396253647,2194592743396253647-1473343516-1473343516,2194592743396253647-1472754724-1472754724,Social,0.029412,0.7626470588,0,0
2194592743396253647,2194592743396253647-1473343516-1473343516,2194592743396253647-1471879170-1471879170,Direct,0.029412,0.7626470588,0,0
2194592743396253647,2194592743396253647-1473343516-1473343516,2194592743396253647-1473120369-1473120369,Social,0.029412,0.7626470588,0,0
2194592743396253647,2194592743396253647-1473343516-1473343516,2194592743396253647-1473037472-1473037472,Social,0.029412,0.7626470588,0,0
2194592743396253647,2194592743396253647-1473343516-1473343516,2194592743396253647-1472606080-1472606080,Social,0.029412,0.7626470588,0,0
2194592743396253647,2194592743396253647-1473343516-1473343516,2194592743396253647-1471833805-1471833805,Direct,0.029412,0.7626470588,0,0
2194592743396253647,2194592743396253647-1473343516-1473343516,2194592743396253647-1472494793-1472494793,Direct,0.029412,0.7626470588,0,0
2194592743396253647,2194592743396253647-1473343516-1473343516,2194592743396253647-1472649100-1472649100,Social,0.029412,0.7626470588,0,0
2194592743396253647,2194592743396253647-1473343516-1473343516,2194592743396253647-1472827032-1472827032,Social,0.029412,0.7626470588,0,0
2194592743396253647,2194592743396253647-1473343516-1473343516,2194592743396253647-1471888422-1471888422,Direct,0.029412,0.7626470588,0,0
2194592743396253647,2194592743396253647-1473343516-1473343516,2194592743396253647-1472663887-1472663887,Social,0.029412,0.7626470588,0,0
2194592743396253647,2194592743396253647-1473343516-1473343516,2194592743396253647-1473343516-1473343516,Social,0.029412,0.7626470588,1,25.93
2194592743396253647,2194592743396253647-1473343516-1473343516,2194592743396253647-1471827447-1471827447,Direct,0.029412,0.7626470588,0,0
2194592743396253647,2194592743396253647-1473343516-1473343516,2194592743396253647-1472498267-1472498267,Direct,0.029412,0.7626470588,0,0
2194592743396253647,2194592743396253647-1473343516-1473343516,2194592743396253647-1471985397-1471985397,Direct,0.029412,0.7626470588,0,0
2194592743396253647,2194592743396253647-1473343516-1473343516,2194592743396253647-1473177487-1473177487,Social,0.029412,0.7626470588,0,0
2194592743396253647,2194592743396253647-1473343516-1473343516,2194592743396253647-1472600412-1472600412,Direct,0.029412,0.7626470588,0,0
2194592743396253647,2194592743396253647-1473343516-1473343516,2194592743396253647-1472748196-1472748196,Social,0.029412,0.7626470588,0,0
2194592743396253647,2194592743396253647-1473343516-1473343516,2194592743396253647-1473204455-1473204455,Social,0.029412,0.7626470588,0,0
2194592743396253647,2194592743396253647-1473343516-1473343516,2194592743396253647-1473173641-1473173641,Social,0.029412,0.7626470588,0,0
2194592743396253647,2194592743396253647-1473343516-1473343516,2194592743396253647-1473029165-1473029165,Social,0.029412,0.7626470588,0,0
2194592743396253647,2194592743396253647-1473343516-1473343516,2194592743396253647-1473270745-1473270745,Social,0.029412,0.7626470588,0,0
2194592743396253647,2194592743396253647-1473343516-1473343516,2194592743396253647-1472480234-1472480234,Direct,0.029412,0.7626470588,0,0
2194592743396253647,2194592743396253647-1473343516-1473343516,2194592743396253647-1472670132-1472670132,Social,0.029412,0.7626470588,0,0
2194592743396253647,2194592743396253647-1473343516-1473343516,2194592743396253647-1472745403-1472745403,Social,0.029412,0.7626470588,0,0
2194592743396253647,2194592743396253647-1473343516-1473343516,2194592743396253647-1471996493-1471996493,Direct,0.029412,0.7626470588,0,0
7224140740863178929,7224140740863178929-1478132460-1478132460,7224140740863178929-1478132460-1478132460,Referral,0.250000,13.4425,1,53.77
7224140740863178929,7224140740863178929-1478132460-1478132460,7224140740863178929-1477099326-1477099326,Organic Search,0.250000,13.4425,0,0
7224140740863178929,7224140740863178929-1478132460-1478132460,7224140740863178929-1478053110-1478053110,Referral,0.250000,13.4425,0,0
7224140740863178929,7224140740863178929-1478132460-1478132460,7224140740863178929-1477623529-1477623529,Referral,0.250000,13.4425,0,0
1076409378746585633,1076409378746585633-1498163781-1498163781,1076409378746585633-1482887410-1482887410,Referral,0.045455,1.09,0,0
1076409378746585633,1076409378746585633-1498163781-1498163781,1076409378746585633-1497460309-1497460309,Referral,0.045455,1.09,0,0
1076409378746585633,1076409378746585633-1498163781-1498163781,1076409378746585633-1482863909-1482863909,Referral,0.045455,1.09,0,0
1076409378746585633,1076409378746585633-1498163781-1498163781,1076409378746585633-1496339211-1496339211,Referral,0.045455,1.09,0,0
1076409378746585633,1076409378746585633-1498163781-1498163781,1076409378746585633-1495746379-1495746379,Referral,0.045455,1.09,0,0
1076409378746585633,1076409378746585633-1498163781-1498163781,1076409378746585633-1484267522-1484267522,Display,0.045455,1.09,0,0
1076409378746585633,1076409378746585633-1498163781-1498163781,1076409378746585633-1482978039-1482978039,Referral,0.045455,1.09,0,0
1076409378746585633,1076409378746585633-1498163781-1498163781,1076409378746585633-1484691911-1484691911,Display,0.045455,1.09,0,0
1076409378746585633,1076409378746585633-1498163781-1498163781,1076409378746585633-1493414386-1493414386,Referral,0.045455,1.09,0,0
1076409378746585633,1076409378746585633-1498163781-1498163781,1076409378746585633-1482356555-1482356555,Referral,0.045455,1.09,0,0
1076409378746585633,1076409378746585633-1498163781-1498163781,1076409378746585633-1490749200-1490749200,Display,0.045455,1.09,0,0
1076409378746585633,1076409378746585633-1498163781-1498163781,1076409378746585633-1488243792-1488243792,Display,0.045455,1.09,0,0
1076409378746585633,1076409378746585633-1498163781-1498163781,1076409378746585633-1494264053-1494264053,Referral,0.045455,1.09,0,0
1076409378746585633,1076409378746585633-1498163781-1498163781,1076409378746585633-1497893077-1497893077,Referral,0.045455,1.09,0,0
1076409378746585633,1076409378746585633-1498163781-1498163781,1076409378746585633-1484272270-1484272270,Display,0.045455,1.09,0,0
1076409378746585633,1076409378746585633-1498163781-1498163781,1076409378746585633-1493223841-1493223841,Referral,0.045455,1.09,0,0
1076409378746585633,1076409378746585633-1498163781-1498163781,1076409378746585633-1485736774-1485736774,Display,0.045455,1.09,0,0
1076409378746585633,1076409378746585633-1498163781-1498163781,1076409378746585633-1498163781-1498163781,Referral,0.045455,1.09,1,23.98
1076409378746585633,1076409378746585633-1498163781-1498163781,1076409378746585633-1486405887-1486405887,Display,0.045455,1.09,0,0
1076409378746585633,1076409378746585633-1498163781-1498163781,1076409378746585633-1493403579-1493403579,Referral,0.045455,1.09,0,0
1076409378746585633,1076409378746585633-1498163781-1498163781,1076409378746585633-1485280368-1485280368,Display,0.045455,1.09,0,0
1076409378746585633,1076409378746585633-1498163781-1498163781,1076409378746585633-1497755813-1497755813,Referral,0.045455,1.09,0,0
6007122140557180806,6007122140557180806-1472085418-1472085418,6007122140557180806-1472085319-1472085319,Organic Search,0.333333,8.163333333,0,0
6007122140557180806,6007122140557180806-1472085418-1472085418,6007122140557180806-1472082175-1472082175,Organic Search,0.333333,8.163333333,0,0
6007122140557180806,6007122140557180806-1472085418-1472085418,6007122140557180806-1472085418-1472085418,Referral,0.333333,8.163333333,1,24.49
2507708267031281102,2507708267031281102-1495431442-1495431442,2507708267031281102-1495343235-1495343235,Referral,0.250000,10.04,0,0
2507708267031281102,2507708267031281102-1495431442-1495431442,2507708267031281102-1494567350-1494567350,Referral,0.250000,10.04,0,0
2507708267031281102,2507708267031281102-1495431442-1495431442,2507708267031281102-1494705246-1494705246,Organic Search,0.250000,10.04,0,0
2507708267031281102,2507708267031281102-1495431442-1495431442,2507708267031281102-1495431442-1495431442,Referral,0.250000,10.04,1,40.16
6878161609945815580,6878161609945815580-1476117259-1476117259,6878161609945815580-1474563255-1474563255,Referral,0.200000,1.64,0,0
6878161609945815580,6878161609945815580-1476117259-1476117259,6878161609945815580-1474555532-1474555532,Organic Search,0.200000,1.64,0,0
6878161609945815580,6878161609945815580-1476117259-1476117259,6878161609945815580-1474563177-1474563177,Organic Search,0.200000,1.64,0,0
6878161609945815580,6878161609945815580-1476117259-1476117259,6878161609945815580-1474479784-1474479784,Organic Search,0.200000,1.64,0,0
6878161609945815580,6878161609945815580-1476117259-1476117259,6878161609945815580-1476117259-1476117259,Referral,0.200000,1.64,1,8.2
026401348536755877,026401348536755877-1475280121-1475280121,026401348536755877-1475280121-1475280121,Referral,0.125000,11.82,1,94.56
026401348536755877,026401348536755877-1475280121-1475280121,026401348536755877-1475041329-1475041329,Referral,0.125000,11.82,0,0
026401348536755877,026401348536755877-1475280121-1475280121,026401348536755877-1475272543-1475272543,Referral,0.125000,11.82,0,0
026401348536755877,026401348536755877-1475280121-1475280121,026401348536755877-1474894258-1474894258,Organic Search,0.125000,11.82,0,0
026401348536755877,026401348536755877-1475280121-1475280121,026401348536755877-1475081208-1475081208,Referral,0.125000,11.82,0,0
026401348536755877,026401348536755877-1475280121-1475280121,026401348536755877-1475012240-1475012240,Referral,0.125000,11.82,0,0
026401348536755877,026401348536755877-1475280121-1475280121,026401348536755877-1474894551-1474894551,Referral,0.125000,11.82,0,0
026401348536755877,026401348536755877-1475280121-1475280121,026401348536755877-1475275127-1475275127,Referral,0.125000,11.82,0,0
9469223284221868281,9469223284221868281-1481522106-1481522106,9469223284221868281-1481521017-1481521017,Referral,0.250000,18.8475,0,0
9469223284221868281,9469223284221868281-1481522106-1481522106,9469223284221868281-1481521790-1481521790,Organic Search,0.250000,18.8475,0,0
9469223284221868281,9469223284221868281-1481522106-1481522106,9469223284221868281-1481522106-1481522106,Referral,0.250000,18.8475,1,75.39
9469223284221868281,9469223284221868281-1481522106-1481522106,9469223284221868281-1481504368-1481504368,Referral,0.250000,18.8475,0,0
391734717153151205,391734717153151205-1501179173-1501179173,391734717153151205-1500991801-1500991801,Paid Search,0.250000,14.4925,0,0
391734717153151205,391734717153151205-1501179173-1501179173,391734717153151205-1500928709-1500928709,Paid Search,0.250000,14.4925,0,0
391734717153151205,391734717153151205-1501179173-1501179173,391734717153151205-1500943095-1500943095,Paid Search,0.250000,14.4925,0,0
391734717153151205,391734717153151205-1501179173-1501179173,391734717153151205-1501179173-1501179173,Organic Search,0.250000,14.4925,1,57.97
2667042982185975310,2667042982185975310-1487351541-1487351541,2667042982185975310-1484764178-1484764178,Paid Search,0.142857,5.855714286,0,0
2667042982185975310,2667042982185975310-1487351541-1487351541,2667042982185975310-1481065937-1481065937,Organic Search,0.142857,5.855714286,0,0
2667042982185975310,2667042982185975310-1487351541-1487351541,2667042982185975310-1487283656-1487283656,Paid Search,0.142857,5.855714286,0,0
2667042982185975310,2667042982185975310-1487351541-1487351541,2667042982185975310-1481160870-1481160870,Organic Search,0.142857,5.855714286,0,0
2667042982185975310,2667042982185975310-1487351541-1487351541,2667042982185975310-1487283650-1487283650,Organic Search,0.142857,5.855714286,0,0
2667042982185975310,2667042982185975310-1487351541-1487351541,2667042982185975310-1487351541-1487351541,Paid Search,0.142857,5.855714286,1,40.99
2667042982185975310,2667042982185975310-1487351541-1487351541,2667042982185975310-1481224115-1481224115,Organic Search,0.142857,5.855714286,0,0
6523689521258381197,6523689521258381197-1477251837-1477251837,6523689521258381197-1477251619-1477251619,Referral,0.166667,13.56,0,0
6523689521258381197,6523689521258381197-1477251837-1477251837,6523689521258381197-1475614577-1475614577,Direct,0.166667,13.56,0,0
6523689521258381197,6523689521258381197-1477251837-1477251837,6523689521258381197-1475593251-1475593251,Direct,0.166667,13.56,0,0
6523689521258381197,6523689521258381197-1477251837-1477251837,6523689521258381197-1477251837-1477251837,Referral,0.166667,13.56,1,81.36
6523689521258381197,6523689521258381197-1477251837-1477251837,6523689521258381197-1477080348-1477080348,Referral,0.166667,13.56,0,0
6523689521258381197,6523689521258381197-1477251837-1477251837,6523689521258381197-1475623983-1475623983,Direct,0.166667,13.56,0,0
5789628268074280391,5789628268074280391-1488681619-1488681619,5789628268074280391-1488681619-1488681619,Organic Search,0.333333,17.596666667,1,52.79
5789628268074280391,5789628268074280391-1488681619-1488681619,5789628268074280391-1482525013-1482525013,Referral,0.333333,17.596666667,0,0
5789628268074280391,5789628268074280391-1488681619-1488681619,5789628268074280391-1482613140-1482613140,Referral,0.333333,17.596666667,0,0
500926353574528949,500926353574528949-1491191147-1491191147,500926353574528949-1486776398-1486776398,Display,0.142857,1.51,0,0
500926353574528949,500926353574528949-1491191147-1491191147,500926353574528949-1483677635-1483677635,Organic Search,0.142857,1.51,0,0
500926353574528949,500926353574528949-1491191147-1491191147,500926353574528949-1489467270-1489467270,Paid Search,0.142857,1.51,0,0
500926353574528949,500926353574528949-1491191147-1491191147,500926353574528949-1491157895-1491157895,Organic Search,0.142857,1.51,0,0
500926353574528949,500926353574528949-1491191147-1491191147,500926353574528949-1491191147-1491191147,Organic Search,0.142857,1.51,1,10.57
500926353574528949,500926353574528949-1491191147-1491191147,500926353574528949-1485583053-1485583053,Paid Search,0.142857,1.51,0,0
500926353574528949,500926353574528949-1491191147-1491191147,500926353574528949-1489128167-1489128167,Paid Search,0.142857,1.51,0,0
4488234939678302618,4488234939678302618-1471640988-1471640988,4488234939678302618-1470103518-1470103518,Referral,0.166667,4.176666667,0,0
4488234939678302618,4488234939678302618-1471640988-1471640988,4488234939678302618-1471640988-1471640988,Referral,0.166667,4.176666667,1,25.06
4488234939678302618,4488234939678302618-1471640988-1471640988,4488234939678302618-1470680704-1470680704,Display,0.166667,4.176666667,0,0
4488234939678302618,4488234939678302618-1471640988-1471640988,4488234939678302618-1470680646-1470680646,Referral,0.166667,4.176666667,0,0
4488234939678302618,4488234939678302618-1471640988-1471640988,4488234939678302618-1471542761-1471542761,Referral,0.166667,4.176666667,0,0
4488234939678302618,4488234939678302618-1471640988-1471640988,4488234939678302618-1470181894-1470181894,Referral,0.166667,4.176666667,0,0
6534928919321366267,6534928919321366267-1492988427-1492988427,6534928919321366267-1485124736-1485124736,Organic Search,0.090909,2.906363636,0,0
6534928919321366267,6534928919321366267-1492988427-1492988427,6534928919321366267-1492988427-1492988427,Organic Search,0.090909,2.906363636,1,31.97
6534928919321366267,6534928919321366267-1492988427-1492988427,6534928919321366267-1486924420-1486924420,Social,0.090909,2.906363636,0,0
6534928919321366267,6534928919321366267-1492988427-1492988427,6534928919321366267-1486517605-1486517605,Display,0.090909,2.906363636,0,0
6534928919321366267,6534928919321366267-1492988427-1492988427,6534928919321366267-1473509948-1473509948,Referral,0.090909,2.906363636,0,0
6534928919321366267,6534928919321366267-1492988427-1492988427,6534928919321366267-1470442228-1470442228,Organic Search,0.090909,2.906363636,0,0
6534928919321366267,6534928919321366267-1492988427-1492988427,6534928919321366267-1473509464-1473509464,Organic Search,0.090909,2.906363636,0,0
6534928919321366267,6534928919321366267-1492988427-1492988427,6534928919321366267-1485558222-1485558222,Display,0.090909,2.906363636,0,0
6534928919321366267,6534928919321366267-1492988427-1492988427,6534928919321366267-1485553949-1485553949,Display,0.090909,2.906363636,0,0
6534928919321366267,6534928919321366267-1492988427-1492988427,6534928919321366267-1483047336-1483047336,Organic Search,0.090909,2.906363636,0,0
6534928919321366267,6534928919321366267-1492988427-1492988427,6534928919321366267-1473595387-1473595387,Referral,0.090909,2.906363636,0,0
827758820563592695,827758820563592695-1481952033-1481952033,827758820563592695-1481269389-1481269389,Organic Search,0.250000,20.24,0,0
827758820563592695,827758820563592695-1481952033-1481952033,827758820563592695-1472184702-1472184702,Referral,0.250000,20.24,0,0
827758820563592695,827758820563592695-1481952033-1481952033,827758820563592695-1481150900-1481150900,Organic Search,0.250000,20.24,0,0
827758820563592695,827758820563592695-1481952033-1481952033,827758820563592695-1481952033-1481952033,Organic Search,0.250000,20.24,1,80.96
5920338215143617287,5920338215143617287-1485361941-1485361941,5920338215143617287-1485356850-1485356850,Organic Search,0.333333,67.933333333,0,0
5920338215143617287,5920338215143617287-1485361941-1485361941,5920338215143617287-1485358430-1485358430,Referral,0.333333,67.933333333,0,0
5920338215143617287,5920338215143617287-1485361941-1485361941,5920338215143617287-1485361941-1485361941,Referral,0.333333,67.933333333,1,203.8
0709049510464090446,0709049510464090446-1492793425-1492793425,0709049510464090446-1492793322-1492793322,Organic Search,0.333333,28.33,0,0
0709049510464090446,0709049510464090446-1492793425-1492793425,0709049510464090446-1492793425-1492793425,Referral,0.333333,28.33,1,84.99
0709049510464090446,0709049510464090446-1492793425-1492793425,0709049510464090446-1491871664-1491871664,Referral,0.333333,28.33,0,0
9588908882266612738,9588908882266612738-1481911090-1481911090,9588908882266612738-1481911090-1481911090,Referral,0.250000,8.445,1,33.78
9588908882266612738,9588908882266612738-1481911090-1481911090,9588908882266612738-1481043582-1481043582,Organic Search,0.250000,8.445,0,0
9588908882266612738,9588908882266612738-1481911090-1481911090,9588908882266612738-1477407108-1477407108,Referral,0.250000,8.445,0,0
9588908882266612738,9588908882266612738-1481911090-1481911090,9588908882266612738-1479565152-1479565152,Referral,0.250000,8.445,0,0
9110454426797065694,9110454426797065694-1496165935-1496165935,9110454426797065694-1496165935-1496165935,Referral,0.666667,204.283333333,2,612.85
9110454426797065694,9110454426797065694-1496165935-1496165935,9110454426797065694-1495650106-1495650106,Organic Search,0.666667,204.283333333,0,0
9110454426797065694,9110454426797065694-1496165935-1496165935,9110454426797065694-1495742632-1495742632,Organic Search,0.666667,204.283333333,0,0
6048454076257067950,6048454076257067950-1491860253-1491860253,6048454076257067950-1491860253-1491860253,Referral,0.333333,165.133333333,1,495.4
6048454076257067950,6048454076257067950-1491860253-1491860253,6048454076257067950-1491497534-1491497534,Organic Search,0.333333,165.133333333,0,0
6048454076257067950,6048454076257067950-1491860253-1491860253,6048454076257067950-1491491826-1491491826,Organic Search,0.333333,165.133333333,0,0
127249576187763439,127249576187763439-1471761270-1471761270,127249576187763439-1471761270-1471761270,Referral,0.333333,77.053333333,1,231.16
127249576187763439,127249576187763439-1471761270-1471761270,127249576187763439-1471760971-1471760971,Paid Search,0.333333,77.053333333,0,0
127249576187763439,127249576187763439-1471761270-1471761270,127249576187763439-1471697586-1471697586,Paid Search,0.333333,77.053333333,0,0
0114893528564579143,0114893528564579143-1482106474-1482106474,0114893528564579143-1482030549-1482030549,Direct,0.166667,4.83,0,0
0114893528564579143,0114893528564579143-1482106474-1482106474,0114893528564579143-1482002761-1482002761,Direct,0.166667,4.83,0,0
0114893528564579143,0114893528564579143-1482106474-1482106474,0114893528564579143-1482072724-1482072724,Organic Search,0.166667,4.83,0,0
0114893528564579143,0114893528564579143-1482106474-1482106474,0114893528564579143-1482075140-1482075140,Organic Search,0.166667,4.83,0,0
0114893528564579143,0114893528564579143-1482106474-1482106474,0114893528564579143-1482030659-1482030659,Organic Search,0.166667,4.83,0,0
0114893528564579143,0114893528564579143-1482106474-1482106474,0114893528564579143-1482106474-1482106474,Organic Search,0.166667,4.83,1,28.98
2377126524987232945,2377126524987232945-1500477989-1500477989,2377126524987232945-1498862257-1498862257,Organic Search,0.250000,20.8875,0,0
2377126524987232945,2377126524987232945-1500477989-1500477989,2377126524987232945-1499194250-1499194250,Referral,0.250000,20.8875,0,0
2377126524987232945,2377126524987232945-1500477989-1500477989,2377126524987232945-1500477989-1500477989,Organic Search,0.250000,20.8875,1,83.55
2377126524987232945,2377126524987232945-1500477989-1500477989,2377126524987232945-1500435612-1500435612,Organic Search,0.250000,20.8875,0,0
4835082938415020542,4835082938415020542-1488766308-1488766308,4835082938415020542-1487907211-1487907211,Organic Search,0.166667,126.03,0,0
4835082938415020542,4835082938415020542-1488766308-1488766308,4835082938415020542-1487619201-1487619201,Direct,0.166667,126.03,0,0
4835082938415020542,4835082938415020542-1488766308-1488766308,4835082938415020542-1487909309-1487909309,Organic Search,0.166667,126.03,0,0
4835082938415020542,4835082938415020542-1488766308-1488766308,4835082938415020542-1487016724-1487016724,Direct,0.166667,126.03,0,0
4835082938415020542,4835082938415020542-1488766308-1488766308,4835082938415020542-1488766308-1488766308,Organic Search,0.166667,126.03,1,756.18
4835082938415020542,4835082938415020542-1488766308-1488766308,4835082938415020542-1487905102-1487905102,Direct,0.166667,126.03,0,0
1720006022504089919,1720006022504089919-1481339922-1481339922,1720006022504089919-1479923591-1479923593,Direct,0.037037,5.368888889,0,0
1720006022504089919,1720006022504089919-1481339922-1481339922,1720006022504089919-1479932825-1479932825,Direct,0.037037,5.368888889,0,0
1720006022504089919,1720006022504089919-1481339922-1481339922,1720006022504089919-1476289509-1476289509,Organic Search,0.037037,5.368888889,0,0
1720006022504089919,1720006022504089919-1481339922-1481339922,1720006022504089919-1481222358-1481222358,Direct,0.037037,5.368888889,0,0
1720006022504089919,1720006022504089919-1481339922-1481339922,1720006022504089919-1478271861-1478271865,Direct,0.037037,5.368888889,0,0
1720006022504089919,1720006022504089919-1481339922-1481339922,1720006022504089919-1478206778-1478206778,Direct,0.037037,5.368888889,0,0
1720006022504089919,1720006022504089919-1481339922-1481339922,1720006022504089919-1479942976-1479942976,Direct,0.037037,5.368888889,0,0
1720006022504089919,1720006022504089919-1481339922-1481339922,1720006022504089919-1481315364-1481315364,Direct,0.037037,5.368888889,0,0
1720006022504089919,1720006022504089919-1481339922-1481339922,1720006022504089919-1479941132-1479941132,Direct,0.037037,5.368888889,0,0
1720006022504089919,1720006022504089919-1481339922-1481339922,1720006022504089919-1480096547-1480096552,Direct,0.037037,5.368888889,0,0
1720006022504089919,1720006022504089919-1481339922-1481339922,1720006022504089919-1477590855-1477590857,Direct,0.037037,5.368888889,0,0
1720006022504089919,1720006022504089919-1481339922-1481339922,1720006022504089919-1480695530-1480695530,Direct,0.037037,5.368888889,0,0
1720006022504089919,1720006022504089919-1481339922-1481339922,1720006022504089919-1480818594-1480818594,Direct,0.037037,5.368888889,0,0
1720006022504089919,1720006022504089919-1481339922-1481339922,1720006022504089919-1476371138-1476371138,Organic Search,0.037037,5.368888889,0,0
1720006022504089919,1720006022504089919-1481339922-1481339922,1720006022504089919-1479926363-1479926363,Direct,0.037037,5.368888889,0,0
1720006022504089919,1720006022504089919-1481339922-1481339922,1720006022504089919-1479412498-1479412498,Direct,0.037037,5.368888889,0,0
1720006022504089919,1720006022504089919-1481339922-1481339922,1720006022504089919-1477600394-1477600396,Direct,0.037037,5.368888889,0,0
1720006022504089919,1720006022504089919-1481339922-1481339922,1720006022504089919-1479934723-1479934723,Direct,0.037037,5.368888889,0,0
1720006022504089919,1720006022504089919-1481339922-1481339922,1720006022504089919-1476914938-1476914938,Organic Search,0.037037,5.368888889,0,0
1720006022504089919,1720006022504089919-1481339922-1481339922,1720006022504089919-1481339922-1481339922,Direct,0.037037,5.368888889,1,144.96
1720006022504089919,1720006022504089919-1481339922-1481339922,1720006022504089919-1481304205-1481304205,Direct,0.037037,5.368888889,0,0
1720006022504089919,1720006022504089919-1481339922-1481339922,1720006022504089919-1480700043-1480700043,Direct,0.037037,5.368888889,0,0
1720006022504089919,1720006022504089919-1481339922-1481339922,1720006022504089919-1478283617-1478283619,Direct,0.037037,5.368888889,0,0
1720006022504089919,1720006022504089919-1481339922-1481339922,1720006022504089919-1479918716-1479918716,Direct,0.037037,5.368888889,0,0
1720006022504089919,1720006022504089919-1481339922-1481339922,1720006022504089919-1481155556-1481155564,Direct,0.037037,5.368888889,0,0
1720006022504089919,1720006022504089919-1481339922-1481339922,1720006022504089919-1477354980-1477355000,Organic Search,0.037037,5.368888889,0,0
1720006022504089919,1720006022504089919-1481339922-1481339922,1720006022504089919-1480961846-1480961846,Direct,0.037037,5.368888889,0,0
6561335265655404482,6561335265655404482-1473427993-1473427993,6561335265655404482-1473427993-1473427993,Referral,0.333333,14.726666667,1,44.18
6561335265655404482,6561335265655404482-1473427993-1473427993,6561335265655404482-1473387541-1473387541,Paid Search,0.333333,14.726666667,0,0
6561335265655404482,6561335265655404482-1473427993-1473427993,6561335265655404482-1473427486-1473427486,Paid Search,0.333333,14.726666667,0,0
7218697724746319622,7218697724746319622-1479415583-1479415583,7218697724746319622-1479415381-1479415381,Direct,0.333333,28.523333333,0,0
7218697724746319622,7218697724746319622-1479415583-1479415583,7218697724746319622-1479415583-1479415583,Organic Search,0.333333,28.523333333,1,85.57
7218697724746319622,7218697724746319622-1479415583-1479415583,7218697724746319622-1479149649-1479149649,Direct,0.333333,28.523333333,0,0
8843039531306434746,8843039531306434746-1473879057-1473879057,8843039531306434746-1473879057-1473879057,Referral,0.333333,13.366666667,1,40.1
8843039531306434746,8843039531306434746-1473879057-1473879057,8843039531306434746-1470703365-1470703365,Organic Search,0.333333,13.366666667,0,0
8843039531306434746,8843039531306434746-1473879057-1473879057,8843039531306434746-1470689308-1470689308,Organic Search,0.333333,13.366666667,0,0
2123761033073657135,2123761033073657135-1494823887-1494823887,2123761033073657135-1494369633-1494369633,Referral,0.333333,17.393333333,0,0
2123761033073657135,2123761033073657135-1494823887-1494823887,2123761033073657135-1494823887-1494823887,Referral,0.333333,17.393333333,1,52.18
2123761033073657135,2123761033073657135-1494823887-1494823887,2123761033073657135-1494369303-1494369303,Organic Search,0.333333,17.393333333,0,0
2122547835443026286,2122547835443026286-1499971856-1499971856,2122547835443026286-1499898967-1499898967,Paid Search,0.333333,17.593333333,0,0
2122547835443026286,2122547835443026286-1499971856-1499971856,2122547835443026286-1499971856-1499971856,Organic Search,0.333333,17.593333333,1,52.78
2122547835443026286,2122547835443026286-1499971856-1499971856,2122547835443026286-1499901617-1499901617,Organic Search,0.333333,17.593333333,0,0
7268732315672412988,7268732315672412988-1493424127-1493424127,7268732315672412988-1493096575-1493096575,Referral,0.200000,31.26,0,0
7268732315672412988,7268732315672412988-1493424127-1493424127,7268732315672412988-1493096606-1493096606,Organic Search,0.200000,31.26,0,0
7268732315672412988,7268732315672412988-1493424127-1493424127,7268732315672412988-1493093901-1493093901,Referral,0.200000,31.26,0,0
7268732315672412988,7268732315672412988-1493424127-1493424127,7268732315672412988-1493420513-1493420513,Organic Search,0.200000,31.26,0,0
7268732315672412988,7268732315672412988-1493424127-1493424127,7268732315672412988-1493424127-1493424127,Organic Search,0.200000,31.26,1,156.3
9392777155254383554,9392777155254383554-1479487643-1479487643,9392777155254383554-1479487643-1479487643,Referral,0.333333,93.6,1,280.8
9392777155254383554,9392777155254383554-1479487643-1479487643,9392777155254383554-1479483255-1479483255,Direct,0.333333,93.6,0,0
9392777155254383554,9392777155254383554-1479487643-1479487643,9392777155254383554-1479483330-1479483330,Referral,0.333333,93.6,0,0
8627561348122631479,8627561348122631479-1480988143-1480988143,8627561348122631479-1477465707-1477465707,Direct,0.142857,61,0,0
8627561348122631479,8627561348122631479-1480988143-1480988143,8627561348122631479-1478715431-1478715431,Direct,0.142857,61,0,0
8627561348122631479,8627561348122631479-1480988143-1480988143,8627561348122631479-1480952401-1480952401,Referral,0.142857,61,0,0
8627561348122631479,8627561348122631479-1480988143-1480988143,8627561348122631479-1477490023-1477490023,Direct,0.142857,61,0,0
8627561348122631479,8627561348122631479-1480988143-1480988143,8627561348122631479-1480988143-1480988143,Referral,0.142857,61,1,427
8627561348122631479,8627561348122631479-1480988143-1480988143,8627561348122631479-1478635242-1478635242,Direct,0.142857,61,0,0
8627561348122631479,8627561348122631479-1480988143-1480988143,8627561348122631479-1475702407-1475702407,Referral,0.142857,61,0,0
7238649130733042064,7238649130733042064-1500466655-1500466655,7238649130733042064-1500466655-1500466655,Referral,0.250000,73.85,1,295.4
7238649130733042064,7238649130733042064-1500466655-1500466655,7238649130733042064-1500314778-1500314778,Display,0.250000,73.85,0,0
7238649130733042064,7238649130733042064-1500466655-1500466655,7238649130733042064-1500403505-1500403505,Referral,0.250000,73.85,0,0
7238649130733042064,7238649130733042064-1500466655-1500466655,7238649130733042064-1500315196-1500315196,Display,0.250000,73.85,0,0
1651859636793476193,1651859636793476193-1475703352-1475703352,1651859636793476193-1475703352-1475703352,Organic Search,0.200000,95.628,1,478.14
1651859636793476193,1651859636793476193-1475703352-1475703352,1651859636793476193-1475527979-1475527979,Direct,0.200000,95.628,0,0
1651859636793476193,1651859636793476193-1475703352-1475703352,1651859636793476193-1475524593-1475524593,Direct,0.200000,95.628,0,0
1651859636793476193,1651859636793476193-1475703352-1475703352,1651859636793476193-1475625842-1475625842,Direct,0.200000,95.628,0,0
1651859636793476193,1651859636793476193-1475703352-1475703352,1651859636793476193-1475677396-1475677396,Direct,0.200000,95.628,0,0
7902252986541229075,7902252986541229075-1492709198-1492709198,7902252986541229075-1492709198-1492709198,Organic Search,0.333333,18.996666667,1,56.99
7902252986541229075,7902252986541229075-1492709198-1492709198,7902252986541229075-1492541594-1492541594,Referral,0.333333,18.996666667,0,0
7902252986541229075,7902252986541229075-1492709198-1492709198,7902252986541229075-1492539797-1492539797,Organic Search,0.333333,18.996666667,0,0
7756944371260493270,7756944371260493270-1476319199-1476319199,7756944371260493270-1473719087-1473719087,Direct,0.250000,32.25,0,0
7756944371260493270,7756944371260493270-1476319199-1476319199,7756944371260493270-1476076105-1476076105,Referral,0.250000,32.25,0,0
7756944371260493270,7756944371260493270-1476319199-1476319199,7756944371260493270-1476311080-1476311080,Referral,0.250000,32.25,0,0
7756944371260493270,7756944371260493270-1476319199-1476319199,7756944371260493270-1476319199-1476319199,Referral,0.250000,32.25,1,129
186231215995844689,186231215995844689-1501525374-1501525374,186231215995844689-1501523368-1501523368,Referral,0.333333,11.66,0,0
186231215995844689,186231215995844689-1501525374-1501525374,186231215995844689-1501523322-1501523322,Organic Search,0.333333,11.66,0,0
186231215995844689,186231215995844689-1501525374-1501525374,186231215995844689-1501525374-1501525374,Referral,0.333333,11.66,1,34.98
6002089299065068862,6002089299065068862-1493663214-1493663214,6002089299065068862-1479272757-1479272757,Referral,0.043478,3.051304348,0,0
6002089299065068862,6002089299065068862-1493663214-1493663214,6002089299065068862-1479139321-1479139321,Referral,0.043478,3.051304348,0,0
6002089299065068862,6002089299065068862-1493663214-1493663214,6002089299065068862-1479143990-1479143990,Referral,0.043478,3.051304348,0,0
6002089299065068862,6002089299065068862-1493663214-1493663214,6002089299065068862-1479262401-1479262401,Referral,0.043478,3.051304348,0,0
6002089299065068862,6002089299065068862-1493663214-1493663214,6002089299065068862-1471270103-1471270103,Direct,0.043478,3.051304348,0,0
6002089299065068862,6002089299065068862-1493663214-1493663214,6002089299065068862-1483893513-1483893513,Referral,0.043478,3.051304348,0,0
6002089299065068862,6002089299065068862-1493663214-1493663214,6002089299065068862-1483974395-1483974395,Referral,0.043478,3.051304348,0,0
6002089299065068862,6002089299065068862-1493663214-1493663214,6002089299065068862-1480978178-1480978178,Referral,0.043478,3.051304348,0,0
6002089299065068862,6002089299065068862-1493663214-1493663214,6002089299065068862-1487688468-1487688468,Referral,0.043478,3.051304348,0,0
6002089299065068862,6002089299065068862-1493663214-1493663214,6002089299065068862-1487964360-1487964360,Referral,0.043478,3.051304348,0,0
6002089299065068862,6002089299065068862-1493663214-1493663214,6002089299065068862-1478828562-1478828562,Referral,0.043478,3.051304348,0,0
6002089299065068862,6002089299065068862-1493663214-1493663214,6002089299065068862-1478712781-1478712781,Referral,0.043478,3.051304348,0,0
6002089299065068862,6002089299065068862-1493663214-1493663214,6002089299065068862-1488088198-1488088198,Referral,0.043478,3.051304348,0,0
6002089299065068862,6002089299065068862-1493663214-1493663214,6002089299065068862-1479103825-1479103825,Referral,0.043478,3.051304348,0,0
6002089299065068862,6002089299065068862-1493663214-1493663214,6002089299065068862-1490896412-1490896412,Referral,0.043478,3.051304348,0,0
6002089299065068862,6002089299065068862-1493663214-1493663214,6002089299065068862-1478875662-1478875662,Referral,0.043478,3.051304348,0,0
6002089299065068862,6002089299065068862-1493663214-1493663214,6002089299065068862-1479339691-1479339691,Referral,0.043478,3.051304348,0,0
6002089299065068862,6002089299065068862-1493663214-1493663214,6002089299065068862-1493663214-1493663214,Direct,0.043478,3.051304348,1,70.18
6002089299065068862,6002089299065068862-1493663214-1493663214,6002089299065068862-1478788276-1478788276,Referral,0.043478,3.051304348,0,0
6002089299065068862,6002089299065068862-1493663214-1493663214,6002089299065068862-1476798021-1476798021,Referral,0.043478,3.051304348,0,0
6002089299065068862,6002089299065068862-1493663214-1493663214,6002089299065068862-1478894665-1478894665,Referral,0.043478,3.051304348,0,0
6002089299065068862,6002089299065068862-1493663214-1493663214,6002089299065068862-1478652259-1478652259,Referral,0.043478,3.051304348,0,0
6002089299065068862,6002089299065068862-1493663214-1493663214,6002089299065068862-1483649584-1483649584,Referral,0.043478,3.051304348,0,0
6297315177129333197,6297315177129333197-1481549863-1481549863,6297315177129333197-1481301085-1481301085,Direct,0.500000,17.99,0,0
6297315177129333197,6297315177129333197-1481549863-1481549863,6297315177129333197-1481549863-1481549863,Organic Search,0.500000,17.99,1,35.98
7541330018561344090,7541330018561344090-1493234106-1493234106,7541330018561344090-1492317324-1492317324,Referral,0.200000,17.798,0,0
7541330018561344090,7541330018561344090-1493234106-1493234106,7541330018561344090-1492813091-1492813091,Display,0.200000,17.798,0,0
7541330018561344090,7541330018561344090-1493234106-1493234106,7541330018561344090-1492022690-1492022690,Referral,0.200000,17.798,0,0
7541330018561344090,7541330018561344090-1493234106-1493234106,7541330018561344090-1493230716-1493230716,Referral,0.200000,17.798,0,0
7541330018561344090,7541330018561344090-1493234106-1493234106,7541330018561344090-1493234106-1493234106,Referral,0.200000,17.798,1,88.99
0085057281729508802,0085057281729508802-1483421832-1483421832,0085057281729508802-1472511361-1472511361,Referral,0.083333,3.280833333,0,0
0085057281729508802,0085057281729508802-1483421832-1483421832,0085057281729508802-1475528773-1475528773,Organic Search,0.083333,3.280833333,0,0
0085057281729508802,0085057281729508802-1483421832-1483421832,0085057281729508802-1482421364-1482421364,Organic Search,0.083333,3.280833333,0,0
0085057281729508802,0085057281729508802-1483421832-1483421832,0085057281729508802-1474332818-1474332818,Referral,0.083333,3.280833333,0,0
0085057281729508802,0085057281729508802-1483421832-1483421832,0085057281729508802-1479160488-1479160488,Organic Search,0.083333,3.280833333,0,0
0085057281729508802,0085057281729508802-1483421832-1483421832,0085057281729508802-1476737610-1476737610,Organic Search,0.083333,3.280833333,0,0
0085057281729508802,0085057281729508802-1483421832-1483421832,0085057281729508802-1479162601-1479162601,Organic Search,0.083333,3.280833333,0,0
0085057281729508802,0085057281729508802-1483421832-1483421832,0085057281729508802-1481741869-1481741869,Organic Search,0.083333,3.280833333,0,0
0085057281729508802,0085057281729508802-1483421832-1483421832,0085057281729508802-1475697875-1475697875,Organic Search,0.083333,3.280833333,0,0
0085057281729508802,0085057281729508802-1483421832-1483421832,0085057281729508802-1481759013-1481759013,Organic Search,0.083333,3.280833333,0,0
0085057281729508802,0085057281729508802-1483421832-1483421832,0085057281729508802-1471279092-1471279092,Organic Search,0.083333,3.280833333,0,0
0085057281729508802,0085057281729508802-1483421832-1483421832,0085057281729508802-1483421832-1483421832,Organic Search,0.083333,3.280833333,1,39.37
6750525537628913149,6750525537628913149-1480365229-1480365229,6750525537628913149-1479867795-1479867795,Paid Search,0.200000,16.396,0,0
6750525537628913149,6750525537628913149-1480365229-1480365229,6750525537628913149-1478554547-1478554547,Direct,0.200000,16.396,0,0
6750525537628913149,6750525537628913149-1480365229-1480365229,6750525537628913149-1480365229-1480365229,Paid Search,0.200000,16.396,1,81.98
6750525537628913149,6750525537628913149-1480365229-1480365229,6750525537628913149-1479253029-1479253029,Direct,0.200000,16.396,0,0
6750525537628913149,6750525537628913149-1480365229-1480365229,6750525537628913149-1480358050-1480358050,Paid Search,0.200000,16.396,0,0
953713676730854570,953713676730854570-1499896870-1499896870,953713676730854570-1499282022-1499282022,Paid Search,0.333333,7.01,0,0
953713676730854570,953713676730854570-1499896870-1499896870,953713676730854570-1499443590-1499443590,Paid Search,0.333333,7.01,0,0
953713676730854570,953713676730854570-1499896870-1499896870,953713676730854570-1499896870-1499896870,Organic Search,0.333333,7.01,1,21.03
2447459948678913300,2447459948678913300-1470335169-1470335169,2447459948678913300-1470247848-1470247848,Direct,0.166667,3.765,0,0
2447459948678913300,2447459948678913300-1470335169-1470335169,2447459948678913300-1470171637-1470171637,Direct,0.166667,3.765,0,0
2447459948678913300,2447459948678913300-1470335169-1470335169,2447459948678913300-1470251284-1470251284,Direct,0.166667,3.765,0,0
2447459948678913300,2447459948678913300-1470335169-1470335169,2447459948678913300-1470317141-1470317141,Referral,0.166667,3.765,0,0
2447459948678913300,2447459948678913300-1470335169-1470335169,2447459948678913300-1470232572-1470232572,Direct,0.166667,3.765,0,0
2447459948678913300,2447459948678913300-1470335169-1470335169,2447459948678913300-1470335169-1470335169,Referral,0.166667,3.765,1,22.59
4736934688918195489,4736934688918195489-1498193138-1498193138,4736934688918195489-1497761408-1497761408,Direct,0.333333,36.793333333,0,0
4736934688918195489,4736934688918195489-1498193138-1498193138,4736934688918195489-1498193138-1498193138,Organic Search,0.333333,36.793333333,1,110.38
4736934688918195489,4736934688918195489-1498193138-1498193138,4736934688918195489-1497761622-1497761622,Organic Search,0.333333,36.793333333,0,0
5584411114546174652,5584411114546174652-1500321920-1500321920,5584411114546174652-1500298982-1500298982,Organic Search,0.444444,10.568888889,0,0
5584411114546174652,5584411114546174652-1500321920-1500321920,5584411114546174652-1500321920-1500321920,Referral,0.444444,10.568888889,4,95.12
5584411114546174652,5584411114546174652-1500321920-1500321920,5584411114546174652-1500318614-1500318614,Referral,0.444444,10.568888889,0,0
5584411114546174652,5584411114546174652-1500321920-1500321920,5584411114546174652-1500298857-1500298857,Referral,0.444444,10.568888889,0,0
5584411114546174652,5584411114546174652-1500321920-1500321920,5584411114546174652-1500298973-1500298973,Organic Search,0.444444,10.568888889,0,0
5584411114546174652,5584411114546174652-1500321920-1500321920,5584411114546174652-1500298821-1500298821,Organic Search,0.444444,10.568888889,0,0
5584411114546174652,5584411114546174652-1500321920-1500321920,5584411114546174652-1500298826-1500298826,Organic Search,0.444444,10.568888889,0,0
5584411114546174652,5584411114546174652-1500321920-1500321920,5584411114546174652-1500298833-1500298833,Organic Search,0.444444,10.568888889,0,0
5584411114546174652,5584411114546174652-1500321920-1500321920,5584411114546174652-1499804232-1499804232,Referral,0.444444,10.568888889,0,0
4143982060803736810,4143982060803736810-1475075191-1475075191,4143982060803736810-1470324755-1470324755,Direct,0.333333,17.663333333,0,0
4143982060803736810,4143982060803736810-1475075191-1475075191,4143982060803736810-1475075191-1475075191,Referral,0.333333,17.663333333,1,52.99
4143982060803736810,4143982060803736810-1475075191-1475075191,4143982060803736810-1473174124-1473174124,Referral,0.333333,17.663333333,0,0
3092487309701391768,3092487309701391768-1501118513-1501118513,3092487309701391768-1500354251-1500354251,Display,0.250000,6.0475,0,0
3092487309701391768,3092487309701391768-1501118513-1501118513,3092487309701391768-1500349309-1500349309,Display,0.250000,6.0475,0,0
3092487309701391768,3092487309701391768-1501118513-1501118513,3092487309701391768-1501118513-1501118513,Display,0.250000,6.0475,1,24.19
3092487309701391768,3092487309701391768-1501118513-1501118513,3092487309701391768-1500954142-1500954142,Organic Search,0.250000,6.0475,0,0
3090631969460248576,3090631969460248576-1477592443-1477592443,3090631969460248576-1477530666-1477530666,Direct,0.166667,3.765,0,0
3090631969460248576,3090631969460248576-1477592443-1477592443,3090631969460248576-1477511858-1477511858,Direct,0.166667,3.765,0,0
3090631969460248576,3090631969460248576-1477592443-1477592443,3090631969460248576-1477582266-1477582266,Referral,0.166667,3.765,0,0
3090631969460248576,3090631969460248576-1477592443-1477592443,3090631969460248576-1477357936-1477357936,Referral,0.166667,3.765,0,0
3090631969460248576,3090631969460248576-1477592443-1477592443,3090631969460248576-1477586263-1477586263,Referral,0.166667,3.765,0,0
3090631969460248576,3090631969460248576-1477592443-1477592443,3090631969460248576-1477592443-1477592443,Referral,0.166667,3.765,1,22.59
7406663400303851481,7406663400303851481-1481026711-1481026711,7406663400303851481-1481026711-1481026711,Organic Search,0.333333,17.326666667,1,51.98
7406663400303851481,7406663400303851481-1481026711-1481026711,7406663400303851481-1480425786-1480425786,Organic Search,0.333333,17.326666667,0,0
7406663400303851481,7406663400303851481-1481026711-1481026711,7406663400303851481-1480342126-1480342126,Referral,0.333333,17.326666667,0,0
1761613768305103159,1761613768305103159-1478540454-1478540454,1761613768305103159-1476124820-1476124820,Organic Search,0.333333,30.996666667,0,0
1761613768305103159,1761613768305103159-1478540454-1478540454,1761613768305103159-1478540454-1478540454,Referral,0.333333,30.996666667,1,92.99
1761613768305103159,1761613768305103159-1478540454-1478540454,1761613768305103159-1478276462-1478276462,Referral,0.333333,30.996666667,0,0
6691771095027731329,6691771095027731329-1482465728-1482465728,6691771095027731329-1481157596-1481157596,Referral,0.166667,7.595,0,0
6691771095027731329,6691771095027731329-1482465728-1482465728,6691771095027731329-1482464243-1482464243,Referral,0.166667,7.595,0,0
6691771095027731329,6691771095027731329-1482465728-1482465728,6691771095027731329-1479760892-1479760892,Referral,0.166667,7.595,0,0
6691771095027731329,6691771095027731329-1482465728-1482465728,6691771095027731329-1479428736-1479428736,Referral,0.166667,7.595,0,0
6691771095027731329,6691771095027731329-1482465728-1482465728,6691771095027731329-1482465728-1482465728,Organic Search,0.166667,7.595,1,45.57
6691771095027731329,6691771095027731329-1482465728-1482465728,6691771095027731329-1479489260-1479489260,Referral,0.166667,7.595,0,0
2337937577672192523,2337937577672192523-1489592031-1489592031,2337937577672192523-1489435002-1489435002,Direct,0.333333,103.116666667,0,0
2337937577672192523,2337937577672192523-1489592031-1489592031,2337937577672192523-1489592031-1489592031,Referral,0.333333,103.116666667,1,309.35
2337937577672192523,2337937577672192523-1489592031-1489592031,2337937577672192523-1489435352-1489435352,Referral,0.333333,103.116666667,0,0
155711517942843047,155711517942843047-1483470975-1483470975,155711517942843047-1478631461-1478631461,Organic Search,0.200000,21.462,0,0
155711517942843047,155711517942843047-1483470975-1483470975,155711517942843047-1481062455-1481062455,Organic Search,0.200000,21.462,0,0
155711517942843047,155711517942843047-1483470975-1483470975,155711517942843047-1476384063-1476384063,Referral,0.200000,21.462,0,0
155711517942843047,155711517942843047-1483470975-1483470975,155711517942843047-1478615887-1478615887,Referral,0.200000,21.462,0,0
155711517942843047,155711517942843047-1483470975-1483470975,155711517942843047-1483470975-1483470975,Organic Search,0.200000,21.462,1,107.31
6969285856438247424,6969285856438247424-1480558847-1480558847,6969285856438247424-1480558845-1480558845,Referral,0.333333,11.96,0,0
6969285856438247424,6969285856438247424-1480558847-1480558847,6969285856438247424-1480557349-1480557349,Organic Search,0.333333,11.96,0,0
6969285856438247424,6969285856438247424-1480558847-1480558847,6969285856438247424-1480558847-1480558847,Referral,0.333333,11.96,1,35.88
334730787234841354,334730787234841354-1470849506-1470849506,334730787234841354-1470268833-1470268833,Referral,0.111111,7.905555556,0,0
334730787234841354,334730787234841354-1470849506-1470849506,334730787234841354-1470438115-1470438115,Referral,0.111111,7.905555556,0,0
334730787234841354,334730787234841354-1470849506-1470849506,334730787234841354-1470688485-1470688485,Referral,0.111111,7.905555556,0,0
334730787234841354,334730787234841354-1470849506-1470849506,334730787234841354-1470699041-1470699041,Referral,0.111111,7.905555556,0,0
334730787234841354,334730787234841354-1470849506-1470849506,334730787234841354-1470333239-1470333239,Referral,0.111111,7.905555556,0,0
334730787234841354,334730787234841354-1470849506-1470849506,334730787234841354-1470700371-1470700371,Organic Search,0.111111,7.905555556,0,0
334730787234841354,334730787234841354-1470849506-1470849506,334730787234841354-1470165402-1470165402,Referral,0.111111,7.905555556,0,0
334730787234841354,334730787234841354-1470849506-1470849506,334730787234841354-1470849506-1470849506,Organic Search,0.111111,7.905555556,1,71.15
334730787234841354,334730787234841354-1470849506-1470849506,334730787234841354-1470680441-1470680441,Referral,0.111111,7.905555556,0,0
4615467220494146394,4615467220494146394-1499317876-1499317876,4615467220494146394-1494960798-1494960798,Referral,0.333333,5.396666667,0,0
4615467220494146394,4615467220494146394-1499317876-1499317876,4615467220494146394-1499317876-1499317876,Organic Search,0.333333,5.396666667,1,16.19
4615467220494146394,4615467220494146394-1499317876-1499317876,4615467220494146394-1497723836-1497723836,Organic Search,0.333333,5.396666667,0,0
5341271361784611942,5341271361784611942-1489783293-1489783293,5341271361784611942-1489778285-1489778285,Referral,0.200000,5.66,0,0
5341271361784611942,5341271361784611942-1489783293-1489783293,5341271361784611942-1487868371-1487868371,Direct,0.200000,5.66,0,0
5341271361784611942,5341271361784611942-1489783293-1489783293,5341271361784611942-1489783293-1489783293,Referral,0.200000,5.66,1,28.3
5341271361784611942,5341271361784611942-1489783293-1489783293,5341271361784611942-1488204108-1488204108,Direct,0.200000,5.66,0,0
5341271361784611942,5341271361784611942-1489783293-1489783293,5341271361784611942-1487812528-1487812528,Direct,0.200000,5.66,0,0
7908882748835077246,7908882748835077246-1484865190-1484865190,7908882748835077246-1484865190-1484865190,Referral,0.333333,12.393333333,1,37.18
7908882748835077246,7908882748835077246-1484865190-1484865190,7908882748835077246-1483468100-1483468100,Direct,0.333333,12.393333333,0,0
7908882748835077246,7908882748835077246-1484865190-1484865190,7908882748835077246-1483628037-1483628037,Direct,0.333333,12.393333333,0,0
2196696088271959039,2196696088271959039-1484073248-1484073248,2196696088271959039-1481949445-1481949445,Referral,0.250000,71.875,0,0
2196696088271959039,2196696088271959039-1484073248-1484073248,2196696088271959039-1481390969-1481390969,Organic Search,0.250000,71.875,0,0
2196696088271959039,2196696088271959039-1484073248-1484073248,2196696088271959039-1484073248-1484073248,Referral,0.250000,71.875,1,287.5
2196696088271959039,2196696088271959039-1484073248-1484073248,2196696088271959039-1481391211-1481391211,Referral,0.250000,71.875,0,0
5429715224330423936,5429715224330423936-1480537409-1480537409,5429715224330423936-1479768381-1479768381,Direct,0.250000,12.1925,0,0
5429715224330423936,5429715224330423936-1480537409-1480537409,5429715224330423936-1480537409-1480537409,Referral,0.250000,12.1925,1,48.77
5429715224330423936,5429715224330423936-1480537409-1480537409,5429715224330423936-1479750705-1479750705,Direct,0.250000,12.1925,0,0
5429715224330423936,5429715224330423936-1480537409-1480537409,5429715224330423936-1476307932-1476307932,Direct,0.250000,12.1925,0,0
770343271394368802,770343271394368802-1486284341-1486284341,770343271394368802-1486284341-1486284341,Referral,0.250000,5.4975,1,21.99
770343271394368802,770343271394368802-1486284341-1486284341,770343271394368802-1486094192-1486094192,Referral,0.250000,5.4975,0,0
770343271394368802,770343271394368802-1486284341-1486284341,770343271394368802-1485976573-1485976573,Referral,0.250000,5.4975,0,0
770343271394368802,770343271394368802-1486284341-1486284341,770343271394368802-1485915212-1485915212,Organic Search,0.250000,5.4975,0,0
8280304533450595822,8280304533450595822-1486899226-1486899226,8280304533450595822-1484569563-1484569563,Direct,0.166667,8.328333333,0,0
8280304533450595822,8280304533450595822-1486899226-1486899226,8280304533450595822-1486734421-1486734421,Organic Search,0.166667,8.328333333,0,0
8280304533450595822,8280304533450595822-1486899226-1486899226,8280304533450595822-1486727955-1486727955,Organic Search,0.166667,8.328333333,0,0
8280304533450595822,8280304533450595822-1486899226-1486899226,8280304533450595822-1486796879-1486796879,Organic Search,0.166667,8.328333333,0,0
8280304533450595822,8280304533450595822-1486899226-1486899226,8280304533450595822-1486727322-1486727322,Direct,0.166667,8.328333333,0,0
8280304533450595822,8280304533450595822-1486899226-1486899226,8280304533450595822-1486899226-1486899226,Organic Search,0.166667,8.328333333,1,49.97
3538928341316369424,3538928341316369424-1483045697-1483045697,3538928341316369424-1482910892-1482910892,Organic Search,0.333333,6.86,0,0
3538928341316369424,3538928341316369424-1483045697-1483045697,3538928341316369424-1483045697-1483045697,Referral,0.333333,6.86,1,20.58
3538928341316369424,3538928341316369424-1483045697-1483045697,3538928341316369424-1483041376-1483041376,Referral,0.333333,6.86,0,0
4081895043014351508,4081895043014351508-1495333130-1495333130,4081895043014351508-1490775852-1490775852,Paid Search,0.166667,3.163333333,0,0
4081895043014351508,4081895043014351508-1495333130-1495333130,4081895043014351508-1488855726-1488855726,Organic Search,0.166667,3.163333333,0,0
4081895043014351508,4081895043014351508-1495333130-1495333130,4081895043014351508-1488772906-1488772906,Organic Search,0.166667,3.163333333,0,0
4081895043014351508,4081895043014351508-1495333130-1495333130,4081895043014351508-1495333130-1495333130,Paid Search,0.166667,3.163333333,1,18.98
4081895043014351508,4081895043014351508-1495333130-1495333130,4081895043014351508-1488811957-1488811957,Organic Search,0.166667,3.163333333,0,0
4081895043014351508,4081895043014351508-1495333130-1495333130,4081895043014351508-1488820210-1488820210,Organic Search,0.166667,3.163333333,0,0
9501935735689807050,9501935735689807050-1482420560-1482420560,9501935735689807050-1471355622-1471355622,Direct,0.166667,3.198333333,0,0
9501935735689807050,9501935735689807050-1482420560-1482420560,9501935735689807050-1482354694-1482354694,Referral,0.166667,3.198333333,0,0
9501935735689807050,9501935735689807050-1482420560-1482420560,9501935735689807050-1471358879-1471358879,Direct,0.166667,3.198333333,0,0
9501935735689807050,9501935735689807050-1482420560-1482420560,9501935735689807050-1482420560-1482420560,Referral,0.166667,3.198333333,1,19.19
9501935735689807050,9501935735689807050-1482420560-1482420560,9501935735689807050-1478109513-1478109513,Direct,0.166667,3.198333333,0,0
9501935735689807050,9501935735689807050-1482420560-1482420560,9501935735689807050-1482416037-1482416037,Referral,0.166667,3.198333333,0,0
2003719620641352767,2003719620641352767-1473884351-1473884351,2003719620641352767-1473884351-1473884351,Referral,0.250000,43.105,1,172.42
2003719620641352767,2003719620641352767-1473884351-1473884351,2003719620641352767-1473460307-1473460307,Organic Search,0.250000,43.105,0,0
2003719620641352767,2003719620641352767-1473884351-1473884351,2003719620641352767-1473454621-1473454621,Organic Search,0.250000,43.105,0,0
2003719620641352767,2003719620641352767-1473884351-1473884351,2003719620641352767-1473883838-1473883838,Organic Search,0.250000,43.105,0,0
8885678008062348404,8885678008062348404-1483379496-1483379496,8885678008062348404-1483377251-1483377251,Direct,0.333333,21.663333333,0,0
8885678008062348404,8885678008062348404-1483379496-1483379496,8885678008062348404-1483379496-1483379496,Referral,0.333333,21.663333333,1,64.99
8885678008062348404,8885678008062348404-1483379496-1483379496,8885678008062348404-1483379211-1483379211,Direct,0.333333,21.663333333,0,0
691720966691550944,691720966691550944-1493844309-1493844309,691720966691550944-1493691526-1493691526,Organic Search,0.200000,18.836,0,0
691720966691550944,691720966691550944-1493844309-1493844309,691720966691550944-1493781796-1493781796,Paid Search,0.200000,18.836,0,0
691720966691550944,691720966691550944-1493844309-1493844309,691720966691550944-1493839899-1493839899,Paid Search,0.200000,18.836,0,0
691720966691550944,691720966691550944-1493844309-1493844309,691720966691550944-1493844309-1493844309,Paid Search,0.200000,18.836,1,94.18
691720966691550944,691720966691550944-1493844309-1493844309,691720966691550944-1493481229-1493481229,Organic Search,0.200000,18.836,0,0
4669628548646471061,4669628548646471061-1494028361-1494028361,4669628548646471061-1494028361-1494028361,Social,0.333333,22.726666667,1,68.18
4669628548646471061,4669628548646471061-1494028361-1494028361,4669628548646471061-1494028198-1494028198,Referral,0.333333,22.726666667,0,0
4669628548646471061,4669628548646471061-1494028361-1494028361,4669628548646471061-1493138798-1493138798,Referral,0.333333,22.726666667,0,0
6887689755860406789,6887689755860406789-1488308195-1488308195,6887689755860406789-1484073145-1484073145,Direct,0.200000,24.798,0,0
6887689755860406789,6887689755860406789-1488308195-1488308195,6887689755860406789-1487966162-1487966162,Referral,0.200000,24.798,0,0
6887689755860406789,6887689755860406789-1488308195-1488308195,6887689755860406789-1485980137-1485980137,Direct,0.200000,24.798,0,0
6887689755860406789,6887689755860406789-1488308195-1488308195,6887689755860406789-1485980647-1485980647,Referral,0.200000,24.798,0,0
6887689755860406789,6887689755860406789-1488308195-1488308195,6887689755860406789-1488308195-1488308195,Referral,0.200000,24.798,1,123.99
3525421750426916634,3525421750426916634-1496250074-1496250074,3525421750426916634-1483541014-1483541014,Direct,0.200000,11.284,0,0
3525421750426916634,3525421750426916634-1496250074-1496250074,3525421750426916634-1496178090-1496178090,Referral,0.200000,11.284,0,0
3525421750426916634,3525421750426916634-1496250074-1496250074,3525421750426916634-1496250074-1496250074,Referral,0.200000,11.284,1,56.42
3525421750426916634,3525421750426916634-1496250074-1496250074,3525421750426916634-1496160263-1496160263,Referral,0.200000,11.284,0,0
3525421750426916634,3525421750426916634-1496250074-1496250074,3525421750426916634-1496156170-1496156170,Referral,0.200000,11.284,0,0
2430203632291905757,2430203632291905757-1488422127-1488422127,2430203632291905757-1486616306-1486616306,Direct,0.200000,5.396,0,0
2430203632291905757,2430203632291905757-1488422127-1488422127,2430203632291905757-1486689514-1486689514,Direct,0.200000,5.396,0,0
2430203632291905757,2430203632291905757-1488422127-1488422127,2430203632291905757-1487635804-1487635804,Organic Search,0.200000,5.396,0,0
2430203632291905757,2430203632291905757-1488422127-1488422127,2430203632291905757-1487646633-1487646633,Organic Search,0.200000,5.396,0,0
2430203632291905757,2430203632291905757-1488422127-1488422127,2430203632291905757-1488422127-1488422127,Organic Search,0.200000,5.396,1,26.98
441571162186980261,441571162186980261-1495084883-1495084883,441571162186980261-1495071300-1495071300,Direct,0.250000,4.7475,0,0
441571162186980261,441571162186980261-1495084883-1495084883,441571162186980261-1495084883-1495084883,Referral,0.250000,4.7475,1,18.99
441571162186980261,441571162186980261-1495084883-1495084883,441571162186980261-1491457129-1491457129,Direct,0.250000,4.7475,0,0
441571162186980261,441571162186980261-1495084883-1495084883,441571162186980261-1495071619-1495071619,Referral,0.250000,4.7475,0,0
0193041826287662991,0193041826287662991-1471560137-1471560137,0193041826287662991-1470758876-1470758876,Direct,0.333333,3.286666667,0,0
0193041826287662991,0193041826287662991-1471560137-1471560137,0193041826287662991-1471279111-1471279111,Direct,0.333333,3.286666667,0,0
0193041826287662991,0193041826287662991-1471560137-1471560137,0193041826287662991-1471560137-1471560137,Organic Search,0.333333,3.286666667,1,9.86
8574963214851619381,8574963214851619381-1495248070-1495248070,8574963214851619381-1490916833-1490916833,Organic Search,0.250000,2.745,0,0
8574963214851619381,8574963214851619381-1495248070-1495248070,8574963214851619381-1490920424-1490920424,Organic Search,0.250000,2.745,0,0
8574963214851619381,8574963214851619381-1495248070-1495248070,8574963214851619381-1494983036-1494983036,Paid Search,0.250000,2.745,0,0
8574963214851619381,8574963214851619381-1495248070-1495248070,8574963214851619381-1495248070-1495248070,Paid Search,0.250000,2.745,1,10.98
3308039382193082920,3308039382193082920-1479265415-1479265415,3308039382193082920-1475643909-1475643909,Referral,0.200000,4.798,0,0
3308039382193082920,3308039382193082920-1479265415-1479265415,3308039382193082920-1476984305-1476984305,Social,0.200000,4.798,0,0
3308039382193082920,3308039382193082920-1479265415-1479265415,3308039382193082920-1478024063-1478024063,Social,0.200000,4.798,0,0
3308039382193082920,3308039382193082920-1479265415-1479265415,3308039382193082920-1476984150-1476984150,Social,0.200000,4.798,0,0
3308039382193082920,3308039382193082920-1479265415-1479265415,3308039382193082920-1479265415-1479265415,Referral,0.200000,4.798,1,23.99
5426533618446479401,5426533618446479401-1484957767-1484957767,5426533618446479401-1473686860-1473686860,Referral,0.333333,12.393333333,0,0
5426533618446479401,5426533618446479401-1484957767-1484957767,5426533618446479401-1475605792-1475605792,Organic Search,0.333333,12.393333333,0,0
5426533618446479401,5426533618446479401-1484957767-1484957767,5426533618446479401-1484957767-1484957767,Referral,0.333333,12.393333333,1,37.18
1740096949560523754,1740096949560523754-1483766331-1483766331,1740096949560523754-1482610774-1482610774,Referral,0.250000,1.2475,0,0
1740096949560523754,1740096949560523754-1483766331-1483766331,1740096949560523754-1483312475-1483312475,Referral,0.250000,1.2475,0,0
1740096949560523754,1740096949560523754-1483766331-1483766331,1740096949560523754-1483125055-1483125055,Referral,0.250000,1.2475,0,0
1740096949560523754,1740096949560523754-1483766331-1483766331,1740096949560523754-1483766331-1483766331,Organic Search,0.250000,1.2475,1,4.99
3701126995342341310,3701126995342341310-1489589339-1489589339,3701126995342341310-1489001729-1489001729,Referral,0.333333,18.46,0,0
3701126995342341310,3701126995342341310-1489589339-1489589339,3701126995342341310-1489001678-1489001678,Direct,0.333333,18.46,0,0
3701126995342341310,3701126995342341310-1489589339-1489589339,3701126995342341310-1489589339-1489589339,Referral,0.333333,18.46,1,55.38
9078321444578002385,9078321444578002385-1494432033-1494432033,9078321444578002385-1491838502-1491838502,Organic Search,0.166667,8.631666667,0,0
9078321444578002385,9078321444578002385-1494432033-1494432033,9078321444578002385-1492107257-1492107257,Organic Search,0.166667,8.631666667,0,0
9078321444578002385,9078321444578002385-1494432033-1494432033,9078321444578002385-1490884365-1490884365,Organic Search,0.166667,8.631666667,0,0
9078321444578002385,9078321444578002385-1494432033-1494432033,9078321444578002385-1494432033-1494432033,Social,0.166667,8.631666667,1,51.79
9078321444578002385,9078321444578002385-1494432033-1494432033,9078321444578002385-1493925305-1493925305,Social,0.166667,8.631666667,0,0
9078321444578002385,9078321444578002385-1494432033-1494432033,9078321444578002385-1492790257-1492790257,Organic Search,0.166667,8.631666667,0,0
9898247421236738052,9898247421236738052-1485905514-1485905514,9898247421236738052-1485905514-1485905514,Referral,0.250000,39.84,1,159.36
9898247421236738052,9898247421236738052-1485905514-1485905514,9898247421236738052-1485847628-1485847628,Referral,0.250000,39.84,0,0
9898247421236738052,9898247421236738052-1485905514-1485905514,9898247421236738052-1485842684-1485842684,Organic Search,0.250000,39.84,0,0
9898247421236738052,9898247421236738052-1485905514-1485905514,9898247421236738052-1485901513-1485901513,Referral,0.250000,39.84,0,0
3950894021411842984,3950894021411842984-1476902658-1476902658,3950894021411842984-1476241532-1476241532,Display,0.333333,59.583333333,0,0
3950894021411842984,3950894021411842984-1476902658-1476902658,3950894021411842984-1476205007-1476205007,Display,0.333333,59.583333333,0,0
3950894021411842984,3950894021411842984-1476902658-1476902658,3950894021411842984-1476902658-1476902658,Organic Search,0.333333,59.583333333,1,178.75
0998406341643073720,0998406341643073720-1490899835-1490899835,0998406341643073720-1490899192-1490899192,Referral,0.333333,19.793333333,0,0
0998406341643073720,0998406341643073720-1490899835-1490899835,0998406341643073720-1490899835-1490899835,Organic Search,0.333333,19.793333333,1,59.38
0998406341643073720,0998406341643073720-1490899835-1490899835,0998406341643073720-1486577570-1486577570,Organic Search,0.333333,19.793333333,0,0
7642599988772992308,7642599988772992308-1490228744-1490228744,7642599988772992308-1487100481-1487100481,Referral,0.125000,7.02,0,0
7642599988772992308,7642599988772992308-1490228744-1490228744,7642599988772992308-1489756721-1489756721,Display,0.125000,7.02,0,0
7642599988772992308,7642599988772992308-1490228744-1490228744,7642599988772992308-1490218283-1490218283,Referral,0.125000,7.02,0,0
7642599988772992308,7642599988772992308-1490228744-1490228744,7642599988772992308-1490228744-1490228744,Referral,0.125000,7.02,1,56.16
7642599988772992308,7642599988772992308-1490228744-1490228744,7642599988772992308-1489246841-1489246841,Referral,0.125000,7.02,0,0
7642599988772992308,7642599988772992308-1490228744-1490228744,7642599988772992308-1489417722-1489417722,Referral,0.125000,7.02,0,0
7642599988772992308,7642599988772992308-1490228744-1490228744,7642599988772992308-1485374024-1485374024,Display,0.125000,7.02,0,0
7642599988772992308,7642599988772992308-1490228744-1490228744,7642599988772992308-1487259844-1487259844,Display,0.125000,7.02,0,0
4792822839185962320,4792822839185962320-1485834622-1485834622,4792822839185962320-1485834286-1485834286,Organic Search,0.500000,7.995,0,0
4792822839185962320,4792822839185962320-1485834622-1485834622,4792822839185962320-1485834622-1485834622,Referral,0.500000,7.995,1,15.99
5276450311991413532,5276450311991413532-1477806712-1477806712,5276450311991413532-1477806712-1477806712,Referral,0.500000,24.895,1,49.79
5276450311991413532,5276450311991413532-1477806712-1477806712,5276450311991413532-1477806511-1477806511,Direct,0.500000,24.895,0,0
5137390233868271533,5137390233868271533-1476074673-1476074673,5137390233868271533-1473889256-1473889256,Direct,0.250000,8.7475,0,0
5137390233868271533,5137390233868271533-1476074673-1476074673,5137390233868271533-1476074097-1476074097,Direct,0.250000,8.7475,0,0
5137390233868271533,5137390233868271533-1476074673-1476074673,5137390233868271533-1476074673-1476074673,Referral,0.250000,8.7475,1,34.99
5137390233868271533,5137390233868271533-1476074673-1476074673,5137390233868271533-1473269824-1473269824,Direct,0.250000,8.7475,0,0
2805355288930230044,2805355288930230044-1497752264-1497752264,2805355288930230044-1497028387-1497028387,Direct,0.200000,10.358,0,0
2805355288930230044,2805355288930230044-1497752264-1497752264,2805355288930230044-1497752264-1497752264,Referral,0.200000,10.358,1,51.79
2805355288930230044,2805355288930230044-1497752264-1497752264,2805355288930230044-1497494683-1497494683,Direct,0.200000,10.358,0,0
2805355288930230044,2805355288930230044-1497752264-1497752264,2805355288930230044-1497488781-1497488781,Direct,0.200000,10.358,0,0
2805355288930230044,2805355288930230044-1497752264-1497752264,2805355288930230044-1497474300-1497474300,Direct,0.200000,10.358,0,0
1918500785081958231,1918500785081958231-1480636441-1480636441,1918500785081958231-1479761889-1479761889,Organic Search,0.500000,22.99,0,0
1918500785081958231,1918500785081958231-1480636441-1480636441,1918500785081958231-1480636441-1480636441,Paid Search,0.500000,22.99,1,45.98
9377429831454005466,9377429831454005466-1472508498-1472508498,9377429831454005466-1472508498-1472508498,Referral,0.250000,98.365,1,393.46
9377429831454005466,9377429831454005466-1472508498-1472508498,9377429831454005466-1472494368-1472494368,Organic Search,0.250000,98.365,0,0
9377429831454005466,9377429831454005466-1472508498-1472508498,9377429831454005466-1472503567-1472503567,Organic Search,0.250000,98.365,0,0
9377429831454005466,9377429831454005466-1472508498-1472508498,9377429831454005466-1472505514-1472505514,Referral,0.250000,98.365,0,0
9953956744551076841,9953956744551076841-1496851647-1496851647,9953956744551076841-1481073341-1481073341,Direct,0.500000,95.64,0,0
9953956744551076841,9953956744551076841-1496851647-1496851647,9953956744551076841-1496851647-1496851647,Referral,0.500000,95.64,1,191.28
5591828817981508202,5591828817981508202-1492104925-1492104925,5591828817981508202-1490308709-1490308709,Organic Search,0.166667,14.616666667,0,0
5591828817981508202,5591828817981508202-1492104925-1492104925,5591828817981508202-1492102157-1492102157,Organic Search,0.166667,14.616666667,0,0
5591828817981508202,5591828817981508202-1492104925-1492104925,5591828817981508202-1492104725-1492104725,Organic Search,0.166667,14.616666667,0,0
5591828817981508202,5591828817981508202-1492104925-1492104925,5591828817981508202-1492019669-1492019669,Referral,0.166667,14.616666667,0,0
5591828817981508202,5591828817981508202-1492104925-1492104925,5591828817981508202-1492104925-1492104925,Referral,0.166667,14.616666667,1,87.7
5591828817981508202,5591828817981508202-1492104925-1492104925,5591828817981508202-1492019228-1492019228,Organic Search,0.166667,14.616666667,0,0
6525565523346061607,6525565523346061607-1485912456-1485912456,6525565523346061607-1485912456-1485912456,Referral,0.250000,5.395,1,21.58
6525565523346061607,6525565523346061607-1485912456-1485912456,6525565523346061607-1481931796-1481931796,Organic Search,0.250000,5.395,0,0
6525565523346061607,6525565523346061607-1485912456-1485912456,6525565523346061607-1485904785-1485904785,Referral,0.250000,5.395,0,0
6525565523346061607,6525565523346061607-1485912456-1485912456,6525565523346061607-1484958440-1484958440,Referral,0.250000,5.395,0,0
3641621588258104680,3641621588258104680-1479266632-1479266632,3641621588258104680-1479248007-1479248007,Referral,0.333333,32.776666667,0,0
3641621588258104680,3641621588258104680-1479266632-1479266632,3641621588258104680-1479245732-1479245732,Direct,0.333333,32.776666667,0,0
3641621588258104680,3641621588258104680-1479266632-1479266632,3641621588258104680-1479266632-1479266632,Referral,0.333333,32.776666667,1,98.33
2644257335535694123,2644257335535694123-1477808633-1477808633,2644257335535694123-1476379420-1476379420,Organic Search,0.200000,9.918,0,0
2644257335535694123,2644257335535694123-1477808633-1477808633,2644257335535694123-1476140026-1476140026,Organic Search,0.200000,9.918,0,0
2644257335535694123,2644257335535694123-1477808633-1477808633,2644257335535694123-1477541148-1477541148,Referral,0.200000,9.918,0,0
2644257335535694123,2644257335535694123-1477808633-1477808633,2644257335535694123-1475815303-1475815303,Referral,0.200000,9.918,0,0
2644257335535694123,2644257335535694123-1477808633-1477808633,2644257335535694123-1477808633-1477808633,Referral,0.200000,9.918,1,49.59
2336992111054994391,2336992111054994391-1493748788-1493748788,2336992111054994391-1493313533-1493313533,Referral,0.200000,7.118,0,0
2336992111054994391,2336992111054994391-1493748788-1493748788,2336992111054994391-1493656967-1493656967,Referral,0.200000,7.118,0,0
2336992111054994391,2336992111054994391-1493748788-1493748788,2336992111054994391-1493313282-1493313282,Direct,0.200000,7.118,0,0
2336992111054994391,2336992111054994391-1493748788-1493748788,2336992111054994391-1493748788-1493748788,Referral,0.200000,7.118,1,35.59
2336992111054994391,2336992111054994391-1493748788-1493748788,2336992111054994391-1493743753-1493743753,Referral,0.200000,7.118,0,0
6347736525399420278,6347736525399420278-1483662404-1483662404,6347736525399420278-1480474594-1480474594,Referral,0.111111,5.532222222,0,0
6347736525399420278,6347736525399420278-1483662404-1483662404,6347736525399420278-1479190870-1479190870,Referral,0.111111,5.532222222,0,0
6347736525399420278,6347736525399420278-1483662404-1483662404,6347736525399420278-1477752167-1477752167,Direct,0.111111,5.532222222,0,0
6347736525399420278,6347736525399420278-1483662404-1483662404,6347736525399420278-1479364512-1479364512,Referral,0.111111,5.532222222,0,0
6347736525399420278,6347736525399420278-1483662404-1483662404,6347736525399420278-1483662404-1483662404,Referral,0.111111,5.532222222,1,49.79
6347736525399420278,6347736525399420278-1483662404-1483662404,6347736525399420278-1480379684-1480379684,Referral,0.111111,5.532222222,0,0
6347736525399420278,6347736525399420278-1483662404-1483662404,6347736525399420278-1477859932-1477859932,Referral,0.111111,5.532222222,0,0
6347736525399420278,6347736525399420278-1483662404-1483662404,6347736525399420278-1477795571-1477795571,Direct,0.111111,5.532222222,0,0
6347736525399420278,6347736525399420278-1483662404-1483662404,6347736525399420278-1479951954-1479951954,Referral,0.111111,5.532222222,0,0
6935939292011459030,6935939292011459030-1476470436-1476470436,6935939292011459030-1476470436-1476470436,Referral,0.250000,70.675,1,282.7
6935939292011459030,6935939292011459030-1476470436-1476470436,6935939292011459030-1476405768-1476405768,Display,0.250000,70.675,0,0
6935939292011459030,6935939292011459030-1476470436-1476470436,6935939292011459030-1476405806-1476405806,Referral,0.250000,70.675,0,0
6935939292011459030,6935939292011459030-1476470436-1476470436,6935939292011459030-1476470143-1476470143,Referral,0.250000,70.675,0,0
7344052172589114599,7344052172589114599-1481325142-1481325142,7344052172589114599-1479834734-1479834734,Referral,0.250000,15.9975,0,0
7344052172589114599,7344052172589114599-1481325142-1481325142,7344052172589114599-1479833632-1479833632,Organic Search,0.250000,15.9975,0,0
7344052172589114599,7344052172589114599-1481325142-1481325142,7344052172589114599-1481325142-1481325142,Referral,0.250000,15.9975,1,63.99
7344052172589114599,7344052172589114599-1481325142-1481325142,7344052172589114599-1479833161-1479833161,Referral,0.250000,15.9975,0,0
3449924104971285851,3449924104971285851-1485971936-1485971936,3449924104971285851-1484581643-1484581643,Display,0.166667,24.325,0,0
3449924104971285851,3449924104971285851-1485971936-1485971936,3449924104971285851-1482972041-1482972041,Organic Search,0.166667,24.325,0,0
3449924104971285851,3449924104971285851-1485971936-1485971936,3449924104971285851-1485971936-1485971936,Organic Search,0.166667,24.325,1,145.95
3449924104971285851,3449924104971285851-1485971936-1485971936,3449924104971285851-1484756662-1484756662,Display,0.166667,24.325,0,0
3449924104971285851,3449924104971285851-1485971936-1485971936,3449924104971285851-1485968619-1485968619,Organic Search,0.166667,24.325,0,0
3449924104971285851,3449924104971285851-1485971936-1485971936,3449924104971285851-1482942545-1482942545,Organic Search,0.166667,24.325,0,0
407927208045481071,407927208045481071-1474081205-1474081205,407927208045481071-1471030301-1471030301,Organic Search,0.166667,14.928333333,0,0
407927208045481071,407927208045481071-1474081205-1474081205,407927208045481071-1470272681-1470272681,Organic Search,0.166667,14.928333333,0,0
407927208045481071,407927208045481071-1474081205-1474081205,407927208045481071-1471704425-1471704425,Organic Search,0.166667,14.928333333,0,0
407927208045481071,407927208045481071-1474081205-1474081205,407927208045481071-1470273386-1470273386,Referral,0.166667,14.928333333,0,0
407927208045481071,407927208045481071-1474081205-1474081205,407927208045481071-1474081205-1474081205,Referral,0.166667,14.928333333,1,89.57
407927208045481071,407927208045481071-1474081205-1474081205,407927208045481071-1473691073-1473691073,Organic Search,0.166667,14.928333333,0,0
0290663072707523580,0290663072707523580-1484344382-1484344382,0290663072707523580-1483998122-1483998122,Organic Search,0.200000,49.66,0,0
0290663072707523580,0290663072707523580-1484344382-1484344382,0290663072707523580-1484339056-1484339056,Paid Search,0.200000,49.66,0,0
0290663072707523580,0290663072707523580-1484344382-1484344382,0290663072707523580-1483997842-1483997842,Paid Search,0.200000,49.66,0,0
0290663072707523580,0290663072707523580-1484344382-1484344382,0290663072707523580-1483651713-1483651713,Paid Search,0.200000,49.66,0,0
0290663072707523580,0290663072707523580-1484344382-1484344382,0290663072707523580-1484344382-1484344382,Organic Search,0.200000,49.66,1,248.3
4795790370118359645,4795790370118359645-1499893750-1499893750,4795790370118359645-1499893750-1499893750,Organic Search,0.500000,23.19,1,46.38
4795790370118359645,4795790370118359645-1499893750-1499893750,4795790370118359645-1499707474-1499707474,Referral,0.500000,23.19,0,0
6944407004438928008,6944407004438928008-1478672315-1478672315,6944407004438928008-1478576288-1478576288,Referral,0.333333,61.9,0,0
6944407004438928008,6944407004438928008-1478672315-1478672315,6944407004438928008-1478672315-1478672315,Organic Search,0.333333,61.9,1,185.7
6944407004438928008,6944407004438928008-1478672315-1478672315,6944407004438928008-1478573483-1478573483,Referral,0.333333,61.9,0,0
5087617268001908286,5087617268001908286-1478632325-1478632325,5087617268001908286-1478632325-1478632325,Display,0.250000,152.9975,1,611.99
5087617268001908286,5087617268001908286-1478632325-1478632325,5087617268001908286-1478575630-1478575630,Display,0.250000,152.9975,0,0
5087617268001908286,5087617268001908286-1478632325-1478632325,5087617268001908286-1478575638-1478575638,Display,0.250000,152.9975,0,0
5087617268001908286,5087617268001908286-1478632325-1478632325,5087617268001908286-1477672887-1477672887,Referral,0.250000,152.9975,0,0
7148144150778064807,7148144150778064807-1481574622-1481574622,7148144150778064807-1479476994-1479476994,Direct,0.250000,15.44,0,0
7148144150778064807,7148144150778064807-1481574622-1481574622,7148144150778064807-1479747281-1479747281,Direct,0.250000,15.44,0,0
7148144150778064807,7148144150778064807-1481574622-1481574622,7148144150778064807-1481574622-1481574622,Referral,0.250000,15.44,1,61.76
7148144150778064807,7148144150778064807-1481574622-1481574622,7148144150778064807-1479573633-1479573633,Direct,0.250000,15.44,0,0
6326829918051380975,6326829918051380975-1481662348-1481662348,6326829918051380975-1480809003-1480809003,Paid Search,0.125000,3.37375,0,0
6326829918051380975,6326829918051380975-1481662348-1481662348,6326829918051380975-1478813035-1478813035,Paid Search,0.125000,3.37375,0,0
6326829918051380975,6326829918051380975-1481662348-1481662348,6326829918051380975-1479571519-1479571519,Paid Search,0.125000,3.37375,0,0
6326829918051380975,6326829918051380975-1481662348-1481662348,6326829918051380975-1481662348-1481662348,Organic Search,0.125000,3.37375,1,26.99
6326829918051380975,6326829918051380975-1481662348-1481662348,6326829918051380975-1478807942-1478807942,Paid Search,0.125000,3.37375,0,0
6326829918051380975,6326829918051380975-1481662348-1481662348,6326829918051380975-1480451055-1480451055,Paid Search,0.125000,3.37375,0,0
6326829918051380975,6326829918051380975-1481662348-1481662348,6326829918051380975-1477693295-1477693295,Organic Search,0.125000,3.37375,0,0
6326829918051380975,6326829918051380975-1481662348-1481662348,6326829918051380975-1480788941-1480788941,Paid Search,0.125000,3.37375,0,0
3849055062112562467,3849055062112562467-1480960719-1480960719,3849055062112562467-1478128338-1478128338,Organic Search,0.500000,20.685,0,0
3849055062112562467,3849055062112562467-1480960719-1480960719,3849055062112562467-1480960719-1480960719,Referral,0.500000,20.685,1,41.37
9807072102349488174,9807072102349488174-1482452954-1482452954,9807072102349488174-1482452954-1482452954,Organic Search,0.250000,30.7475,1,122.99
9807072102349488174,9807072102349488174-1482452954-1482452954,9807072102349488174-1478873469-1478873469,Display,0.250000,30.7475,0,0
9807072102349488174,9807072102349488174-1482452954-1482452954,9807072102349488174-1482450698-1482450698,Organic Search,0.250000,30.7475,0,0
9807072102349488174,9807072102349488174-1482452954-1482452954,9807072102349488174-1482422254-1482422254,Organic Search,0.250000,30.7475,0,0
1986045889598602804,1986045889598602804-1480360509-1480360509,1986045889598602804-1480360509-1480360509,Referral,0.500000,32.495,1,64.99
1986045889598602804,1986045889598602804-1480360509-1480360509,1986045889598602804-1480360203-1480360203,Display,0.500000,32.495,0,0
7270080953464199743,7270080953464199743-1485552658-1485552658,7270080953464199743-1484848582-1484848582,Referral,0.200000,20.998,0,0
7270080953464199743,7270080953464199743-1485552658-1485552658,7270080953464199743-1484084519-1484084519,Display,0.200000,20.998,0,0
7270080953464199743,7270080953464199743-1485552658-1485552658,7270080953464199743-1484848493-1484848493,Paid Search,0.200000,20.998,0,0
7270080953464199743,7270080953464199743-1485552658-1485552658,7270080953464199743-1484848372-1484848372,Paid Search,0.200000,20.998,0,0
7270080953464199743,7270080953464199743-1485552658-1485552658,7270080953464199743-1485552658-1485552658,Referral,0.200000,20.998,1,104.99
8461696435976971245,8461696435976971245-1476482087-1476482087,8461696435976971245-1476481128-1476481128,Organic Search,0.333333,7.33,0,0
8461696435976971245,8461696435976971245-1476482087-1476482087,8461696435976971245-1476481866-1476481866,Referral,0.333333,7.33,0,0
8461696435976971245,8461696435976971245-1476482087-1476482087,8461696435976971245-1476482087-1476482087,Organic Search,0.333333,7.33,1,21.99
4076862635585033778,4076862635585033778-1484077031-1484077031,4076862635585033778-1484077031-1484077031,Referral,0.250000,228.8,1,915.2
4076862635585033778,4076862635585033778-1484077031-1484077031,4076862635585033778-1476739476-1476739476,Direct,0.250000,228.8,0,0
4076862635585033778,4076862635585033778-1484077031-1484077031,4076862635585033778-1481593735-1481593735,Referral,0.250000,228.8,0,0
4076862635585033778,4076862635585033778-1484077031-1484077031,4076862635585033778-1482867903-1482867903,Referral,0.250000,228.8,0,0
6484779449302553395,6484779449302553395-1481047420-1481047420,6484779449302553395-1480441513-1480441519,Direct,0.333333,25.996666667,0,0
6484779449302553395,6484779449302553395-1481047420-1481047420,6484779449302553395-1481047420-1481047420,Referral,0.333333,25.996666667,1,77.99
6484779449302553395,6484779449302553395-1481047420-1481047420,6484779449302553395-1480958776-1480958779,Direct,0.333333,25.996666667,0,0
3404526408923397238,3404526408923397238-1497023239-1497023239,3404526408923397238-1495205514-1495205514,Social,0.200000,65.44,0,0
3404526408923397238,3404526408923397238-1497023239-1497023239,3404526408923397238-1496370033-1496370033,Referral,0.200000,65.44,0,0
3404526408923397238,3404526408923397238-1497023239-1497023239,3404526408923397238-1497023239-1497023239,Referral,0.200000,65.44,1,327.2
3404526408923397238,3404526408923397238-1497023239-1497023239,3404526408923397238-1493343452-1493343452,Referral,0.200000,65.44,0,0
3404526408923397238,3404526408923397238-1497023239-1497023239,3404526408923397238-1495728033-1495728033,Referral,0.200000,65.44,0,0
7836922432734266850,7836922432734266850-1494984572-1494984572,7836922432734266850-1494984572-1494984572,Organic Search,0.500000,8.145,1,16.29
7836922432734266850,7836922432734266850-1494984572-1494984572,7836922432734266850-1494984556-1494984556,Paid Search,0.500000,8.145,0,0
2349461252171876066,2349461252171876066-1492457426-1492457426,2349461252171876066-1492457426-1492457426,Referral,0.500000,233.1,1,466.2
2349461252171876066,2349461252171876066-1492457426-1492457426,2349461252171876066-1490658012-1490658012,Direct,0.500000,233.1,0,0
5787719394143012193,5787719394143012193-1487203373-1487203373,5787719394143012193-1487203373-1487203373,Paid Search,0.250000,9.645,1,38.58
5787719394143012193,5787719394143012193-1487203373-1487203373,5787719394143012193-1485374893-1485374893,Referral,0.250000,9.645,0,0
5787719394143012193,5787719394143012193-1487203373-1487203373,5787719394143012193-1485388964-1485388964,Referral,0.250000,9.645,0,0
5787719394143012193,5787719394143012193-1487203373-1487203373,5787719394143012193-1485392706-1485392706,Referral,0.250000,9.645,0,0
3568066398889653649,3568066398889653649-1494977984-1494977984,3568066398889653649-1472319118-1472319118,Referral,0.333333,7.663333333,0,0
3568066398889653649,3568066398889653649-1494977984-1494977984,3568066398889653649-1494977984-1494977984,Direct,0.333333,7.663333333,1,22.99
3568066398889653649,3568066398889653649-1494977984-1494977984,3568066398889653649-1471581278-1471581278,Referral,0.333333,7.663333333,0,0
6431612783925997248,6431612783925997248-1480974918-1480974918,6431612783925997248-1480526445-1480526445,Paid Search,0.250000,6.4975,0,0
6431612783925997248,6431612783925997248-1480974918-1480974918,6431612783925997248-1480835404-1480835404,Organic Search,0.250000,6.4975,0,0
6431612783925997248,6431612783925997248-1480974918-1480974918,6431612783925997248-1480526664-1480526664,Organic Search,0.250000,6.4975,0,0
6431612783925997248,6431612783925997248-1480974918-1480974918,6431612783925997248-1480974918-1480974918,Organic Search,0.250000,6.4975,1,25.99
1413300845517352724,1413300845517352724-1483354066-1483354066,1413300845517352724-1481903701-1481903701,Referral,0.058824,7.904117647,0,0
1413300845517352724,1413300845517352724-1483354066-1483354066,1413300845517352724-1481731156-1481731156,Referral,0.058824,7.904117647,0,0
1413300845517352724,1413300845517352724-1483354066-1483354066,1413300845517352724-1483201199-1483201199,Referral,0.058824,7.904117647,0,0
1413300845517352724,1413300845517352724-1483354066-1483354066,1413300845517352724-1481403028-1481403028,Referral,0.058824,7.904117647,0,0
1413300845517352724,1413300845517352724-1483354066-1483354066,1413300845517352724-1481556671-1481556671,Referral,0.058824,7.904117647,0,0
1413300845517352724,1413300845517352724-1483354066-1483354066,1413300845517352724-1483354066-1483354066,Referral,0.058824,7.904117647,1,134.37
1413300845517352724,1413300845517352724-1483354066-1483354066,1413300845517352724-1482422687-1482422687,Referral,0.058824,7.904117647,0,0
1413300845517352724,1413300845517352724-1483354066-1483354066,1413300845517352724-1482426246-1482426246,Referral,0.058824,7.904117647,0,0
1413300845517352724,1413300845517352724-1483354066-1483354066,1413300845517352724-1483318999-1483318999,Referral,0.058824,7.904117647,0,0
1413300845517352724,1413300845517352724-1483354066-1483354066,1413300845517352724-1483232756-1483232756,Referral,0.058824,7.904117647,0,0
1413300845517352724,1413300845517352724-1483354066-1483354066,1413300845517352724-1483309380-1483309380,Referral,0.058824,7.904117647,0,0
1413300845517352724,1413300845517352724-1483354066-1483354066,1413300845517352724-1481308937-1481308937,Referral,0.058824,7.904117647,0,0
1413300845517352724,1413300845517352724-1483354066-1483354066,1413300845517352724-1479492671-1479492671,Organic Search,0.058824,7.904117647,0,0
1413300845517352724,1413300845517352724-1483354066-1483354066,1413300845517352724-1483226204-1483226204,Referral,0.058824,7.904117647,0,0
1413300845517352724,1413300845517352724-1483354066-1483354066,1413300845517352724-1481816770-1481816770,Referral,0.058824,7.904117647,0,0
1413300845517352724,1413300845517352724-1483354066-1483354066,1413300845517352724-1482187398-1482187398,Referral,0.058824,7.904117647,0,0
1413300845517352724,1413300845517352724-1483354066-1483354066,1413300845517352724-1481929914-1481929914,Referral,0.058824,7.904117647,0,0
3508419666243874603,3508419666243874603-1498242081-1498242081,3508419666243874603-1497287752-1497287752,Organic Search,0.250000,77.0875,0,0
3508419666243874603,3508419666243874603-1498242081-1498242081,3508419666243874603-1498242081-1498242081,Referral,0.250000,77.0875,1,308.35
3508419666243874603,3508419666243874603-1498242081-1498242081,3508419666243874603-1498202685-1498202685,Referral,0.250000,77.0875,0,0
3508419666243874603,3508419666243874603-1498242081-1498242081,3508419666243874603-1494985201-1494985201,Organic Search,0.250000,77.0875,0,0
4600436186837518358,4600436186837518358-1491361567-1491361567,4600436186837518358-1473790454-1473790454,Organic Search,0.500000,15.99,0,0
4600436186837518358,4600436186837518358-1491361567-1491361567,4600436186837518358-1491361567-1491361567,Referral,0.500000,15.99,1,31.98
1790630358090197146,1790630358090197146-1499450651-1499450651,1790630358090197146-1498107944-1498107944,Referral,0.500000,31.985,0,0
1790630358090197146,1790630358090197146-1499450651-1499450651,1790630358090197146-1499450651-1499450651,Organic Search,0.500000,31.985,1,63.97
6529261967068003894,6529261967068003894-1477779404-1477779404,6529261967068003894-1477592083-1477592083,Direct,0.250000,16.64,0,0
6529261967068003894,6529261967068003894-1477779404-1477779404,6529261967068003894-1477545460-1477545460,Direct,0.250000,16.64,0,0
6529261967068003894,6529261967068003894-1477779404-1477779404,6529261967068003894-1477779404-1477779404,Organic Search,0.250000,16.64,1,66.56
6529261967068003894,6529261967068003894-1477779404-1477779404,6529261967068003894-1477355857-1477355857,Organic Search,0.250000,16.64,0,0
5606007994781234894,5606007994781234894-1473890582-1473890582,5606007994781234894-1473807236-1473807236,Direct,0.250000,7.5,0,0
5606007994781234894,5606007994781234894-1473890582-1473890582,5606007994781234894-1473890582-1473890582,Referral,0.250000,7.5,1,30
5606007994781234894,5606007994781234894-1473890582-1473890582,5606007994781234894-1473869758-1473869758,Referral,0.250000,7.5,0,0
5606007994781234894,5606007994781234894-1473890582-1473890582,5606007994781234894-1473869517-1473869517,Direct,0.250000,7.5,0,0
7003898420257026546,7003898420257026546-1480962318-1480962318,7003898420257026546-1480962318-1480962318,Referral,0.500000,10.095,1,20.19
7003898420257026546,7003898420257026546-1480962318-1480962318,7003898420257026546-1480041543-1480041543,Organic Search,0.500000,10.095,0,0
3089403106365222780,3089403106365222780-1498079330-1498079330,3089403106365222780-1498079330-1498079330,Referral,0.500000,31.185,1,62.37
3089403106365222780,3089403106365222780-1498079330-1498079330,3089403106365222780-1493787148-1493787148,Social,0.500000,31.185,0,0
0401157104421670800,0401157104421670800-1482239038-1482239038,0401157104421670800-1480524426-1480524426,Paid Search,0.500000,12.995,0,0
0401157104421670800,0401157104421670800-1482239038-1482239038,0401157104421670800-1482239038-1482239038,Organic Search,0.500000,12.995,1,25.99
2281022124483885140,2281022124483885140-1475207605-1475207605,2281022124483885140-1475207605-1475207605,Referral,0.500000,22.49,1,44.98
2281022124483885140,2281022124483885140-1475207605-1475207605,2281022124483885140-1475207583-1475207583,Direct,0.500000,22.49,0,0
6421960756925082099,6421960756925082099-1489350226-1489350226,6421960756925082099-1489349767-1489349767,Direct,0.500000,24.985,0,0
6421960756925082099,6421960756925082099-1489350226-1489350226,6421960756925082099-1489350226-1489350226,Organic Search,0.500000,24.985,1,49.97
939020494867094014,939020494867094014-1491237874-1491237874,939020494867094014-1490986696-1490986696,Organic Search,0.200000,13.198,0,0
939020494867094014,939020494867094014-1491237874-1491237874,939020494867094014-1490121014-1490121014,Organic Search,0.200000,13.198,0,0
939020494867094014,939020494867094014-1491237874-1491237874,939020494867094014-1490046981-1490046981,Organic Search,0.200000,13.198,0,0
939020494867094014,939020494867094014-1491237874-1491237874,939020494867094014-1491237803-1491237803,Organic Search,0.200000,13.198,0,0
939020494867094014,939020494867094014-1491237874-1491237874,939020494867094014-1491237874-1491237874,Referral,0.200000,13.198,1,65.99
7382792588713799931,7382792588713799931-1489259024-1489259024,7382792588713799931-1489111916-1489111916,Referral,0.250000,43.0825,0,0
7382792588713799931,7382792588713799931-1489259024-1489259024,7382792588713799931-1489259024-1489259024,Referral,0.250000,43.0825,1,172.33
7382792588713799931,7382792588713799931-1489259024-1489259024,7382792588713799931-1481998716-1481998716,Direct,0.250000,43.0825,0,0
7382792588713799931,7382792588713799931-1489259024-1489259024,7382792588713799931-1488921885-1488921885,Referral,0.250000,43.0825,0,0
1336773302249657175,1336773302249657175-1481553902-1481553902,1336773302249657175-1480944690-1480944690,Direct,0.500000,46.57,0,0
1336773302249657175,1336773302249657175-1481553902-1481553902,1336773302249657175-1481553902-1481553902,Referral,0.500000,46.57,1,93.14
2832884882260579085,2832884882260579085-1495220876-1495220876,2832884882260579085-1494512036-1494512036,Organic Search,0.200000,7.076,0,0
2832884882260579085,2832884882260579085-1495220876-1495220876,2832884882260579085-1493672358-1493672358,Referral,0.200000,7.076,0,0
2832884882260579085,2832884882260579085-1495220876-1495220876,2832884882260579085-1494608842-1494608842,Organic Search,0.200000,7.076,0,0
2832884882260579085,2832884882260579085-1495220876-1495220876,2832884882260579085-1495220876-1495220876,Organic Search,0.200000,7.076,1,35.38
2832884882260579085,2832884882260579085-1495220876-1495220876,2832884882260579085-1493911171-1493911171,Organic Search,0.200000,7.076,0,0
5531467304590272597,5531467304590272597-1479314878-1479314878,5531467304590272597-1475652119-1475652119,Referral,0.333333,25.456666667,0,0
5531467304590272597,5531467304590272597-1479314878-1479314878,5531467304590272597-1475652263-1475652263,Organic Search,0.333333,25.456666667,0,0
5531467304590272597,5531467304590272597-1479314878-1479314878,5531467304590272597-1479314878-1479314878,Referral,0.333333,25.456666667,1,76.37
5697412043275754287,5697412043275754287-1476889581-1476889581,5697412043275754287-1475609150-1475609150,Direct,0.333333,6.863333333,0,0
5697412043275754287,5697412043275754287-1476889581-1476889581,5697412043275754287-1474923327-1474923327,Direct,0.333333,6.863333333,0,0
5697412043275754287,5697412043275754287-1476889581-1476889581,5697412043275754287-1476889581-1476889581,Referral,0.333333,6.863333333,1,20.59
913669713966268757,913669713966268757-1473957287-1473957287,913669713966268757-1473953395-1473953395,Referral,0.250000,76.7125,0,0
913669713966268757,913669713966268757-1473957287-1473957287,913669713966268757-1472653290-1472653290,Direct,0.250000,76.7125,0,0
913669713966268757,913669713966268757-1473957287-1473957287,913669713966268757-1473957287-1473957287,Referral,0.250000,76.7125,1,306.85
913669713966268757,913669713966268757-1473957287-1473957287,913669713966268757-1472653600-1472653600,Referral,0.250000,76.7125,0,0
4727798162657055121,4727798162657055121-1487868237-1487868237,4727798162657055121-1487599601-1487599601,Referral,0.333333,7.396666667,0,0
4727798162657055121,4727798162657055121-1487868237-1487868237,4727798162657055121-1487868237-1487868237,Referral,0.333333,7.396666667,1,22.19
4727798162657055121,4727798162657055121-1487868237-1487868237,4727798162657055121-1485900394-1485900394,Direct,0.333333,7.396666667,0,0
5921438305564932958,5921438305564932958-1481638377-1481638377,5921438305564932958-1479741896-1479741896,Social,0.250000,16.84,0,0
5921438305564932958,5921438305564932958-1481638377-1481638377,5921438305564932958-1479998977-1479998977,Social,0.250000,16.84,0,0
5921438305564932958,5921438305564932958-1481638377-1481638377,5921438305564932958-1481638377-1481638377,Referral,0.250000,16.84,1,67.36
5921438305564932958,5921438305564932958-1481638377-1481638377,5921438305564932958-1481391079-1481391079,Referral,0.250000,16.84,0,0
8617743471212010127,8617743471212010127-1492229034-1492229037,8617743471212010127-1492211960-1492211960,Referral,0.125000,5.62375,0,0
8617743471212010127,8617743471212010127-1492229034-1492229037,8617743471212010127-1492056814-1492056814,Referral,0.125000,5.62375,0,0
8617743471212010127,8617743471212010127-1492229034-1492229037,8617743471212010127-1485308034-1485308042,Direct,0.125000,5.62375,0,0
8617743471212010127,8617743471212010127-1492229034-1492229037,8617743471212010127-1490221827-1490221830,Direct,0.125000,5.62375,0,0
8617743471212010127,8617743471212010127-1492229034-1492229037,8617743471212010127-1488177377-1488177377,Direct,0.125000,5.62375,0,0
8617743471212010127,8617743471212010127-1492229034-1492229037,8617743471212010127-1488173134-1488173140,Direct,0.125000,5.62375,0,0
8617743471212010127,8617743471212010127-1492229034-1492229037,8617743471212010127-1492229034-1492229037,Referral,0.125000,5.62375,1,44.99
8617743471212010127,8617743471212010127-1492229034-1492229037,8617743471212010127-1489875887-1489875890,Direct,0.125000,5.62375,0,0
871496658333014729,871496658333014729-1476996127-1476996127,871496658333014729-1476972774-1476972774,Organic Search,0.333333,13.993333333,0,0
871496658333014729,871496658333014729-1476996127-1476996127,871496658333014729-1476996127-1476996127,Paid Search,0.333333,13.993333333,1,41.98
871496658333014729,871496658333014729-1476996127-1476996127,871496658333014729-1476979752-1476979752,Organic Search,0.333333,13.993333333,0,0
7861360542752225034,7861360542752225034-1475096139-1475096139,7861360542752225034-1470957679-1470957679,Display,0.200000,25.56,0,0
7861360542752225034,7861360542752225034-1475096139-1475096139,7861360542752225034-1475096139-1475096139,Organic Search,0.200000,25.56,1,127.8
7861360542752225034,7861360542752225034-1475096139-1475096139,7861360542752225034-1474481393-1474481393,Organic Search,0.200000,25.56,0,0
7861360542752225034,7861360542752225034-1475096139-1475096139,7861360542752225034-1474593078-1474593078,Organic Search,0.200000,25.56,0,0
7861360542752225034,7861360542752225034-1475096139-1475096139,7861360542752225034-1471045849-1471045849,Organic Search,0.200000,25.56,0,0
266182930830968097,266182930830968097-1471556962-1471556962,266182930830968097-1471556962-1471556962,Referral,0.500000,39.61,1,79.22
266182930830968097,266182930830968097-1471556962-1471556962,266182930830968097-1471556733-1471556733,Direct,0.500000,39.61,0,0
9838019020016513772,9838019020016513772-1473572882-1473572882,9838019020016513772-1470789357-1470789357,Referral,0.166667,17.175,0,0
9838019020016513772,9838019020016513772-1473572882-1473572882,9838019020016513772-1473405418-1473405418,Referral,0.166667,17.175,0,0
9838019020016513772,9838019020016513772-1473572882-1473572882,9838019020016513772-1473572882-1473572882,Referral,0.166667,17.175,1,103.05
9838019020016513772,9838019020016513772-1473572882-1473572882,9838019020016513772-1471834271-1471834271,Organic Search,0.166667,17.175,0,0
9838019020016513772,9838019020016513772-1473572882-1473572882,9838019020016513772-1471833631-1471833631,Referral,0.166667,17.175,0,0
9838019020016513772,9838019020016513772-1473572882-1473572882,9838019020016513772-1470727947-1470727947,Referral,0.166667,17.175,0,0
1835132804289989526,1835132804289989526-1499463315-1499463315,1835132804289989526-1499463315-1499463315,Referral,0.250000,25.75,1,103
1835132804289989526,1835132804289989526-1499463315-1499463315,1835132804289989526-1499356275-1499356275,Direct,0.250000,25.75,0,0
1835132804289989526,1835132804289989526-1499463315-1499463315,1835132804289989526-1499354030-1499354030,Direct,0.250000,25.75,0,0
1835132804289989526,1835132804289989526-1499463315-1499463315,1835132804289989526-1499460222-1499460222,Referral,0.250000,25.75,0,0
86382053515995633,86382053515995633-1482295037-1482295037,86382053515995633-1482295037-1482295037,Organic Search,0.500000,54.07,1,108.14
86382053515995633,86382053515995633-1482295037-1482295037,86382053515995633-1482293359-1482293359,Referral,0.500000,54.07,0,0
6820200829240883942,6820200829240883942-1497651282-1497651282,6820200829240883942-1497651282-1497651282,Organic Search,0.500000,31.495,1,62.99
6820200829240883942,6820200829240883942-1497651282-1497651282,6820200829240883942-1495571683-1495571683,Display,0.500000,31.495,0,0
4021608342887037417,4021608342887037417-1474417029-1474417029,4021608342887037417-1474417029-1474417029,Referral,0.500000,26.395,1,52.79
4021608342887037417,4021608342887037417-1474417029-1474417029,4021608342887037417-1474416509-1474416509,Direct,0.500000,26.395,0,0
4995584940873803432,4995584940873803432-1498486477-1498486477,4995584940873803432-1497988407-1497988407,Paid Search,0.250000,29.19,0,0
4995584940873803432,4995584940873803432-1498486477-1498486477,4995584940873803432-1498486477-1498486477,Organic Search,0.250000,29.19,1,116.76
4995584940873803432,4995584940873803432-1498486477-1498486477,4995584940873803432-1497289186-1497289186,Organic Search,0.250000,29.19,0,0
4995584940873803432,4995584940873803432-1498486477-1498486477,4995584940873803432-1497463936-1497463936,Organic Search,0.250000,29.19,0,0
0795389678082168807,0795389678082168807-1501008436-1501008436,0795389678082168807-1499981882-1499981882,Organic Search,0.250000,9.295,0,0
0795389678082168807,0795389678082168807-1501008436-1501008436,0795389678082168807-1501005705-1501005705,Organic Search,0.250000,9.295,0,0
0795389678082168807,0795389678082168807-1501008436-1501008436,0795389678082168807-1501008436-1501008436,Referral,0.250000,9.295,1,37.18
0795389678082168807,0795389678082168807-1501008436-1501008436,0795389678082168807-1500411284-1500411284,Organic Search,0.250000,9.295,0,0
2540160459028036466,2540160459028036466-1472144386-1472144386,2540160459028036466-1472144386-1472144386,Organic Search,0.666667,99.686666667,2,299.06
2540160459028036466,2540160459028036466-1472144386-1472144386,2540160459028036466-1472141864-1472141864,Direct,0.666667,99.686666667,0,0
2540160459028036466,2540160459028036466-1472144386-1472144386,2540160459028036466-1472141965-1472141965,Organic Search,0.666667,99.686666667,0,0
6926912273313312650,6926912273313312650-1478216221-1478216221,6926912273313312650-1476728934-1476728934,Direct,0.500000,37.995,0,0
6926912273313312650,6926912273313312650-1478216221-1478216221,6926912273313312650-1478216221-1478216221,Paid Search,0.500000,37.995,1,75.99
6925331235673331081,6925331235673331081-1495340124-1495340124,6925331235673331081-1495326965-1495326965,Paid Search,0.090909,5.36,0,0
6925331235673331081,6925331235673331081-1495340124-1495340124,6925331235673331081-1494275550-1494275550,Paid Search,0.090909,5.36,0,0
6925331235673331081,6925331235673331081-1495340124-1495340124,6925331235673331081-1495315783-1495315783,Paid Search,0.090909,5.36,0,0
6925331235673331081,6925331235673331081-1495340124-1495340124,6925331235673331081-1494359890-1494359890,Paid Search,0.090909,5.36,0,0
6925331235673331081,6925331235673331081-1495340124-1495340124,6925331235673331081-1494357589-1494357589,Paid Search,0.090909,5.36,0,0
6925331235673331081,6925331235673331081-1495340124-1495340124,6925331235673331081-1495242961-1495242961,Paid Search,0.090909,5.36,0,0
6925331235673331081,6925331235673331081-1495340124-1495340124,6925331235673331081-1494434444-1494434444,Paid Search,0.090909,5.36,0,0
6925331235673331081,6925331235673331081-1495340124-1495340124,6925331235673331081-1494452119-1494452119,Paid Search,0.090909,5.36,0,0
6925331235673331081,6925331235673331081-1495340124-1495340124,6925331235673331081-1495340124-1495340124,Paid Search,0.090909,5.36,1,58.96
6925331235673331081,6925331235673331081-1495340124-1495340124,6925331235673331081-1494438773-1494438773,Paid Search,0.090909,5.36,0,0
6925331235673331081,6925331235673331081-1495340124-1495340124,6925331235673331081-1494564616-1494564616,Organic Search,0.090909,5.36,0,0
6283843372660979164,6283843372660979164-1473183091-1473183091,6283843372660979164-1472863085-1472863085,Referral,0.250000,10.8875,0,0
6283843372660979164,6283843372660979164-1473183091-1473183091,6283843372660979164-1473183091-1473183091,Organic Search,0.250000,10.8875,1,43.55
6283843372660979164,6283843372660979164-1473183091-1473183091,6283843372660979164-1473182359-1473182359,Referral,0.250000,10.8875,0,0
6283843372660979164,6283843372660979164-1473183091-1473183091,6283843372660979164-1471238240-1471238240,Referral,0.250000,10.8875,0,0
1708063999877429517,1708063999877429517-1492122184-1492122184,1708063999877429517-1492122184-1492122184,Referral,0.500000,16.89,1,33.78
1708063999877429517,1708063999877429517-1492122184-1492122184,1708063999877429517-1492116095-1492116095,Display,0.500000,16.89,0,0
8188622413153223313,8188622413153223313-1493421371-1493421371,8188622413153223313-1493421355-1493421355,Direct,0.500000,18.295,0,0
8188622413153223313,8188622413153223313-1493421371-1493421371,8188622413153223313-1493421371-1493421371,Social,0.500000,18.295,1,36.59
9612869627266957386,9612869627266957386-1482635546-1482635546,9612869627266957386-1482635416-1482635416,Paid Search,0.500000,11.495,0,0
9612869627266957386,9612869627266957386-1482635546-1482635546,9612869627266957386-1482635546-1482635546,Referral,0.500000,11.495,1,22.99
7254480785524182260,7254480785524182260-1484760650-1484760650,7254480785524182260-1480358079-1480358079,Organic Search,0.500000,85.92,0,0
7254480785524182260,7254480785524182260-1484760650-1484760650,7254480785524182260-1484760650-1484760650,Paid Search,0.500000,85.92,1,171.84
5402571042001627330,5402571042001627330-1499259604-1499259604,5402571042001627330-1495585733-1495585733,Display,0.333333,16.856666667,0,0
5402571042001627330,5402571042001627330-1499259604-1499259604,5402571042001627330-1495558775-1495558775,Referral,0.333333,16.856666667,0,0
5402571042001627330,5402571042001627330-1499259604-1499259604,5402571042001627330-1499259604-1499259604,Referral,0.333333,16.856666667,1,50.57
8256695624571036150,8256695624571036150-1471930171-1471930171,8256695624571036150-1471929881-1471929881,Paid Search,0.333333,7.51,0,0
8256695624571036150,8256695624571036150-1471930171-1471930171,8256695624571036150-1471930171-1471930171,Organic Search,0.333333,7.51,1,22.53
8256695624571036150,8256695624571036150-1471930171-1471930171,8256695624571036150-1471499754-1471499754,Organic Search,0.333333,7.51,0,0
3907770685196037697,3907770685196037697-1470084579-1470084579,3907770685196037697-1470050008-1470050008,Organic Search,0.250000,3.2475,0,0
3907770685196037697,3907770685196037697-1470084579-1470084579,3907770685196037697-1470048486-1470048486,Direct,0.250000,3.2475,0,0
3907770685196037697,3907770685196037697-1470084579-1470084579,3907770685196037697-1470052145-1470052145,Organic Search,0.250000,3.2475,0,0
3907770685196037697,3907770685196037697-1470084579-1470084579,3907770685196037697-1470084579-1470084579,Organic Search,0.250000,3.2475,1,12.99
2101142366050947272,2101142366050947272-1481867475-1481867475,2101142366050947272-1481867475-1481867475,Referral,0.666667,53.12,2,159.36
2101142366050947272,2101142366050947272-1481867475-1481867475,2101142366050947272-1480536498-1480536498,Direct,0.666667,53.12,0,0
2101142366050947272,2101142366050947272-1481867475-1481867475,2101142366050947272-1481859868-1481859868,Referral,0.666667,53.12,0,0
2061193526205671721,2061193526205671721-1482604642-1482604642,2061193526205671721-1481670145-1481670145,Display,0.500000,14.995,0,0
2061193526205671721,2061193526205671721-1482604642-1482604642,2061193526205671721-1482604642-1482604642,Organic Search,0.500000,14.995,1,29.99
8750631063700257788,8750631063700257788-1475257761-1475257761,8750631063700257788-1473880470-1473880470,Direct,0.200000,10.316,0,0
8750631063700257788,8750631063700257788-1475257761-1475257761,8750631063700257788-1473952554-1473952554,Direct,0.200000,10.316,0,0
8750631063700257788,8750631063700257788-1475257761-1475257761,8750631063700257788-1474290142-1474290142,Direct,0.200000,10.316,0,0
8750631063700257788,8750631063700257788-1475257761-1475257761,8750631063700257788-1474294749-1474294749,Direct,0.200000,10.316,0,0
8750631063700257788,8750631063700257788-1475257761-1475257761,8750631063700257788-1475257761-1475257761,Referral,0.200000,10.316,1,51.58
1387130239596231760,1387130239596231760-1497535587-1497535587,1387130239596231760-1497363079-1497363079,Display,0.500000,6.815,0,0
1387130239596231760,1387130239596231760-1497535587-1497535587,1387130239596231760-1497535587-1497535587,Referral,0.500000,6.815,1,13.63
4061386306679952654,4061386306679952654-1470357399-1470357399,4061386306679952654-1470109386-1470109386,Organic Search,0.333333,37.95,0,0
4061386306679952654,4061386306679952654-1470357399-1470357399,4061386306679952654-1470090374-1470090374,Direct,0.333333,37.95,0,0
4061386306679952654,4061386306679952654-1470357399-1470357399,4061386306679952654-1470357399-1470357399,Organic Search,0.333333,37.95,1,113.85
8635876981287578318,8635876981287578318-1481752952-1481752952,8635876981287578318-1481324175-1481324175,Direct,0.333333,37.2,0,0
8635876981287578318,8635876981287578318-1481752952-1481752952,8635876981287578318-1481752947-1481752947,Direct,0.333333,37.2,0,0
8635876981287578318,8635876981287578318-1481752952-1481752952,8635876981287578318-1481752952-1481752952,Referral,0.333333,37.2,1,111.6
2591017631506070831,2591017631506070831-1484842971-1484842971,2591017631506070831-1484842387-1484842387,Paid Search,0.333333,7.663333333,0,0
2591017631506070831,2591017631506070831-1484842971-1484842971,2591017631506070831-1483561743-1483561743,Organic Search,0.333333,7.663333333,0,0
2591017631506070831,2591017631506070831-1484842971-1484842971,2591017631506070831-1484842971-1484842971,Paid Search,0.333333,7.663333333,1,22.99
6210742299083383433,6210742299083383433-1496447670-1496447670,6210742299083383433-1496446507-1496446507,Direct,0.500000,11.745,0,0
6210742299083383433,6210742299083383433-1496447670-1496447670,6210742299083383433-1496447670-1496447670,Paid Search,0.500000,11.745,1,23.49
5065633972911728815,5065633972911728815-1482259444-1482259444,5065633972911728815-1482259411-1482259411,Direct,0.500000,3.895,0,0
5065633972911728815,5065633972911728815-1482259444-1482259444,5065633972911728815-1482259444-1482259444,Referral,0.500000,3.895,1,7.79
2942212781099976151,2942212781099976151-1481818717-1481818717,2942212781099976151-1481731863-1481731863,Display,0.333333,15.52,0,0
2942212781099976151,2942212781099976151-1481818717-1481818717,2942212781099976151-1481647875-1481647875,Display,0.333333,15.52,0,0
2942212781099976151,2942212781099976151-1481818717-1481818717,2942212781099976151-1481818717-1481818717,Organic Search,0.333333,15.52,1,46.56
944798354555847366,944798354555847366-1482780898-1482780898,944798354555847366-1482034584-1482034584,Direct,0.333333,23.32,0,0
944798354555847366,944798354555847366-1482780898-1482780898,944798354555847366-1482780898-1482780898,Organic Search,0.333333,23.32,1,69.96
944798354555847366,944798354555847366-1482780898-1482780898,944798354555847366-1482036304-1482036304,Organic Search,0.333333,23.32,0,0
1291592657777580193,1291592657777580193-1475590922-1475590922,1291592657777580193-1475590922-1475590922,Organic Search,0.500000,27.42,1,54.84
1291592657777580193,1291592657777580193-1475590922-1475590922,1291592657777580193-1475175558-1475175558,Direct,0.500000,27.42,0,0
7567817112637547239,7567817112637547239-1499926881-1499929235,7567817112637547239-1499926881-1499926881,Paid Search,0.666667,61.986666667,0,0
7567817112637547239,7567817112637547239-1499926881-1499929235,7567817112637547239-1497661606-1497661606,Referral,0.666667,61.986666667,0,0
7567817112637547239,7567817112637547239-1499926881-1499929235,7567817112637547239-1499926881-1499929235,Paid Search,0.666667,61.986666667,2,185.96
9807072102349488174,9807072102349488174-1478873469-1478873469,9807072102349488174-1473342035-1473342035,Display,0.166667,12.15,0,0
9807072102349488174,9807072102349488174-1478873469-1478873469,9807072102349488174-1475533078-1475533078,Organic Search,0.166667,12.15,0,0
9807072102349488174,9807072102349488174-1478873469-1478873469,9807072102349488174-1473707759-1473707759,Organic Search,0.166667,12.15,0,0
9807072102349488174,9807072102349488174-1478873469-1478873469,9807072102349488174-1478873469-1478873469,Display,0.166667,12.15,1,72.9
9807072102349488174,9807072102349488174-1478873469-1478873469,9807072102349488174-1473265674-1473265674,Organic Search,0.166667,12.15,0,0
9807072102349488174,9807072102349488174-1478873469-1478873469,9807072102349488174-1473169396-1473169396,Organic Search,0.166667,12.15,0,0
502027330594674519,502027330594674519-1488479930-1488479930,502027330594674519-1483460474-1483460474,Organic Search,0.076923,1.999230769,0,0
502027330594674519,502027330594674519-1488479930-1488479930,502027330594674519-1478100712-1478100712,Direct,0.076923,1.999230769,0,0
502027330594674519,502027330594674519-1488479930-1488479930,502027330594674519-1488479930-1488479930,Organic Search,0.076923,1.999230769,1,25.99
502027330594674519,502027330594674519-1488479930-1488479930,502027330594674519-1470933831-1470933831,Organic Search,0.076923,1.999230769,0,0
502027330594674519,502027330594674519-1488479930-1488479930,502027330594674519-1487785554-1487785554,Organic Search,0.076923,1.999230769,0,0
502027330594674519,502027330594674519-1488479930-1488479930,502027330594674519-1470331452-1470331452,Organic Search,0.076923,1.999230769,0,0
502027330594674519,502027330594674519-1488479930-1488479930,502027330594674519-1488477882-1488477882,Organic Search,0.076923,1.999230769,0,0
502027330594674519,502027330594674519-1488479930-1488479930,502027330594674519-1482948743-1482948743,Organic Search,0.076923,1.999230769,0,0
502027330594674519,502027330594674519-1488479930-1488479930,502027330594674519-1473353051-1473353051,Organic Search,0.076923,1.999230769,0,0
502027330594674519,502027330594674519-1488479930-1488479930,502027330594674519-1473279695-1473279695,Organic Search,0.076923,1.999230769,0,0
502027330594674519,502027330594674519-1488479930-1488479930,502027330594674519-1483043500-1483043500,Organic Search,0.076923,1.999230769,0,0
502027330594674519,502027330594674519-1488479930-1488479930,502027330594674519-1483639099-1483639099,Organic Search,0.076923,1.999230769,0,0
502027330594674519,502027330594674519-1488479930-1488479930,502027330594674519-1472192535-1472192535,Organic Search,0.076923,1.999230769,0,0
1892415796758956218,1892415796758956218-1487380108-1487380108,1892415796758956218-1487380108-1487380108,Referral,0.333333,43.583333333,1,130.75
1892415796758956218,1892415796758956218-1487380108-1487380108,1892415796758956218-1487369183-1487369183,Direct,0.333333,43.583333333,0,0
1892415796758956218,1892415796758956218-1487380108-1487380108,1892415796758956218-1487379812-1487379812,Direct,0.333333,43.583333333,0,0
0197277329550470329,0197277329550470329-1478890513-1478890513,0197277329550470329-1473446554-1473446554,Paid Search,0.250000,119.75,0,0
0197277329550470329,0197277329550470329-1478890513-1478890513,0197277329550470329-1477581649-1477581649,Paid Search,0.250000,119.75,0,0
0197277329550470329,0197277329550470329-1478890513-1478890513,0197277329550470329-1478890513-1478890513,Paid Search,0.250000,119.75,1,479
0197277329550470329,0197277329550470329-1478890513-1478890513,0197277329550470329-1473263165-1473263165,Organic Search,0.250000,119.75,0,0
2916703115374945945,2916703115374945945-1475702557-1475702557,2916703115374945945-1475599573-1475599573,Display,0.500000,7.995,0,0
2916703115374945945,2916703115374945945-1475702557-1475702557,2916703115374945945-1475702557-1475702557,Referral,0.500000,7.995,1,15.99
1530608967503658373,1530608967503658373-1472772090-1472772090,1530608967503658373-1472772050-1472772050,Organic Search,0.250000,8.37,0,0
1530608967503658373,1530608967503658373-1472772090-1472772090,1530608967503658373-1472355646-1472355646,Organic Search,0.250000,8.37,0,0
1530608967503658373,1530608967503658373-1472772090-1472772090,1530608967503658373-1472772090-1472772090,Social,0.250000,8.37,1,33.48
1530608967503658373,1530608967503658373-1472772090-1472772090,1530608967503658373-1472367202-1472367202,Organic Search,0.250000,8.37,0,0
9447628234251166900,9447628234251166900-1493312468-1493312468,9447628234251166900-1493312468-1493312468,Referral,0.500000,20.295,1,40.59
9447628234251166900,9447628234251166900-1493312468-1493312468,9447628234251166900-1493311794-1493311794,Direct,0.500000,20.295,0,0
0631033932630241909,0631033932630241909-1472615797-1472615797,0631033932630241909-1472597201-1472597201,Referral,0.333333,20.7,0,0
0631033932630241909,0631033932630241909-1472615797-1472615797,0631033932630241909-1472596872-1472596872,Organic Search,0.333333,20.7,0,0
0631033932630241909,0631033932630241909-1472615797-1472615797,0631033932630241909-1472615797-1472615797,Referral,0.333333,20.7,1,62.1
5054967838682156421,5054967838682156421-1495568841-1495568841,5054967838682156421-1495153715-1495153715,Referral,0.111111,73.662222222,0,0
5054967838682156421,5054967838682156421-1495568841-1495568841,5054967838682156421-1495227560-1495227560,Referral,0.111111,73.662222222,0,0
5054967838682156421,5054967838682156421-1495568841-1495568841,5054967838682156421-1495229789-1495229789,Referral,0.111111,73.662222222,0,0
5054967838682156421,5054967838682156421-1495568841-1495568841,5054967838682156421-1495560570-1495560570,Referral,0.111111,73.662222222,0,0
5054967838682156421,5054967838682156421-1495568841-1495568841,5054967838682156421-1495568841-1495568841,Referral,0.111111,73.662222222,1,662.96
5054967838682156421,5054967838682156421-1495568841-1495568841,5054967838682156421-1494875215-1494875215,Direct,0.111111,73.662222222,0,0
5054967838682156421,5054967838682156421-1495568841-1495568841,5054967838682156421-1495215303-1495215303,Referral,0.111111,73.662222222,0,0
5054967838682156421,5054967838682156421-1495568841-1495568841,5054967838682156421-1494875233-1494875233,Referral,0.111111,73.662222222,0,0
5054967838682156421,5054967838682156421-1495568841-1495568841,5054967838682156421-1495494896-1495494896,Referral,0.111111,73.662222222,0,0
0183218035021860438,0183218035021860438-1499730976-1499730976,0183218035021860438-1499730976-1499730976,Referral,0.500000,42.995,1,85.99
0183218035021860438,0183218035021860438-1499730976-1499730976,0183218035021860438-1497902162-1497902162,Organic Search,0.500000,42.995,0,0
1229962015086120441,1229962015086120441-1481480173-1481480173,1229962015086120441-1481479965-1481479965,Organic Search,0.500000,45.985,0,0
1229962015086120441,1229962015086120441-1481480173-1481480173,1229962015086120441-1481480173-1481480173,Referral,0.500000,45.985,1,91.97
8612048345358957540,8612048345358957540-1492779945-1492779945,8612048345358957540-1492779445-1492779445,Organic Search,0.333333,38.966666667,0,0
8612048345358957540,8612048345358957540-1492779945-1492779945,8612048345358957540-1492779945-1492779945,Referral,0.333333,38.966666667,1,116.9
8612048345358957540,8612048345358957540-1492779945-1492779945,8612048345358957540-1488826633-1488826633,Display,0.333333,38.966666667,0,0
9457104387096900889,9457104387096900889-1488670491-1488670491,9457104387096900889-1488670221-1488670221,Direct,0.500000,127.295,0,0
9457104387096900889,9457104387096900889-1488670491-1488670491,9457104387096900889-1488670491-1488670491,Referral,0.500000,127.295,1,254.59
086102919761743448,086102919761743448-1495668283-1495668283,086102919761743448-1495668283-1495668283,Referral,0.500000,13.41,1,26.82
086102919761743448,086102919761743448-1495668283-1495668283,086102919761743448-1495668244-1495668244,Direct,0.500000,13.41,0,0
4175712148435281354,4175712148435281354-1489760992-1489760992,4175712148435281354-1489760992-1489760992,Paid Search,0.500000,49.48,1,98.96
4175712148435281354,4175712148435281354-1489760992-1489760992,4175712148435281354-1487529582-1487529582,Organic Search,0.500000,49.48,0,0
0123242859437730802,0123242859437730802-1489028084-1489028084,0123242859437730802-1488943115-1488943115,Direct,1.000000,223.805,0,0
0123242859437730802,0123242859437730802-1489028084-1489028084,0123242859437730802-1489028084-1489028084,Referral,1.000000,223.805,2,447.61
9067391538272092242,9067391538272092242-1479219404-1479219404,9067391538272092242-1479219317-1479219317,Display,0.500000,142.045,0,0
9067391538272092242,9067391538272092242-1479219404-1479219404,9067391538272092242-1479219404-1479219404,Referral,0.500000,142.045,1,284.09
3663326827740515016,3663326827740515016-1487372970-1487372970,3663326827740515016-1481064646-1481064646,Referral,0.500000,17.795,0,0
3663326827740515016,3663326827740515016-1487372970-1487372970,3663326827740515016-1487372970-1487372970,Social,0.500000,17.795,1,35.59
2487086990379614577,2487086990379614577-1487975342-1487975342,2487086990379614577-1487975342-1487975342,Organic Search,0.333333,8.063333333,1,24.19
2487086990379614577,2487086990379614577-1487975342-1487975342,2487086990379614577-1485888816-1485888816,Display,0.333333,8.063333333,0,0
2487086990379614577,2487086990379614577-1487975342-1487975342,2487086990379614577-1484161086-1484161086,Organic Search,0.333333,8.063333333,0,0
9204558610482507007,9204558610482507007-1490204283-1490204283,9204558610482507007-1490040131-1490040131,Organic Search,0.166667,31.166666667,0,0
9204558610482507007,9204558610482507007-1490204283-1490204283,9204558610482507007-1490044983-1490044983,Organic Search,0.166667,31.166666667,0,0
9204558610482507007,9204558610482507007-1490204283-1490204283,9204558610482507007-1489523750-1489523750,Referral,0.166667,31.166666667,0,0
9204558610482507007,9204558610482507007-1490204283-1490204283,9204558610482507007-1490204283-1490204283,Organic Search,0.166667,31.166666667,1,187
9204558610482507007,9204558610482507007-1490204283-1490204283,9204558610482507007-1487720569-1487720569,Organic Search,0.166667,31.166666667,0,0
9204558610482507007,9204558610482507007-1490204283-1490204283,9204558610482507007-1490036155-1490036155,Organic Search,0.166667,31.166666667,0,0
7966445662902884206,7966445662902884206-1470734433-1470734433,7966445662902884206-1470734433-1470734433,Referral,0.250000,7.365,1,29.46
7966445662902884206,7966445662902884206-1470734433-1470734433,7966445662902884206-1470687597-1470687597,Organic Search,0.250000,7.365,0,0
7966445662902884206,7966445662902884206-1470734433-1470734433,7966445662902884206-1470687499-1470687499,Referral,0.250000,7.365,0,0
7966445662902884206,7966445662902884206-1470734433-1470734433,7966445662902884206-1470687686-1470687686,Referral,0.250000,7.365,0,0
5686997736111090309,5686997736111090309-1487370281-1487370281,5686997736111090309-1487370198-1487370198,Direct,0.500000,20.295,0,0
5686997736111090309,5686997736111090309-1487370281-1487370281,5686997736111090309-1487370281-1487370281,Referral,0.500000,20.295,1,40.59
9070662269260587187,9070662269260587187-1492531567-1492531567,9070662269260587187-1492458514-1492458514,Paid Search,0.333333,11.893333333,0,0
9070662269260587187,9070662269260587187-1492531567-1492531567,9070662269260587187-1492460460-1492460460,Organic Search,0.333333,11.893333333,0,0
9070662269260587187,9070662269260587187-1492531567-1492531567,9070662269260587187-1492531567-1492531567,Organic Search,0.333333,11.893333333,1,35.68
2668364690542030763,2668364690542030763-1485278846-1485278846,2668364690542030763-1476668690-1476668690,Paid Search,0.111111,6.998888889,0,0
2668364690542030763,2668364690542030763-1485278846-1485278846,2668364690542030763-1485218923-1485218923,Paid Search,0.111111,6.998888889,0,0
2668364690542030763,2668364690542030763-1485278846-1485278846,2668364690542030763-1475250069-1475250069,Organic Search,0.111111,6.998888889,0,0
2668364690542030763,2668364690542030763-1485278846-1485278846,2668364690542030763-1485217980-1485217980,Organic Search,0.111111,6.998888889,0,0
2668364690542030763,2668364690542030763-1485278846-1485278846,2668364690542030763-1484843088-1484843088,Organic Search,0.111111,6.998888889,0,0
2668364690542030763,2668364690542030763-1485278846-1485278846,2668364690542030763-1471569692-1471569692,Organic Search,0.111111,6.998888889,0,0
2668364690542030763,2668364690542030763-1485278846-1485278846,2668364690542030763-1485218724-1485218724,Paid Search,0.111111,6.998888889,0,0
2668364690542030763,2668364690542030763-1485278846-1485278846,2668364690542030763-1477491337-1477491337,Display,0.111111,6.998888889,0,0
2668364690542030763,2668364690542030763-1485278846-1485278846,2668364690542030763-1485278846-1485278846,Organic Search,0.111111,6.998888889,1,62.99
2497486617423212304,2497486617423212304-1476852340-1476852340,2497486617423212304-1475910379-1475910379,Direct,0.250000,25.6825,0,0
2497486617423212304,2497486617423212304-1476852340-1476852340,2497486617423212304-1476509718-1476509718,Referral,0.250000,25.6825,0,0
2497486617423212304,2497486617423212304-1476852340-1476852340,2497486617423212304-1475910523-1475910523,Referral,0.250000,25.6825,0,0
2497486617423212304,2497486617423212304-1476852340-1476852340,2497486617423212304-1476852340-1476852340,Referral,0.250000,25.6825,1,102.73
6984664807825476732,6984664807825476732-1495294015-1495294015,6984664807825476732-1495210438-1495210438,Organic Search,0.333333,10.396666667,0,0
6984664807825476732,6984664807825476732-1495294015-1495294015,6984664807825476732-1495290784-1495290784,Referral,0.333333,10.396666667,0,0
6984664807825476732,6984664807825476732-1495294015-1495294015,6984664807825476732-1495294015-1495294015,Referral,0.333333,10.396666667,1,31.19
3763611934787349856,3763611934787349856-1474512283-1474512283,3763611934787349856-1474319836-1474319836,Organic Search,0.250000,53.24,0,0
3763611934787349856,3763611934787349856-1474512283-1474512283,3763611934787349856-1473743452-1473743452,Paid Search,0.250000,53.24,0,0
3763611934787349856,3763611934787349856-1474512283-1474512283,3763611934787349856-1474512283-1474512283,Paid Search,0.250000,53.24,1,212.96
3763611934787349856,3763611934787349856-1474512283-1474512283,3763611934787349856-1473732272-1473732272,Organic Search,0.250000,53.24,0,0
5716994513150474293,5716994513150474293-1481684687-1481684687,5716994513150474293-1481684482-1481684482,Referral,0.500000,7.995,0,0
5716994513150474293,5716994513150474293-1481684687-1481684687,5716994513150474293-1481684687-1481684687,Organic Search,0.500000,7.995,1,15.99
9824524325763367768,9824524325763367768-1499986283-1499986283,9824524325763367768-1478903534-1478903534,Display,0.250000,5.05,0,0
9824524325763367768,9824524325763367768-1499986283-1499986283,9824524325763367768-1493826639-1493826639,Organic Search,0.250000,5.05,0,0
9824524325763367768,9824524325763367768-1499986283-1499986283,9824524325763367768-1484692383-1484692383,Organic Search,0.250000,5.05,0,0
9824524325763367768,9824524325763367768-1499986283-1499986283,9824524325763367768-1499986283-1499986283,Referral,0.250000,5.05,1,20.2
5857188717292018913,5857188717292018913-1484958180-1484958180,5857188717292018913-1484955601-1484955601,Organic Search,0.333333,27.33,0,0
5857188717292018913,5857188717292018913-1484958180-1484958180,5857188717292018913-1484958180-1484958180,Organic Search,0.333333,27.33,1,81.99
5857188717292018913,5857188717292018913-1484958180-1484958180,5857188717292018913-1483749925-1483749925,Paid Search,0.333333,27.33,0,0
3830485242574967009,3830485242574967009-1501191783-1501191783,3830485242574967009-1500961745-1500961745,Referral,0.500000,16.495,0,0
3830485242574967009,3830485242574967009-1501191783-1501191783,3830485242574967009-1501191783-1501191783,Organic Search,0.500000,16.495,1,32.99
3297507461939386970,3297507461939386970-1496762863-1496762863,3297507461939386970-1496762863-1496762863,Organic Search,0.500000,35.11,1,70.22
3297507461939386970,3297507461939386970-1496762863-1496762863,3297507461939386970-1496761890-1496761890,Referral,0.500000,35.11,0,0
7946697392929480488,7946697392929480488-1496326897-1496326897,7946697392929480488-1496253814-1496253814,Referral,0.250000,47.46,0,0
7946697392929480488,7946697392929480488-1496326897-1496326897,7946697392929480488-1496253348-1496253348,Direct,0.250000,47.46,0,0
7946697392929480488,7946697392929480488-1496326897-1496326897,7946697392929480488-1496326897-1496326897,Referral,0.250000,47.46,1,189.84
7946697392929480488,7946697392929480488-1496326897-1496326897,7946697392929480488-1496259874-1496259874,Referral,0.250000,47.46,0,0
1959133989198624732,1959133989198624732-1491245259-1491245259,1959133989198624732-1487107648-1487107648,Direct,0.100000,5.074,0,0
1959133989198624732,1959133989198624732-1491245259-1491245259,1959133989198624732-1487120252-1487120252,Organic Search,0.100000,5.074,0,0
1959133989198624732,1959133989198624732-1491245259-1491245259,1959133989198624732-1487373095-1487373095,Organic Search,0.100000,5.074,0,0
1959133989198624732,1959133989198624732-1491245259-1491245259,1959133989198624732-1487700415-1487700415,Organic Search,0.100000,5.074,0,0
1959133989198624732,1959133989198624732-1491245259-1491245259,1959133989198624732-1487118351-1487118351,Referral,0.100000,5.074,0,0
1959133989198624732,1959133989198624732-1491245259-1491245259,1959133989198624732-1491245161-1491245161,Organic Search,0.100000,5.074,0,0
1959133989198624732,1959133989198624732-1491245259-1491245259,1959133989198624732-1490378025-1490378025,Organic Search,0.100000,5.074,0,0
1959133989198624732,1959133989198624732-1491245259-1491245259,1959133989198624732-1487787060-1487787060,Organic Search,0.100000,5.074,0,0
1959133989198624732,1959133989198624732-1491245259-1491245259,1959133989198624732-1491245259-1491245259,Referral,0.100000,5.074,1,50.74
1959133989198624732,1959133989198624732-1491245259-1491245259,1959133989198624732-1487367824-1487367824,Organic Search,0.100000,5.074,0,0
4830184868046076720,4830184868046076720-1470975795-1470975795,4830184868046076720-1470954827-1470954827,Organic Search,0.250000,84.4775,0,0
4830184868046076720,4830184868046076720-1470975795-1470975795,4830184868046076720-1470975795-1470975795,Referral,0.250000,84.4775,1,337.91
4830184868046076720,4830184868046076720-1470975795-1470975795,4830184868046076720-1470694175-1470694175,Organic Search,0.250000,84.4775,0,0
4830184868046076720,4830184868046076720-1470975795-1470975795,4830184868046076720-1470717390-1470717390,Organic Search,0.250000,84.4775,0,0
173863901552294318,173863901552294318-1488556861-1488556861,173863901552294318-1487092098-1487092098,Organic Search,0.142857,3.397142857,0,0
173863901552294318,173863901552294318-1488556861-1488556861,173863901552294318-1487786838-1487786838,Organic Search,0.142857,3.397142857,0,0
173863901552294318,173863901552294318-1488556861-1488556861,173863901552294318-1488552953-1488552953,Organic Search,0.142857,3.397142857,0,0
173863901552294318,173863901552294318-1488556861-1488556861,173863901552294318-1488556861-1488556861,Organic Search,0.142857,3.397142857,1,23.78
173863901552294318,173863901552294318-1488556861-1488556861,173863901552294318-1487180769-1487180769,Organic Search,0.142857,3.397142857,0,0
173863901552294318,173863901552294318-1488556861-1488556861,173863901552294318-1487188616-1487188616,Organic Search,0.142857,3.397142857,0,0
173863901552294318,173863901552294318-1488556861-1488556861,173863901552294318-1486648197-1486648197,Display,0.142857,3.397142857,0,0
2266837403735683845,2266837403735683845-1501136533-1501136533,2266837403735683845-1499756934-1499756934,Organic Search,0.166667,1.833333333,0,0
2266837403735683845,2266837403735683845-1501136533-1501136533,2266837403735683845-1499748956-1499748956,Paid Search,0.166667,1.833333333,0,0
2266837403735683845,2266837403735683845-1501136533-1501136533,2266837403735683845-1501136485-1501136485,Paid Search,0.166667,1.833333333,0,0
2266837403735683845,2266837403735683845-1501136533-1501136533,2266837403735683845-1499798532-1499798532,Organic Search,0.166667,1.833333333,0,0
2266837403735683845,2266837403735683845-1501136533-1501136533,2266837403735683845-1499748967-1499748967,Organic Search,0.166667,1.833333333,0,0
2266837403735683845,2266837403735683845-1501136533-1501136533,2266837403735683845-1501136533-1501136533,Organic Search,0.166667,1.833333333,1,11
9672097680372886188,9672097680372886188-1489684412-1489684412,9672097680372886188-1485459375-1485459375,Referral,0.166667,24.696666667,0,0
9672097680372886188,9672097680372886188-1489684412-1489684412,9672097680372886188-1486155860-1486155860,Referral,0.166667,24.696666667,0,0
9672097680372886188,9672097680372886188-1489684412-1489684412,9672097680372886188-1484929452-1484929452,Display,0.166667,24.696666667,0,0
9672097680372886188,9672097680372886188-1489684412-1489684412,9672097680372886188-1484760137-1484760137,Referral,0.166667,24.696666667,0,0
9672097680372886188,9672097680372886188-1489684412-1489684412,9672097680372886188-1489011302-1489011302,Referral,0.166667,24.696666667,0,0
9672097680372886188,9672097680372886188-1489684412-1489684412,9672097680372886188-1489684412-1489684412,Referral,0.166667,24.696666667,1,148.18
9069857677561627108,9069857677561627108-1479531407-1479531407,9069857677561627108-1479521298-1479521298,Paid Search,0.200000,15.198,0,0
9069857677561627108,9069857677561627108-1479531407-1479531407,9069857677561627108-1479531407-1479531407,Referral,0.200000,15.198,1,75.99
9069857677561627108,9069857677561627108-1479531407-1479531407,9069857677561627108-1479531404-1479531404,Referral,0.200000,15.198,0,0
9069857677561627108,9069857677561627108-1479531407-1479531407,9069857677561627108-1479530841-1479530841,Paid Search,0.200000,15.198,0,0
9069857677561627108,9069857677561627108-1479531407-1479531407,9069857677561627108-1479518706-1479518706,Paid Search,0.200000,15.198,0,0
7483600664917507409,7483600664917507409-1501537217-1501537217,7483600664917507409-1477320743-1477320743,Referral,0.038462,10.017692308,0,0
7483600664917507409,7483600664917507409-1501537217-1501537217,7483600664917507409-1494358601-1494358601,Referral,0.038462,10.017692308,0,0
7483600664917507409,7483600664917507409-1501537217-1501537217,7483600664917507409-1476913104-1476913104,Organic Search,0.038462,10.017692308,0,0
7483600664917507409,7483600664917507409-1501537217-1501537217,7483600664917507409-1494098177-1494098177,Organic Search,0.038462,10.017692308,0,0
7483600664917507409,7483600664917507409-1501537217-1501537217,7483600664917507409-1476978419-1476978419,Organic Search,0.038462,10.017692308,0,0
7483600664917507409,7483600664917507409-1501537217-1501537217,7483600664917507409-1496423374-1496423374,Referral,0.038462,10.017692308,0,0
7483600664917507409,7483600664917507409-1501537217-1501537217,7483600664917507409-1497939707-1497939707,Paid Search,0.038462,10.017692308,0,0
7483600664917507409,7483600664917507409-1501537217-1501537217,7483600664917507409-1472788994-1472788994,Referral,0.038462,10.017692308,0,0
7483600664917507409,7483600664917507409-1501537217-1501537217,7483600664917507409-1485983287-1485983287,Referral,0.038462,10.017692308,0,0
7483600664917507409,7483600664917507409-1501537217-1501537217,7483600664917507409-1473235119-1473235119,Referral,0.038462,10.017692308,0,0
7483600664917507409,7483600664917507409-1501537217-1501537217,7483600664917507409-1476512865-1476514855,Referral,0.038462,10.017692308,0,0
7483600664917507409,7483600664917507409-1501537217-1501537217,7483600664917507409-1479695213-1479695213,Referral,0.038462,10.017692308,0,0
7483600664917507409,7483600664917507409-1501537217-1501537217,7483600664917507409-1476512865-1476512865,Referral,0.038462,10.017692308,0,0
7483600664917507409,7483600664917507409-1501537217-1501537217,7483600664917507409-1477147137-1477147137,Referral,0.038462,10.017692308,0,0
7483600664917507409,7483600664917507409-1501537217-1501537217,7483600664917507409-1496785107-1496785107,Organic Search,0.038462,10.017692308,0,0
7483600664917507409,7483600664917507409-1501537217-1501537217,7483600664917507409-1496423417-1496423417,Organic Search,0.038462,10.017692308,0,0
7483600664917507409,7483600664917507409-1501537217-1501537217,7483600664917507409-1489520474-1489520474,Referral,0.038462,10.017692308,0,0
7483600664917507409,7483600664917507409-1501537217-1501537217,7483600664917507409-1472624920-1472624920,Referral,0.038462,10.017692308,0,0
7483600664917507409,7483600664917507409-1501537217-1501537217,7483600664917507409-1495432585-1495432585,Referral,0.038462,10.017692308,0,0
7483600664917507409,7483600664917507409-1501537217-1501537217,7483600664917507409-1476825579-1476825579,Referral,0.038462,10.017692308,0,0
7483600664917507409,7483600664917507409-1501537217-1501537217,7483600664917507409-1475686881-1475686881,Referral,0.038462,10.017692308,0,0
7483600664917507409,7483600664917507409-1501537217-1501537217,7483600664917507409-1496203941-1496203941,Referral,0.038462,10.017692308,0,0
7483600664917507409,7483600664917507409-1501537217-1501537217,7483600664917507409-1494270665-1494270665,Organic Search,0.038462,10.017692308,0,0
7483600664917507409,7483600664917507409-1501537217-1501537217,7483600664917507409-1501537217-1501537217,Referral,0.038462,10.017692308,1,260.46
7483600664917507409,7483600664917507409-1501537217-1501537217,7483600664917507409-1494273669-1494273669,Referral,0.038462,10.017692308,0,0
7483600664917507409,7483600664917507409-1501537217-1501537217,7483600664917507409-1475647083-1475647083,Referral,0.038462,10.017692308,0,0
0134543573456503980,0134543573456503980-1477410843-1477410843,0134543573456503980-1476458182-1476458182,Organic Search,0.055556,5.463333333,0,0
0134543573456503980,0134543573456503980-1477410843-1477410843,0134543573456503980-1477408587-1477408587,Paid Search,0.055556,5.463333333,0,0
0134543573456503980,0134543573456503980-1477410843-1477410843,0134543573456503980-1472511789-1472511789,Referral,0.055556,5.463333333,0,0
0134543573456503980,0134543573456503980-1477410843-1477410843,0134543573456503980-1474559050-1474559050,Referral,0.055556,5.463333333,0,0
0134543573456503980,0134543573456503980-1477410843-1477410843,0134543573456503980-1472008563-1472008563,Referral,0.055556,5.463333333,0,0
0134543573456503980,0134543573456503980-1477410843-1477410843,0134543573456503980-1470348666-1470348666,Referral,0.055556,5.463333333,0,0
0134543573456503980,0134543573456503980-1477410843-1477410843,0134543573456503980-1470340584-1470340584,Referral,0.055556,5.463333333,0,0
0134543573456503980,0134543573456503980-1477410843-1477410843,0134543573456503980-1475611861-1475611861,Organic Search,0.055556,5.463333333,0,0
0134543573456503980,0134543573456503980-1477410843-1477410843,0134543573456503980-1476299702-1476299702,Organic Search,0.055556,5.463333333,0,0
0134543573456503980,0134543573456503980-1477410843-1477410843,0134543573456503980-1474311037-1474311037,Referral,0.055556,5.463333333,0,0
0134543573456503980,0134543573456503980-1477410843-1477410843,0134543573456503980-1475549111-1475549111,Organic Search,0.055556,5.463333333,0,0
0134543573456503980,0134543573456503980-1477410843-1477410843,0134543573456503980-1476331508-1476331508,Organic Search,0.055556,5.463333333,0,0
0134543573456503980,0134543573456503980-1477410843-1477410843,0134543573456503980-1470342777-1470342777,Referral,0.055556,5.463333333,0,0
0134543573456503980,0134543573456503980-1477410843-1477410843,0134543573456503980-1477410843-1477410843,Referral,0.055556,5.463333333,1,98.34
0134543573456503980,0134543573456503980-1477410843-1477410843,0134543573456503980-1475597674-1475597674,Organic Search,0.055556,5.463333333,0,0
0134543573456503980,0134543573456503980-1477410843-1477410843,0134543573456503980-1476337355-1476337355,Organic Search,0.055556,5.463333333,0,0
0134543573456503980,0134543573456503980-1477410843-1477410843,0134543573456503980-1475529652-1475529652,Organic Search,0.055556,5.463333333,0,0
0134543573456503980,0134543573456503980-1477410843-1477410843,0134543573456503980-1477408592-1477408592,Organic Search,0.055556,5.463333333,0,0
2981325201816358942,2981325201816358942-1501529039-1501529039,2981325201816358942-1500901981-1500901981,Organic Search,0.142857,115.994285714,0,0
2981325201816358942,2981325201816358942-1501529039-1501529039,2981325201816358942-1498832576-1498832576,Organic Search,0.142857,115.994285714,0,0
2981325201816358942,2981325201816358942-1501529039-1501529039,2981325201816358942-1501529032-1501529032,Paid Search,0.142857,115.994285714,0,0
2981325201816358942,2981325201816358942-1501529039-1501529039,2981325201816358942-1501525669-1501525669,Organic Search,0.142857,115.994285714,0,0
2981325201816358942,2981325201816358942-1501529039-1501529039,2981325201816358942-1493906999-1493906999,Organic Search,0.142857,115.994285714,0,0
2981325201816358942,2981325201816358942-1501529039-1501529039,2981325201816358942-1493903226-1493903226,Organic Search,0.142857,115.994285714,0,0
2981325201816358942,2981325201816358942-1501529039-1501529039,2981325201816358942-1501529039-1501529039,Organic Search,0.142857,115.994285714,1,811.96
0481562034862119313,0481562034862119313-1487796793-1487796793,0481562034862119313-1486498077-1486498077,Direct,0.333333,6.53,0,0
0481562034862119313,0481562034862119313-1487796793-1487796793,0481562034862119313-1487796793-1487796793,Referral,0.333333,6.53,1,19.59
0481562034862119313,0481562034862119313-1487796793-1487796793,0481562034862119313-1486494630-1486494630,Direct,0.333333,6.53,0,0
5041110715755196949,5041110715755196949-1488829973-1488829973,5041110715755196949-1479659167-1479659167,Direct,0.333333,73.183333333,0,0
5041110715755196949,5041110715755196949-1488829973-1488829973,5041110715755196949-1488829973-1488829973,Display,0.333333,73.183333333,1,219.55
5041110715755196949,5041110715755196949-1488829973-1488829973,5041110715755196949-1479586281-1479586281,Direct,0.333333,73.183333333,0,0
7939722678554181163,7939722678554181163-1496965844-1496965844,7939722678554181163-1496965844-1496965844,Referral,0.333333,9.416666667,1,28.25
7939722678554181163,7939722678554181163-1496965844-1496965844,7939722678554181163-1496965481-1496965481,Direct,0.333333,9.416666667,0,0
7939722678554181163,7939722678554181163-1496965844-1496965844,7939722678554181163-1495559293-1495559293,Direct,0.333333,9.416666667,0,0
2320391139447280387,2320391139447280387-1494720838-1494720838,2320391139447280387-1484716740-1484716740,Organic Search,0.125000,11.36625,0,0
2320391139447280387,2320391139447280387-1494720838-1494720838,2320391139447280387-1494720838-1494720838,Direct,0.125000,11.36625,1,90.93
2320391139447280387,2320391139447280387-1494720838-1494720838,2320391139447280387-1481575987-1481575987,Organic Search,0.125000,11.36625,0,0
2320391139447280387,2320391139447280387-1494720838-1494720838,2320391139447280387-1494685185-1494685185,Direct,0.125000,11.36625,0,0
2320391139447280387,2320391139447280387-1494720838-1494720838,2320391139447280387-1478628648-1478628648,Organic Search,0.125000,11.36625,0,0
2320391139447280387,2320391139447280387-1494720838-1494720838,2320391139447280387-1479585065-1479585065,Organic Search,0.125000,11.36625,0,0
2320391139447280387,2320391139447280387-1494720838-1494720838,2320391139447280387-1483834713-1483834713,Organic Search,0.125000,11.36625,0,0
2320391139447280387,2320391139447280387-1494720838-1494720838,2320391139447280387-1483829248-1483829248,Organic Search,0.125000,11.36625,0,0
8197879643797712877,8197879643797712877-1498996476-1498996476,8197879643797712877-1498950568-1498950568,Organic Search,0.142857,54.705714286,0,0
8197879643797712877,8197879643797712877-1498996476-1498996476,8197879643797712877-1498421501-1498421501,Direct,0.142857,54.705714286,0,0
8197879643797712877,8197879643797712877-1498996476-1498996476,8197879643797712877-1498949966-1498949966,Direct,0.142857,54.705714286,0,0
8197879643797712877,8197879643797712877-1498996476-1498996476,8197879643797712877-1498919964-1498919964,Direct,0.142857,54.705714286,0,0
8197879643797712877,8197879643797712877-1498996476-1498996476,8197879643797712877-1498996476-1498996476,Organic Search,0.142857,54.705714286,1,382.94
8197879643797712877,8197879643797712877-1498996476-1498996476,8197879643797712877-1495281036-1495281036,Direct,0.142857,54.705714286,0,0
8197879643797712877,8197879643797712877-1498996476-1498996476,8197879643797712877-1498915025-1498915025,Direct,0.142857,54.705714286,0,0
5400673732426511835,5400673732426511835-1476061968-1476061968,5400673732426511835-1475710269-1475710269,Organic Search,0.083333,1.873333333,0,0
5400673732426511835,5400673732426511835-1476061968-1476061968,5400673732426511835-1475616075-1475616075,Organic Search,0.083333,1.873333333,0,0
5400673732426511835,5400673732426511835-1476061968-1476061968,5400673732426511835-1474522038-1474522038,Referral,0.083333,1.873333333,0,0
5400673732426511835,5400673732426511835-1476061968-1476061968,5400673732426511835-1474521649-1474521649,Organic Search,0.083333,1.873333333,0,0
5400673732426511835,5400673732426511835-1476061968-1476061968,5400673732426511835-1474514404-1474514404,Organic Search,0.083333,1.873333333,0,0
5400673732426511835,5400673732426511835-1476061968-1476061968,5400673732426511835-1475631170-1475631170,Organic Search,0.083333,1.873333333,0,0
5400673732426511835,5400673732426511835-1476061968-1476061968,5400673732426511835-1475713459-1475713459,Organic Search,0.083333,1.873333333,0,0
5400673732426511835,5400673732426511835-1476061968-1476061968,5400673732426511835-1475640273-1475640273,Organic Search,0.083333,1.873333333,0,0
5400673732426511835,5400673732426511835-1476061968-1476061968,5400673732426511835-1476061968-1476061968,Organic Search,0.083333,1.873333333,1,22.48
5400673732426511835,5400673732426511835-1476061968-1476061968,5400673732426511835-1476041903-1476041903,Organic Search,0.083333,1.873333333,0,0
5400673732426511835,5400673732426511835-1476061968-1476061968,5400673732426511835-1475729454-1475729454,Organic Search,0.083333,1.873333333,0,0
5400673732426511835,5400673732426511835-1476061968-1476061968,5400673732426511835-1475510478-1475510478,Organic Search,0.083333,1.873333333,0,0
3725624217662114621,3725624217662114621-1476313377-1476313377,3725624217662114621-1476313377-1476313377,Referral,0.500000,23.49,1,46.98
3725624217662114621,3725624217662114621-1476313377-1476313377,3725624217662114621-1473843382-1473843382,Organic Search,0.500000,23.49,0,0
2076204015500549342,2076204015500549342-1496343001-1496343001,2076204015500549342-1496343001-1496343001,Organic Search,0.500000,14.24,1,28.48
2076204015500549342,2076204015500549342-1496343001-1496343001,2076204015500549342-1496342983-1496342983,Paid Search,0.500000,14.24,0,0
3835994298687662664,3835994298687662664-1480878398-1480878398,3835994298687662664-1480878202-1480878202,Direct,0.500000,17.19,0,0
3835994298687662664,3835994298687662664-1480878398-1480878398,3835994298687662664-1480878398-1480878398,Referral,0.500000,17.19,1,34.38
8441639142548296911,8441639142548296911-1475607850-1475607850,8441639142548296911-1475607740-1475607740,Direct,0.500000,22.08,0,0
8441639142548296911,8441639142548296911-1475607850-1475607850,8441639142548296911-1475607850-1475607850,Referral,0.500000,22.08,1,44.16
3430259988193283726,3430259988193283726-1485026682-1485026682,3430259988193283726-1485026321-1485026321,Paid Search,0.500000,9.495,0,0
3430259988193283726,3430259988193283726-1485026682-1485026682,3430259988193283726-1485026682-1485026682,Organic Search,0.500000,9.495,1,18.99
8744897619448167360,8744897619448167360-1499473723-1499473723,8744897619448167360-1499468271-1499468271,Referral,0.100000,3.082,0,0
8744897619448167360,8744897619448167360-1499473723-1499473723,8744897619448167360-1498699272-1498699272,Referral,0.100000,3.082,0,0
8744897619448167360,8744897619448167360-1499473723-1499473723,8744897619448167360-1499473723-1499473723,Referral,0.100000,3.082,1,30.82
8744897619448167360,8744897619448167360-1499473723-1499473723,8744897619448167360-1497467019-1497467019,Referral,0.100000,3.082,0,0
8744897619448167360,8744897619448167360-1499473723-1499473723,8744897619448167360-1497458576-1497458576,Referral,0.100000,3.082,0,0
8744897619448167360,8744897619448167360-1499473723-1499473723,8744897619448167360-1498241512-1498241512,Referral,0.100000,3.082,0,0
8744897619448167360,8744897619448167360-1499473723-1499473723,8744897619448167360-1498248755-1498248755,Referral,0.100000,3.082,0,0
8744897619448167360,8744897619448167360-1499473723-1499473723,8744897619448167360-1497367858-1497367858,Paid Search,0.100000,3.082,0,0
8744897619448167360,8744897619448167360-1499473723-1499473723,8744897619448167360-1498085954-1498085954,Referral,0.100000,3.082,0,0
8744897619448167360,8744897619448167360-1499473723-1499473723,8744897619448167360-1497400771-1497400771,Organic Search,0.100000,3.082,0,0
2645531348518887881,2645531348518887881-1481740889-1481740889,2645531348518887881-1481738765-1481738765,Direct,0.500000,39.08,0,0
2645531348518887881,2645531348518887881-1481740889-1481740889,2645531348518887881-1481740889-1481740889,Referral,0.500000,39.08,1,78.16
2191273326752335760,2191273326752335760-1492816439-1492816439,2191273326752335760-1492816418-1492816418,Paid Search,0.500000,7.795,0,0
2191273326752335760,2191273326752335760-1492816439-1492816439,2191273326752335760-1492816439-1492816439,Referral,0.500000,7.795,1,15.59
0213313042176849782,0213313042176849782-1470438044-1470438044,0213313042176849782-1470438044-1470438044,Referral,0.500000,35.61,1,71.22
0213313042176849782,0213313042176849782-1470438044-1470438044,0213313042176849782-1470437948-1470437948,Direct,0.500000,35.61,0,0
9913613662127530897,9913613662127530897-1486003425-1486003425,9913613662127530897-1486000809-1486000809,Referral,0.250000,76.0625,0,0
9913613662127530897,9913613662127530897-1486003425-1486003425,9913613662127530897-1485902373-1485902373,Direct,0.250000,76.0625,0,0
9913613662127530897,9913613662127530897-1486003425-1486003425,9913613662127530897-1485879592-1485879592,Direct,0.250000,76.0625,0,0
9913613662127530897,9913613662127530897-1486003425-1486003425,9913613662127530897-1486003425-1486003425,Referral,0.250000,76.0625,1,304.25
8068061072215926350,8068061072215926350-1471989147-1471989147,8068061072215926350-1471988954-1471988954,Direct,0.500000,39.625,0,0
8068061072215926350,8068061072215926350-1471989147-1471989147,8068061072215926350-1471989147-1471989147,Organic Search,0.500000,39.625,1,79.25
3658091589289896549,3658091589289896549-1497551425-1497551425,3658091589289896549-1497551425-1497551425,Referral,0.500000,143.5,1,287
3658091589289896549,3658091589289896549-1497551425-1497551425,3658091589289896549-1495135919-1495135919,Direct,0.500000,143.5,0,0
5535500451008773788,5535500451008773788-1472247582-1472247582,5535500451008773788-1470248629-1470248629,Direct,0.500000,78.485,0,0
5535500451008773788,5535500451008773788-1472247582-1472247582,5535500451008773788-1472247582-1472247582,Referral,0.500000,78.485,1,156.97
5720584332217047483,5720584332217047483-1492532339-1492532339,5720584332217047483-1492532339-1492532339,Referral,0.500000,291.75,1,583.5
5720584332217047483,5720584332217047483-1492532339-1492532339,5720584332217047483-1490969311-1490969311,Organic Search,0.500000,291.75,0,0
5200523013513210232,5200523013513210232-1493823073-1493823073,5200523013513210232-1493823073-1493823073,Referral,0.500000,36.59,1,73.18
5200523013513210232,5200523013513210232-1493823073-1493823073,5200523013513210232-1493822846-1493822846,Direct,0.500000,36.59,0,0
3114573633240274987,3114573633240274987-1484795003-1484795003,3114573633240274987-1482332678-1482332678,Organic Search,0.125000,71.75375,0,0
3114573633240274987,3114573633240274987-1484795003-1484795003,3114573633240274987-1482328374-1482328374,Organic Search,0.125000,71.75375,0,0
3114573633240274987,3114573633240274987-1484795003-1484795003,3114573633240274987-1482375959-1482375959,Organic Search,0.125000,71.75375,0,0
3114573633240274987,3114573633240274987-1484795003-1484795003,3114573633240274987-1484795003-1484795003,Organic Search,0.125000,71.75375,1,574.03
3114573633240274987,3114573633240274987-1484795003-1484795003,3114573633240274987-1480517357-1480517357,Organic Search,0.125000,71.75375,0,0
3114573633240274987,3114573633240274987-1484795003-1484795003,3114573633240274987-1484703051-1484703051,Paid Search,0.125000,71.75375,0,0
3114573633240274987,3114573633240274987-1484795003-1484795003,3114573633240274987-1482297387-1482297387,Organic Search,0.125000,71.75375,0,0
3114573633240274987,3114573633240274987-1484795003-1484795003,3114573633240274987-1477449067-1477449067,Direct,0.125000,71.75375,0,0
3049625558336385747,3049625558336385747-1472490487-1472490487,3049625558336385747-1472220179-1472220179,Direct,0.333333,158.313333333,0,0
3049625558336385747,3049625558336385747-1472490487-1472490487,3049625558336385747-1472490487-1472490487,Organic Search,0.333333,158.313333333,1,474.94
3049625558336385747,3049625558336385747-1472490487-1472490487,3049625558336385747-1472152259-1472152259,Direct,0.333333,158.313333333,0,0
1484502136369116439,1484502136369116439-1479052527-1479052527,1484502136369116439-1477684079-1477684079,Organic Search,0.200000,10.182,0,0
1484502136369116439,1484502136369116439-1479052527-1479052527,1484502136369116439-1477699088-1477699088,Organic Search,0.200000,10.182,0,0
1484502136369116439,1484502136369116439-1479052527-1479052527,1484502136369116439-1477690229-1477690229,Organic Search,0.200000,10.182,0,0
1484502136369116439,1484502136369116439-1479052527-1479052527,1484502136369116439-1479052527-1479052527,Display,0.200000,10.182,1,50.91
1484502136369116439,1484502136369116439-1479052527-1479052527,1484502136369116439-1477693920-1477693920,Organic Search,0.200000,10.182,0,0
247613008812895646,247613008812895646-1473453914-1473453914,247613008812895646-1472512508-1472512508,Referral,0.250000,23.44,0,0
247613008812895646,247613008812895646-1473453914-1473453914,247613008812895646-1472512283-1472512283,Direct,0.250000,23.44,0,0
247613008812895646,247613008812895646-1473453914-1473453914,247613008812895646-1473353309-1473353309,Referral,0.250000,23.44,0,0
247613008812895646,247613008812895646-1473453914-1473453914,247613008812895646-1473453914-1473453914,Referral,0.250000,23.44,1,93.76
5418879524729998284,5418879524729998284-1491516078-1491516078,5418879524729998284-1491428565-1491428565,Direct,0.333333,53.723333333,0,0
5418879524729998284,5418879524729998284-1491516078-1491516078,5418879524729998284-1491325786-1491325786,Direct,0.333333,53.723333333,0,0
5418879524729998284,5418879524729998284-1491516078-1491516078,5418879524729998284-1491516078-1491516078,Referral,0.333333,53.723333333,1,161.17
0134706903159877912,0134706903159877912-1473194961-1473194961,0134706903159877912-1473194961-1473194961,Referral,0.500000,93.29,1,186.58
0134706903159877912,0134706903159877912-1473194961-1473194961,0134706903159877912-1472756991-1472756991,Organic Search,0.500000,93.29,0,0
5234724080017990877,5234724080017990877-1471373414-1471373414,5234724080017990877-1471373414-1471373414,Referral,0.250000,19.4625,1,77.85
5234724080017990877,5234724080017990877-1471373414-1471373414,5234724080017990877-1471292450-1471292450,Organic Search,0.250000,19.4625,0,0
5234724080017990877,5234724080017990877-1471373414-1471373414,5234724080017990877-1471373076-1471373076,Organic Search,0.250000,19.4625,0,0
5234724080017990877,5234724080017990877-1471373414-1471373414,5234724080017990877-1471272978-1471272978,Referral,0.250000,19.4625,0,0
8161117182595468101,8161117182595468101-1496803410-1496803410,8161117182595468101-1491273352-1491273352,Organic Search,0.333333,15.203333333,0,0
8161117182595468101,8161117182595468101-1496803410-1496803410,8161117182595468101-1496803410-1496803410,Paid Search,0.333333,15.203333333,1,45.61
8161117182595468101,8161117182595468101-1496803410-1496803410,8161117182595468101-1490651102-1490651102,Display,0.333333,15.203333333,0,0
8882815059081298260,8882815059081298260-1471357082-1471357082,8882815059081298260-1471356918-1471356918,Direct,0.500000,33.175,0,0
8882815059081298260,8882815059081298260-1471357082-1471357082,8882815059081298260-1471357082-1471357082,Referral,0.500000,33.175,1,66.35
2440247376986125183,2440247376986125183-1496163290-1496163290,2440247376986125183-1496163290-1496163290,Referral,0.500000,15.45,1,30.9
2440247376986125183,2440247376986125183-1496163290-1496163290,2440247376986125183-1496162759-1496162759,Direct,0.500000,15.45,0,0
0953889584295924240,0953889584295924240-1500643442-1500643442,0953889584295924240-1491484775-1491484780,Direct,0.500000,12.36,0,0
0953889584295924240,0953889584295924240-1500643442-1500643442,0953889584295924240-1500643442-1500643442,Referral,0.500000,12.36,1,24.72
4246596103361426339,4246596103361426339-1481826594-1481826594,4246596103361426339-1481822889-1481822889,Referral,0.500000,32.495,0,0
4246596103361426339,4246596103361426339-1481826594-1481826594,4246596103361426339-1481826594-1481826594,Paid Search,0.500000,32.495,1,64.99
6915949574314968921,6915949574314968921-1491838039-1491838039,6915949574314968921-1480382162-1480382162,Direct,0.500000,67.255,0,0
6915949574314968921,6915949574314968921-1491838039-1491838039,6915949574314968921-1491838039-1491838039,Referral,0.500000,67.255,1,134.51
6402267118449500708,6402267118449500708-1481602551-1481602551,6402267118449500708-1481602292-1481602292,Referral,0.333333,40.66,0,0
6402267118449500708,6402267118449500708-1481602551-1481602551,6402267118449500708-1481601458-1481601458,Referral,0.333333,40.66,0,0
6402267118449500708,6402267118449500708-1481602551-1481602551,6402267118449500708-1481602551-1481602551,Social,0.333333,40.66,1,121.98
8386920340998668390,8386920340998668390-1492537565-1492537565,8386920340998668390-1491320751-1491320751,Direct,0.200000,15.316,0,0
8386920340998668390,8386920340998668390-1492537565-1492537565,8386920340998668390-1491318335-1491318335,Direct,0.200000,15.316,0,0
8386920340998668390,8386920340998668390-1492537565-1492537565,8386920340998668390-1492537565-1492537565,Referral,0.200000,15.316,1,76.58
8386920340998668390,8386920340998668390-1492537565-1492537565,8386920340998668390-1491329520-1491329520,Direct,0.200000,15.316,0,0
8386920340998668390,8386920340998668390-1492537565-1492537565,8386920340998668390-1491327400-1491327400,Direct,0.200000,15.316,0,0
8398495866792940081,8398495866792940081-1485128091-1485128091,8398495866792940081-1485128091-1485128091,Paid Search,0.333333,5.396666667,1,16.19
8398495866792940081,8398495866792940081-1485128091-1485128091,8398495866792940081-1482999847-1482999847,Organic Search,0.333333,5.396666667,0,0
8398495866792940081,8398495866792940081-1485128091-1485128091,8398495866792940081-1482532752-1482532752,Organic Search,0.333333,5.396666667,0,0
3973742615068285577,3973742615068285577-1488052296-1488052296,3973742615068285577-1488052296-1488052296,Referral,0.500000,53.495,1,106.99
3973742615068285577,3973742615068285577-1488052296-1488052296,3973742615068285577-1488051271-1488051271,Organic Search,0.500000,53.495,0,0
6886733039051258034,6886733039051258034-1481355498-1481355498,6886733039051258034-1481355498-1481355498,Organic Search,0.500000,33.475,1,66.95
6886733039051258034,6886733039051258034-1481355498-1481355498,6886733039051258034-1481353633-1481353633,Paid Search,0.500000,33.475,0,0
3261813932976952112,3261813932976952112-1480515205-1480515205,3261813932976952112-1480041553-1480041553,Organic Search,0.500000,12.99,0,0
3261813932976952112,3261813932976952112-1480515205-1480515205,3261813932976952112-1480515205-1480515205,Paid Search,0.500000,12.99,1,25.98
32080452871669006,32080452871669006-1487369870-1487369870,32080452871669006-1487369518-1487369518,Direct,0.500000,91.68,0,0
32080452871669006,32080452871669006-1487369870-1487369870,32080452871669006-1487369870-1487369870,Referral,0.500000,91.68,1,183.36
2645557375569096181,2645557375569096181-1499391910-1499391910,2645557375569096181-1497290383-1497290383,Referral,0.200000,19.104,0,0
2645557375569096181,2645557375569096181-1499391910-1499391910,2645557375569096181-1498744866-1498744866,Referral,0.200000,19.104,0,0
2645557375569096181,2645557375569096181-1499391910-1499391910,2645557375569096181-1496675154-1496675154,Direct,0.200000,19.104,0,0
2645557375569096181,2645557375569096181-1499391910-1499391910,2645557375569096181-1499372793-1499372793,Referral,0.200000,19.104,0,0
2645557375569096181,2645557375569096181-1499391910-1499391910,2645557375569096181-1499391910-1499391910,Referral,0.200000,19.104,1,95.52
525470181967108180,525470181967108180-1499908430-1499908430,525470181967108180-1499907917-1499907917,Organic Search,0.500000,7,0,0
525470181967108180,525470181967108180-1499908430-1499908430,525470181967108180-1499908430-1499908430,Affiliates,0.500000,7,1,14
0316080058721038988,0316080058721038988-1500504446-1500504446,0316080058721038988-1500504446-1500504446,Organic Search,0.500000,61.995,1,123.99
0316080058721038988,0316080058721038988-1500504446-1500504446,0316080058721038988-1500504442-1500504442,Display,0.500000,61.995,0,0
8239546374178075911,8239546374178075911-1501475086-1501475086,8239546374178075911-1501459761-1501459761,Organic Search,0.166667,5.303333333,0,0
8239546374178075911,8239546374178075911-1501475086-1501475086,8239546374178075911-1498781923-1498781923,Paid Search,0.166667,5.303333333,0,0
8239546374178075911,8239546374178075911-1501475086-1501475086,8239546374178075911-1501287626-1501287626,Organic Search,0.166667,5.303333333,0,0
8239546374178075911,8239546374178075911-1501475086-1501475086,8239546374178075911-1501475086-1501475086,Organic Search,0.166667,5.303333333,1,31.82
8239546374178075911,8239546374178075911-1501475086-1501475086,8239546374178075911-1495771490-1495771490,Referral,0.166667,5.303333333,0,0
8239546374178075911,8239546374178075911-1501475086-1501475086,8239546374178075911-1499796641-1499796641,Organic Search,0.166667,5.303333333,0,0
428994201200499894,428994201200499894-1473248855-1473248855,428994201200499894-1472478374-1472478374,Organic Search,0.500000,828.285,0,0
428994201200499894,428994201200499894-1473248855-1473248855,428994201200499894-1473248855-1473248855,Display,0.500000,828.285,1,1656.57
1201830545807654637,1201830545807654637-1484453948-1484453948,1201830545807654637-1484453867-1484453867,Organic Search,0.500000,8.995,0,0
1201830545807654637,1201830545807654637-1484453948-1484453948,1201830545807654637-1484453948-1484453948,Referral,0.500000,8.995,1,17.99
4905999160114046037,4905999160114046037-1471393529-1471393529,4905999160114046037-1471393529-1471393529,Referral,0.500000,25.305,1,50.61
4905999160114046037,4905999160114046037-1471393529-1471393529,4905999160114046037-1471393159-1471393159,Direct,0.500000,25.305,0,0
6995967173645019061,6995967173645019061-1497633955-1497633955,6995967173645019061-1497633955-1497633955,Referral,0.500000,31.285,1,62.57
6995967173645019061,6995967173645019061-1497633955-1497633955,6995967173645019061-1493923891-1493923891,Direct,0.500000,31.285,0,0
725981616433523164,725981616433523164-1497476722-1497476722,725981616433523164-1495034636-1495034636,Direct,0.333333,53.533333333,0,0
725981616433523164,725981616433523164-1497476722-1497476722,725981616433523164-1497476722-1497476722,Referral,0.333333,53.533333333,1,160.6
725981616433523164,725981616433523164-1497476722-1497476722,725981616433523164-1495130053-1495130053,Display,0.333333,53.533333333,0,0
910504852442385120,910504852442385120-1497395886-1497395886,910504852442385120-1497395886-1497395886,Referral,0.090909,34.531818182,1,379.85
910504852442385120,910504852442385120-1497395886-1497395886,910504852442385120-1487997018-1487997018,Referral,0.090909,34.531818182,0,0
910504852442385120,910504852442385120-1497395886-1497395886,910504852442385120-1497025460-1497025460,Referral,0.090909,34.531818182,0,0
910504852442385120,910504852442385120-1497395886-1497395886,910504852442385120-1477337703-1477337703,Referral,0.090909,34.531818182,0,0
910504852442385120,910504852442385120-1497395886-1497395886,910504852442385120-1484977308-1484977308,Referral,0.090909,34.531818182,0,0
910504852442385120,910504852442385120-1497395886-1497395886,910504852442385120-1477930800-1477930800,Referral,0.090909,34.531818182,0,0
910504852442385120,910504852442385120-1497395886-1497395886,910504852442385120-1483745623-1483745623,Display,0.090909,34.531818182,0,0
910504852442385120,910504852442385120-1497395886-1497395886,910504852442385120-1485280518-1485280518,Referral,0.090909,34.531818182,0,0
910504852442385120,910504852442385120-1497395886-1497395886,910504852442385120-1485200076-1485200076,Referral,0.090909,34.531818182,0,0
910504852442385120,910504852442385120-1497395886-1497395886,910504852442385120-1485190192-1485190192,Referral,0.090909,34.531818182,0,0
910504852442385120,910504852442385120-1497395886-1497395886,910504852442385120-1496791849-1496791849,Referral,0.090909,34.531818182,0,0
8623452188249826507,8623452188249826507-1471632591-1471632591,8623452188249826507-1471031323-1471031323,Direct,0.500000,27.52,0,0
8623452188249826507,8623452188249826507-1471632591-1471632591,8623452188249826507-1471632591-1471632591,Referral,0.500000,27.52,1,55.04
0934513430067402140,0934513430067402140-1496423769-1496423769,0934513430067402140-1496423769-1496423769,Referral,0.500000,84.4,1,168.8
0934513430067402140,0934513430067402140-1496423769-1496423769,0934513430067402140-1496423151-1496423151,Organic Search,0.500000,84.4,0,0
3990058424732714693,3990058424732714693-1481933256-1481933256,3990058424732714693-1481933256-1481933256,Referral,0.333333,24.776666667,1,74.33
3990058424732714693,3990058424732714693-1481933256-1481933256,3990058424732714693-1480866269-1480866269,Organic Search,0.333333,24.776666667,0,0
3990058424732714693,3990058424732714693-1481933256-1481933256,3990058424732714693-1480863894-1480863894,Organic Search,0.333333,24.776666667,0,0
6820200829240883942,6820200829240883942-1497713553-1497713553,6820200829240883942-1497713553-1497713553,Referral,0.500000,33.495,1,66.99
6820200829240883942,6820200829240883942-1497713553-1497713553,6820200829240883942-1497651282-1497651282,Organic Search,0.500000,33.495,0,0
0848187910927716390,0848187910927716390-1470159351-1470159351,0848187910927716390-1470159333-1470159333,Display,0.500000,35.385,0,0
0848187910927716390,0848187910927716390-1470159351-1470159351,0848187910927716390-1470159351-1470159351,Referral,0.500000,35.385,1,70.77
3104253382416349385,3104253382416349385-1474545541-1474545541,3104253382416349385-1470231036-1470231036,Direct,0.200000,11.036,0,0
3104253382416349385,3104253382416349385-1474545541-1474545541,3104253382416349385-1471633634-1471633634,Direct,0.200000,11.036,0,0
3104253382416349385,3104253382416349385-1474545541-1474545541,3104253382416349385-1474038090-1474038090,Referral,0.200000,11.036,0,0
3104253382416349385,3104253382416349385-1474545541-1474545541,3104253382416349385-1473690003-1473690003,Referral,0.200000,11.036,0,0
3104253382416349385,3104253382416349385-1474545541-1474545541,3104253382416349385-1474545541-1474545541,Referral,0.200000,11.036,1,55.18
9521438372294298977,9521438372294298977-1501265091-1501265091,9521438372294298977-1501259175-1501259175,Organic Search,0.500000,23.395,0,0
9521438372294298977,9521438372294298977-1501265091-1501265091,9521438372294298977-1501265091-1501265091,Paid Search,0.500000,23.395,1,46.79
8578219364291235989,8578219364291235989-1471380127-1471380127,8578219364291235989-1471367770-1471367770,Referral,0.333333,35.396666667,0,0
8578219364291235989,8578219364291235989-1471380127-1471380127,8578219364291235989-1471380127-1471380127,Referral,0.333333,35.396666667,1,106.19
8578219364291235989,8578219364291235989-1471380127-1471380127,8578219364291235989-1470680494-1470680494,Direct,0.333333,35.396666667,0,0
5314537357116205393,5314537357116205393-1477488214-1477488214,5314537357116205393-1477488214-1477488214,Paid Search,0.500000,40.245,1,80.49
5314537357116205393,5314537357116205393-1477488214-1477488214,5314537357116205393-1477487367-1477487367,Organic Search,0.500000,40.245,0,0
001905118576359487,001905118576359487-1476722496-1476722496,001905118576359487-1476722496-1476722496,Referral,0.500000,11.095,1,22.19
001905118576359487,001905118576359487-1476722496-1476722496,001905118576359487-1476203316-1476203316,Organic Search,0.500000,11.095,0,0
112305056557684257,112305056557684257-1472410136-1472410136,112305056557684257-1471962956-1471962956,Direct,1.000000,140.33,0,0
112305056557684257,112305056557684257-1472410136-1472410136,112305056557684257-1472410136-1472410136,Referral,1.000000,140.33,2,280.66
6007466842428480250,6007466842428480250-1481503389-1481503389,6007466842428480250-1481503389-1481503389,Organic Search,0.500000,15.49,1,30.98
6007466842428480250,6007466842428480250-1481503389-1481503389,6007466842428480250-1480438552-1480438552,Referral,0.500000,15.49,0,0
0291002892578472269,0291002892578472269-1493996088-1493996088,0291002892578472269-1493816810-1493816810,Organic Search,0.500000,1387.055,0,0
0291002892578472269,0291002892578472269-1493996088-1493996088,0291002892578472269-1493996088-1493996088,Display,0.500000,1387.055,1,2774.11
6381379755303153849,6381379755303153849-1484008342-1484008342,6381379755303153849-1484008342-1484008342,Organic Search,0.500000,18.49,1,36.98
6381379755303153849,6381379755303153849-1484008342-1484008342,6381379755303153849-1484007267-1484007267,Direct,0.500000,18.49,0,0
8795588873125044253,8795588873125044253-1491368550-1491368550,8795588873125044253-1491368550-1491368550,Referral,0.500000,54.19,1,108.38
8795588873125044253,8795588873125044253-1491368550-1491368550,8795588873125044253-1491368445-1491368445,Organic Search,0.500000,54.19,0,0
3020902841110220885,3020902841110220885-1478275909-1478275909,3020902841110220885-1478268938-1478268938,Display,0.333333,15.66,0,0
3020902841110220885,3020902841110220885-1478275909-1478275909,3020902841110220885-1478275909-1478275909,Organic Search,0.333333,15.66,1,46.98
3020902841110220885,3020902841110220885-1478275909-1478275909,3020902841110220885-1478275846-1478275846,Display,0.333333,15.66,0,0
5682452231721622029,5682452231721622029-1472580873-1472580873,5682452231721622029-1470257380-1470257380,Organic Search,0.500000,23.975,0,0
5682452231721622029,5682452231721622029-1472580873-1472580873,5682452231721622029-1472580873-1472580873,Paid Search,0.500000,23.975,1,47.95
4408476978270760703,4408476978270760703-1478835659-1478835659,4408476978270760703-1478101010-1478101010,Direct,0.500000,33.28,0,0
4408476978270760703,4408476978270760703-1478835659-1478835659,4408476978270760703-1478835659-1478835659,Referral,0.500000,33.28,1,66.56
6434737895703616541,6434737895703616541-1497499568-1497499568,6434737895703616541-1497499568-1497499568,Referral,0.333333,15.93,1,47.79
6434737895703616541,6434737895703616541-1497499568-1497499568,6434737895703616541-1497499465-1497499473,Direct,0.333333,15.93,0,0
6434737895703616541,6434737895703616541-1497499568-1497499568,6434737895703616541-1497495820-1497495822,Direct,0.333333,15.93,0,0
0220695720492664721,0220695720492664721-1487520984-1487520984,0220695720492664721-1485369802-1485369802,Referral,0.250000,13.5925,0,0
0220695720492664721,0220695720492664721-1487520984-1487520984,0220695720492664721-1487520984-1487520984,Display,0.250000,13.5925,1,54.37
0220695720492664721,0220695720492664721-1487520984-1487520984,0220695720492664721-1487520417-1487520417,Display,0.250000,13.5925,0,0
0220695720492664721,0220695720492664721-1487520984-1487520984,0220695720492664721-1487520469-1487520469,Referral,0.250000,13.5925,0,0
5743796585353969433,5743796585353969433-1482508773-1482508773,5743796585353969433-1482508773-1482508773,Referral,0.500000,15.695,1,31.39
5743796585353969433,5743796585353969433-1482508773-1482508773,5743796585353969433-1482507715-1482507715,Organic Search,0.500000,15.695,0,0
8176423825601532068,8176423825601532068-1486929770-1486929770,8176423825601532068-1486928151-1486928151,Organic Search,0.500000,26.495,0,0
8176423825601532068,8176423825601532068-1486929770-1486929770,8176423825601532068-1486929770-1486929770,Referral,0.500000,26.495,1,52.99
7807217189456163612,7807217189456163612-1483464332-1483464332,7807217189456163612-1480700196-1480700196,Organic Search,0.500000,16.475,0,0
7807217189456163612,7807217189456163612-1483464332-1483464332,7807217189456163612-1483464332-1483464332,Paid Search,0.500000,16.475,1,32.95
2327809759534404336,2327809759534404336-1492542381-1492542381,2327809759534404336-1492541861-1492541861,Organic Search,0.500000,39.375,0,0
2327809759534404336,2327809759534404336-1492542381-1492542381,2327809759534404336-1492542381-1492542381,Social,0.500000,39.375,1,78.75
1996773434304553418,1996773434304553418-1487835927-1487835927,1996773434304553418-1487181133-1487181133,Direct,0.500000,22.895,0,0
1996773434304553418,1996773434304553418-1487835927-1487835927,1996773434304553418-1487835927-1487835927,Referral,0.500000,22.895,1,45.79
3979618861854336423,3979618861854336423-1474913464-1474913464,3979618861854336423-1474913464-1474913464,Paid Search,0.333333,135.913333333,1,407.74
3979618861854336423,3979618861854336423-1474913464-1474913464,3979618861854336423-1474642547-1474642547,Paid Search,0.333333,135.913333333,0,0
3979618861854336423,3979618861854336423-1474913464-1474913464,3979618861854336423-1473950759-1473950759,Organic Search,0.333333,135.913333333,0,0
3475663815219726995,3475663815219726995-1478892858-1478892858,3475663815219726995-1478441812-1478441812,Referral,0.125000,20.575,0,0
3475663815219726995,3475663815219726995-1478892858-1478892858,3475663815219726995-1477927313-1477927313,Referral,0.125000,20.575,0,0
3475663815219726995,3475663815219726995-1478892858-1478892858,3475663815219726995-1478189822-1478189822,Referral,0.125000,20.575,0,0
3475663815219726995,3475663815219726995-1478892858-1478892858,3475663815219726995-1476391264-1476391264,Referral,0.125000,20.575,0,0
3475663815219726995,3475663815219726995-1478892858-1478892858,3475663815219726995-1476131241-1476131241,Direct,0.125000,20.575,0,0
3475663815219726995,3475663815219726995-1478892858-1478892858,3475663815219726995-1478892858-1478892858,Referral,0.125000,20.575,1,164.6
3475663815219726995,3475663815219726995-1478892858-1478892858,3475663815219726995-1477678157-1477678157,Referral,0.125000,20.575,0,0
3475663815219726995,3475663815219726995-1478892858-1478892858,3475663815219726995-1478269647-1478269647,Referral,0.125000,20.575,0,0
6637893097065829171,6637893097065829171-1474587573-1474587573,6637893097065829171-1473286714-1473286714,Referral,0.500000,27.685,0,0
6637893097065829171,6637893097065829171-1474587573-1474587573,6637893097065829171-1474587573-1474587573,Social,0.500000,27.685,1,55.37
3312961883012111762,3312961883012111762-1487278635-1487278635,3312961883012111762-1480434090-1480434095,Direct,0.500000,19.295,0,0
3312961883012111762,3312961883012111762-1487278635-1487278635,3312961883012111762-1487278635-1487278635,Social,0.500000,19.295,1,38.59
5305744522650786238,5305744522650786238-1488578242-1488578242,5305744522650786238-1488578242-1488578242,Organic Search,0.166667,8.131666667,1,48.79
5305744522650786238,5305744522650786238-1488578242-1488578242,5305744522650786238-1486155363-1486155363,Direct,0.166667,8.131666667,0,0
5305744522650786238,5305744522650786238-1488578242-1488578242,5305744522650786238-1485795360-1485795360,Direct,0.166667,8.131666667,0,0
5305744522650786238,5305744522650786238-1488578242-1488578242,5305744522650786238-1485797385-1485797385,Direct,0.166667,8.131666667,0,0
5305744522650786238,5305744522650786238-1488578242-1488578242,5305744522650786238-1485890032-1485890032,Direct,0.166667,8.131666667,0,0
5305744522650786238,5305744522650786238-1488578242-1488578242,5305744522650786238-1486414771-1486414771,Direct,0.166667,8.131666667,0,0
4970331206023875166,4970331206023875166-1493836069-1493836069,4970331206023875166-1493836069-1493836069,Paid Search,0.500000,15.92,1,31.84
4970331206023875166,4970331206023875166-1493836069-1493836069,4970331206023875166-1493516629-1493516629,Organic Search,0.500000,15.92,0,0
80317544461352905,80317544461352905-1495674690-1495674690,80317544461352905-1495674690-1495674690,Referral,0.500000,31.26,1,62.52
80317544461352905,80317544461352905-1495674690-1495674690,80317544461352905-1495674384-1495674384,Organic Search,0.500000,31.26,0,0
5696877921911680957,5696877921911680957-1496976922-1496976922,5696877921911680957-1496976922-1496976922,Direct,0.500000,14.45,1,28.9
5696877921911680957,5696877921911680957-1496976922-1496976922,5696877921911680957-1471733181-1471733181,Referral,0.500000,14.45,0,0
2888741988109163849,2888741988109163849-1480953207-1480953207,2888741988109163849-1480953207-1480953207,Referral,0.500000,28.98,1,57.96
2888741988109163849,2888741988109163849-1480953207-1480953207,2888741988109163849-1480953072-1480953072,Organic Search,0.500000,28.98,0,0
6289042057007415577,6289042057007415577-1474670101-1474670101,6289042057007415577-1474670101-1474670101,Referral,0.333333,44.283333333,1,132.85
6289042057007415577,6289042057007415577-1474670101-1474670101,6289042057007415577-1474669911-1474669911,Direct,0.333333,44.283333333,0,0
6289042057007415577,6289042057007415577-1474670101-1474670101,6289042057007415577-1474642586-1474642586,Direct,0.333333,44.283333333,0,0
5438008470160894903,5438008470160894903-1490993791-1490993791,5438008470160894903-1490993791-1490993791,Referral,0.500000,98.04,1,196.08
5438008470160894903,5438008470160894903-1490993791-1490993791,5438008470160894903-1490993669-1490993669,Direct,0.500000,98.04,0,0
4325998729164340055,4325998729164340055-1488650353-1488650353,4325998729164340055-1487879468-1487879468,Direct,0.500000,12.495,0,0
4325998729164340055,4325998729164340055-1488650353-1488650353,4325998729164340055-1488650353-1488650353,Referral,0.500000,12.495,1,24.99
175784634919851322,175784634919851322-1491871284-1491871284,175784634919851322-1491870767-1491870767,Direct,0.500000,74.4,0,0
175784634919851322,175784634919851322-1491871284-1491871284,175784634919851322-1491871284-1491871284,Referral,0.500000,74.4,1,148.8
0876622834480671437,0876622834480671437-1492101601-1492101601,0876622834480671437-1492100665-1492100665,Organic Search,0.500000,15.695,0,0
0876622834480671437,0876622834480671437-1492101601-1492101601,0876622834480671437-1492101601-1492101601,Referral,0.500000,15.695,1,31.39
5310912563447452038,5310912563447452038-1476302884-1476302884,5310912563447452038-1474239579-1474239579,Referral,0.071429,27.046428571,0,0
5310912563447452038,5310912563447452038-1476302884-1476302884,5310912563447452038-1474088803-1474088803,Referral,0.071429,27.046428571,0,0
5310912563447452038,5310912563447452038-1476302884-1476302884,5310912563447452038-1470107444-1470107444,Referral,0.071429,27.046428571,0,0
5310912563447452038,5310912563447452038-1476302884-1476302884,5310912563447452038-1474091504-1474091504,Referral,0.071429,27.046428571,0,0
5310912563447452038,5310912563447452038-1476302884-1476302884,5310912563447452038-1473311915-1473311915,Referral,0.071429,27.046428571,0,0
5310912563447452038,5310912563447452038-1476302884-1476302884,5310912563447452038-1474082338-1474082338,Referral,0.071429,27.046428571,0,0
5310912563447452038,5310912563447452038-1476302884-1476302884,5310912563447452038-1476139420-1476139420,Organic Search,0.071429,27.046428571,0,0
5310912563447452038,5310912563447452038-1476302884-1476302884,5310912563447452038-1475632087-1475632087,Referral,0.071429,27.046428571,0,0
5310912563447452038,5310912563447452038-1476302884-1476302884,5310912563447452038-1474787407-1474787407,Referral,0.071429,27.046428571,0,0
5310912563447452038,5310912563447452038-1476302884-1476302884,5310912563447452038-1474255647-1474255647,Social,0.071429,27.046428571,0,0
5310912563447452038,5310912563447452038-1476302884-1476302884,5310912563447452038-1476302884-1476302884,Organic Search,0.071429,27.046428571,1,378.65
5310912563447452038,5310912563447452038-1476302884-1476302884,5310912563447452038-1474077250-1474077250,Referral,0.071429,27.046428571,0,0
5310912563447452038,5310912563447452038-1476302884-1476302884,5310912563447452038-1474251959-1474251959,Referral,0.071429,27.046428571,0,0
5310912563447452038,5310912563447452038-1476302884-1476302884,5310912563447452038-1475916820-1475916820,Referral,0.071429,27.046428571,0,0
74075706296764845,74075706296764845-1470850257-1470850257,74075706296764845-1470850054-1470850054,Organic Search,0.250000,9.065,0,0
74075706296764845,74075706296764845-1470850257-1470850257,74075706296764845-1470850257-1470850257,Referral,0.250000,9.065,1,36.26
74075706296764845,74075706296764845-1470850257-1470850257,74075706296764845-1470257112-1470257112,Display,0.250000,9.065,0,0
74075706296764845,74075706296764845-1470850257-1470850257,74075706296764845-1470849804-1470849804,Display,0.250000,9.065,0,0
7035655888631728269,7035655888631728269-1483918447-1483918447,7035655888631728269-1479422731-1479422731,Direct,0.250000,16.64,0,0
7035655888631728269,7035655888631728269-1483918447-1483918447,7035655888631728269-1483918447-1483918447,Referral,0.250000,16.64,1,66.56
7035655888631728269,7035655888631728269-1483918447-1483918447,7035655888631728269-1482271549-1482271549,Referral,0.250000,16.64,0,0
7035655888631728269,7035655888631728269-1483918447-1483918447,7035655888631728269-1481477979-1481477979,Direct,0.250000,16.64,0,0
6171698148494823293,6171698148494823293-1499804741-1499804741,6171698148494823293-1497998936-1497998936,Direct,0.250000,7.2475,0,0
6171698148494823293,6171698148494823293-1499804741-1499804741,6171698148494823293-1497421521-1497421521,Direct,0.250000,7.2475,0,0
6171698148494823293,6171698148494823293-1499804741-1499804741,6171698148494823293-1498529866-1498529866,Referral,0.250000,7.2475,0,0
6171698148494823293,6171698148494823293-1499804741-1499804741,6171698148494823293-1499804741-1499804741,Referral,0.250000,7.2475,1,28.99
2420397679231012493,2420397679231012493-1490280153-1490280153,2420397679231012493-1488808154-1488808154,Direct,0.500000,15.49,0,0
2420397679231012493,2420397679231012493-1490280153-1490280153,2420397679231012493-1490280153-1490280153,Organic Search,0.500000,15.49,1,30.98
6144620538699663193,6144620538699663193-1489854116-1489854116,6144620538699663193-1489854116-1489854116,Organic Search,0.500000,1.495,1,2.99
6144620538699663193,6144620538699663193-1489854116-1489854116,6144620538699663193-1487546705-1487546705,Social,0.500000,1.495,0,0
5130291544315310058,5130291544315310058-1480993444-1480993444,5130291544315310058-1480953929-1480953929,Direct,0.500000,19.99,0,0
5130291544315310058,5130291544315310058-1480993444-1480993444,5130291544315310058-1480993444-1480993444,Organic Search,0.500000,19.99,1,39.98
1614961404175770147,1614961404175770147-1491269737-1491269737,1614961404175770147-1491269713-1491269713,Direct,0.500000,11.995,0,0
1614961404175770147,1614961404175770147-1491269737-1491269737,1614961404175770147-1491269737-1491269737,Organic Search,0.500000,11.995,1,23.99
5989963282036287495,5989963282036287495-1495575018-1495575018,5989963282036287495-1495342313-1495342313,Direct,0.200000,96.72,0,0
5989963282036287495,5989963282036287495-1495575018-1495575018,5989963282036287495-1495050457-1495050457,Direct,0.200000,96.72,0,0
5989963282036287495,5989963282036287495-1495575018-1495575018,5989963282036287495-1495218935-1495218935,Direct,0.200000,96.72,0,0
5989963282036287495,5989963282036287495-1495575018-1495575018,5989963282036287495-1495575018-1495575018,Organic Search,0.200000,96.72,1,483.6
5989963282036287495,5989963282036287495-1495575018-1495575018,5989963282036287495-1494950200-1494950200,Direct,0.200000,96.72,0,0
3868696346876688478,3868696346876688478-1473968066-1473968066,3868696346876688478-1473967959-1473967959,Display,0.500000,17.29,0,0
3868696346876688478,3868696346876688478-1473968066-1473968066,3868696346876688478-1473968066-1473968066,Referral,0.500000,17.29,1,34.58
8191371294306245008,8191371294306245008-1481676317-1481676317,8191371294306245008-1481673768-1481673768,Referral,0.142857,14.904285714,0,0
8191371294306245008,8191371294306245008-1481676317-1481676317,8191371294306245008-1481299123-1481299123,Social,0.142857,14.904285714,0,0
8191371294306245008,8191371294306245008-1481676317-1481676317,8191371294306245008-1481298698-1481298698,Organic Search,0.142857,14.904285714,0,0
8191371294306245008,8191371294306245008-1481676317-1481676317,8191371294306245008-1481676317-1481676317,Referral,0.142857,14.904285714,1,104.33
8191371294306245008,8191371294306245008-1481676317-1481676317,8191371294306245008-1481666948-1481666948,Referral,0.142857,14.904285714,0,0
8191371294306245008,8191371294306245008-1481676317-1481676317,8191371294306245008-1481666307-1481666307,Organic Search,0.142857,14.904285714,0,0
8191371294306245008,8191371294306245008-1481676317-1481676317,8191371294306245008-1480922283-1480922283,Organic Search,0.142857,14.904285714,0,0
9102765564604864805,9102765564604864805-1496347399-1496347399,9102765564604864805-1496347315-1496347315,Referral,0.500000,20.995,0,0
9102765564604864805,9102765564604864805-1496347399-1496347399,9102765564604864805-1496347399-1496347399,Organic Search,0.500000,20.995,1,41.99
0348641465070077039,0348641465070077039-1494612925-1494612925,0348641465070077039-1494612925-1494612925,Referral,0.333333,154.133333333,1,462.4
0348641465070077039,0348641465070077039-1494612925-1494612925,0348641465070077039-1494599469-1494599469,Referral,0.333333,154.133333333,0,0
0348641465070077039,0348641465070077039-1494612925-1494612925,0348641465070077039-1494599244-1494599244,Direct,0.333333,154.133333333,0,0
2872390777688988558,2872390777688988558-1500943165-1500943165,2872390777688988558-1500492859-1500492859,Referral,0.333333,5.663333333,0,0
2872390777688988558,2872390777688988558-1500943165-1500943165,2872390777688988558-1500596350-1500596350,Referral,0.333333,5.663333333,0,0
2872390777688988558,2872390777688988558-1500943165-1500943165,2872390777688988558-1500943165-1500943165,Organic Search,0.333333,5.663333333,1,16.99
4765001446497893727,4765001446497893727-1489775065-1489775065,4765001446497893727-1489775065-1489775065,Referral,0.500000,48.85,1,97.7
4765001446497893727,4765001446497893727-1489775065-1489775065,4765001446497893727-1487369195-1487369195,Direct,0.500000,48.85,0,0
7298416213438900925,7298416213438900925-1498163385-1498163385,7298416213438900925-1495564689-1495564689,Paid Search,0.142857,17.342857143,0,0
7298416213438900925,7298416213438900925-1498163385-1498163385,7298416213438900925-1491424130-1491424130,Organic Search,0.142857,17.342857143,0,0
7298416213438900925,7298416213438900925-1498163385-1498163385,7298416213438900925-1496342489-1496342489,Organic Search,0.142857,17.342857143,0,0
7298416213438900925,7298416213438900925-1498163385-1498163385,7298416213438900925-1498163385-1498163385,Organic Search,0.142857,17.342857143,1,121.4
7298416213438900925,7298416213438900925-1498163385-1498163385,7298416213438900925-1498160004-1498160004,Organic Search,0.142857,17.342857143,0,0
7298416213438900925,7298416213438900925-1498163385-1498163385,7298416213438900925-1495723977-1495723977,Organic Search,0.142857,17.342857143,0,0
7298416213438900925,7298416213438900925-1498163385-1498163385,7298416213438900925-1498156187-1498156187,Organic Search,0.142857,17.342857143,0,0
9794005369838434901,9794005369838434901-1473692417-1473692417,9794005369838434901-1473686913-1473686913,Referral,0.333333,275.91,0,0
9794005369838434901,9794005369838434901-1473692417-1473692417,9794005369838434901-1473692417-1473692417,Referral,0.333333,275.91,1,827.73
9794005369838434901,9794005369838434901-1473692417-1473692417,9794005369838434901-1473686900-1473686900,Direct,0.333333,275.91,0,0
5427815451754504736,5427815451754504736-1478562519-1478562519,5427815451754504736-1478562519-1478562519,Referral,0.500000,12.19,1,24.38
5427815451754504736,5427815451754504736-1478562519-1478562519,5427815451754504736-1478562247-1478562247,Organic Search,0.500000,12.19,0,0
6704302181752646951,6704302181752646951-1479043163-1479043163,6704302181752646951-1477595022-1477595022,Direct,1.000000,75.025,0,0
6704302181752646951,6704302181752646951-1479043163-1479043163,6704302181752646951-1479043163-1479043163,Referral,1.000000,75.025,2,150.05
7758585801799209122,7758585801799209122-1481035944-1481035944,7758585801799209122-1480615991-1480615991,Display,0.250000,17.2475,0,0
7758585801799209122,7758585801799209122-1481035944-1481035944,7758585801799209122-1481035944-1481035944,Referral,0.250000,17.2475,1,68.99
7758585801799209122,7758585801799209122-1481035944-1481035944,7758585801799209122-1480602314-1480602314,Referral,0.250000,17.2475,0,0
7758585801799209122,7758585801799209122-1481035944-1481035944,7758585801799209122-1480615897-1480615897,Referral,0.250000,17.2475,0,0
7742753003683875687,7742753003683875687-1483554567-1483554567,7742753003683875687-1483554567-1483554567,Referral,0.500000,40.89,1,81.78
7742753003683875687,7742753003683875687-1483554567-1483554567,7742753003683875687-1482187276-1482187276,Display,0.500000,40.89,0,0
3598720718130713222,3598720718130713222-1491231112-1491231112,3598720718130713222-1476558740-1476558740,Organic Search,0.111111,4.443333333,0,0
3598720718130713222,3598720718130713222-1491231112-1491231112,3598720718130713222-1476452687-1476452687,Paid Search,0.111111,4.443333333,0,0
3598720718130713222,3598720718130713222-1491231112-1491231112,3598720718130713222-1485641304-1485641304,Organic Search,0.111111,4.443333333,0,0
3598720718130713222,3598720718130713222-1491231112-1491231112,3598720718130713222-1475850113-1475850113,Paid Search,0.111111,4.443333333,0,0
3598720718130713222,3598720718130713222-1491231112-1491231112,3598720718130713222-1491231112-1491231112,Paid Search,0.111111,4.443333333,1,39.99
3598720718130713222,3598720718130713222-1491231112-1491231112,3598720718130713222-1488033572-1488033572,Organic Search,0.111111,4.443333333,0,0
3598720718130713222,3598720718130713222-1491231112-1491231112,3598720718130713222-1475881730-1475881730,Paid Search,0.111111,4.443333333,0,0
3598720718130713222,3598720718130713222-1491231112-1491231112,3598720718130713222-1476798920-1476798920,Organic Search,0.111111,4.443333333,0,0
3598720718130713222,3598720718130713222-1491231112-1491231112,3598720718130713222-1489364890-1489364890,Paid Search,0.111111,4.443333333,0,0
2755803596302366482,2755803596302366482-1496269901-1496269901,2755803596302366482-1488293512-1488293512,Direct,0.111111,15.782222222,0,0
2755803596302366482,2755803596302366482-1496269901-1496269901,2755803596302366482-1491099589-1491099589,Direct,0.111111,15.782222222,0,0
2755803596302366482,2755803596302366482-1496269901-1496269901,2755803596302366482-1494099464-1494099464,Referral,0.111111,15.782222222,0,0
2755803596302366482,2755803596302366482-1496269901-1496269901,2755803596302366482-1491171077-1491171077,Direct,0.111111,15.782222222,0,0
2755803596302366482,2755803596302366482-1496269901-1496269901,2755803596302366482-1496268060-1496268060,Referral,0.111111,15.782222222,0,0
2755803596302366482,2755803596302366482-1496269901-1496269901,2755803596302366482-1496264109-1496264109,Referral,0.111111,15.782222222,0,0
2755803596302366482,2755803596302366482-1496269901-1496269901,2755803596302366482-1491052264-1491052264,Direct,0.111111,15.782222222,0,0
2755803596302366482,2755803596302366482-1496269901-1496269901,2755803596302366482-1490952533-1490952533,Direct,0.111111,15.782222222,0,0
2755803596302366482,2755803596302366482-1496269901-1496269901,2755803596302366482-1496269901-1496269901,Referral,0.111111,15.782222222,1,142.04
3818441184498004752,3818441184498004752-1474310854-1474310854,3818441184498004752-1473362207-1473362207,Paid Search,0.200000,17.796,0,0
3818441184498004752,3818441184498004752-1474310854-1474310854,3818441184498004752-1474310854-1474310854,Organic Search,0.200000,17.796,1,88.98
3818441184498004752,3818441184498004752-1474310854-1474310854,3818441184498004752-1471389882-1471389882,Organic Search,0.200000,17.796,0,0
3818441184498004752,3818441184498004752-1474310854-1474310854,3818441184498004752-1472222997-1472222997,Organic Search,0.200000,17.796,0,0
3818441184498004752,3818441184498004752-1474310854-1474310854,3818441184498004752-1471387467-1471387467,Organic Search,0.200000,17.796,0,0
9520888113788925789,9520888113788925789-1471979488-1471979488,9520888113788925789-1471481341-1471481341,Organic Search,0.125000,164.25125,0,0
9520888113788925789,9520888113788925789-1471979488-1471979488,9520888113788925789-1471929258-1471929258,Organic Search,0.125000,164.25125,0,0
9520888113788925789,9520888113788925789-1471979488-1471979488,9520888113788925789-1471892022-1471892022,Organic Search,0.125000,164.25125,0,0
9520888113788925789,9520888113788925789-1471979488-1471979488,9520888113788925789-1471979488-1471979488,Organic Search,0.125000,164.25125,1,1314.01
9520888113788925789,9520888113788925789-1471979488-1471979488,9520888113788925789-1471907103-1471907103,Organic Search,0.125000,164.25125,0,0
9520888113788925789,9520888113788925789-1471979488-1471979488,9520888113788925789-1471363012-1471363012,Direct,0.125000,164.25125,0,0
9520888113788925789,9520888113788925789-1471979488-1471979488,9520888113788925789-1471477988-1471477988,Organic Search,0.125000,164.25125,0,0
9520888113788925789,9520888113788925789-1471979488-1471979488,9520888113788925789-1471976442-1471976442,Organic Search,0.125000,164.25125,0,0
5601331232035413778,5601331232035413778-1498549692-1498549692,5601331232035413778-1498549692-1498549692,Organic Search,0.142857,15.99,1,111.93
5601331232035413778,5601331232035413778-1498549692-1498549692,5601331232035413778-1472295701-1472295701,Direct,0.142857,15.99,0,0
5601331232035413778,5601331232035413778-1498549692-1498549692,5601331232035413778-1498200859-1498200859,Organic Search,0.142857,15.99,0,0
5601331232035413778,5601331232035413778-1498549692-1498549692,5601331232035413778-1498200859-1498201208,Organic Search,0.142857,15.99,0,0
5601331232035413778,5601331232035413778-1498549692-1498549692,5601331232035413778-1497789301-1497789301,Organic Search,0.142857,15.99,0,0
5601331232035413778,5601331232035413778-1498549692-1498549692,5601331232035413778-1498216711-1498216711,Organic Search,0.142857,15.99,0,0
5601331232035413778,5601331232035413778-1498549692-1498549692,5601331232035413778-1497793450-1497793450,Organic Search,0.142857,15.99,0,0
8532069530739848157,8532069530739848157-1473019751-1473019751,8532069530739848157-1472942852-1472942852,Organic Search,0.250000,8.75,0,0
8532069530739848157,8532069530739848157-1473019751-1473019751,8532069530739848157-1472857802-1472857802,Paid Search,0.250000,8.75,0,0
8532069530739848157,8532069530739848157-1473019751-1473019751,8532069530739848157-1473019751-1473019751,Organic Search,0.250000,8.75,1,35
8532069530739848157,8532069530739848157-1473019751-1473019751,8532069530739848157-1472862398-1472862398,Organic Search,0.250000,8.75,0,0
8838271881130575329,8838271881130575329-1482282655-1482282655,8838271881130575329-1481040630-1481040630,Direct,0.333333,49.06,0,0
8838271881130575329,8838271881130575329-1482282655-1482282655,8838271881130575329-1482282655-1482282655,Display,0.333333,49.06,1,147.18
8838271881130575329,8838271881130575329-1482282655-1482282655,8838271881130575329-1481822939-1481822939,Display,0.333333,49.06,0,0
8194948038979976753,8194948038979976753-1499794475-1499794475,8194948038979976753-1499374405-1499374405,Referral,0.200000,70.722,0,0
8194948038979976753,8194948038979976753-1499794475-1499794475,8194948038979976753-1499794475-1499794475,Referral,0.200000,70.722,1,353.61
8194948038979976753,8194948038979976753-1499794475-1499794475,8194948038979976753-1499692781-1499692781,Referral,0.200000,70.722,0,0
8194948038979976753,8194948038979976753-1499794475-1499794475,8194948038979976753-1497469442-1497469442,Direct,0.200000,70.722,0,0
8194948038979976753,8194948038979976753-1499794475-1499794475,8194948038979976753-1497469491-1497469491,Referral,0.200000,70.722,0,0
7710274785859342861,7710274785859342861-1495063137-1495063137,7710274785859342861-1495063137-1495063137,Paid Search,0.333333,2.33,1,6.99
7710274785859342861,7710274785859342861-1495063137-1495063137,7710274785859342861-1495061598-1495061598,Paid Search,0.333333,2.33,0,0
7710274785859342861,7710274785859342861-1495063137-1495063137,7710274785859342861-1494943125-1494943125,Organic Search,0.333333,2.33,0,0
2158257269735455737,2158257269735455737-1501196318-1501196318,2158257269735455737-1500345659-1500345659,Display,0.200000,5.498,0,0
2158257269735455737,2158257269735455737-1501196318-1501196318,2158257269735455737-1500342947-1500342947,Organic Search,0.200000,5.498,0,0
2158257269735455737,2158257269735455737-1501196318-1501196318,2158257269735455737-1500345800-1500345800,Display,0.200000,5.498,0,0
2158257269735455737,2158257269735455737-1501196318-1501196318,2158257269735455737-1501196318-1501196318,Organic Search,0.200000,5.498,1,27.49
2158257269735455737,2158257269735455737-1501196318-1501196318,2158257269735455737-1499593880-1499593880,Organic Search,0.200000,5.498,0,0
3818637526754889697,3818637526754889697-1477620424-1477620424,3818637526754889697-1477620424-1477620424,Organic Search,0.250000,26.9975,1,107.99
3818637526754889697,3818637526754889697-1477620424-1477620424,3818637526754889697-1476514427-1476514427,Organic Search,0.250000,26.9975,0,0
3818637526754889697,3818637526754889697-1477620424-1477620424,3818637526754889697-1474841180-1474841180,Paid Search,0.250000,26.9975,0,0
3818637526754889697,3818637526754889697-1477620424-1477620424,3818637526754889697-1474834716-1474834716,Paid Search,0.250000,26.9975,0,0
0860415108038967350,0860415108038967350-1480292824-1480292824,0860415108038967350-1480292824-1480292824,Referral,0.333333,17.723333333,1,53.17
0860415108038967350,0860415108038967350-1480292824-1480292824,0860415108038967350-1476997387-1476997387,Direct,0.333333,17.723333333,0,0
0860415108038967350,0860415108038967350-1480292824-1480292824,0860415108038967350-1477599841-1477599841,Direct,0.333333,17.723333333,0,0
871477912823058718,871477912823058718-1477589604-1477589604,871477912823058718-1475094341-1475094341,Direct,0.166667,14.698333333,0,0
871477912823058718,871477912823058718-1477589604-1477589604,871477912823058718-1476208511-1476208511,Direct,0.166667,14.698333333,0,0
871477912823058718,871477912823058718-1477589604-1477589604,871477912823058718-1477518119-1477518119,Referral,0.166667,14.698333333,0,0
871477912823058718,871477912823058718-1477589604-1477589604,871477912823058718-1477589604-1477589604,Referral,0.166667,14.698333333,1,88.19
871477912823058718,871477912823058718-1477589604-1477589604,871477912823058718-1476113584-1476113584,Direct,0.166667,14.698333333,0,0
871477912823058718,871477912823058718-1477589604-1477589604,871477912823058718-1477584729-1477584729,Referral,0.166667,14.698333333,0,0
1079388627585956636,1079388627585956636-1479782919-1479782919,1079388627585956636-1479780294-1479780294,Paid Search,0.333333,30.99,0,0
1079388627585956636,1079388627585956636-1479782919-1479782919,1079388627585956636-1479782919-1479782919,Organic Search,0.333333,30.99,1,92.97
1079388627585956636,1079388627585956636-1479782919-1479782919,1079388627585956636-1479782444-1479782444,Paid Search,0.333333,30.99,0,0
120951074287268149,120951074287268149-1499974113-1499974113,120951074287268149-1499974113-1499974113,Referral,0.500000,32.54,1,65.08
120951074287268149,120951074287268149-1499974113-1499974113,120951074287268149-1499964954-1499964954,Direct,0.500000,32.54,0,0
7045858976815818278,7045858976815818278-1493318761-1493318761,7045858976815818278-1493318591-1493318591,Direct,0.500000,18.295,0,0
7045858976815818278,7045858976815818278-1493318761-1493318761,7045858976815818278-1493318761-1493318761,Referral,0.500000,18.295,1,36.59
8785356457446164394,8785356457446164394-1478660329-1478660329,8785356457446164394-1478660329-1478660329,Referral,0.500000,15.09,1,30.18
8785356457446164394,8785356457446164394-1478660329-1478660329,8785356457446164394-1477271311-1477271311,Paid Search,0.500000,15.09,0,0
7360285709701515415,7360285709701515415-1471664397-1471664397,7360285709701515415-1471020659-1471020659,Direct,0.250000,7.2875,0,0
7360285709701515415,7360285709701515415-1471664397-1471664397,7360285709701515415-1471544279-1471544279,Direct,0.250000,7.2875,0,0
7360285709701515415,7360285709701515415-1471664397-1471664397,7360285709701515415-1471663379-1471663379,Direct,0.250000,7.2875,0,0
7360285709701515415,7360285709701515415-1471664397-1471664397,7360285709701515415-1471664397-1471664397,Referral,0.250000,7.2875,1,29.15
5041110715755196949,5041110715755196949-1490451308-1490451308,5041110715755196949-1488829973-1488829973,Display,0.500000,108.315,0,0
5041110715755196949,5041110715755196949-1490451308-1490451308,5041110715755196949-1490451308-1490451308,Referral,0.500000,108.315,1,216.63
1924458237730000404,1924458237730000404-1481238996-1481238996,1924458237730000404-1480261053-1480261053,Paid Search,0.333333,20.33,0,0
1924458237730000404,1924458237730000404-1481238996-1481238996,1924458237730000404-1481237844-1481237844,Paid Search,0.333333,20.33,0,0
1924458237730000404,1924458237730000404-1481238996-1481238996,1924458237730000404-1481238996-1481238996,Organic Search,0.333333,20.33,1,60.99
5687667730920600613,5687667730920600613-1501524044-1501524044,5687667730920600613-1490665107-1490665107,Social,0.019608,0.5488235294,0,0
5687667730920600613,5687667730920600613-1501524044-1501524044,5687667730920600613-1501514998-1501514998,Organic Search,0.019608,0.5488235294,0,0
5687667730920600613,5687667730920600613-1501524044-1501524044,5687667730920600613-1495374189-1495374189,Organic Search,0.019608,0.5488235294,0,0
5687667730920600613,5687667730920600613-1501524044-1501524044,5687667730920600613-1491265977-1491265977,Social,0.019608,0.5488235294,0,0
5687667730920600613,5687667730920600613-1501524044-1501524044,5687667730920600613-1494205022-1494205022,Organic Search,0.019608,0.5488235294,0,0
5687667730920600613,5687667730920600613-1501524044-1501524044,5687667730920600613-1486996491-1486996491,Organic Search,0.019608,0.5488235294,0,0
5687667730920600613,5687667730920600613-1501524044-1501524044,5687667730920600613-1486922664-1486922664,Organic Search,0.019608,0.5488235294,0,0
5687667730920600613,5687667730920600613-1501524044-1501524044,5687667730920600613-1501450792-1501450792,Organic Search,0.019608,0.5488235294,0,0
5687667730920600613,5687667730920600613-1501524044-1501524044,5687667730920600613-1486696842-1486696842,Organic Search,0.019608,0.5488235294,0,0
5687667730920600613,5687667730920600613-1501524044-1501524044,5687667730920600613-1486725284-1486725284,Organic Search,0.019608,0.5488235294,0,0
5687667730920600613,5687667730920600613-1501524044-1501524044,5687667730920600613-1494203095-1494203095,Social,0.019608,0.5488235294,0,0
5687667730920600613,5687667730920600613-1501524044-1501524044,5687667730920600613-1486947572-1486947572,Organic Search,0.019608,0.5488235294,0,0
5687667730920600613,5687667730920600613-1501524044-1501524044,5687667730920600613-1486902706-1486902706,Organic Search,0.019608,0.5488235294,0,0
5687667730920600613,5687667730920600613-1501524044-1501524044,5687667730920600613-1486690942-1486690942,Organic Search,0.019608,0.5488235294,0,0
5687667730920600613,5687667730920600613-1501524044-1501524044,5687667730920600613-1489263000-1489263000,Social,0.019608,0.5488235294,0,0
5687667730920600613,5687667730920600613-1501524044-1501524044,5687667730920600613-1495368004-1495368004,Organic Search,0.019608,0.5488235294,0,0
5687667730920600613,5687667730920600613-1501524044-1501524044,5687667730920600613-1486723100-1486723100,Organic Search,0.019608,0.5488235294,0,0
5687667730920600613,5687667730920600613-1501524044-1501524044,5687667730920600613-1487287671-1487287671,Organic Search,0.019608,0.5488235294,0,0
5687667730920600613,5687667730920600613-1501524044-1501524044,5687667730920600613-1486755348-1486755348,Organic Search,0.019608,0.5488235294,0,0
5687667730920600613,5687667730920600613-1501524044-1501524044,5687667730920600613-1486767145-1486767145,Organic Search,0.019608,0.5488235294,0,0
5687667730920600613,5687667730920600613-1501524044-1501524044,5687667730920600613-1490665148-1490665148,Social,0.019608,0.5488235294,0,0
5687667730920600613,5687667730920600613-1501524044-1501524044,5687667730920600613-1486942035-1486942035,Organic Search,0.019608,0.5488235294,0,0
5687667730920600613,5687667730920600613-1501524044-1501524044,5687667730920600613-1486916283-1486916283,Organic Search,0.019608,0.5488235294,0,0
5687667730920600613,5687667730920600613-1501524044-1501524044,5687667730920600613-1487540535-1487540535,Social,0.019608,0.5488235294,0,0
5687667730920600613,5687667730920600613-1501524044-1501524044,5687667730920600613-1501521140-1501521140,Organic Search,0.019608,0.5488235294,0,0
5687667730920600613,5687667730920600613-1501524044-1501524044,5687667730920600613-1501524044-1501524044,Organic Search,0.019608,0.5488235294,1,27.99
5687667730920600613,5687667730920600613-1501524044-1501524044,5687667730920600613-1489024809-1489024809,Social,0.019608,0.5488235294,0,0
5687667730920600613,5687667730920600613-1501524044-1501524044,5687667730920600613-1495889010-1495889010,Organic Search,0.019608,0.5488235294,0,0
5687667730920600613,5687667730920600613-1501524044-1501524044,5687667730920600613-1487089488-1487089488,Organic Search,0.019608,0.5488235294,0,0
5687667730920600613,5687667730920600613-1501524044-1501524044,5687667730920600613-1486907305-1486907305,Organic Search,0.019608,0.5488235294,0,0
5687667730920600613,5687667730920600613-1501524044-1501524044,5687667730920600613-1486988605-1486988605,Organic Search,0.019608,0.5488235294,0,0
5687667730920600613,5687667730920600613-1501524044-1501524044,5687667730920600613-1489160215-1489160215,Social,0.019608,0.5488235294,0,0
5687667730920600613,5687667730920600613-1501524044-1501524044,5687667730920600613-1490669520-1490669520,Social,0.019608,0.5488235294,0,0
5687667730920600613,5687667730920600613-1501524044-1501524044,5687667730920600613-1493773817-1493773817,Social,0.019608,0.5488235294,0,0
5687667730920600613,5687667730920600613-1501524044-1501524044,5687667730920600613-1486920439-1486920439,Organic Search,0.019608,0.5488235294,0,0
5687667730920600613,5687667730920600613-1501524044-1501524044,5687667730920600613-1486994651-1486994651,Organic Search,0.019608,0.5488235294,0,0
5687667730920600613,5687667730920600613-1501524044-1501524044,5687667730920600613-1486938704-1486938704,Organic Search,0.019608,0.5488235294,0,0
5687667730920600613,5687667730920600613-1501524044-1501524044,5687667730920600613-1486899290-1486899290,Organic Search,0.019608,0.5488235294,0,0
5687667730920600613,5687667730920600613-1501524044-1501524044,5687667730920600613-1486952119-1486952119,Organic Search,0.019608,0.5488235294,0,0
5687667730920600613,5687667730920600613-1501524044-1501524044,5687667730920600613-1486775747-1486775747,Organic Search,0.019608,0.5488235294,0,0
5687667730920600613,5687667730920600613-1501524044-1501524044,5687667730920600613-1488241634-1488241634,Social,0.019608,0.5488235294,0,0
5687667730920600613,5687667730920600613-1501524044-1501524044,5687667730920600613-1487627222-1487627222,Social,0.019608,0.5488235294,0,0
5687667730920600613,5687667730920600613-1501524044-1501524044,5687667730920600613-1500575313-1500575313,Organic Search,0.019608,0.5488235294,0,0
5687667730920600613,5687667730920600613-1501524044-1501524044,5687667730920600613-1487297695-1487297695,Organic Search,0.019608,0.5488235294,0,0
5687667730920600613,5687667730920600613-1501524044-1501524044,5687667730920600613-1486986170-1486986170,Organic Search,0.019608,0.5488235294,0,0
5687667730920600613,5687667730920600613-1501524044-1501524044,5687667730920600613-1486734614-1486734614,Organic Search,0.019608,0.5488235294,0,0
5687667730920600613,5687667730920600613-1501524044-1501524044,5687667730920600613-1486925245-1486925245,Organic Search,0.019608,0.5488235294,0,0
5687667730920600613,5687667730920600613-1501524044-1501524044,5687667730920600613-1486781711-1486781711,Organic Search,0.019608,0.5488235294,0,0
5687667730920600613,5687667730920600613-1501524044-1501524044,5687667730920600613-1486693743-1486693743,Organic Search,0.019608,0.5488235294,0,0
5687667730920600613,5687667730920600613-1501524044-1501524044,5687667730920600613-1486928025-1486928025,Organic Search,0.019608,0.5488235294,0,0
5687667730920600613,5687667730920600613-1501524044-1501524044,5687667730920600613-1495371456-1495371456,Organic Search,0.019608,0.5488235294,0,0
2955586208662590607,2955586208662590607-1476723285-1476723285,2955586208662590607-1476723239-1476723239,Organic Search,0.333333,165.616666667,0,0
2955586208662590607,2955586208662590607-1476723285-1476723285,2955586208662590607-1476718355-1476718355,Organic Search,0.333333,165.616666667,0,0
2955586208662590607,2955586208662590607-1476723285-1476723285,2955586208662590607-1476723285-1476723285,Referral,0.333333,165.616666667,1,496.85
0220695720492664721,0220695720492664721-1491435612-1491435612,0220695720492664721-1487860540-1487860540,Referral,0.222222,121.721111111,0,0
0220695720492664721,0220695720492664721-1491435612-1491435612,0220695720492664721-1491406606-1491406606,Referral,0.222222,121.721111111,0,0
0220695720492664721,0220695720492664721-1491435612-1491435612,0220695720492664721-1490361689-1490361689,Referral,0.222222,121.721111111,0,0
0220695720492664721,0220695720492664721-1491435612-1491435612,0220695720492664721-1490114903-1490114903,Referral,0.222222,121.721111111,0,0
0220695720492664721,0220695720492664721-1491435612-1491435612,0220695720492664721-1491415292-1491415292,Referral,0.222222,121.721111111,0,0
0220695720492664721,0220695720492664721-1491435612-1491435612,0220695720492664721-1487521096-1487521096,Display,0.222222,121.721111111,0,0
0220695720492664721,0220695720492664721-1491435612-1491435612,0220695720492664721-1491435612-1491435612,Referral,0.222222,121.721111111,2,1095.49
0220695720492664721,0220695720492664721-1491435612-1491435612,0220695720492664721-1487520984-1487520984,Display,0.222222,121.721111111,0,0
0220695720492664721,0220695720492664721-1491435612-1491435612,0220695720492664721-1487702734-1487702734,Referral,0.222222,121.721111111,0,0
0076529729049367813,0076529729049367813-1482366901-1482366901,0076529729049367813-1482287104-1482287104,Referral,0.166667,10.998333333,0,0
0076529729049367813,0076529729049367813-1482366901-1482366901,0076529729049367813-1482339106-1482339106,Referral,0.166667,10.998333333,0,0
0076529729049367813,0076529729049367813-1482366901-1482366901,0076529729049367813-1482167848-1482167848,Organic Search,0.166667,10.998333333,0,0
0076529729049367813,0076529729049367813-1482366901-1482366901,0076529729049367813-1482281138-1482281138,Organic Search,0.166667,10.998333333,0,0
0076529729049367813,0076529729049367813-1482366901-1482366901,0076529729049367813-1482282201-1482282201,Referral,0.166667,10.998333333,0,0
0076529729049367813,0076529729049367813-1482366901-1482366901,0076529729049367813-1482366901-1482366901,Referral,0.166667,10.998333333,1,65.99
938988824374966310,938988824374966310-1490117722-1490117722,938988824374966310-1489553075-1489553075,Organic Search,0.125000,13.24875,0,0
938988824374966310,938988824374966310-1490117722-1490117722,938988824374966310-1490065343-1490065343,Paid Search,0.125000,13.24875,0,0
938988824374966310,938988824374966310-1490117722-1490117722,938988824374966310-1489965489-1489965489,Paid Search,0.125000,13.24875,0,0
938988824374966310,938988824374966310-1490117722-1490117722,938988824374966310-1490065325-1490065325,Organic Search,0.125000,13.24875,0,0
938988824374966310,938988824374966310-1490117722-1490117722,938988824374966310-1490084390-1490084390,Paid Search,0.125000,13.24875,0,0
938988824374966310,938988824374966310-1490117722-1490117722,938988824374966310-1490117344-1490117344,Paid Search,0.125000,13.24875,0,0
938988824374966310,938988824374966310-1490117722-1490117722,938988824374966310-1490117722-1490117722,Organic Search,0.125000,13.24875,1,105.99
938988824374966310,938988824374966310-1490117722-1490117722,938988824374966310-1490065025-1490065025,Paid Search,0.125000,13.24875,0,0
2575683338056092350,2575683338056092350-1492091524-1492091524,2575683338056092350-1492091524-1492091524,Referral,0.333333,19.663333333,1,58.99
2575683338056092350,2575683338056092350-1492091524-1492091524,2575683338056092350-1492091436-1492091436,Referral,0.333333,19.663333333,0,0
2575683338056092350,2575683338056092350-1492091524-1492091524,2575683338056092350-1492091471-1492091471,Organic Search,0.333333,19.663333333,0,0
3374717573841647831,3374717573841647831-1492221796-1492221796,3374717573841647831-1481265965-1481265965,Paid Search,0.142857,4.667142857,0,0
3374717573841647831,3374717573841647831-1492221796-1492221796,3374717573841647831-1492221796-1492221796,Organic Search,0.142857,4.667142857,1,32.67
3374717573841647831,3374717573841647831-1492221796-1492221796,3374717573841647831-1492221771-1492221771,Paid Search,0.142857,4.667142857,0,0
3374717573841647831,3374717573841647831-1492221796-1492221796,3374717573841647831-1481319006-1481319006,Paid Search,0.142857,4.667142857,0,0
3374717573841647831,3374717573841647831-1492221796-1492221796,3374717573841647831-1489376763-1489376763,Paid Search,0.142857,4.667142857,0,0
3374717573841647831,3374717573841647831-1492221796-1492221796,3374717573841647831-1485264438-1485264438,Paid Search,0.142857,4.667142857,0,0
3374717573841647831,3374717573841647831-1492221796-1492221796,3374717573841647831-1482240534-1482240534,Paid Search,0.142857,4.667142857,0,0
0909158646354924303,0909158646354924303-1488873448-1488873611,0909158646354924303-1488347752-1488347752,Referral,0.100000,6.959,0,0
0909158646354924303,0909158646354924303-1488873448-1488873611,0909158646354924303-1488872610-1488872610,Referral,0.100000,6.959,0,0
0909158646354924303,0909158646354924303-1488873448-1488873611,0909158646354924303-1488873448-1488873448,Referral,0.100000,6.959,0,0
0909158646354924303,0909158646354924303-1488873448-1488873611,0909158646354924303-1484259715-1484259715,Referral,0.100000,6.959,0,0
0909158646354924303,0909158646354924303-1488873448-1488873611,0909158646354924303-1487141650-1487141650,Referral,0.100000,6.959,0,0
0909158646354924303,0909158646354924303-1488873448-1488873611,0909158646354924303-1488251567-1488251567,Referral,0.100000,6.959,0,0
0909158646354924303,0909158646354924303-1488873448-1488873611,0909158646354924303-1487400179-1487400179,Referral,0.100000,6.959,0,0
0909158646354924303,0909158646354924303-1488873448-1488873611,0909158646354924303-1488873448-1488873611,Referral,0.100000,6.959,1,69.59
0909158646354924303,0909158646354924303-1488873448-1488873611,0909158646354924303-1488873115-1488873115,Organic Search,0.100000,6.959,0,0
0909158646354924303,0909158646354924303-1488873448-1488873611,0909158646354924303-1484464495-1484464495,Referral,0.100000,6.959,0,0
4237702059099095460,4237702059099095460-1486605196-1486605196,4237702059099095460-1484690696-1484690696,Paid Search,0.166667,4.831666667,0,0
4237702059099095460,4237702059099095460-1486605196-1486605196,4237702059099095460-1484609628-1484609628,Organic Search,0.166667,4.831666667,0,0
4237702059099095460,4237702059099095460-1486605196-1486605196,4237702059099095460-1485646933-1485646933,Paid Search,0.166667,4.831666667,0,0
4237702059099095460,4237702059099095460-1486605196-1486605196,4237702059099095460-1486605196-1486605196,Paid Search,0.166667,4.831666667,1,28.99
4237702059099095460,4237702059099095460-1486605196-1486605196,4237702059099095460-1485558331-1485558331,Organic Search,0.166667,4.831666667,0,0
4237702059099095460,4237702059099095460-1486605196-1486605196,4237702059099095460-1485791499-1485791499,Paid Search,0.166667,4.831666667,0,0
029131400687020410,029131400687020410-1483470881-1483470881,029131400687020410-1479333542-1479333542,Direct,0.250000,34.83,0,0
029131400687020410,029131400687020410-1483470881-1483470881,029131400687020410-1483461448-1483461448,Referral,0.250000,34.83,0,0
029131400687020410,029131400687020410-1483470881-1483470881,029131400687020410-1483455870-1483455870,Referral,0.250000,34.83,0,0
029131400687020410,029131400687020410-1483470881-1483470881,029131400687020410-1483470881-1483470881,Referral,0.250000,34.83,1,139.32
4022281232635226320,4022281232635226320-1492209007-1492209007,4022281232635226320-1492205625-1492205632,Referral,0.166667,12.698333333,0,0
4022281232635226320,4022281232635226320-1492209007-1492209007,4022281232635226320-1488216411-1488216411,Referral,0.166667,12.698333333,0,0
4022281232635226320,4022281232635226320-1492209007-1492209007,4022281232635226320-1489696204-1489696207,Referral,0.166667,12.698333333,0,0
4022281232635226320,4022281232635226320-1492209007-1492209007,4022281232635226320-1490637153-1490637185,Referral,0.166667,12.698333333,0,0
4022281232635226320,4022281232635226320-1492209007-1492209007,4022281232635226320-1492209007-1492209007,Referral,0.166667,12.698333333,1,76.19
4022281232635226320,4022281232635226320-1492209007-1492209007,4022281232635226320-1487181307-1487181313,Direct,0.166667,12.698333333,0,0
4391647281645962679,4391647281645962679-1491589173-1491589173,4391647281645962679-1491246377-1491246377,Direct,0.666667,95.253333333,0,0
4391647281645962679,4391647281645962679-1491589173-1491589173,4391647281645962679-1491007392-1491007392,Direct,0.666667,95.253333333,0,0
4391647281645962679,4391647281645962679-1491589173-1491589173,4391647281645962679-1491589173-1491589173,Referral,0.666667,95.253333333,2,285.76
0496833883845920731,0496833883845920731-1490722550-1490722550,0496833883845920731-1488393440-1488393440,Organic Search,0.250000,12.6975,0,0
0496833883845920731,0496833883845920731-1490722550-1490722550,0496833883845920731-1487204496-1487204496,Organic Search,0.250000,12.6975,0,0
0496833883845920731,0496833883845920731-1490722550-1490722550,0496833883845920731-1487203700-1487203700,Referral,0.250000,12.6975,0,0
0496833883845920731,0496833883845920731-1490722550-1490722550,0496833883845920731-1490722550-1490722550,Referral,0.250000,12.6975,1,50.79
3458355427562318061,3458355427562318061-1481997880-1481997880,3458355427562318061-1481997880-1481997880,Referral,0.500000,17.79,1,35.58
3458355427562318061,3458355427562318061-1481997880-1481997880,3458355427562318061-1481997125-1481997125,Organic Search,0.500000,17.79,0,0
3747999856310382299,3747999856310382299-1499352526-1499352526,3747999856310382299-1498261665-1498261665,Referral,0.142857,10.167142857,0,0
3747999856310382299,3747999856310382299-1499352526-1499352526,3747999856310382299-1499352526-1499352526,Referral,0.142857,10.167142857,1,71.17
3747999856310382299,3747999856310382299-1499352526-1499352526,3747999856310382299-1498779935-1498779935,Referral,0.142857,10.167142857,0,0
3747999856310382299,3747999856310382299-1499352526-1499352526,3747999856310382299-1499270159-1499270159,Referral,0.142857,10.167142857,0,0
3747999856310382299,3747999856310382299-1499352526-1499352526,3747999856310382299-1498839099-1498839099,Referral,0.142857,10.167142857,0,0
3747999856310382299,3747999856310382299-1499352526-1499352526,3747999856310382299-1498839194-1498839194,Organic Search,0.142857,10.167142857,0,0
3747999856310382299,3747999856310382299-1499352526-1499352526,3747999856310382299-1498243451-1498243451,Referral,0.142857,10.167142857,0,0
5310038077394154434,5310038077394154434-1471024926-1471024926,5310038077394154434-1471023948-1471023948,Direct,0.500000,15.145,0,0
5310038077394154434,5310038077394154434-1471024926-1471024926,5310038077394154434-1471024926-1471024926,Referral,0.500000,15.145,1,30.29
2599676173769413395,2599676173769413395-1478903489-1478903489,2599676173769413395-1474396387-1474396387,Direct,0.500000,29.68,0,0
2599676173769413395,2599676173769413395-1478903489-1478903489,2599676173769413395-1478903489-1478903489,Referral,0.500000,29.68,1,59.36
3738320234051643877,3738320234051643877-1477244948-1477244948,3738320234051643877-1477239710-1477239710,Direct,0.500000,7.6,0,0
3738320234051643877,3738320234051643877-1477244948-1477244948,3738320234051643877-1477244948-1477244948,Referral,0.500000,7.6,1,15.2
1029342389721979537,1029342389721979537-1481613856-1481613856,1029342389721979537-1481321311-1481321311,Referral,0.333333,59.716666667,0,0
1029342389721979537,1029342389721979537-1481613856-1481613856,1029342389721979537-1477293016-1477293016,Organic Search,0.333333,59.716666667,0,0
1029342389721979537,1029342389721979537-1481613856-1481613856,1029342389721979537-1481613856-1481613856,Referral,0.333333,59.716666667,1,179.15
1889446797400507159,1889446797400507159-1474847153-1474847153,1889446797400507159-1474847153-1474847153,Referral,0.500000,55.16,1,110.32
1889446797400507159,1889446797400507159-1474847153-1474847153,1889446797400507159-1474846691-1474846702,Direct,0.500000,55.16,0,0
0509972280802528263,0509972280802528263-1501621191-1501621191,0509972280802528263-1501620463-1501620463,Organic Search,0.250000,10.0725,0,0
0509972280802528263,0509972280802528263-1501621191-1501621191,0509972280802528263-1501280916-1501280916,Organic Search,0.250000,10.0725,0,0
0509972280802528263,0509972280802528263-1501621191-1501621191,0509972280802528263-1501287359-1501287359,Organic Search,0.250000,10.0725,0,0
0509972280802528263,0509972280802528263-1501621191-1501621191,0509972280802528263-1501621191-1501621191,Display,0.250000,10.0725,1,40.29
9383567792856137029,9383567792856137029-1497665011-1497665011,9383567792856137029-1497663984-1497663993,Direct,0.500000,52.995,0,0
9383567792856137029,9383567792856137029-1497665011-1497665011,9383567792856137029-1497665011-1497665011,Organic Search,0.500000,52.995,1,105.99
3672929716170838467,3672929716170838467-1479175536-1479175536,3672929716170838467-1479175536-1479175536,Paid Search,0.500000,7.74,1,15.48
3672929716170838467,3672929716170838467-1479175536-1479175536,3672929716170838467-1478382834-1478382834,Referral,0.500000,7.74,0,0
1111875891012788851,1111875891012788851-1474063626-1474063626,1111875891012788851-1474063626-1474063626,Referral,0.333333,4.863333333,1,14.59
1111875891012788851,1111875891012788851-1474063626-1474063626,1111875891012788851-1474056456-1474056456,Referral,0.333333,4.863333333,0,0
1111875891012788851,1111875891012788851-1474063626-1474063626,1111875891012788851-1474056406-1474056406,Organic Search,0.333333,4.863333333,0,0
8022178122812724446,8022178122812724446-1483973961-1483973961,8022178122812724446-1482864832-1482864832,Referral,0.125000,5.8875,0,0
8022178122812724446,8022178122812724446-1483973961-1483973961,8022178122812724446-1483967614-1483967614,Referral,0.125000,5.8875,0,0
8022178122812724446,8022178122812724446-1483973961-1483973961,8022178122812724446-1483066825-1483066825,Referral,0.125000,5.8875,0,0
8022178122812724446,8022178122812724446-1483973961-1483973961,8022178122812724446-1482175271-1482175271,Referral,0.125000,5.8875,0,0
8022178122812724446,8022178122812724446-1483973961-1483973961,8022178122812724446-1482165951-1482165951,Direct,0.125000,5.8875,0,0
8022178122812724446,8022178122812724446-1483973961-1483973961,8022178122812724446-1483973961-1483973961,Referral,0.125000,5.8875,1,47.1
8022178122812724446,8022178122812724446-1483973961-1483973961,8022178122812724446-1482246725-1482246725,Referral,0.125000,5.8875,0,0
8022178122812724446,8022178122812724446-1483973961-1483973961,8022178122812724446-1482166135-1482166135,Referral,0.125000,5.8875,0,0
4324484121871564106,4324484121871564106-1480729192-1480729192,4324484121871564106-1471043904-1471043904,Referral,0.090909,10.976363636,0,0
4324484121871564106,4324484121871564106-1480729192-1480729192,4324484121871564106-1475616202-1475616202,Referral,0.090909,10.976363636,0,0
4324484121871564106,4324484121871564106-1480729192-1480729192,4324484121871564106-1475724542-1475724542,Referral,0.090909,10.976363636,0,0
4324484121871564106,4324484121871564106-1480729192-1480729192,4324484121871564106-1473382624-1473382624,Referral,0.090909,10.976363636,0,0
4324484121871564106,4324484121871564106-1480729192-1480729192,4324484121871564106-1471397761-1471397761,Referral,0.090909,10.976363636,0,0
4324484121871564106,4324484121871564106-1480729192-1480729192,4324484121871564106-1472603663-1472603663,Referral,0.090909,10.976363636,0,0
4324484121871564106,4324484121871564106-1480729192-1480729192,4324484121871564106-1470949861-1470949861,Referral,0.090909,10.976363636,0,0
4324484121871564106,4324484121871564106-1480729192-1480729192,4324484121871564106-1472604303-1472604303,Display,0.090909,10.976363636,0,0
4324484121871564106,4324484121871564106-1480729192-1480729192,4324484121871564106-1480729192-1480729192,Referral,0.090909,10.976363636,1,120.74
4324484121871564106,4324484121871564106-1480729192-1480729192,4324484121871564106-1477014250-1477014250,Referral,0.090909,10.976363636,0,0
4324484121871564106,4324484121871564106-1480729192-1480729192,4324484121871564106-1471393256-1471393256,Referral,0.090909,10.976363636,0,0
4403455987499606429,4403455987499606429-1481508257-1481508257,4403455987499606429-1479485908-1479485908,Referral,0.100000,8.578,0,0
4403455987499606429,4403455987499606429-1481508257-1481508257,4403455987499606429-1476982752-1476982752,Referral,0.100000,8.578,0,0
4403455987499606429,4403455987499606429-1481508257-1481508257,4403455987499606429-1478530732-1478530732,Referral,0.100000,8.578,0,0
4403455987499606429,4403455987499606429-1481508257-1481508257,4403455987499606429-1481505521-1481505521,Referral,0.100000,8.578,0,0
4403455987499606429,4403455987499606429-1481508257-1481508257,4403455987499606429-1480350431-1480350431,Referral,0.100000,8.578,0,0
4403455987499606429,4403455987499606429-1481508257-1481508257,4403455987499606429-1480693279-1480693279,Referral,0.100000,8.578,0,0
4403455987499606429,4403455987499606429-1481508257-1481508257,4403455987499606429-1470843368-1470843368,Referral,0.100000,8.578,0,0
4403455987499606429,4403455987499606429-1481508257-1481508257,4403455987499606429-1481508257-1481508257,Referral,0.100000,8.578,1,85.78
4403455987499606429,4403455987499606429-1481508257-1481508257,4403455987499606429-1470776638-1470776638,Direct,0.100000,8.578,0,0
4403455987499606429,4403455987499606429-1481508257-1481508257,4403455987499606429-1472600780-1472600780,Referral,0.100000,8.578,0,0
3939381864309559028,3939381864309559028-1487263689-1487263689,3939381864309559028-1478632633-1478632633,Display,0.200000,21.556,0,0
3939381864309559028,3939381864309559028-1487263689-1487263689,3939381864309559028-1487088381-1487088381,Organic Search,0.200000,21.556,0,0
3939381864309559028,3939381864309559028-1487263689-1487263689,3939381864309559028-1473287095-1473287095,Organic Search,0.200000,21.556,0,0
3939381864309559028,3939381864309559028-1487263689-1487263689,3939381864309559028-1475873732-1475873732,Organic Search,0.200000,21.556,0,0
3939381864309559028,3939381864309559028-1487263689-1487263689,3939381864309559028-1487263689-1487263689,Organic Search,0.200000,21.556,1,107.78
0205723721674321991,0205723721674321991-1493433632-1493433632,0205723721674321991-1487181881-1487181881,Organic Search,0.250000,10.1475,0,0
0205723721674321991,0205723721674321991-1493433632-1493433632,0205723721674321991-1493433632-1493433632,Referral,0.250000,10.1475,1,40.59
0205723721674321991,0205723721674321991-1493433632-1493433632,0205723721674321991-1488835944-1488835944,Referral,0.250000,10.1475,0,0
0205723721674321991,0205723721674321991-1493433632-1493433632,0205723721674321991-1488835838-1488835838,Organic Search,0.250000,10.1475,0,0
636983386776288406,636983386776288406-1480995135-1480995135,636983386776288406-1480605863-1480605863,Paid Search,0.333333,60.653333333,0,0
636983386776288406,636983386776288406-1480995135-1480995135,636983386776288406-1480995135-1480995135,Organic Search,0.333333,60.653333333,1,181.96
636983386776288406,636983386776288406-1480995135-1480995135,636983386776288406-1479833283-1479833283,Organic Search,0.333333,60.653333333,0,0
5604492161936602744,5604492161936602744-1481317525-1481317525,5604492161936602744-1479914237-1479914237,Organic Search,0.090909,15.702727273,0,0
5604492161936602744,5604492161936602744-1481317525-1481317525,5604492161936602744-1479961387-1479961387,Organic Search,0.090909,15.702727273,0,0
5604492161936602744,5604492161936602744-1481317525-1481317525,5604492161936602744-1478302835-1478302835,Direct,0.090909,15.702727273,0,0
5604492161936602744,5604492161936602744-1481317525-1481317525,5604492161936602744-1479870804-1479870804,Organic Search,0.090909,15.702727273,0,0
5604492161936602744,5604492161936602744-1481317525-1481317525,5604492161936602744-1478218335-1478218335,Direct,0.090909,15.702727273,0,0
5604492161936602744,5604492161936602744-1481317525-1481317525,5604492161936602744-1480737896-1480737896,Organic Search,0.090909,15.702727273,0,0
5604492161936602744,5604492161936602744-1481317525-1481317525,5604492161936602744-1479864467-1479864467,Organic Search,0.090909,15.702727273,0,0
5604492161936602744,5604492161936602744-1481317525-1481317525,5604492161936602744-1478257795-1478257795,Direct,0.090909,15.702727273,0,0
5604492161936602744,5604492161936602744-1481317525-1481317525,5604492161936602744-1478344656-1478344656,Direct,0.090909,15.702727273,0,0
5604492161936602744,5604492161936602744-1481317525-1481317525,5604492161936602744-1481166033-1481166033,Organic Search,0.090909,15.702727273,0,0
5604492161936602744,5604492161936602744-1481317525-1481317525,5604492161936602744-1481317525-1481317525,Organic Search,0.090909,15.702727273,1,172.73
190492934318255272,190492934318255272-1500565897-1500565897,190492934318255272-1500565897-1500565897,Organic Search,0.333333,11.53,1,34.59
190492934318255272,190492934318255272-1500565897-1500565897,190492934318255272-1500482131-1500482131,Display,0.333333,11.53,0,0
190492934318255272,190492934318255272-1500565897-1500565897,190492934318255272-1500525980-1500525980,Display,0.333333,11.53,0,0
481095003060297640,481095003060297640-1489100403-1489100403,481095003060297640-1486998623-1486998623,Direct,0.250000,181.205,0,0
481095003060297640,481095003060297640-1489100403-1489100403,481095003060297640-1489100403-1489100403,Referral,0.250000,181.205,1,724.82
481095003060297640,481095003060297640-1489100403-1489100403,481095003060297640-1487700197-1487700197,Referral,0.250000,181.205,0,0
481095003060297640,481095003060297640-1489100403-1489100403,481095003060297640-1487792167-1487792167,Referral,0.250000,181.205,0,0
7656166664902363407,7656166664902363407-1493857168-1493857168,7656166664902363407-1493340477-1493340477,Direct,0.200000,8.796,0,0
7656166664902363407,7656166664902363407-1493857168-1493857168,7656166664902363407-1493350150-1493350150,Direct,0.200000,8.796,0,0
7656166664902363407,7656166664902363407-1493857168-1493857168,7656166664902363407-1493406226-1493406226,Direct,0.200000,8.796,0,0
7656166664902363407,7656166664902363407-1493857168-1493857168,7656166664902363407-1493857168-1493857168,Referral,0.200000,8.796,1,43.98
7656166664902363407,7656166664902363407-1493857168-1493857168,7656166664902363407-1493663618-1493663618,Referral,0.200000,8.796,0,0
442570016186963075,442570016186963075-1471959280-1471959280,442570016186963075-1471959280-1471959280,Referral,0.200000,302.78,1,1513.9
442570016186963075,442570016186963075-1471959280-1471959280,442570016186963075-1470344577-1470344577,Organic Search,0.200000,302.78,0,0
442570016186963075,442570016186963075-1471959280-1471959280,442570016186963075-1470344601-1470344601,Referral,0.200000,302.78,0,0
442570016186963075,442570016186963075-1471959280-1471959280,442570016186963075-1471912250-1471912250,Referral,0.200000,302.78,0,0
442570016186963075,442570016186963075-1471959280-1471959280,442570016186963075-1471908362-1471908362,Referral,0.200000,302.78,0,0
9441031549900042682,9441031549900042682-1493246420-1493246420,9441031549900042682-1493155691-1493155691,Organic Search,0.166667,68.995,0,0
9441031549900042682,9441031549900042682-1493246420-1493246420,9441031549900042682-1493246398-1493246398,Organic Search,0.166667,68.995,0,0
9441031549900042682,9441031549900042682-1493246420-1493246420,9441031549900042682-1493246420-1493246420,Referral,0.166667,68.995,1,413.97
9441031549900042682,9441031549900042682-1493246420-1493246420,9441031549900042682-1493237826-1493237826,Organic Search,0.166667,68.995,0,0
9441031549900042682,9441031549900042682-1493246420-1493246420,9441031549900042682-1493241266-1493241266,Organic Search,0.166667,68.995,0,0
9441031549900042682,9441031549900042682-1493246420-1493246420,9441031549900042682-1492345617-1492345617,Referral,0.166667,68.995,0,0
5694129009662162026,5694129009662162026-1499704569-1499704569,5694129009662162026-1498139732-1498139732,Organic Search,0.166667,5.696666667,0,0
5694129009662162026,5694129009662162026-1499704569-1499704569,5694129009662162026-1497914701-1497914701,Organic Search,0.166667,5.696666667,0,0
5694129009662162026,5694129009662162026-1499704569-1499704569,5694129009662162026-1495991860-1495991860,Organic Search,0.166667,5.696666667,0,0
5694129009662162026,5694129009662162026-1499704569-1499704569,5694129009662162026-1496008630-1496008630,Organic Search,0.166667,5.696666667,0,0
5694129009662162026,5694129009662162026-1499704569-1499704569,5694129009662162026-1499704569-1499704569,Referral,0.166667,5.696666667,1,34.18
5694129009662162026,5694129009662162026-1499704569-1499704569,5694129009662162026-1498139846-1498139846,Paid Search,0.166667,5.696666667,0,0
7436604361557442905,7436604361557442905-1481235017-1481235017,7436604361557442905-1481235017-1481235017,Referral,0.666667,235.26,2,705.78
7436604361557442905,7436604361557442905-1481235017-1481235017,7436604361557442905-1480450535-1480450535,Display,0.666667,235.26,0,0
7436604361557442905,7436604361557442905-1481235017-1481235017,7436604361557442905-1481234945-1481234945,Display,0.666667,235.26,0,0
9072959041280024923,9072959041280024923-1493681889-1493681889,9072959041280024923-1487116084-1487116084,Social,0.111111,3.843333333,0,0
9072959041280024923,9072959041280024923-1493681889-1493681889,9072959041280024923-1493679446-1493679446,Social,0.111111,3.843333333,0,0
9072959041280024923,9072959041280024923-1493681889-1493681889,9072959041280024923-1493670100-1493670100,Social,0.111111,3.843333333,0,0
9072959041280024923,9072959041280024923-1493681889-1493681889,9072959041280024923-1493428796-1493428796,Social,0.111111,3.843333333,0,0
9072959041280024923,9072959041280024923-1493681889-1493681889,9072959041280024923-1487112398-1487112398,Social,0.111111,3.843333333,0,0
9072959041280024923,9072959041280024923-1493681889-1493681889,9072959041280024923-1487372998-1487372998,Social,0.111111,3.843333333,0,0
9072959041280024923,9072959041280024923-1493681889-1493681889,9072959041280024923-1493419586-1493419586,Social,0.111111,3.843333333,0,0
9072959041280024923,9072959041280024923-1493681889-1493681889,9072959041280024923-1493419561-1493419561,Referral,0.111111,3.843333333,0,0
9072959041280024923,9072959041280024923-1493681889-1493681889,9072959041280024923-1493681889-1493681889,Social,0.111111,3.843333333,1,34.59
2998366531691727863,2998366531691727863-1477752627-1477752627,2998366531691727863-1477073274-1477073274,Paid Search,0.250000,401.45,0,0
2998366531691727863,2998366531691727863-1477752627-1477752627,2998366531691727863-1477752627-1477752627,Direct,0.250000,401.45,1,1605.8
2998366531691727863,2998366531691727863-1477752627-1477752627,2998366531691727863-1477499119-1477499119,Direct,0.250000,401.45,0,0
2998366531691727863,2998366531691727863-1477752627-1477752627,2998366531691727863-1477070314-1477070314,Paid Search,0.250000,401.45,0,0
8577293288032941687,8577293288032941687-1479674169-1479674169,8577293288032941687-1477367495-1477367495,Direct,0.166667,8.761666667,0,0
8577293288032941687,8577293288032941687-1479674169-1479674169,8577293288032941687-1479674169-1479674169,Referral,0.166667,8.761666667,1,52.57
8577293288032941687,8577293288032941687-1479674169-1479674169,8577293288032941687-1477493028-1477493028,Direct,0.166667,8.761666667,0,0
8577293288032941687,8577293288032941687-1479674169-1479674169,8577293288032941687-1479360505-1479360505,Referral,0.166667,8.761666667,0,0
8577293288032941687,8577293288032941687-1479674169-1479674169,8577293288032941687-1478531841-1478531841,Referral,0.166667,8.761666667,0,0
8577293288032941687,8577293288032941687-1479674169-1479674169,8577293288032941687-1477368201-1477368201,Referral,0.166667,8.761666667,0,0
3921649958751416379,3921649958751416379-1492703209-1492703209,3921649958751416379-1492697134-1492697134,Paid Search,0.250000,145.8875,0,0
3921649958751416379,3921649958751416379-1492703209-1492703209,3921649958751416379-1487695647-1487695647,Direct,0.250000,145.8875,0,0
3921649958751416379,3921649958751416379-1492703209-1492703209,3921649958751416379-1492703209-1492703209,Paid Search,0.250000,145.8875,1,583.55
3921649958751416379,3921649958751416379-1492703209-1492703209,3921649958751416379-1490192575-1490192575,Direct,0.250000,145.8875,0,0
4036695378449540485,4036695378449540485-1481566344-1481566344,4036695378449540485-1478851926-1478851926,Paid Search,0.166667,30.995,0,0
4036695378449540485,4036695378449540485-1481566344-1481566344,4036695378449540485-1476484242-1476484242,Organic Search,0.166667,30.995,0,0
4036695378449540485,4036695378449540485-1481566344-1481566344,4036695378449540485-1476717537-1476717537,Organic Search,0.166667,30.995,0,0
4036695378449540485,4036695378449540485-1481566344-1481566344,4036695378449540485-1476484441-1476484441,Organic Search,0.166667,30.995,0,0
4036695378449540485,4036695378449540485-1481566344-1481566344,4036695378449540485-1476717536-1476717536,Organic Search,0.166667,30.995,0,0
4036695378449540485,4036695378449540485-1481566344-1481566344,4036695378449540485-1481566344-1481566344,Paid Search,0.166667,30.995,1,185.97
5125140299363465569,5125140299363465569-1500495617-1500495617,5125140299363465569-1494429508-1494429508,Organic Search,0.125000,5.4,0,0
5125140299363465569,5125140299363465569-1500495617-1500495617,5125140299363465569-1498675718-1498675718,Organic Search,0.125000,5.4,0,0
5125140299363465569,5125140299363465569-1500495617-1500495617,5125140299363465569-1499465482-1499465482,Referral,0.125000,5.4,0,0
5125140299363465569,5125140299363465569-1500495617-1500495617,5125140299363465569-1500495617-1500495617,Referral,0.125000,5.4,1,43.2
5125140299363465569,5125140299363465569-1500495617-1500495617,5125140299363465569-1494611037-1494611037,Referral,0.125000,5.4,0,0
5125140299363465569,5125140299363465569-1500495617-1500495617,5125140299363465569-1497289920-1497289920,Organic Search,0.125000,5.4,0,0
5125140299363465569,5125140299363465569-1500495617-1500495617,5125140299363465569-1497289297-1497289297,Referral,0.125000,5.4,0,0
5125140299363465569,5125140299363465569-1500495617-1500495617,5125140299363465569-1494545099-1494545099,Referral,0.125000,5.4,0,0
4822424580888281003,4822424580888281003-1491356045-1491356045,4822424580888281003-1491185721-1491185721,Organic Search,0.250000,16.9925,0,0
4822424580888281003,4822424580888281003-1491356045-1491356045,4822424580888281003-1489635363-1489635363,Organic Search,0.250000,16.9925,0,0
4822424580888281003,4822424580888281003-1491356045-1491356045,4822424580888281003-1491356045-1491356045,Referral,0.250000,16.9925,1,67.97
4822424580888281003,4822424580888281003-1491356045-1491356045,4822424580888281003-1491354718-1491354718,Organic Search,0.250000,16.9925,0,0
6288323169575819768,6288323169575819768-1471977381-1471977381,6288323169575819768-1470076127-1470076127,Direct,0.200000,26.855,0,0
6288323169575819768,6288323169575819768-1471977381-1471977381,6288323169575819768-1470862581-1470862581,Organic Search,0.200000,26.855,0,0
6288323169575819768,6288323169575819768-1471977381-1471977381,6288323169575819768-1470872894-1470872894,Organic Search,0.200000,26.855,0,0
6288323169575819768,6288323169575819768-1471977381-1471977381,6288323169575819768-1471897536-1471897536,Organic Search,0.200000,26.855,0,0
6288323169575819768,6288323169575819768-1471977381-1471977381,6288323169575819768-1470849625-1470849625,Organic Search,0.200000,26.855,0,0
6288323169575819768,6288323169575819768-1471977381-1471977381,6288323169575819768-1471973362-1471973362,Organic Search,0.200000,26.855,0,0
6288323169575819768,6288323169575819768-1471977381-1471977381,6288323169575819768-1470409410-1470409410,Direct,0.200000,26.855,0,0
6288323169575819768,6288323169575819768-1471977381-1471977381,6288323169575819768-1471891362-1471891362,Organic Search,0.200000,26.855,0,0
6288323169575819768,6288323169575819768-1471977381-1471977381,6288323169575819768-1471977381-1471977381,Organic Search,0.200000,26.855,2,268.55
6288323169575819768,6288323169575819768-1471977381-1471977381,6288323169575819768-1471296900-1471296900,Organic Search,0.200000,26.855,0,0
6814041707718755292,6814041707718755292-1474658860-1474658860,6814041707718755292-1473871499-1473871499,Direct,0.166667,39.928333333,0,0
6814041707718755292,6814041707718755292-1474658860-1474658860,6814041707718755292-1474319907-1474319907,Direct,0.166667,39.928333333,0,0
6814041707718755292,6814041707718755292-1474658860-1474658860,6814041707718755292-1474565643-1474565643,Direct,0.166667,39.928333333,0,0
6814041707718755292,6814041707718755292-1474658860-1474658860,6814041707718755292-1474574446-1474574446,Referral,0.166667,39.928333333,0,0
6814041707718755292,6814041707718755292-1474658860-1474658860,6814041707718755292-1474576437-1474576437,Referral,0.166667,39.928333333,0,0
6814041707718755292,6814041707718755292-1474658860-1474658860,6814041707718755292-1474658860-1474658860,Referral,0.166667,39.928333333,1,239.57
650915590272619388,650915590272619388-1493992462-1493992462,650915590272619388-1493992462-1493992462,Referral,0.333333,15.523333333,1,46.57
650915590272619388,650915590272619388-1493992462-1493992462,650915590272619388-1493423563-1493423563,Direct,0.333333,15.523333333,0,0
650915590272619388,650915590272619388-1493992462-1493992462,650915590272619388-1493992270-1493992270,Direct,0.333333,15.523333333,0,0
196856185999787180,196856185999787180-1471615160-1471615160,196856185999787180-1471615139-1471615139,Organic Search,0.250000,56.49,0,0
196856185999787180,196856185999787180-1471615160-1471615160,196856185999787180-1470406354-1470406354,Referral,0.250000,56.49,0,0
196856185999787180,196856185999787180-1471615160-1471615160,196856185999787180-1471615160-1471615160,Referral,0.250000,56.49,1,225.96
196856185999787180,196856185999787180-1471615160-1471615160,196856185999787180-1470925802-1470925802,Referral,0.250000,56.49,0,0
3783478137758293911,3783478137758293911-1496881893-1496881893,3783478137758293911-1495390241-1495390241,Paid Search,0.333333,8.73,0,0
3783478137758293911,3783478137758293911-1496881893-1496881893,3783478137758293911-1496881893-1496881893,Paid Search,0.333333,8.73,1,26.19
3783478137758293911,3783478137758293911-1496881893-1496881893,3783478137758293911-1494539866-1494539866,Direct,0.333333,8.73,0,0
8479157276312488883,8479157276312488883-1481311641-1481311641,8479157276312488883-1479141907-1479141907,Display,0.142857,6.568571429,0,0
8479157276312488883,8479157276312488883-1481311641-1481311641,8479157276312488883-1480604528-1480604528,Display,0.142857,6.568571429,0,0
8479157276312488883,8479157276312488883-1481311641-1481311641,8479157276312488883-1480610908-1480610908,Referral,0.142857,6.568571429,0,0
8479157276312488883,8479157276312488883-1481311641-1481311641,8479157276312488883-1481311641-1481311641,Referral,0.142857,6.568571429,1,45.98
8479157276312488883,8479157276312488883-1481311641-1481311641,8479157276312488883-1481298916-1481298916,Referral,0.142857,6.568571429,0,0
8479157276312488883,8479157276312488883-1481311641-1481311641,8479157276312488883-1479307851-1479307851,Display,0.142857,6.568571429,0,0
8479157276312488883,8479157276312488883-1481311641-1481311641,8479157276312488883-1478713693-1478713693,Display,0.142857,6.568571429,0,0
9974351919673138742,9974351919673138742-1500276722-1500276722,9974351919673138742-1485396933-1485396933,Referral,0.250000,14.4,0,0
9974351919673138742,9974351919673138742-1500276722-1500276722,9974351919673138742-1500276722-1500276722,Organic Search,0.250000,14.4,1,57.6
9974351919673138742,9974351919673138742-1500276722-1500276722,9974351919673138742-1489644182-1489644182,Referral,0.250000,14.4,0,0
9974351919673138742,9974351919673138742-1500276722-1500276722,9974351919673138742-1484112471-1484112471,Direct,0.250000,14.4,0,0
2540477240433751647,2540477240433751647-1487108446-1487108446,2540477240433751647-1481311266-1481311266,Display,0.250000,8.6475,0,0
2540477240433751647,2540477240433751647-1487108446-1487108446,2540477240433751647-1480720819-1480720819,Referral,0.250000,8.6475,0,0
2540477240433751647,2540477240433751647-1487108446-1487108446,2540477240433751647-1480543661-1480543661,Referral,0.250000,8.6475,0,0
2540477240433751647,2540477240433751647-1487108446-1487108446,2540477240433751647-1487108446-1487108446,Display,0.250000,8.6475,1,34.59
6720643639676411949,6720643639676411949-1493933177-1493933177,6720643639676411949-1493933007-1493933007,Direct,0.333333,9.063333333,0,0
6720643639676411949,6720643639676411949-1493933177-1493933177,6720643639676411949-1493925818-1493925818,Direct,0.333333,9.063333333,0,0
6720643639676411949,6720643639676411949-1493933177-1493933177,6720643639676411949-1493933177-1493933177,Referral,0.333333,9.063333333,1,27.19
3022392995706412545,3022392995706412545-1488086697-1488086697,3022392995706412545-1488086697-1488086697,Referral,0.333333,9.396666667,1,28.19
3022392995706412545,3022392995706412545-1488086697-1488086697,3022392995706412545-1487689605-1487689605,Social,0.333333,9.396666667,0,0
3022392995706412545,3022392995706412545-1488086697-1488086697,3022392995706412545-1479496268-1479496268,Referral,0.333333,9.396666667,0,0
2498790727245138194,2498790727245138194-1494495230-1494495230,2498790727245138194-1491158387-1491158387,Direct,0.333333,10.543333333,0,0
2498790727245138194,2498790727245138194-1494495230-1494495230,2498790727245138194-1494495230-1494495230,Referral,0.333333,10.543333333,1,31.63
2498790727245138194,2498790727245138194-1494495230-1494495230,2498790727245138194-1489997171-1489997171,Direct,0.333333,10.543333333,0,0
6196504747675152769,6196504747675152769-1477508539-1477508539,6196504747675152769-1476504959-1476504959,Organic Search,0.333333,5.996666667,0,0
6196504747675152769,6196504747675152769-1477508539-1477508539,6196504747675152769-1475868131-1475868131,Paid Search,0.333333,5.996666667,0,0
6196504747675152769,6196504747675152769-1477508539-1477508539,6196504747675152769-1477508539-1477508539,Organic Search,0.333333,5.996666667,1,17.99
2427288166622611520,2427288166622611520-1478554758-1478554758,2427288166622611520-1478554680-1478554680,Display,0.333333,15.596666667,0,0
2427288166622611520,2427288166622611520-1478554758-1478554758,2427288166622611520-1478541433-1478541433,Display,0.333333,15.596666667,0,0
2427288166622611520,2427288166622611520-1478554758-1478554758,2427288166622611520-1478554758-1478554758,Referral,0.333333,15.596666667,1,46.79
439449392549956950,439449392549956950-1474407251-1474407251,439449392549956950-1474391555-1474391555,Organic Search,0.250000,90.8475,0,0
439449392549956950,439449392549956950-1474407251-1474407251,439449392549956950-1474407251-1474407251,Referral,0.250000,90.8475,1,363.39
439449392549956950,439449392549956950-1474407251-1474407251,439449392549956950-1474406632-1474406632,Organic Search,0.250000,90.8475,0,0
439449392549956950,439449392549956950-1474407251-1474407251,439449392549956950-1474402530-1474402530,Organic Search,0.250000,90.8475,0,0
6068598620766435054,6068598620766435054-1479698632-1479698632,6068598620766435054-1475712265-1475712265,Organic Search,0.333333,21.923333333,0,0
6068598620766435054,6068598620766435054-1479698632-1479698632,6068598620766435054-1479698632-1479698632,Referral,0.333333,21.923333333,1,65.77
6068598620766435054,6068598620766435054-1479698632-1479698632,6068598620766435054-1475708910-1475708910,Organic Search,0.333333,21.923333333,0,0
69563023975860043,69563023975860043-1477008652-1477008652,69563023975860043-1477008597-1477008597,Organic Search,0.333333,8.33,0,0
69563023975860043,69563023975860043-1477008652-1477008652,69563023975860043-1477004067-1477004067,Referral,0.333333,8.33,0,0
69563023975860043,69563023975860043-1477008652-1477008652,69563023975860043-1477008652-1477008652,Referral,0.333333,8.33,1,24.99
4181284744732666111,4181284744732666111-1485382779-1485382779,4181284744732666111-1485206206-1485206206,Referral,0.100000,5.118,0,0
4181284744732666111,4181284744732666111-1485382779-1485382779,4181284744732666111-1485277392-1485277392,Referral,0.100000,5.118,0,0
4181284744732666111,4181284744732666111-1485382779-1485382779,4181284744732666111-1485188079-1485188079,Referral,0.100000,5.118,0,0
4181284744732666111,4181284744732666111-1485382779-1485382779,4181284744732666111-1484851084-1484851084,Referral,0.100000,5.118,0,0
4181284744732666111,4181284744732666111-1485382779-1485382779,4181284744732666111-1484756873-1484756873,Referral,0.100000,5.118,0,0
4181284744732666111,4181284744732666111-1485382779-1485382779,4181284744732666111-1481773444-1481773444,Direct,0.100000,5.118,0,0
4181284744732666111,4181284744732666111-1485382779-1485382779,4181284744732666111-1485382779-1485382779,Referral,0.100000,5.118,1,51.18
4181284744732666111,4181284744732666111-1485382779-1485382779,4181284744732666111-1484759844-1484759844,Referral,0.100000,5.118,0,0
4181284744732666111,4181284744732666111-1485382779-1485382779,4181284744732666111-1482164907-1482164907,Direct,0.100000,5.118,0,0
4181284744732666111,4181284744732666111-1485382779-1485382779,4181284744732666111-1484776060-1484776060,Referral,0.100000,5.118,0,0
0128830210468179660,0128830210468179660-1500311886-1500311886,0128830210468179660-1491251527-1491251527,Display,0.333333,13.126666667,0,0
0128830210468179660,0128830210468179660-1500311886-1500311886,0128830210468179660-1500308721-1500308721,Organic Search,0.333333,13.126666667,0,0
0128830210468179660,0128830210468179660-1500311886-1500311886,0128830210468179660-1500311886-1500311886,Organic Search,0.333333,13.126666667,1,39.38
6207999688575993846,6207999688575993846-1472936130-1472936130,6207999688575993846-1472660648-1472660648,Referral,0.250000,6.5925,0,0
6207999688575993846,6207999688575993846-1472936130-1472936130,6207999688575993846-1472883432-1472883432,Referral,0.250000,6.5925,0,0
6207999688575993846,6207999688575993846-1472936130-1472936130,6207999688575993846-1472936130-1472936130,Referral,0.250000,6.5925,1,26.37
6207999688575993846,6207999688575993846-1472936130-1472936130,6207999688575993846-1472658311-1472658311,Organic Search,0.250000,6.5925,0,0
8326216661433256672,8326216661433256672-1487119865-1487119865,8326216661433256672-1487098534-1487098534,Organic Search,0.200000,9.598,0,0
8326216661433256672,8326216661433256672-1487119865-1487119865,8326216661433256672-1485884053-1485884053,Display,0.200000,9.598,0,0
8326216661433256672,8326216661433256672-1487119865-1487119865,8326216661433256672-1487110226-1487110226,Organic Search,0.200000,9.598,0,0
8326216661433256672,8326216661433256672-1487119865-1487119865,8326216661433256672-1487119865-1487119865,Organic Search,0.200000,9.598,1,47.99
8326216661433256672,8326216661433256672-1487119865-1487119865,8326216661433256672-1485883948-1485883948,Organic Search,0.200000,9.598,0,0
6716928511410179095,6716928511410179095-1484722235-1484722235,6716928511410179095-1482174024-1482174024,Paid Search,0.333333,5.53,0,0
6716928511410179095,6716928511410179095-1484722235-1484722235,6716928511410179095-1482295327-1482295327,Paid Search,0.333333,5.53,0,0
6716928511410179095,6716928511410179095-1484722235-1484722235,6716928511410179095-1484722235-1484722235,Organic Search,0.333333,5.53,1,16.59
9084528523233662200,9084528523233662200-1476558147-1476558147,9084528523233662200-1474248304-1474248304,Organic Search,0.333333,15.796666667,0,0
9084528523233662200,9084528523233662200-1476558147-1476558147,9084528523233662200-1476558147-1476558147,Referral,0.333333,15.796666667,1,47.39
9084528523233662200,9084528523233662200-1476558147-1476558147,9084528523233662200-1474830331-1474830331,Referral,0.333333,15.796666667,0,0
3882155860208938967,3882155860208938967-1495049294-1495049294,3882155860208938967-1493667405-1493667405,Direct,0.400000,111.902,0,0
3882155860208938967,3882155860208938967-1495049294-1495049294,3882155860208938967-1495049294-1495049294,Referral,0.400000,111.902,2,559.51
3882155860208938967,3882155860208938967-1495049294-1495049294,3882155860208938967-1492785815-1492785815,Direct,0.400000,111.902,0,0
3882155860208938967,3882155860208938967-1495049294-1495049294,3882155860208938967-1495034389-1495034389,Referral,0.400000,111.902,0,0
3882155860208938967,3882155860208938967-1495049294-1495049294,3882155860208938967-1492639685-1492639685,Direct,0.400000,111.902,0,0
6932673168120406334,6932673168120406334-1477617276-1477617276,6932673168120406334-1477539487-1477539487,Referral,0.250000,16.9975,0,0
6932673168120406334,6932673168120406334-1477617276-1477617276,6932673168120406334-1477617276-1477617276,Referral,0.250000,16.9975,1,67.99
6932673168120406334,6932673168120406334-1477617276-1477617276,6932673168120406334-1477366212-1477366212,Organic Search,0.250000,16.9975,0,0
6932673168120406334,6932673168120406334-1477617276-1477617276,6932673168120406334-1477358414-1477358414,Organic Search,0.250000,16.9975,0,0
6432310188343340425,6432310188343340425-1499810903-1499810903,6432310188343340425-1499810903-1499810903,Referral,0.333333,310.586666667,1,931.76
6432310188343340425,6432310188343340425-1499810903-1499810903,6432310188343340425-1497977920-1497977920,Referral,0.333333,310.586666667,0,0
6432310188343340425,6432310188343340425-1499810903-1499810903,6432310188343340425-1496184683-1496184683,Direct,0.333333,310.586666667,0,0
6697182263056162374,6697182263056162374-1490210468-1490210468,6697182263056162374-1487213775-1487213775,Direct,0.333333,21.786666667,0,0
6697182263056162374,6697182263056162374-1490210468-1490210468,6697182263056162374-1490210468-1490210468,Referral,0.333333,21.786666667,1,65.36
6697182263056162374,6697182263056162374-1490210468-1490210468,6697182263056162374-1489116499-1489116499,Referral,0.333333,21.786666667,0,0
6414469815060591671,6414469815060591671-1500927422-1500927422,6414469815060591671-1480656167-1480656167,Referral,0.250000,15.2925,0,0
6414469815060591671,6414469815060591671-1500927422-1500927422,6414469815060591671-1470944335-1470944335,Organic Search,0.250000,15.2925,0,0
6414469815060591671,6414469815060591671-1500927422-1500927422,6414469815060591671-1500927422-1500927422,Referral,0.250000,15.2925,1,61.17
6414469815060591671,6414469815060591671-1500927422-1500927422,6414469815060591671-1472666142-1472666142,Display,0.250000,15.2925,0,0
6079111180589876762,6079111180589876762-1480701147-1480701147,6079111180589876762-1480701147-1480701147,Paid Search,0.333333,87.31,1,261.93
6079111180589876762,6079111180589876762-1480701147-1480701147,6079111180589876762-1480694607-1480694607,Paid Search,0.333333,87.31,0,0
6079111180589876762,6079111180589876762-1480701147-1480701147,6079111180589876762-1480097449-1480097449,Organic Search,0.333333,87.31,0,0
2613946236686066431,2613946236686066431-1493481622-1493481622,2613946236686066431-1489424540-1489424540,Referral,0.142857,15.322857143,0,0
2613946236686066431,2613946236686066431-1493481622-1493481622,2613946236686066431-1492214859-1492214859,Display,0.142857,15.322857143,0,0
2613946236686066431,2613946236686066431-1493481622-1493481622,2613946236686066431-1489369538-1489369538,Referral,0.142857,15.322857143,0,0
2613946236686066431,2613946236686066431-1493481622-1493481622,2613946236686066431-1493481622-1493481622,Paid Search,0.142857,15.322857143,1,107.26
2613946236686066431,2613946236686066431-1493481622-1493481622,2613946236686066431-1490056159-1490056159,Display,0.142857,15.322857143,0,0
2613946236686066431,2613946236686066431-1493481622-1493481622,2613946236686066431-1489340888-1489340888,Referral,0.142857,15.322857143,0,0
2613946236686066431,2613946236686066431-1493481622-1493481622,2613946236686066431-1492215141-1492215141,Referral,0.142857,15.322857143,0,0
3264354418157735832,3264354418157735832-1493839818-1493839818,3264354418157735832-1493839818-1493839818,Social,0.200000,7.318,1,36.59
3264354418157735832,3264354418157735832-1493839818-1493839818,3264354418157735832-1492187200-1492187200,Direct,0.200000,7.318,0,0
3264354418157735832,3264354418157735832-1493839818-1493839818,3264354418157735832-1493424495-1493424495,Direct,0.200000,7.318,0,0
3264354418157735832,3264354418157735832-1493839818-1493839818,3264354418157735832-1493839789-1493839789,Direct,0.200000,7.318,0,0
3264354418157735832,3264354418157735832-1493839818-1493839818,3264354418157735832-1492618141-1492618141,Direct,0.200000,7.318,0,0
8596460758260544127,8596460758260544127-1473358219-1473358219,8596460758260544127-1473358203-1473358203,Referral,0.333333,35.82,0,0
8596460758260544127,8596460758260544127-1473358219-1473358219,8596460758260544127-1473358219-1473358219,Referral,0.333333,35.82,1,107.46
8596460758260544127,8596460758260544127-1473358219-1473358219,8596460758260544127-1470956446-1470956446,Direct,0.333333,35.82,0,0
4279722686753943026,4279722686753943026-1471908277-1471908277,4279722686753943026-1471908177-1471908177,Organic Search,0.250000,13.4925,0,0
4279722686753943026,4279722686753943026-1471908277-1471908277,4279722686753943026-1471908277-1471908277,Referral,0.250000,13.4925,1,53.97
4279722686753943026,4279722686753943026-1471908277-1471908277,4279722686753943026-1470944803-1470944803,Organic Search,0.250000,13.4925,0,0
4279722686753943026,4279722686753943026-1471908277-1471908277,4279722686753943026-1471043687-1471043687,Organic Search,0.250000,13.4925,0,0
9670996124580137796,9670996124580137796-1483578939-1483578939,9670996124580137796-1483049843-1483049843,Referral,0.250000,41.745,0,0
9670996124580137796,9670996124580137796-1483578939-1483578939,9670996124580137796-1483578939-1483578939,Referral,0.250000,41.745,1,166.98
9670996124580137796,9670996124580137796-1483578939-1483578939,9670996124580137796-1483578797-1483578797,Organic Search,0.250000,41.745,0,0
9670996124580137796,9670996124580137796-1483578939-1483578939,9670996124580137796-1483578435-1483578435,Referral,0.250000,41.745,0,0
9740627261104812573,9740627261104812573-1500591635-1500591635,9740627261104812573-1500591635-1500591635,Referral,0.500000,20.59,1,41.18
9740627261104812573,9740627261104812573-1500591635-1500591635,9740627261104812573-1500591575-1500591575,Organic Search,0.500000,20.59,0,0
1724440306318274648,1724440306318274648-1483630921-1483630921,1724440306318274648-1483486117-1483486117,Direct,0.166667,58.886666667,0,0
1724440306318274648,1724440306318274648-1483630921-1483630921,1724440306318274648-1482944311-1482944311,Direct,0.166667,58.886666667,0,0
1724440306318274648,1724440306318274648-1483630921-1483630921,1724440306318274648-1483509097-1483509097,Referral,0.166667,58.886666667,0,0
1724440306318274648,1724440306318274648-1483630921-1483630921,1724440306318274648-1483630921-1483630921,Referral,0.166667,58.886666667,1,353.32
1724440306318274648,1724440306318274648-1483630921-1483630921,1724440306318274648-1482173569-1482173569,Direct,0.166667,58.886666667,0,0
1724440306318274648,1724440306318274648-1483630921-1483630921,1724440306318274648-1483486180-1483486180,Referral,0.166667,58.886666667,0,0
7256273857089897633,7256273857089897633-1489182131-1489182131,7256273857089897633-1485845426-1485845426,Direct,0.500000,10.295,0,0
7256273857089897633,7256273857089897633-1489182131-1489182131,7256273857089897633-1489182131-1489182131,Referral,0.500000,10.295,1,20.59
8424419632246672447,8424419632246672447-1482976271-1482976271,8424419632246672447-1482969024-1482969024,Paid Search,0.500000,3.495,0,0
8424419632246672447,8424419632246672447-1482976271-1482976271,8424419632246672447-1482976271-1482976271,Organic Search,0.500000,3.495,1,6.99
1182594311076605554,1182594311076605554-1471267283-1471267283,1182594311076605554-1471267283-1471267283,Referral,0.500000,168.93,1,337.86
1182594311076605554,1182594311076605554-1471267283-1471267283,1182594311076605554-1471033653-1471033653,Direct,0.500000,168.93,0,0
4043213349973775886,4043213349973775886-1470667242-1470667242,4043213349973775886-1470667242-1470667242,Referral,1.000000,4.485,2,8.97
4043213349973775886,4043213349973775886-1470667242-1470667242,4043213349973775886-1470332888-1470332888,Direct,1.000000,4.485,0,0
5305435864968398252,5305435864968398252-1473167411-1473167411,5305435864968398252-1473167411-1473167411,Referral,0.500000,12.645,1,25.29
5305435864968398252,5305435864968398252-1473167411-1473167411,5305435864968398252-1471892350-1471892350,Affiliates,0.500000,12.645,0,0
7970882488065232755,7970882488065232755-1492458224-1492458224,7970882488065232755-1487278940-1487278940,Display,0.076923,6.924615385,0,0
7970882488065232755,7970882488065232755-1492458224-1492458224,7970882488065232755-1492197822-1492197822,Direct,0.076923,6.924615385,0,0
7970882488065232755,7970882488065232755-1492458224-1492458224,7970882488065232755-1487003301-1487003301,Display,0.076923,6.924615385,0,0
7970882488065232755,7970882488065232755-1492458224-1492458224,7970882488065232755-1491234996-1491234996,Direct,0.076923,6.924615385,0,0
7970882488065232755,7970882488065232755-1492458224-1492458224,7970882488065232755-1476224418-1476224418,Display,0.076923,6.924615385,0,0
7970882488065232755,7970882488065232755-1492458224-1492458224,7970882488065232755-1492458224-1492458224,Direct,0.076923,6.924615385,1,90.02
7970882488065232755,7970882488065232755-1492458224-1492458224,7970882488065232755-1490801362-1490801362,Direct,0.076923,6.924615385,0,0
7970882488065232755,7970882488065232755-1492458224-1492458224,7970882488065232755-1487182892-1487182892,Display,0.076923,6.924615385,0,0
7970882488065232755,7970882488065232755-1492458224-1492458224,7970882488065232755-1474650271-1474650271,Display,0.076923,6.924615385,0,0
7970882488065232755,7970882488065232755-1492458224-1492458224,7970882488065232755-1485532651-1485532651,Display,0.076923,6.924615385,0,0
7970882488065232755,7970882488065232755-1492458224-1492458224,7970882488065232755-1492193693-1492193693,Direct,0.076923,6.924615385,0,0
7970882488065232755,7970882488065232755-1492458224-1492458224,7970882488065232755-1479746340-1479746340,Display,0.076923,6.924615385,0,0
7970882488065232755,7970882488065232755-1492458224-1492458224,7970882488065232755-1474600656-1474600656,Display,0.076923,6.924615385,0,0
8632030329369995030,8632030329369995030-1481043407-1481043407,8632030329369995030-1481043407-1481043407,Paid Search,0.500000,10.99,1,21.98
8632030329369995030,8632030329369995030-1481043407-1481043407,8632030329369995030-1480369139-1480369139,Organic Search,0.500000,10.99,0,0
0134543573456503980,0134543573456503980-1478209537-1478209537,0134543573456503980-1477410843-1477410843,Referral,0.500000,62.645,0,0
0134543573456503980,0134543573456503980-1478209537-1478209537,0134543573456503980-1478209537-1478209537,Display,0.500000,62.645,1,125.29
3197533100947860058,3197533100947860058-1488301067-1488301067,3197533100947860058-1486920036-1486920036,Direct,0.125000,9.74875,0,0
3197533100947860058,3197533100947860058-1488301067-1488301067,3197533100947860058-1488292311-1488292311,Organic Search,0.125000,9.74875,0,0
3197533100947860058,3197533100947860058-1488301067-1488301067,3197533100947860058-1487810901-1487810901,Organic Search,0.125000,9.74875,0,0
3197533100947860058,3197533100947860058-1488301067-1488301067,3197533100947860058-1487569039-1487569039,Direct,0.125000,9.74875,0,0
3197533100947860058,3197533100947860058-1488301067-1488301067,3197533100947860058-1487040751-1487040751,Direct,0.125000,9.74875,0,0
3197533100947860058,3197533100947860058-1488301067-1488301067,3197533100947860058-1487633756-1487633756,Direct,0.125000,9.74875,0,0
3197533100947860058,3197533100947860058-1488301067-1488301067,3197533100947860058-1488301067-1488301067,Organic Search,0.125000,9.74875,1,77.99
3197533100947860058,3197533100947860058-1488301067-1488301067,3197533100947860058-1487341200-1487341200,Direct,0.125000,9.74875,0,0
8768174564332889527,8768174564332889527-1481665483-1481665483,8768174564332889527-1474991691-1474991691,Direct,0.500000,50.75,0,0
8768174564332889527,8768174564332889527-1481665483-1481665483,8768174564332889527-1481665483-1481665483,Referral,0.500000,50.75,1,101.5
1081131800379517088,1081131800379517088-1481904443-1481904443,1081131800379517088-1481904443-1481904443,Referral,0.500000,11.59,1,23.18
1081131800379517088,1081131800379517088-1481904443-1481904443,1081131800379517088-1481903155-1481903155,Organic Search,0.500000,11.59,0,0
5532417941225696082,5532417941225696082-1498515359-1498515359,5532417941225696082-1496956031-1496956031,Organic Search,0.142857,8.425714286,0,0
5532417941225696082,5532417941225696082-1498515359-1498515359,5532417941225696082-1496943622-1496943622,Referral,0.142857,8.425714286,0,0
5532417941225696082,5532417941225696082-1498515359-1498515359,5532417941225696082-1498515359-1498515359,Referral,0.142857,8.425714286,1,58.98
5532417941225696082,5532417941225696082-1498515359-1498515359,5532417941225696082-1497450777-1497450777,Referral,0.142857,8.425714286,0,0
5532417941225696082,5532417941225696082-1498515359-1498515359,5532417941225696082-1497455212-1497455212,Referral,0.142857,8.425714286,0,0
5532417941225696082,5532417941225696082-1498515359-1498515359,5532417941225696082-1496943803-1496943803,Organic Search,0.142857,8.425714286,0,0
5532417941225696082,5532417941225696082-1498515359-1498515359,5532417941225696082-1497420022-1497420022,Referral,0.142857,8.425714286,0,0
2773216167322949918,2773216167322949918-1478377789-1478377789,2773216167322949918-1476811722-1476811722,Referral,0.125000,8.24875,0,0
2773216167322949918,2773216167322949918-1478377789-1478377789,2773216167322949918-1477603904-1477603904,Referral,0.125000,8.24875,0,0
2773216167322949918,2773216167322949918-1478377789-1478377789,2773216167322949918-1476717988-1476717988,Referral,0.125000,8.24875,0,0
2773216167322949918,2773216167322949918-1478377789-1478377789,2773216167322949918-1478377789-1478377789,Referral,0.125000,8.24875,1,65.99
2773216167322949918,2773216167322949918-1478377789-1478377789,2773216167322949918-1477601425-1477601425,Referral,0.125000,8.24875,0,0
2773216167322949918,2773216167322949918-1478377789-1478377789,2773216167322949918-1476820542-1476820542,Referral,0.125000,8.24875,0,0
2773216167322949918,2773216167322949918-1478377789-1478377789,2773216167322949918-1475173997-1475173997,Referral,0.125000,8.24875,0,0
2773216167322949918,2773216167322949918-1478377789-1478377789,2773216167322949918-1476717960-1476717960,Display,0.125000,8.24875,0,0
9027926305196111055,9027926305196111055-1478562301-1478562301,9027926305196111055-1478562301-1478562301,Organic Search,0.500000,29.495,1,58.99
9027926305196111055,9027926305196111055-1478562301-1478562301,9027926305196111055-1477947025-1477947025,Paid Search,0.500000,29.495,0,0
8667129106411175264,8667129106411175264-1477678952-1477678952,8667129106411175264-1477678952-1477678952,Referral,0.500000,20.495,1,40.99
8667129106411175264,8667129106411175264-1477678952-1477678952,8667129106411175264-1477678932-1477678932,Display,0.500000,20.495,0,0
0101246539776970727,0101246539776970727-1472745909-1472745909,0101246539776970727-1471284459-1471284459,Direct,0.200000,25.196,0,0
0101246539776970727,0101246539776970727-1472745909-1472745909,0101246539776970727-1472745909-1472745909,Referral,0.200000,25.196,1,125.98
0101246539776970727,0101246539776970727-1472745909-1472745909,0101246539776970727-1471284487-1471284487,Referral,0.200000,25.196,0,0
0101246539776970727,0101246539776970727-1472745909-1472745909,0101246539776970727-1470427783-1470427783,Direct,0.200000,25.196,0,0
0101246539776970727,0101246539776970727-1472745909-1472745909,0101246539776970727-1470684827-1470684827,Direct,0.200000,25.196,0,0
4583845190402124485,4583845190402124485-1474517719-1474517719,4583845190402124485-1474423211-1474423211,Organic Search,0.333333,7.663333333,0,0
4583845190402124485,4583845190402124485-1474517719-1474517719,4583845190402124485-1474517719-1474517719,Referral,0.333333,7.663333333,1,22.99
4583845190402124485,4583845190402124485-1474517719-1474517719,4583845190402124485-1474517523-1474517523,Organic Search,0.333333,7.663333333,0,0
0225621684999318305,0225621684999318305-1479406146-1479406146,0225621684999318305-1479261009-1479261009,Display,0.500000,9.295,0,0
0225621684999318305,0225621684999318305-1479406146-1479406146,0225621684999318305-1479406146-1479406146,Referral,0.500000,9.295,1,18.59
611556253076247456,611556253076247456-1486715541-1486715541,611556253076247456-1470876461-1470876461,Organic Search,0.166667,24.881666667,0,0
611556253076247456,611556253076247456-1486715541-1486715541,611556253076247456-1482957767-1482957767,Organic Search,0.166667,24.881666667,0,0
611556253076247456,611556253076247456-1486715541-1486715541,611556253076247456-1486574177-1486574177,Referral,0.166667,24.881666667,0,0
611556253076247456,611556253076247456-1486715541-1486715541,611556253076247456-1486688205-1486688205,Referral,0.166667,24.881666667,0,0
611556253076247456,611556253076247456-1486715541-1486715541,611556253076247456-1486715541-1486715541,Referral,0.166667,24.881666667,1,149.29
611556253076247456,611556253076247456-1486715541-1486715541,611556253076247456-1482881657-1482881657,Organic Search,0.166667,24.881666667,0,0
2616271879571385041,2616271879571385041-1501295162-1501295162,2616271879571385041-1497186175-1497186175,Organic Search,0.333333,31.193333333,0,0
2616271879571385041,2616271879571385041-1501295162-1501295162,2616271879571385041-1495207782-1495207782,Organic Search,0.333333,31.193333333,0,0
2616271879571385041,2616271879571385041-1501295162-1501295162,2616271879571385041-1501295162-1501295162,Referral,0.333333,31.193333333,1,93.58
5342879446684210628,5342879446684210628-1499261977-1499261977,5342879446684210628-1498849216-1498849216,Organic Search,0.500000,42.995,0,0
5342879446684210628,5342879446684210628-1499261977-1499261977,5342879446684210628-1499261977-1499261977,Referral,0.500000,42.995,1,85.99
3215564925046357694,3215564925046357694-1476128460-1476128460,3215564925046357694-1475196625-1475196625,Referral,0.200000,27.424,0,0
3215564925046357694,3215564925046357694-1476128460-1476128460,3215564925046357694-1476128460-1476128460,Referral,0.200000,27.424,1,137.12
3215564925046357694,3215564925046357694-1476128460-1476128460,3215564925046357694-1476124415-1476124415,Referral,0.200000,27.424,0,0
3215564925046357694,3215564925046357694-1476128460-1476128460,3215564925046357694-1474917670-1474917670,Referral,0.200000,27.424,0,0
3215564925046357694,3215564925046357694-1476128460-1476128460,3215564925046357694-1474913306-1474913306,Direct,0.200000,27.424,0,0
4140173886122763982,4140173886122763982-1492478637-1492478637,4140173886122763982-1492298765-1492298765,Referral,0.333333,46.25,0,0
4140173886122763982,4140173886122763982-1492478637-1492478637,4140173886122763982-1492478637-1492478637,Referral,0.333333,46.25,1,138.75
4140173886122763982,4140173886122763982-1492478637-1492478637,4140173886122763982-1492290064-1492290064,Direct,0.333333,46.25,0,0
5001626019499127935,5001626019499127935-1497150615-1497150615,5001626019499127935-1497150615-1497150615,Organic Search,0.250000,31.245,1,124.98
5001626019499127935,5001626019499127935-1497150615-1497150615,5001626019499127935-1496032840-1496032840,Referral,0.250000,31.245,0,0
5001626019499127935,5001626019499127935-1497150615-1497150615,5001626019499127935-1496715432-1496715432,Organic Search,0.250000,31.245,0,0
5001626019499127935,5001626019499127935-1497150615-1497150615,5001626019499127935-1496032211-1496032211,Organic Search,0.250000,31.245,0,0
3073219633014134177,3073219633014134177-1489687179-1489687179,3073219633014134177-1481052076-1481052076,Direct,0.500000,16.495,0,0
3073219633014134177,3073219633014134177-1489687179-1489687179,3073219633014134177-1489687179-1489687179,Organic Search,0.500000,16.495,1,32.99
6091498163535424271,6091498163535424271-1471211065-1471211065,6091498163535424271-1470091861-1470091861,Paid Search,0.250000,10.7275,0,0
6091498163535424271,6091498163535424271-1471211065-1471211065,6091498163535424271-1470189686-1470189686,Organic Search,0.250000,10.7275,0,0
6091498163535424271,6091498163535424271-1471211065-1471211065,6091498163535424271-1471211065-1471211065,Organic Search,0.250000,10.7275,1,42.91
6091498163535424271,6091498163535424271-1471211065-1471211065,6091498163535424271-1470526572-1470526572,Organic Search,0.250000,10.7275,0,0
097021672781707916,097021672781707916-1479503856-1479503856,097021672781707916-1474049023-1474049023,Direct,0.142857,9.368571429,0,0
097021672781707916,097021672781707916-1479503856-1479503856,097021672781707916-1479483905-1479483905,Referral,0.142857,9.368571429,0,0
097021672781707916,097021672781707916-1479503856-1479503856,097021672781707916-1475780253-1475780253,Referral,0.142857,9.368571429,0,0
097021672781707916,097021672781707916-1479503856-1479503856,097021672781707916-1477585462-1477585462,Referral,0.142857,9.368571429,0,0
097021672781707916,097021672781707916-1479503856-1479503856,097021672781707916-1479497784-1479497784,Referral,0.142857,9.368571429,0,0
097021672781707916,097021672781707916-1479503856-1479503856,097021672781707916-1476215221-1476215221,Referral,0.142857,9.368571429,0,0
097021672781707916,097021672781707916-1479503856-1479503856,097021672781707916-1479503856-1479503856,Referral,0.142857,9.368571429,1,65.58
7741113614366580526,7741113614366580526-1483035770-1483035770,7741113614366580526-1483035282-1483035282,Display,0.500000,29.585,0,0
7741113614366580526,7741113614366580526-1483035770-1483035770,7741113614366580526-1483035770-1483035770,Organic Search,0.500000,29.585,1,59.17
8466555030941163716,8466555030941163716-1495735552-1495735552,8466555030941163716-1492100309-1492100309,Organic Search,0.166667,13.456666667,0,0
8466555030941163716,8466555030941163716-1495735552-1495735552,8466555030941163716-1495127660-1495127660,Referral,0.166667,13.456666667,0,0
8466555030941163716,8466555030941163716-1495735552-1495735552,8466555030941163716-1494346342-1494346342,Referral,0.166667,13.456666667,0,0
8466555030941163716,8466555030941163716-1495735552-1495735552,8466555030941163716-1490718770-1490718770,Organic Search,0.166667,13.456666667,0,0
8466555030941163716,8466555030941163716-1495735552-1495735552,8466555030941163716-1492101575-1492101575,Referral,0.166667,13.456666667,0,0
8466555030941163716,8466555030941163716-1495735552-1495735552,8466555030941163716-1495735552-1495735552,Referral,0.166667,13.456666667,1,80.74
7000708126985064854,7000708126985064854-1489001696-1489001696,7000708126985064854-1489001696-1489001696,Organic Search,0.250000,45.15,1,180.6
7000708126985064854,7000708126985064854-1489001696-1489001696,7000708126985064854-1488556103-1488556103,Display,0.250000,45.15,0,0
7000708126985064854,7000708126985064854-1489001696-1489001696,7000708126985064854-1488902605-1488902605,Organic Search,0.250000,45.15,0,0
7000708126985064854,7000708126985064854-1489001696-1489001696,7000708126985064854-1488556454-1488556454,Organic Search,0.250000,45.15,0,0
8611515155255472281,8611515155255472281-1489365472-1489365472,8611515155255472281-1489364898-1489364898,Direct,1.000000,41.085,0,0
8611515155255472281,8611515155255472281-1489365472-1489365472,8611515155255472281-1489365472-1489365472,Referral,1.000000,41.085,2,82.17
0554657701286789547,0554657701286789547-1490277871-1490277871,0554657701286789547-1484683361-1484683361,Referral,0.200000,13.39,0,0
0554657701286789547,0554657701286789547-1490277871-1490277871,0554657701286789547-1479333547-1479333547,Direct,0.200000,13.39,0,0
0554657701286789547,0554657701286789547-1490277871-1490277871,0554657701286789547-1484678106-1484678106,Referral,0.200000,13.39,0,0
0554657701286789547,0554657701286789547-1490277871-1490277871,0554657701286789547-1490277871-1490277871,Referral,0.200000,13.39,1,66.95
0554657701286789547,0554657701286789547-1490277871-1490277871,0554657701286789547-1479333564-1479333564,Referral,0.200000,13.39,0,0
5891082663141859878,5891082663141859878-1491496149-1491496149,5891082663141859878-1491494309-1491494309,Referral,0.250000,50.475,0,0
5891082663141859878,5891082663141859878-1491496149-1491496149,5891082663141859878-1491496149-1491496149,Referral,0.250000,50.475,1,201.9
5891082663141859878,5891082663141859878-1491496149-1491496149,5891082663141859878-1491483856-1491483856,Referral,0.250000,50.475,0,0
5891082663141859878,5891082663141859878-1491496149-1491496149,5891082663141859878-1489840932-1489840932,Organic Search,0.250000,50.475,0,0
2272358426431745604,2272358426431745604-1471018616-1471018616,2272358426431745604-1470432681-1470432681,Display,0.111111,48.523333333,0,0
2272358426431745604,2272358426431745604-1471018616-1471018616,2272358426431745604-1471014858-1471014858,Display,0.111111,48.523333333,0,0
2272358426431745604,2272358426431745604-1471018616-1471018616,2272358426431745604-1470861842-1470861842,Display,0.111111,48.523333333,0,0
2272358426431745604,2272358426431745604-1471018616-1471018616,2272358426431745604-1470847134-1470847134,Organic Search,0.111111,48.523333333,0,0
2272358426431745604,2272358426431745604-1471018616-1471018616,2272358426431745604-1470439498-1470439498,Display,0.111111,48.523333333,0,0
2272358426431745604,2272358426431745604-1471018616-1471018616,2272358426431745604-1470670567-1470670567,Display,0.111111,48.523333333,0,0
2272358426431745604,2272358426431745604-1471018616-1471018616,2272358426431745604-1471018616-1471018616,Display,0.111111,48.523333333,1,436.71
2272358426431745604,2272358426431745604-1471018616-1471018616,2272358426431745604-1470676696-1470676696,Display,0.111111,48.523333333,0,0
2272358426431745604,2272358426431745604-1471018616-1471018616,2272358426431745604-1470774902-1470774902,Organic Search,0.111111,48.523333333,0,0
317257995730740367,317257995730740367-1487371367-1487371367,317257995730740367-1487282962-1487282962,Display,0.333333,24.393333333,0,0
317257995730740367,317257995730740367-1487371367-1487371367,317257995730740367-1487371367-1487371367,Referral,0.333333,24.393333333,1,73.18
317257995730740367,317257995730740367-1487371367-1487371367,317257995730740367-1487371054-1487371054,Display,0.333333,24.393333333,0,0
9963131995239003867,9963131995239003867-1485275486-1485275486,9963131995239003867-1484718965-1484718965,Organic Search,0.200000,9.354,0,0
9963131995239003867,9963131995239003867-1485275486-1485275486,9963131995239003867-1484879893-1484879893,Referral,0.200000,9.354,0,0
9963131995239003867,9963131995239003867-1485275486-1485275486,9963131995239003867-1485275486-1485275486,Referral,0.200000,9.354,1,46.77
9963131995239003867,9963131995239003867-1485275486-1485275486,9963131995239003867-1484890435-1484890435,Referral,0.200000,9.354,0,0
9963131995239003867,9963131995239003867-1485275486-1485275486,9963131995239003867-1484718910-1484718910,Referral,0.200000,9.354,0,0
0166887489328887096,0166887489328887096-1480361997-1480361997,0166887489328887096-1480361997-1480361997,Organic Search,0.500000,32.485,1,64.97
0166887489328887096,0166887489328887096-1480361997-1480361997,0166887489328887096-1480361278-1480361278,Direct,0.500000,32.485,0,0
0092577710025173656,0092577710025173656-1487700602-1487700602,0092577710025173656-1476745258-1476745258,Organic Search,0.333333,221.62,0,0
0092577710025173656,0092577710025173656-1487700602-1487700602,0092577710025173656-1487700602-1487700602,Paid Search,0.333333,221.62,1,664.86
0092577710025173656,0092577710025173656-1487700602-1487700602,0092577710025173656-1485300570-1485300570,Paid Search,0.333333,221.62,0,0
5236254855277222606,5236254855277222606-1479789304-1479789304,5236254855277222606-1479789304-1479789304,Referral,0.500000,20.08,1,40.16
5236254855277222606,5236254855277222606-1479789304-1479789304,5236254855277222606-1479788887-1479788887,Organic Search,0.500000,20.08,0,0
0951979273858392158,0951979273858392158-1481132948-1481132948,0951979273858392158-1481039693-1481039693,Paid Search,0.250000,310.9625,0,0
0951979273858392158,0951979273858392158-1481132948-1481132948,0951979273858392158-1481042928-1481042928,Paid Search,0.250000,310.9625,0,0
0951979273858392158,0951979273858392158-1481132948-1481132948,0951979273858392158-1481039738-1481039738,Organic Search,0.250000,310.9625,0,0
0951979273858392158,0951979273858392158-1481132948-1481132948,0951979273858392158-1481132948-1481132948,Paid Search,0.250000,310.9625,1,1243.85
5526624295443259064,5526624295443259064-1494107906-1494107906,5526624295443259064-1494101666-1494101666,Paid Search,0.250000,46.3525,0,0
5526624295443259064,5526624295443259064-1494107906-1494107906,5526624295443259064-1494037581-1494037581,Organic Search,0.250000,46.3525,0,0
5526624295443259064,5526624295443259064-1494107906-1494107906,5526624295443259064-1494091398-1494091398,Paid Search,0.250000,46.3525,0,0
5526624295443259064,5526624295443259064-1494107906-1494107906,5526624295443259064-1494107906-1494107906,Paid Search,0.250000,46.3525,1,185.41
6627479815076599911,6627479815076599911-1487510406-1487510406,6627479815076599911-1487510406-1487510406,Paid Search,0.333333,35.666666667,1,107
6627479815076599911,6627479815076599911-1487510406-1487510406,6627479815076599911-1484790868-1484790868,Paid Search,0.333333,35.666666667,0,0
6627479815076599911,6627479815076599911-1487510406-1487510406,6627479815076599911-1486692404-1486692404,Organic Search,0.333333,35.666666667,0,0
9282206218253931143,9282206218253931143-1480108994-1480108994,9282206218253931143-1479934598-1479934598,Direct,0.500000,26.895,0,0
9282206218253931143,9282206218253931143-1480108994-1480108994,9282206218253931143-1480108994-1480108994,Referral,0.500000,26.895,1,53.79
0744194450160663160,0744194450160663160-1495581116-1495581116,0744194450160663160-1495581116-1495581116,Organic Search,0.500000,53,1,106
0744194450160663160,0744194450160663160-1495581116-1495581116,0744194450160663160-1495144226-1495144226,Referral,0.500000,53,0,0
0240177559062852098,0240177559062852098-1470857155-1470857155,0240177559062852098-1470855719-1470855719,Direct,0.500000,26.915,0,0
0240177559062852098,0240177559062852098-1470857155-1470857155,0240177559062852098-1470857155-1470857155,Referral,0.500000,26.915,1,53.83
3399131852074077546,3399131852074077546-1495559303-1495559303,3399131852074077546-1495487634-1495487634,Direct,0.333333,8.996666667,0,0
3399131852074077546,3399131852074077546-1495559303-1495559303,3399131852074077546-1495487996-1495487996,Organic Search,0.333333,8.996666667,0,0
3399131852074077546,3399131852074077546-1495559303-1495559303,3399131852074077546-1495559303-1495559303,Organic Search,0.333333,8.996666667,1,26.99
7880178108492772399,7880178108492772399-1500668164-1500668164,7880178108492772399-1499259058-1499259062,Paid Search,0.500000,49.775,0,0
7880178108492772399,7880178108492772399-1500668164-1500668164,7880178108492772399-1500668164-1500668164,Display,0.500000,49.775,1,99.55
515770511624914543,515770511624914543-1494428047-1494428047,515770511624914543-1494428047-1494428047,Referral,0.500000,243.5,1,487
515770511624914543,515770511624914543-1494428047-1494428047,515770511624914543-1493699819-1493699819,Direct,0.500000,243.5,0,0
6569964390858147530,6569964390858147530-1485909879-1485909879,6569964390858147530-1474490044-1474490044,Organic Search,0.142857,71.985714286,0,0
6569964390858147530,6569964390858147530-1485909879-1485909879,6569964390858147530-1485468119-1485468119,Referral,0.142857,71.985714286,0,0
6569964390858147530,6569964390858147530-1485909879-1485909879,6569964390858147530-1485909879-1485909879,Referral,0.142857,71.985714286,1,503.9
6569964390858147530,6569964390858147530-1485909879-1485909879,6569964390858147530-1485190288-1485190288,Referral,0.142857,71.985714286,0,0
6569964390858147530,6569964390858147530-1485909879-1485909879,6569964390858147530-1485881840-1485881840,Referral,0.142857,71.985714286,0,0
6569964390858147530,6569964390858147530-1485909879-1485909879,6569964390858147530-1472742314-1472742314,Direct,0.142857,71.985714286,0,0
6569964390858147530,6569964390858147530-1485909879-1485909879,6569964390858147530-1485527694-1485527694,Referral,0.142857,71.985714286,0,0
0779199793341944056,0779199793341944056-1501210708-1501210708,0779199793341944056-1501110166-1501110166,Referral,0.250000,4.47,0,0
0779199793341944056,0779199793341944056-1501210708-1501210708,0779199793341944056-1501190350-1501190350,Referral,0.250000,4.47,0,0
0779199793341944056,0779199793341944056-1501210708-1501210708,0779199793341944056-1501210708-1501210708,Referral,0.250000,4.47,1,17.88
0779199793341944056,0779199793341944056-1501210708-1501210708,0779199793341944056-1500495638-1500495638,Direct,0.250000,4.47,0,0
428994201200499894,428994201200499894-1471320477-1471320477,428994201200499894-1470921767-1470921767,Display,0.125000,85.7525,0,0
428994201200499894,428994201200499894-1471320477-1471320477,428994201200499894-1470942747-1470942747,Display,0.125000,85.7525,0,0
428994201200499894,428994201200499894-1471320477-1471320477,428994201200499894-1471320477-1471320477,Paid Search,0.125000,85.7525,1,686.02
428994201200499894,428994201200499894-1471320477-1471320477,428994201200499894-1470950280-1470950280,Display,0.125000,85.7525,0,0
428994201200499894,428994201200499894-1471320477-1471320477,428994201200499894-1470276130-1470276130,Display,0.125000,85.7525,0,0
428994201200499894,428994201200499894-1471320477-1471320477,428994201200499894-1470168383-1470168383,Display,0.125000,85.7525,0,0
428994201200499894,428994201200499894-1471320477-1471320477,428994201200499894-1471320457-1471320457,Display,0.125000,85.7525,0,0
428994201200499894,428994201200499894-1471320477-1471320477,428994201200499894-1470235808-1470235808,Display,0.125000,85.7525,0,0
8743830704801425537,8743830704801425537-1496959519-1496959519,8743830704801425537-1496959519-1496959519,Paid Search,0.500000,9.995,1,19.99
8743830704801425537,8743830704801425537-1496959519-1496959519,8743830704801425537-1496959303-1496959303,Direct,0.500000,9.995,0,0
9956296141985415749,9956296141985415749-1495234677-1495234677,9956296141985415749-1495154974-1495154974,Direct,0.333333,121.666666667,0,0
9956296141985415749,9956296141985415749-1495234677-1495234677,9956296141985415749-1495156017-1495156017,Referral,0.333333,121.666666667,0,0
9956296141985415749,9956296141985415749-1495234677-1495234677,9956296141985415749-1495234677-1495234677,Organic Search,0.333333,121.666666667,1,365
8264774401325439003,8264774401325439003-1472484584-1472484584,8264774401325439003-1472479496-1472479496,Referral,0.333333,15.893333333,0,0
8264774401325439003,8264774401325439003-1472484584-1472484584,8264774401325439003-1472484584-1472484584,Referral,0.333333,15.893333333,1,47.68
8264774401325439003,8264774401325439003-1472484584-1472484584,8264774401325439003-1472479481-1472479481,Direct,0.333333,15.893333333,0,0
422544802270284821,422544802270284821-1487163667-1487163667,422544802270284821-1486620117-1486620117,Organic Search,0.076923,9.933076923,0,0
422544802270284821,422544802270284821-1487163667-1487163667,422544802270284821-1484058157-1484058157,Organic Search,0.076923,9.933076923,0,0
422544802270284821,422544802270284821-1487163667-1487163667,422544802270284821-1487075890-1487075890,Organic Search,0.076923,9.933076923,0,0
422544802270284821,422544802270284821-1487163667-1487163667,422544802270284821-1486741103-1486741103,Organic Search,0.076923,9.933076923,0,0
422544802270284821,422544802270284821-1487163667-1487163667,422544802270284821-1486717738-1486717738,Organic Search,0.076923,9.933076923,0,0
422544802270284821,422544802270284821-1487163667-1487163667,422544802270284821-1487082618-1487082618,Organic Search,0.076923,9.933076923,0,0
422544802270284821,422544802270284821-1487163667-1487163667,422544802270284821-1486686054-1486686054,Organic Search,0.076923,9.933076923,0,0
422544802270284821,422544802270284821-1487163667-1487163667,422544802270284821-1486936956-1486936956,Organic Search,0.076923,9.933076923,0,0
422544802270284821,422544802270284821-1487163667-1487163667,422544802270284821-1486897764-1486897764,Organic Search,0.076923,9.933076923,0,0
422544802270284821,422544802270284821-1487163667-1487163667,422544802270284821-1484927248-1484927248,Organic Search,0.076923,9.933076923,0,0
422544802270284821,422544802270284821-1487163667-1487163667,422544802270284821-1487162414-1487162414,Organic Search,0.076923,9.933076923,0,0
422544802270284821,422544802270284821-1487163667-1487163667,422544802270284821-1487163667-1487163667,Referral,0.076923,9.933076923,1,129.13
422544802270284821,422544802270284821-1487163667-1487163667,422544802270284821-1486794508-1486794508,Organic Search,0.076923,9.933076923,0,0
1337744272385974839,1337744272385974839-1497988448-1497988448,1337744272385974839-1492634048-1492634048,Organic Search,0.500000,32.885,0,0
1337744272385974839,1337744272385974839-1497988448-1497988448,1337744272385974839-1497988448-1497988448,Referral,0.500000,32.885,1,65.77
8512789014299357843,8512789014299357843-1480463369-1480463369,8512789014299357843-1480439654-1480439654,Referral,0.250000,12.1375,0,0
8512789014299357843,8512789014299357843-1480463369-1480463369,8512789014299357843-1480439936-1480439936,Organic Search,0.250000,12.1375,0,0
8512789014299357843,8512789014299357843-1480463369-1480463369,8512789014299357843-1480463369-1480463369,Referral,0.250000,12.1375,1,48.55
8512789014299357843,8512789014299357843-1480463369-1480463369,8512789014299357843-1480396496-1480396496,Referral,0.250000,12.1375,0,0
5850295749820717320,5850295749820717320-1482265375-1482265375,5850295749820717320-1481248185-1481248185,Organic Search,0.333333,46.45,0,0
5850295749820717320,5850295749820717320-1482265375-1482265375,5850295749820717320-1481248065-1481248065,Referral,0.333333,46.45,0,0
5850295749820717320,5850295749820717320-1482265375-1482265375,5850295749820717320-1482265375-1482265375,Referral,0.333333,46.45,1,139.35
2384781485752007681,2384781485752007681-1493841632-1493841632,2384781485752007681-1493837152-1493837152,Social,0.200000,9.398,0,0
2384781485752007681,2384781485752007681-1493841632-1493841632,2384781485752007681-1493153075-1493153075,Referral,0.200000,9.398,0,0
2384781485752007681,2384781485752007681-1493841632-1493841632,2384781485752007681-1493841632-1493841632,Social,0.200000,9.398,1,46.99
2384781485752007681,2384781485752007681-1493841632-1493841632,2384781485752007681-1493743979-1493743979,Social,0.200000,9.398,0,0
2384781485752007681,2384781485752007681-1493841632-1493841632,2384781485752007681-1493748666-1493748666,Social,0.200000,9.398,0,0
754193085382700442,754193085382700442-1481564103-1481564103,754193085382700442-1481471305-1481471305,Referral,0.500000,40.49,0,0
754193085382700442,754193085382700442-1481564103-1481564103,754193085382700442-1481564103-1481564103,Organic Search,0.500000,40.49,1,80.98
5491117449549870331,5491117449549870331-1493568471-1493568471,5491117449549870331-1484667630-1484667630,Organic Search,0.045455,9.146818182,0,0
5491117449549870331,5491117449549870331-1493568471-1493568471,5491117449549870331-1475185118-1475185118,Referral,0.045455,9.146818182,0,0
5491117449549870331,5491117449549870331-1493568471-1493568471,5491117449549870331-1483464770-1483464770,Referral,0.045455,9.146818182,0,0
5491117449549870331,5491117449549870331-1493568471-1493568471,5491117449549870331-1477365518-1477365518,Referral,0.045455,9.146818182,0,0
5491117449549870331,5491117449549870331-1493568471-1493568471,5491117449549870331-1475192190-1475192190,Organic Search,0.045455,9.146818182,0,0
5491117449549870331,5491117449549870331-1493568471-1493568471,5491117449549870331-1482201679-1482201679,Referral,0.045455,9.146818182,0,0
5491117449549870331,5491117449549870331-1493568471-1493568471,5491117449549870331-1475194836-1475194836,Organic Search,0.045455,9.146818182,0,0
5491117449549870331,5491117449549870331-1493568471-1493568471,5491117449549870331-1476236985-1476236985,Referral,0.045455,9.146818182,0,0
5491117449549870331,5491117449549870331-1493568471-1493568471,5491117449549870331-1486786163-1486786163,Referral,0.045455,9.146818182,0,0
5491117449549870331,5491117449549870331-1493568471-1493568471,5491117449549870331-1487959045-1487959045,Organic Search,0.045455,9.146818182,0,0
5491117449549870331,5491117449549870331-1493568471-1493568471,5491117449549870331-1487637184-1487637184,Organic Search,0.045455,9.146818182,0,0
5491117449549870331,5491117449549870331-1493568471-1493568471,5491117449549870331-1475186269-1475186269,Organic Search,0.045455,9.146818182,0,0
5491117449549870331,5491117449549870331-1493568471-1493568471,5491117449549870331-1474917885-1474917885,Referral,0.045455,9.146818182,0,0
5491117449549870331,5491117449549870331-1493568471-1493568471,5491117449549870331-1488517110-1488517110,Organic Search,0.045455,9.146818182,0,0
5491117449549870331,5491117449549870331-1493568471-1493568471,5491117449549870331-1486879148-1486879148,Referral,0.045455,9.146818182,0,0
5491117449549870331,5491117449549870331-1493568471-1493568471,5491117449549870331-1477137292-1477137292,Referral,0.045455,9.146818182,0,0
5491117449549870331,5491117449549870331-1493568471-1493568471,5491117449549870331-1493568471-1493568471,Referral,0.045455,9.146818182,1,201.23
5491117449549870331,5491117449549870331-1493568471-1493568471,5491117449549870331-1487787866-1487787866,Organic Search,0.045455,9.146818182,0,0
5491117449549870331,5491117449549870331-1493568471-1493568471,5491117449549870331-1475870270-1475870270,Organic Search,0.045455,9.146818182,0,0
5491117449549870331,5491117449549870331-1493568471-1493568471,5491117449549870331-1477959064-1477959064,Referral,0.045455,9.146818182,0,0
5491117449549870331,5491117449549870331-1493568471-1493568471,5491117449549870331-1474852681-1474852681,Referral,0.045455,9.146818182,0,0
5491117449549870331,5491117449549870331-1493568471-1493568471,5491117449549870331-1487636486-1487636486,Referral,0.045455,9.146818182,0,0
9867098324358727615,9867098324358727615-1481153134-1481153134,9867098324358727615-1481153123-1481153123,Paid Search,0.333333,19.486666667,0,0
9867098324358727615,9867098324358727615-1481153134-1481153134,9867098324358727615-1481153019-1481153019,Paid Search,0.333333,19.486666667,0,0
9867098324358727615,9867098324358727615-1481153134-1481153134,9867098324358727615-1481153134-1481153134,Organic Search,0.333333,19.486666667,1,58.46
0463325773564352787,0463325773564352787-1485471506-1485471506,0463325773564352787-1485070746-1485070746,Paid Search,0.333333,17.596666667,0,0
0463325773564352787,0463325773564352787-1485471506-1485471506,0463325773564352787-1484958276-1484958276,Referral,0.333333,17.596666667,0,0
0463325773564352787,0463325773564352787-1485471506-1485471506,0463325773564352787-1485471506-1485471506,Referral,0.333333,17.596666667,1,52.79
3473394703672890486,3473394703672890486-1490114242-1490114242,3473394703672890486-1490114193-1490114193,Organic Search,0.500000,9.495,0,0
3473394703672890486,3473394703672890486-1490114242-1490114242,3473394703672890486-1490114242-1490114242,Referral,0.500000,9.495,1,18.99
8122533509308793130,8122533509308793130-1475124284-1475124284,8122533509308793130-1475108520-1475108520,Organic Search,0.500000,48.68,0,0
8122533509308793130,8122533509308793130-1475124284-1475124284,8122533509308793130-1475124284-1475124284,Referral,0.500000,48.68,1,97.36
7589140490994660050,7589140490994660050-1491543261-1491543261,7589140490994660050-1491543261-1491543261,Referral,0.500000,40.495,1,80.99
7589140490994660050,7589140490994660050-1491543261-1491543261,7589140490994660050-1491543013-1491543013,Direct,0.500000,40.495,0,0
6563130963865137516,6563130963865137516-1490112959-1490112959,6563130963865137516-1490106262-1490106262,Referral,0.333333,5.73,0,0
6563130963865137516,6563130963865137516-1490112959-1490112959,6563130963865137516-1490026086-1490026086,Organic Search,0.333333,5.73,0,0
6563130963865137516,6563130963865137516-1490112959-1490112959,6563130963865137516-1490112959-1490112959,Referral,0.333333,5.73,1,17.19
4822026859805345733,4822026859805345733-1493658073-1493658073,4822026859805345733-1493646381-1493646381,Referral,0.125000,13.125,0,0
4822026859805345733,4822026859805345733-1493658073-1493658073,4822026859805345733-1493651128-1493651128,Referral,0.125000,13.125,0,0
4822026859805345733,4822026859805345733-1493658073-1493658073,4822026859805345733-1492734761-1492734761,Referral,0.125000,13.125,0,0
4822026859805345733,4822026859805345733-1493658073-1493658073,4822026859805345733-1492646125-1492646125,Organic Search,0.125000,13.125,0,0
4822026859805345733,4822026859805345733-1493658073-1493658073,4822026859805345733-1493396035-1493396035,Referral,0.125000,13.125,0,0
4822026859805345733,4822026859805345733-1493658073-1493658073,4822026859805345733-1492646322-1492646322,Referral,0.125000,13.125,0,0
4822026859805345733,4822026859805345733-1493658073-1493658073,4822026859805345733-1492616447-1492616447,Organic Search,0.125000,13.125,0,0
4822026859805345733,4822026859805345733-1493658073-1493658073,4822026859805345733-1493658073-1493658073,Referral,0.125000,13.125,1,105
4544326774395648224,4544326774395648224-1470585650-1470585650,4544326774395648224-1470585650-1470585650,Referral,0.500000,30.89,1,61.78
4544326774395648224,4544326774395648224-1470585650-1470585650,4544326774395648224-1470585630-1470585630,Organic Search,0.500000,30.89,0,0
1057122392851131616,1057122392851131616-1482401044-1482401044,1057122392851131616-1482300511-1482300511,Paid Search,0.333333,40.646666667,0,0
1057122392851131616,1057122392851131616-1482401044-1482401044,1057122392851131616-1482278941-1482278941,Organic Search,0.333333,40.646666667,0,0
1057122392851131616,1057122392851131616-1482401044-1482401044,1057122392851131616-1482401044-1482401044,Organic Search,0.333333,40.646666667,1,121.94
7771559258178364692,7771559258178364692-1477847396-1477847396,7771559258178364692-1477847393-1477847393,Referral,0.200000,35.12,0,0
7771559258178364692,7771559258178364692-1477847396-1477847396,7771559258178364692-1477846875-1477846877,Direct,0.200000,35.12,0,0
7771559258178364692,7771559258178364692-1477847396-1477847396,7771559258178364692-1476460142-1476460144,Direct,0.200000,35.12,0,0
7771559258178364692,7771559258178364692-1477847396-1477847396,7771559258178364692-1476405146-1476405149,Direct,0.200000,35.12,0,0
7771559258178364692,7771559258178364692-1477847396-1477847396,7771559258178364692-1477847396-1477847396,Referral,0.200000,35.12,1,175.6
8963849210488709948,8963849210488709948-1484692333-1484692333,8963849210488709948-1483546119-1483546119,Direct,0.500000,9.495,0,0
8963849210488709948,8963849210488709948-1484692333-1484692333,8963849210488709948-1484692333-1484692333,Organic Search,0.500000,9.495,1,18.99
5542844395633027147,5542844395633027147-1492824863-1492824863,5542844395633027147-1479505550-1479505550,Paid Search,0.500000,17.61,0,0
5542844395633027147,5542844395633027147-1492824863-1492824863,5542844395633027147-1492824863-1492824863,Referral,0.500000,17.61,1,35.22
3701255466939392710,3701255466939392710-1493685253-1493685253,3701255466939392710-1493685253-1493685253,Referral,0.500000,50.97,1,101.94
3701255466939392710,3701255466939392710-1493685253-1493685253,3701255466939392710-1491093785-1491093785,Direct,0.500000,50.97,0,0
2422865366235727605,2422865366235727605-1501474532-1501474532,2422865366235727605-1501038738-1501038738,Organic Search,0.250000,22.3675,0,0
2422865366235727605,2422865366235727605-1501474532-1501474532,2422865366235727605-1501474532-1501474532,Organic Search,0.250000,22.3675,1,89.47
2422865366235727605,2422865366235727605-1501474532-1501474532,2422865366235727605-1501032322-1501032322,Organic Search,0.250000,22.3675,0,0
2422865366235727605,2422865366235727605-1501474532-1501474532,2422865366235727605-1500941821-1500941821,Direct,0.250000,22.3675,0,0
3751433429956400495,3751433429956400495-1481107755-1481107755,3751433429956400495-1477889515-1477889515,Direct,0.083333,167.3,0,0
3751433429956400495,3751433429956400495-1481107755-1481107755,3751433429956400495-1477493179-1477493179,Direct,0.083333,167.3,0,0
3751433429956400495,3751433429956400495-1481107755-1481107755,3751433429956400495-1480589879-1480589879,Direct,0.083333,167.3,0,0
3751433429956400495,3751433429956400495-1481107755-1481107755,3751433429956400495-1477299810-1477299810,Organic Search,0.083333,167.3,0,0
3751433429956400495,3751433429956400495-1481107755-1481107755,3751433429956400495-1478689912-1478689912,Direct,0.083333,167.3,0,0
3751433429956400495,3751433429956400495-1481107755-1481107755,3751433429956400495-1481089491-1481089491,Direct,0.083333,167.3,0,0
3751433429956400495,3751433429956400495-1481107755-1481107755,3751433429956400495-1481107755-1481107755,Direct,0.083333,167.3,1,2007.6
3751433429956400495,3751433429956400495-1481107755-1481107755,3751433429956400495-1481097030-1481097030,Direct,0.083333,167.3,0,0
3751433429956400495,3751433429956400495-1481107755-1481107755,3751433429956400495-1478095822-1478095822,Direct,0.083333,167.3,0,0
3751433429956400495,3751433429956400495-1481107755-1481107755,3751433429956400495-1480653978-1480653978,Direct,0.083333,167.3,0,0
3751433429956400495,3751433429956400495-1481107755-1481107755,3751433429956400495-1479988080-1479988080,Direct,0.083333,167.3,0,0
3751433429956400495,3751433429956400495-1481107755-1481107755,3751433429956400495-1480669437-1480669437,Direct,0.083333,167.3,0,0
7181128763936845788,7181128763936845788-1500740371-1500740371,7181128763936845788-1500740371-1500740371,Organic Search,0.333333,148.753333333,1,446.26
7181128763936845788,7181128763936845788-1500740371-1500740371,7181128763936845788-1500002479-1500002479,Organic Search,0.333333,148.753333333,0,0
7181128763936845788,7181128763936845788-1500740371-1500740371,7181128763936845788-1498785232-1498785232,Paid Search,0.333333,148.753333333,0,0
1257038584322727844,1257038584322727844-1481758372-1481758372,1257038584322727844-1481157292-1481157292,Direct,0.250000,6.6475,0,0
1257038584322727844,1257038584322727844-1481758372-1481758372,1257038584322727844-1481758372-1481758372,Display,0.250000,6.6475,1,26.59
1257038584322727844,1257038584322727844-1481758372-1481758372,1257038584322727844-1481651487-1481651487,Display,0.250000,6.6475,0,0
1257038584322727844,1257038584322727844-1481758372-1481758372,1257038584322727844-1481671605-1481671605,Display,0.250000,6.6475,0,0
6835707118991448680,6835707118991448680-1496414769-1496414769,6835707118991448680-1496414769-1496414769,Organic Search,0.500000,8.295,1,16.59
6835707118991448680,6835707118991448680-1496414769-1496414769,6835707118991448680-1496413668-1496413668,Direct,0.500000,8.295,0,0
4652788532519261576,4652788532519261576-1471214085-1471214085,4652788532519261576-1470524771-1470524771,Paid Search,0.250000,6.1,0,0
4652788532519261576,4652788532519261576-1471214085-1471214085,4652788532519261576-1470616394-1470616394,Paid Search,0.250000,6.1,0,0
4652788532519261576,4652788532519261576-1471214085-1471214085,4652788532519261576-1470525979-1470525979,Organic Search,0.250000,6.1,0,0
4652788532519261576,4652788532519261576-1471214085-1471214085,4652788532519261576-1471214085-1471214085,Paid Search,0.250000,6.1,1,24.4
1783689121802630504,1783689121802630504-1475246271-1475246271,1783689121802630504-1475246271-1475246271,Referral,0.500000,26.895,1,53.79
1783689121802630504,1783689121802630504-1475246271-1475246271,1783689121802630504-1472669357-1472669360,Direct,0.500000,26.895,0,0
3104604995796885491,3104604995796885491-1482938583-1482938583,3104604995796885491-1480359702-1480359702,Social,0.333333,4.33,0,0
3104604995796885491,3104604995796885491-1482938583-1482938583,3104604995796885491-1482328498-1482328498,Display,0.333333,4.33,0,0
3104604995796885491,3104604995796885491-1482938583-1482938583,3104604995796885491-1482938583-1482938583,Paid Search,0.333333,4.33,1,12.99
1995748726207840322,1995748726207840322-1482031791-1482031791,1995748726207840322-1482031791-1482031791,Referral,0.333333,6.33,1,18.99
1995748726207840322,1995748726207840322-1482031791-1482031791,1995748726207840322-1480912244-1480912244,Direct,0.333333,6.33,0,0
1995748726207840322,1995748726207840322-1482031791-1482031791,1995748726207840322-1482031679-1482031679,Direct,0.333333,6.33,0,0
562678147042735,562678147042735-1493044056-1493044056,562678147042735-1493043455-1493043455,Organic Search,1.000000,79.155,0,0
562678147042735,562678147042735-1493044056-1493044056,562678147042735-1493044056-1493044056,Referral,1.000000,79.155,2,158.31
3346631104336405882,3346631104336405882-1501167890-1501167890,3346631104336405882-1499958768-1499958768,Organic Search,0.333333,9.996666667,0,0
3346631104336405882,3346631104336405882-1501167890-1501167890,3346631104336405882-1501167890-1501167890,Organic Search,0.333333,9.996666667,1,29.99
3346631104336405882,3346631104336405882-1501167890-1501167890,3346631104336405882-1501167872-1501167872,Paid Search,0.333333,9.996666667,0,0
6932737592368590436,6932737592368590436-1495812790-1495812790,6932737592368590436-1494383247-1494383247,Organic Search,0.500000,34.54,0,0
6932737592368590436,6932737592368590436-1495812790-1495812790,6932737592368590436-1495812790-1495812790,Paid Search,0.500000,34.54,1,69.08
902501703660198350,902501703660198350-1478565554-1478565554,902501703660198350-1478565493-1478565493,Direct,0.500000,152.875,0,0
902501703660198350,902501703660198350-1478565554-1478565554,902501703660198350-1478565554-1478565554,Referral,0.500000,152.875,1,305.75
0095747507496204221,0095747507496204221-1497639689-1497639689,0095747507496204221-1497323073-1497323073,Direct,0.333333,789.833333333,0,0
0095747507496204221,0095747507496204221-1497639689-1497639689,0095747507496204221-1497323081-1497323081,Organic Search,0.333333,789.833333333,0,0
0095747507496204221,0095747507496204221-1497639689-1497639689,0095747507496204221-1497639689-1497639689,Referral,0.333333,789.833333333,1,2369.5
8737836949525079223,8737836949525079223-1494982863-1494982863,8737836949525079223-1493692638-1493692638,Paid Search,0.500000,60.425,0,0
8737836949525079223,8737836949525079223-1494982863-1494982863,8737836949525079223-1494982863-1494982863,Organic Search,0.500000,60.425,1,120.85
4602383891226401804,4602383891226401804-1490796233-1490796233,4602383891226401804-1490796233-1490796233,Organic Search,0.250000,222.445,1,889.78
4602383891226401804,4602383891226401804-1490796233-1490796233,4602383891226401804-1490754324-1490754324,Organic Search,0.250000,222.445,0,0
4602383891226401804,4602383891226401804-1490796233-1490796233,4602383891226401804-1487906475-1487906475,Paid Search,0.250000,222.445,0,0
4602383891226401804,4602383891226401804-1490796233-1490796233,4602383891226401804-1488211049-1488211049,Paid Search,0.250000,222.445,0,0
6453410957469058316,6453410957469058316-1497899846-1497899846,6453410957469058316-1497889684-1497889684,Referral,0.250000,22.075,0,0
6453410957469058316,6453410957469058316-1497899846-1497899846,6453410957469058316-1497899846-1497899846,Referral,0.250000,22.075,1,88.3
6453410957469058316,6453410957469058316-1497899846-1497899846,6453410957469058316-1497896805-1497896805,Referral,0.250000,22.075,0,0
6453410957469058316,6453410957469058316-1497899846-1497899846,6453410957469058316-1497749342-1497749342,Direct,0.250000,22.075,0,0
6158998502530077576,6158998502530077576-1492735085-1492735085,6158998502530077576-1489505205-1489505205,Organic Search,0.500000,47.485,0,0
6158998502530077576,6158998502530077576-1492735085-1492735085,6158998502530077576-1492735085-1492735085,Referral,0.500000,47.485,1,94.97
3776258872363783792,3776258872363783792-1494031283-1494031283,3776258872363783792-1494009557-1494009557,Organic Search,0.200000,40.994,0,0
3776258872363783792,3776258872363783792-1494031283-1494031283,3776258872363783792-1471359408-1471359408,Paid Search,0.200000,40.994,0,0
3776258872363783792,3776258872363783792-1494031283-1494031283,3776258872363783792-1494028339-1494028339,Organic Search,0.200000,40.994,0,0
3776258872363783792,3776258872363783792-1494031283-1494031283,3776258872363783792-1494006133-1494006133,Organic Search,0.200000,40.994,0,0
3776258872363783792,3776258872363783792-1494031283-1494031283,3776258872363783792-1494031283-1494031283,Organic Search,0.200000,40.994,1,204.97
5632994425337545327,5632994425337545327-1494447948-1494447948,5632994425337545327-1494447948-1494447948,Paid Search,0.333333,172.183333333,1,516.55
5632994425337545327,5632994425337545327-1494447948-1494447948,5632994425337545327-1494446536-1494446536,Paid Search,0.333333,172.183333333,0,0
5632994425337545327,5632994425337545327-1494447948-1494447948,5632994425337545327-1492096823-1492096823,Direct,0.333333,172.183333333,0,0
1132760331530975847,1132760331530975847-1473863679-1473863679,1132760331530975847-1473279395-1473279395,Display,0.142857,58.151428571,0,0
1132760331530975847,1132760331530975847-1473863679-1473863679,1132760331530975847-1472833243-1472833243,Paid Search,0.142857,58.151428571,0,0
1132760331530975847,1132760331530975847-1473863679-1473863679,1132760331530975847-1473279586-1473279586,Organic Search,0.142857,58.151428571,0,0
1132760331530975847,1132760331530975847-1473863679-1473863679,1132760331530975847-1472489069-1472489069,Referral,0.142857,58.151428571,0,0
1132760331530975847,1132760331530975847-1473863679-1473863679,1132760331530975847-1470842245-1470842245,Referral,0.142857,58.151428571,0,0
1132760331530975847,1132760331530975847-1473863679-1473863679,1132760331530975847-1470756577-1470756577,Referral,0.142857,58.151428571,0,0
1132760331530975847,1132760331530975847-1473863679-1473863679,1132760331530975847-1473863679-1473863679,Organic Search,0.142857,58.151428571,1,407.06
2128287929750116366,2128287929750116366-1498621240-1498621240,2128287929750116366-1498444689-1498444689,Direct,0.250000,3.3275,0,0
2128287929750116366,2128287929750116366-1498621240-1498621240,2128287929750116366-1497834835-1497834835,Direct,0.250000,3.3275,0,0
2128287929750116366,2128287929750116366-1498621240-1498621240,2128287929750116366-1498621240-1498621240,Referral,0.250000,3.3275,1,13.31
2128287929750116366,2128287929750116366-1498621240-1498621240,2128287929750116366-1470863504-1470863504,Organic Search,0.250000,3.3275,0,0
5370842366618648178,5370842366618648178-1481315706-1481315706,5370842366618648178-1481061588-1481061588,Display,0.250000,14.84,0,0
5370842366618648178,5370842366618648178-1481315706-1481315706,5370842366618648178-1481315236-1481315236,Organic Search,0.250000,14.84,0,0
5370842366618648178,5370842366618648178-1481315706-1481315706,5370842366618648178-1481315706-1481315706,Referral,0.250000,14.84,1,59.36
5370842366618648178,5370842366618648178-1481315706-1481315706,5370842366618648178-1481311686-1481311686,Organic Search,0.250000,14.84,0,0
6530155408321990119,6530155408321990119-1481785961-1481785961,6530155408321990119-1479157583-1479157583,Direct,0.250000,13.4475,0,0
6530155408321990119,6530155408321990119-1481785961-1481785961,6530155408321990119-1481521847-1481521847,Referral,0.250000,13.4475,0,0
6530155408321990119,6530155408321990119-1481785961-1481785961,6530155408321990119-1481587361-1481587361,Referral,0.250000,13.4475,0,0
6530155408321990119,6530155408321990119-1481785961-1481785961,6530155408321990119-1481785961-1481785961,Referral,0.250000,13.4475,1,53.79
277995947055991027,277995947055991027-1483622617-1483622617,277995947055991027-1483622614-1483622614,Referral,0.333333,32.993333333,0,0
277995947055991027,277995947055991027-1483622617-1483622617,277995947055991027-1483621758-1483621758,Organic Search,0.333333,32.993333333,0,0
277995947055991027,277995947055991027-1483622617-1483622617,277995947055991027-1483622617-1483622617,Referral,0.333333,32.993333333,1,98.98
0812697329895229962,0812697329895229962-1479276952-1479276952,0812697329895229962-1479275907-1479275907,Referral,0.166667,29.163333333,0,0
0812697329895229962,0812697329895229962-1479276952-1479276952,0812697329895229962-1479272468-1479272475,Direct,0.166667,29.163333333,0,0
0812697329895229962,0812697329895229962-1479276952-1479276952,0812697329895229962-1479276498-1479276498,Referral,0.166667,29.163333333,0,0
0812697329895229962,0812697329895229962-1479276952-1479276952,0812697329895229962-1479276480-1479276480,Referral,0.166667,29.163333333,0,0
0812697329895229962,0812697329895229962-1479276952-1479276952,0812697329895229962-1479276952-1479276952,Organic Search,0.166667,29.163333333,1,174.98
0812697329895229962,0812697329895229962-1479276952-1479276952,0812697329895229962-1479273971-1479273971,Referral,0.166667,29.163333333,0,0
0057826677844639343,0057826677844639343-1497366564-1497366564,0057826677844639343-1497198134-1497198134,Referral,0.333333,8.53,0,0
0057826677844639343,0057826677844639343-1497366564-1497366564,0057826677844639343-1497362429-1497362429,Organic Search,0.333333,8.53,0,0
0057826677844639343,0057826677844639343-1497366564-1497366564,0057826677844639343-1497366564-1497366564,Organic Search,0.333333,8.53,1,25.59
7606335731603327424,7606335731603327424-1498155514-1498155514,7606335731603327424-1494616892-1494616892,Referral,0.333333,10.726666667,0,0
7606335731603327424,7606335731603327424-1498155514-1498155514,7606335731603327424-1498155514-1498155514,Referral,0.333333,10.726666667,1,32.18
7606335731603327424,7606335731603327424-1498155514-1498155514,7606335731603327424-1492829787-1492829787,Organic Search,0.333333,10.726666667,0,0
5682452231721622029,5682452231721622029-1476572472-1476572472,5682452231721622029-1476477032-1476477032,Paid Search,0.250000,5.5,0,0
5682452231721622029,5682452231721622029-1476572472-1476572472,5682452231721622029-1476477054-1476477054,Organic Search,0.250000,5.5,0,0
5682452231721622029,5682452231721622029-1476572472-1476572472,5682452231721622029-1476572472-1476572472,Organic Search,0.250000,5.5,1,22
5682452231721622029,5682452231721622029-1476572472-1476572472,5682452231721622029-1476358376-1476358376,Paid Search,0.250000,5.5,0,0
6168219447090843569,6168219447090843569-1481866810-1481866810,6168219447090843569-1481866810-1481866810,Referral,0.500000,21.685,1,43.37
6168219447090843569,6168219447090843569-1481866810-1481866810,6168219447090843569-1481866641-1481866641,Organic Search,0.500000,21.685,0,0
8017036388062220760,8017036388062220760-1479735970-1479735970,8017036388062220760-1478994299-1478994299,Direct,0.500000,23.69,0,0
8017036388062220760,8017036388062220760-1479735970-1479735970,8017036388062220760-1479735970-1479735970,Referral,0.500000,23.69,1,47.38
0402324876089509346,0402324876089509346-1493390876-1493390876,0402324876089509346-1491339831-1491339831,Direct,0.500000,16.49,0,0
0402324876089509346,0402324876089509346-1493390876-1493390876,0402324876089509346-1493390876-1493390876,Referral,0.500000,16.49,1,32.98
1234072966949787632,1234072966949787632-1480896743-1480896743,1234072966949787632-1480896231-1480896231,Direct,0.500000,52.49,0,0
1234072966949787632,1234072966949787632-1480896743-1480896743,1234072966949787632-1480896743-1480896743,Organic Search,0.500000,52.49,1,104.98
8269418639715927246,8269418639715927246-1482722329-1482722329,8269418639715927246-1481840873-1481840873,Display,0.500000,47.79,0,0
8269418639715927246,8269418639715927246-1482722329-1482722329,8269418639715927246-1482722329-1482722329,Referral,0.500000,47.79,1,95.58
4123860234327657457,4123860234327657457-1483559313-1483559313,4123860234327657457-1483559249-1483559249,Direct,0.500000,47.495,0,0
4123860234327657457,4123860234327657457-1483559313-1483559313,4123860234327657457-1483559313-1483559313,Referral,0.500000,47.495,1,94.99
572741150050251305,572741150050251305-1471032467-1471032467,572741150050251305-1471020530-1471020530,Referral,0.250000,23.7625,0,0
572741150050251305,572741150050251305-1471032467-1471032467,572741150050251305-1470980113-1470980113,Organic Search,0.250000,23.7625,0,0
572741150050251305,572741150050251305-1471032467-1471032467,572741150050251305-1471032467-1471032467,Referral,0.250000,23.7625,1,95.05
572741150050251305,572741150050251305-1471032467-1471032467,572741150050251305-1470980177-1470980177,Referral,0.250000,23.7625,0,0
7211038241364680514,7211038241364680514-1470763894-1470763894,7211038241364680514-1470410786-1470410786,Direct,0.333333,25.373333333,0,0
7211038241364680514,7211038241364680514-1470763894-1470763894,7211038241364680514-1470665826-1470665826,Referral,0.333333,25.373333333,0,0
7211038241364680514,7211038241364680514-1470763894-1470763894,7211038241364680514-1470763894-1470763894,Referral,0.333333,25.373333333,1,76.12
7561014297963838461,7561014297963838461-1488857509-1488857509,7561014297963838461-1488821175-1488821175,Organic Search,0.500000,139.92,0,0
7561014297963838461,7561014297963838461-1488857509-1488857509,7561014297963838461-1488857509-1488857509,Referral,0.500000,139.92,1,279.84
0824409685962808817,0824409685962808817-1491929510-1491929510,0824409685962808817-1471325568-1471325568,Direct,0.111111,8.464444444,0,0
0824409685962808817,0824409685962808817-1491929510-1491929510,0824409685962808817-1471308275-1471308279,Direct,0.111111,8.464444444,0,0
0824409685962808817,0824409685962808817-1491929510-1491929510,0824409685962808817-1471368988-1471368988,Direct,0.111111,8.464444444,0,0
0824409685962808817,0824409685962808817-1491929510-1491929510,0824409685962808817-1473785604-1473785604,Display,0.111111,8.464444444,0,0
0824409685962808817,0824409685962808817-1491929510-1491929510,0824409685962808817-1475109187-1475109187,Organic Search,0.111111,8.464444444,0,0
0824409685962808817,0824409685962808817-1491929510-1491929510,0824409685962808817-1473810710-1473810710,Organic Search,0.111111,8.464444444,0,0
0824409685962808817,0824409685962808817-1491929510-1491929510,0824409685962808817-1471384900-1471384900,Organic Search,0.111111,8.464444444,0,0
0824409685962808817,0824409685962808817-1491929510-1491929510,0824409685962808817-1476288852-1476288852,Organic Search,0.111111,8.464444444,0,0
0824409685962808817,0824409685962808817-1491929510-1491929510,0824409685962808817-1491929510-1491929510,Organic Search,0.111111,8.464444444,1,76.18
9044444019630799818,9044444019630799818-1481599107-1481599107,9044444019630799818-1481599107-1481599107,Organic Search,0.250000,9.245,1,36.98
9044444019630799818,9044444019630799818-1481599107-1481599107,9044444019630799818-1481598631-1481598631,Referral,0.250000,9.245,0,0
9044444019630799818,9044444019630799818-1481599107-1481599107,9044444019630799818-1481593893-1481593893,Paid Search,0.250000,9.245,0,0
9044444019630799818,9044444019630799818-1481599107-1481599107,9044444019630799818-1480451619-1480451619,Paid Search,0.250000,9.245,0,0
6793059858875608655,6793059858875608655-1487186336-1487186336,6793059858875608655-1487107822-1487107822,Direct,0.333333,32.193333333,0,0
6793059858875608655,6793059858875608655-1487186336-1487186336,6793059858875608655-1487186336-1487186336,Referral,0.333333,32.193333333,1,96.58
6793059858875608655,6793059858875608655-1487186336-1487186336,6793059858875608655-1487107984-1487107984,Referral,0.333333,32.193333333,0,0
8434622228747679141,8434622228747679141-1489099807-1489099807,8434622228747679141-1489099807-1489099807,Referral,0.500000,13.495,1,26.99
8434622228747679141,8434622228747679141-1489099807-1489099807,8434622228747679141-1487288239-1487288239,Organic Search,0.500000,13.495,0,0
9467619663210756890,9467619663210756890-1487605536-1487605536,9467619663210756890-1485188873-1485188873,Direct,0.052632,2.104210526,0,0
9467619663210756890,9467619663210756890-1487605536-1487605536,9467619663210756890-1478876942-1478876942,Organic Search,0.052632,2.104210526,0,0
9467619663210756890,9467619663210756890-1487605536-1487605536,9467619663210756890-1487006235-1487006235,Direct,0.052632,2.104210526,0,0
9467619663210756890,9467619663210756890-1487605536-1487605536,9467619663210756890-1479419422-1479419422,Organic Search,0.052632,2.104210526,0,0
9467619663210756890,9467619663210756890-1487605536-1487605536,9467619663210756890-1487257720-1487257720,Direct,0.052632,2.104210526,0,0
9467619663210756890,9467619663210756890-1487605536-1487605536,9467619663210756890-1483736347-1483736347,Direct,0.052632,2.104210526,0,0
9467619663210756890,9467619663210756890-1487605536-1487605536,9467619663210756890-1480521528-1480521528,Direct,0.052632,2.104210526,0,0
9467619663210756890,9467619663210756890-1487605536-1487605536,9467619663210756890-1487352593-1487352593,Direct,0.052632,2.104210526,0,0
9467619663210756890,9467619663210756890-1487605536-1487605536,9467619663210756890-1479153142-1479153142,Organic Search,0.052632,2.104210526,0,0
9467619663210756890,9467619663210756890-1487605536-1487605536,9467619663210756890-1487359159-1487359159,Direct,0.052632,2.104210526,0,0
9467619663210756890,9467619663210756890-1487605536-1487605536,9467619663210756890-1483972217-1483972217,Direct,0.052632,2.104210526,0,0
9467619663210756890,9467619663210756890-1487605536-1487605536,9467619663210756890-1487277730-1487277730,Direct,0.052632,2.104210526,0,0
9467619663210756890,9467619663210756890-1487605536-1487605536,9467619663210756890-1476291264-1476291264,Organic Search,0.052632,2.104210526,0,0
9467619663210756890,9467619663210756890-1487605536-1487605536,9467619663210756890-1479403145-1479403145,Organic Search,0.052632,2.104210526,0,0
9467619663210756890,9467619663210756890-1487605536-1487605536,9467619663210756890-1487265104-1487265104,Direct,0.052632,2.104210526,0,0
9467619663210756890,9467619663210756890-1487605536-1487605536,9467619663210756890-1487605536-1487605536,Direct,0.052632,2.104210526,1,39.98
9467619663210756890,9467619663210756890-1487605536-1487605536,9467619663210756890-1471614650-1471614650,Organic Search,0.052632,2.104210526,0,0
9467619663210756890,9467619663210756890-1487605536-1487605536,9467619663210756890-1480426284-1480426284,Direct,0.052632,2.104210526,0,0
9467619663210756890,9467619663210756890-1487605536-1487605536,9467619663210756890-1487260617-1487260617,Direct,0.052632,2.104210526,0,0
1956307607572137989,1956307607572137989-1478630878-1478630878,1956307607572137989-1477074064-1477074064,Organic Search,0.250000,123.4125,0,0
1956307607572137989,1956307607572137989-1478630878-1478630878,1956307607572137989-1476200360-1476200360,Organic Search,0.250000,123.4125,0,0
1956307607572137989,1956307607572137989-1478630878-1478630878,1956307607572137989-1476722335-1476722335,Organic Search,0.250000,123.4125,0,0
1956307607572137989,1956307607572137989-1478630878-1478630878,1956307607572137989-1476116659-1476116659,Organic Search,0.250000,123.4125,0,0
1956307607572137989,1956307607572137989-1478630878-1478630878,1956307607572137989-1478544145-1478544145,Organic Search,0.250000,123.4125,0,0
1956307607572137989,1956307607572137989-1478630878-1478630878,1956307607572137989-1476394721-1476394721,Paid Search,0.250000,123.4125,0,0
1956307607572137989,1956307607572137989-1478630878-1478630878,1956307607572137989-1477337753-1477337753,Referral,0.250000,123.4125,0,0
1956307607572137989,1956307607572137989-1478630878-1478630878,1956307607572137989-1477326037-1477326037,Organic Search,0.250000,123.4125,0,0
1956307607572137989,1956307607572137989-1478630878-1478630878,1956307607572137989-1478630878-1478630878,Organic Search,0.250000,123.4125,3,1480.95
1956307607572137989,1956307607572137989-1478630878-1478630878,1956307607572137989-1477589861-1477589861,Organic Search,0.250000,123.4125,0,0
1956307607572137989,1956307607572137989-1478630878-1478630878,1956307607572137989-1477334448-1477334448,Organic Search,0.250000,123.4125,0,0
1956307607572137989,1956307607572137989-1478630878-1478630878,1956307607572137989-1476209778-1476209778,Organic Search,0.250000,123.4125,0,0
4921413806940784676,4921413806940784676-1491431290-1491431290,4921413806940784676-1480560700-1480560700,Direct,0.166667,11.798333333,0,0
4921413806940784676,4921413806940784676-1491431290-1491431290,4921413806940784676-1490903867-1490903867,Organic Search,0.166667,11.798333333,0,0
4921413806940784676,4921413806940784676-1491431290-1491431290,4921413806940784676-1490827783-1490827783,Referral,0.166667,11.798333333,0,0
4921413806940784676,4921413806940784676-1491431290-1491431290,4921413806940784676-1485368327-1485368327,Display,0.166667,11.798333333,0,0
4921413806940784676,4921413806940784676-1491431290-1491431290,4921413806940784676-1491342977-1491342977,Organic Search,0.166667,11.798333333,0,0
4921413806940784676,4921413806940784676-1491431290-1491431290,4921413806940784676-1491431290-1491431290,Organic Search,0.166667,11.798333333,3,212.37
4921413806940784676,4921413806940784676-1491431290-1491431290,4921413806940784676-1485811046-1485811046,Display,0.166667,11.798333333,0,0
4921413806940784676,4921413806940784676-1491431290-1491431290,4921413806940784676-1484691393-1484691393,Referral,0.166667,11.798333333,0,0
4921413806940784676,4921413806940784676-1491431290-1491431290,4921413806940784676-1490983210-1490983210,Organic Search,0.166667,11.798333333,0,0
4921413806940784676,4921413806940784676-1491431290-1491431290,4921413806940784676-1491006426-1491006426,Organic Search,0.166667,11.798333333,0,0
4921413806940784676,4921413806940784676-1491431290-1491431290,4921413806940784676-1483489402-1483489402,Referral,0.166667,11.798333333,0,0
4921413806940784676,4921413806940784676-1491431290-1491431290,4921413806940784676-1491329191-1491329191,Organic Search,0.166667,11.798333333,0,0
4921413806940784676,4921413806940784676-1491431290-1491431290,4921413806940784676-1491254696-1491254696,Organic Search,0.166667,11.798333333,0,0
4921413806940784676,4921413806940784676-1491431290-1491431290,4921413806940784676-1490828150-1490828150,Organic Search,0.166667,11.798333333,0,0
4921413806940784676,4921413806940784676-1491431290-1491431290,4921413806940784676-1491257808-1491257808,Organic Search,0.166667,11.798333333,0,0
4921413806940784676,4921413806940784676-1491431290-1491431290,4921413806940784676-1491350019-1491350019,Organic Search,0.166667,11.798333333,0,0
4921413806940784676,4921413806940784676-1491431290-1491431290,4921413806940784676-1485281836-1485281836,Display,0.166667,11.798333333,0,0
4921413806940784676,4921413806940784676-1491431290-1491431290,4921413806940784676-1484608501-1484608501,Referral,0.166667,11.798333333,0,0
6118933348572020566,6118933348572020566-1478027382-1478027382,6118933348572020566-1478022787-1478022787,Referral,0.200000,47.05,0,0
6118933348572020566,6118933348572020566-1478027382-1478027382,6118933348572020566-1471363063-1471363063,Direct,0.200000,47.05,0,0
6118933348572020566,6118933348572020566-1478027382-1478027382,6118933348572020566-1478027382-1478027382,Referral,0.200000,47.05,1,235.25
6118933348572020566,6118933348572020566-1478027382-1478027382,6118933348572020566-1478022647-1478022647,Organic Search,0.200000,47.05,0,0
6118933348572020566,6118933348572020566-1478027382-1478027382,6118933348572020566-1471285384-1471285387,Direct,0.200000,47.05,0,0
5816018559064540800,5816018559064540800-1486075473-1486075473,5816018559064540800-1486055891-1486055891,Referral,0.166667,30.146666667,0,0
5816018559064540800,5816018559064540800-1486075473-1486075473,5816018559064540800-1485984605-1485984605,Direct,0.166667,30.146666667,0,0
5816018559064540800,5816018559064540800-1486075473-1486075473,5816018559064540800-1486053525-1486053525,Direct,0.166667,30.146666667,0,0
5816018559064540800,5816018559064540800-1486075473-1486075473,5816018559064540800-1486075473-1486075473,Referral,0.166667,30.146666667,1,180.88
5816018559064540800,5816018559064540800-1486075473-1486075473,5816018559064540800-1485996265-1485996265,Direct,0.166667,30.146666667,0,0
5816018559064540800,5816018559064540800-1486075473-1486075473,5816018559064540800-1485970460-1485970460,Direct,0.166667,30.146666667,0,0
1056878480433332365,1056878480433332365-1480946367-1480946367,1056878480433332365-1477340087-1477340087,Referral,0.200000,13.398,0,0
1056878480433332365,1056878480433332365-1480946367-1480946367,1056878480433332365-1477514705-1477514705,Direct,0.200000,13.398,0,0
1056878480433332365,1056878480433332365-1480946367-1480946367,1056878480433332365-1474571166-1474571166,Referral,0.200000,13.398,0,0
1056878480433332365,1056878480433332365-1480946367-1480946367,1056878480433332365-1480946367-1480946367,Direct,0.200000,13.398,1,66.99
1056878480433332365,1056878480433332365-1480946367-1480946367,1056878480433332365-1477337819-1477337819,Referral,0.200000,13.398,0,0
6361004934465135812,6361004934465135812-1500326642-1500326642,6361004934465135812-1500058510-1500058510,Referral,0.250000,27.3925,0,0
6361004934465135812,6361004934465135812-1500326642-1500326642,6361004934465135812-1500061435-1500061435,Referral,0.250000,27.3925,0,0
6361004934465135812,6361004934465135812-1500326642-1500326642,6361004934465135812-1500326642-1500326642,Referral,0.250000,27.3925,1,109.57
6361004934465135812,6361004934465135812-1500326642-1500326642,6361004934465135812-1500058400-1500058400,Organic Search,0.250000,27.3925,0,0
5818809333488367777,5818809333488367777-1495650148-1495650148,5818809333488367777-1492443353-1492443353,Direct,0.333333,4.543333333,0,0
5818809333488367777,5818809333488367777-1495650148-1495650148,5818809333488367777-1495650148-1495650148,Organic Search,0.333333,4.543333333,1,13.63
5818809333488367777,5818809333488367777-1495650148-1495650148,5818809333488367777-1495646767-1495646767,Organic Search,0.333333,4.543333333,0,0
1729629382364849141,1729629382364849141-1482796846-1482796846,1729629382364849141-1482796846-1482796846,Referral,0.333333,59.523333333,1,178.57
1729629382364849141,1729629382364849141-1482796846-1482796846,1729629382364849141-1482791542-1482791542,Referral,0.333333,59.523333333,0,0
1729629382364849141,1729629382364849141-1482796846-1482796846,1729629382364849141-1478633526-1478633526,Direct,0.333333,59.523333333,0,0
4869304818683909994,4869304818683909994-1496692230-1496692230,4869304818683909994-1496351697-1496351697,Organic Search,0.166667,3.351666667,0,0
4869304818683909994,4869304818683909994-1496692230-1496692230,4869304818683909994-1495143538-1495143538,Organic Search,0.166667,3.351666667,0,0
4869304818683909994,4869304818683909994-1496692230-1496692230,4869304818683909994-1495227083-1495227083,Organic Search,0.166667,3.351666667,0,0
4869304818683909994,4869304818683909994-1496692230-1496692230,4869304818683909994-1496692230-1496692230,Referral,0.166667,3.351666667,1,20.11
4869304818683909994,4869304818683909994-1496692230-1496692230,4869304818683909994-1496683038-1496683038,Referral,0.166667,3.351666667,0,0
4869304818683909994,4869304818683909994-1496692230-1496692230,4869304818683909994-1494982561-1494982561,Organic Search,0.166667,3.351666667,0,0
4090254339243061472,4090254339243061472-1490667986-1490667986,4090254339243061472-1489517731-1489517731,Referral,0.333333,5.663333333,0,0
4090254339243061472,4090254339243061472-1490667986-1490667986,4090254339243061472-1489517269-1489517269,Direct,0.333333,5.663333333,0,0
4090254339243061472,4090254339243061472-1490667986-1490667986,4090254339243061472-1490667986-1490667986,Referral,0.333333,5.663333333,1,16.99
2041392925012676726,2041392925012676726-1473271373-1473271373,2041392925012676726-1473271373-1473271373,Referral,0.500000,17.795,2,71.18
2041392925012676726,2041392925012676726-1473271373-1473271373,2041392925012676726-1471303137-1471303153,Direct,0.500000,17.795,0,0
2041392925012676726,2041392925012676726-1473271373-1473271373,2041392925012676726-1471378833-1471378838,Direct,0.500000,17.795,0,0
2041392925012676726,2041392925012676726-1473271373-1473271373,2041392925012676726-1472850351-1472850351,Referral,0.500000,17.795,0,0
1091553726406319989,1091553726406319989-1489067677-1489067677,1091553726406319989-1486644666-1486644666,Direct,0.333333,155.933333333,0,0
1091553726406319989,1091553726406319989-1489067677-1489067677,1091553726406319989-1489067677-1489067677,Referral,0.333333,155.933333333,1,467.8
1091553726406319989,1091553726406319989-1489067677-1489067677,1091553726406319989-1486644717-1486644717,Referral,0.333333,155.933333333,0,0
7282058185499112847,7282058185499112847-1495488638-1495488638,7282058185499112847-1495039522-1495039522,Direct,1.000000,29.34,0,0
7282058185499112847,7282058185499112847-1495488638-1495488638,7282058185499112847-1495488638-1495488638,Referral,1.000000,29.34,2,58.68
5175920907996496542,5175920907996496542-1480126717-1480126717,5175920907996496542-1476998223-1476998223,Display,0.200000,28.94,0,0
5175920907996496542,5175920907996496542-1480126717-1480126717,5175920907996496542-1476824797-1476824797,Display,0.200000,28.94,0,0
5175920907996496542,5175920907996496542-1480126717-1480126717,5175920907996496542-1480126717-1480126717,Organic Search,0.200000,28.94,1,144.7
5175920907996496542,5175920907996496542-1480126717-1480126717,5175920907996496542-1476731302-1476731302,Organic Search,0.200000,28.94,0,0
5175920907996496542,5175920907996496542-1480126717-1480126717,5175920907996496542-1479846170-1479846170,Organic Search,0.200000,28.94,0,0
4787370740481074044,4787370740481074044-1500875869-1500875869,4787370740481074044-1500875869-1500875869,Organic Search,0.500000,9.795,1,19.59
4787370740481074044,4787370740481074044-1500875869-1500875869,4787370740481074044-1500875598-1500875611,Paid Search,0.500000,9.795,0,0
6005829572969771144,6005829572969771144-1499880557-1499880557,6005829572969771144-1499875152-1499875152,Organic Search,0.333333,15.523333333,0,0
6005829572969771144,6005829572969771144-1499880557-1499880557,6005829572969771144-1499880557-1499880557,Organic Search,0.333333,15.523333333,1,46.57
6005829572969771144,6005829572969771144-1499880557-1499880557,6005829572969771144-1499875097-1499875097,Referral,0.333333,15.523333333,0,0
7465611519094858811,7465611519094858811-1478628334-1478628334,7465611519094858811-1477269375-1477269375,Referral,0.500000,12.5925,0,0
7465611519094858811,7465611519094858811-1478628334-1478628334,7465611519094858811-1476912643-1476912643,Direct,0.500000,12.5925,0,0
7465611519094858811,7465611519094858811-1478628334-1478628334,7465611519094858811-1478628334-1478628334,Referral,0.500000,12.5925,2,50.37
7465611519094858811,7465611519094858811-1478628334-1478628334,7465611519094858811-1478621612-1478621612,Referral,0.500000,12.5925,0,0
9696420302967750807,9696420302967750807-1493054249-1493054249,9696420302967750807-1490714347-1490714347,Direct,0.333333,16.653333333,0,0
9696420302967750807,9696420302967750807-1493054249-1493054249,9696420302967750807-1493054249-1493054249,Referral,0.333333,16.653333333,1,49.96
9696420302967750807,9696420302967750807-1493054249-1493054249,9696420302967750807-1491264410-1491264410,Referral,0.333333,16.653333333,0,0
7800508396890862296,7800508396890862296-1473563927-1473563927,7800508396890862296-1472006325-1472006325,Organic Search,0.333333,15.95,0,0
7800508396890862296,7800508396890862296-1473563927-1473563927,7800508396890862296-1473338036-1473338036,Paid Search,0.333333,15.95,0,0
7800508396890862296,7800508396890862296-1473563927-1473563927,7800508396890862296-1473563927-1473563927,Paid Search,0.333333,15.95,1,47.85
1551685942677239452,1551685942677239452-1481588301-1481588301,1551685942677239452-1481588237-1481588237,Direct,0.333333,20.663333333,0,0
1551685942677239452,1551685942677239452-1481588301-1481588301,1551685942677239452-1481509950-1481509950,Direct,0.333333,20.663333333,0,0
1551685942677239452,1551685942677239452-1481588301-1481588301,1551685942677239452-1481588301-1481588301,Organic Search,0.333333,20.663333333,1,61.99
1727189977391865279,1727189977391865279-1494631449-1494631449,1727189977391865279-1494631449-1494631449,Organic Search,0.500000,30.64,1,61.28
1727189977391865279,1727189977391865279-1494631449-1494631449,1727189977391865279-1494529523-1494529523,Referral,0.500000,30.64,0,0
6820200829240883942,6820200829240883942-1495571683-1495571683,6820200829240883942-1494534132-1494534132,Organic Search,0.200000,9.918,0,0
6820200829240883942,6820200829240883942-1495571683-1495571683,6820200829240883942-1494528564-1494528564,Organic Search,0.200000,9.918,0,0
6820200829240883942,6820200829240883942-1495571683-1495571683,6820200829240883942-1494735536-1494735536,Organic Search,0.200000,9.918,0,0
6820200829240883942,6820200829240883942-1495571683-1495571683,6820200829240883942-1494524613-1494524613,Organic Search,0.200000,9.918,0,0
6820200829240883942,6820200829240883942-1495571683-1495571683,6820200829240883942-1495571683-1495571683,Display,0.200000,9.918,1,49.59
2972255044152209123,2972255044152209123-1494625374-1494625374,2972255044152209123-1493353282-1493353282,Display,0.250000,9.245,0,0
2972255044152209123,2972255044152209123-1494625374-1494625374,2972255044152209123-1494376410-1494376410,Organic Search,0.250000,9.245,0,0
2972255044152209123,2972255044152209123-1494625374-1494625374,2972255044152209123-1494615539-1494615539,Organic Search,0.250000,9.245,0,0
2972255044152209123,2972255044152209123-1494625374-1494625374,2972255044152209123-1494625374-1494625374,Organic Search,0.250000,9.245,1,36.98
8688274309849590379,8688274309849590379-1482240450-1482240450,8688274309849590379-1481132512-1481132512,Organic Search,0.111111,6.995555556,0,0
8688274309849590379,8688274309849590379-1482240450-1482240450,8688274309849590379-1481300709-1481300709,Organic Search,0.111111,6.995555556,0,0
8688274309849590379,8688274309849590379-1482240450-1482240450,8688274309849590379-1481892164-1481892164,Organic Search,0.111111,6.995555556,0,0
8688274309849590379,8688274309849590379-1482240450-1482240450,8688274309849590379-1481316610-1481316610,Organic Search,0.111111,6.995555556,0,0
8688274309849590379,8688274309849590379-1482240450-1482240450,8688274309849590379-1482240450-1482240450,Paid Search,0.111111,6.995555556,1,62.96
8688274309849590379,8688274309849590379-1482240450-1482240450,8688274309849590379-1481224341-1481224341,Organic Search,0.111111,6.995555556,0,0
8688274309849590379,8688274309849590379-1482240450-1482240450,8688274309849590379-1481269660-1481269660,Organic Search,0.111111,6.995555556,0,0
8688274309849590379,8688274309849590379-1482240450-1482240450,8688274309849590379-1481455336-1481455336,Organic Search,0.111111,6.995555556,0,0
8688274309849590379,8688274309849590379-1482240450-1482240450,8688274309849590379-1481116277-1481116277,Organic Search,0.111111,6.995555556,0,0
3026368959159738546,3026368959159738546-1487098320-1487098320,3026368959159738546-1477346031-1477346031,Referral,0.058824,4.057058824,0,0
3026368959159738546,3026368959159738546-1487098320-1487098320,3026368959159738546-1483988338-1483988338,Referral,0.058824,4.057058824,0,0
3026368959159738546,3026368959159738546-1487098320-1487098320,3026368959159738546-1483489057-1483489057,Referral,0.058824,4.057058824,0,0
3026368959159738546,3026368959159738546-1487098320-1487098320,3026368959159738546-1476372591-1476372591,Referral,0.058824,4.057058824,0,0
3026368959159738546,3026368959159738546-1487098320-1487098320,3026368959159738546-1477342227-1477342227,Referral,0.058824,4.057058824,0,0
3026368959159738546,3026368959159738546-1487098320-1487098320,3026368959159738546-1474609675-1474609675,Referral,0.058824,4.057058824,0,0
3026368959159738546,3026368959159738546-1487098320-1487098320,3026368959159738546-1479101038-1479101038,Referral,0.058824,4.057058824,0,0
3026368959159738546,3026368959159738546-1487098320-1487098320,3026368959159738546-1474476385-1474476385,Referral,0.058824,4.057058824,0,0
3026368959159738546,3026368959159738546-1487098320-1487098320,3026368959159738546-1473991621-1473991621,Referral,0.058824,4.057058824,0,0
3026368959159738546,3026368959159738546-1487098320-1487098320,3026368959159738546-1487098290-1487098290,Paid Search,0.058824,4.057058824,0,0
3026368959159738546,3026368959159738546-1487098320-1487098320,3026368959159738546-1487097887-1487097887,Referral,0.058824,4.057058824,0,0
3026368959159738546,3026368959159738546-1487098320-1487098320,3026368959159738546-1482949334-1482949334,Referral,0.058824,4.057058824,0,0
3026368959159738546,3026368959159738546-1487098320-1487098320,3026368959159738546-1475183063-1475183063,Referral,0.058824,4.057058824,0,0
3026368959159738546,3026368959159738546-1487098320-1487098320,3026368959159738546-1481178173-1481178173,Referral,0.058824,4.057058824,0,0
3026368959159738546,3026368959159738546-1487098320-1487098320,3026368959159738546-1482257669-1482257669,Referral,0.058824,4.057058824,0,0
3026368959159738546,3026368959159738546-1487098320-1487098320,3026368959159738546-1483324364-1483324364,Referral,0.058824,4.057058824,0,0
3026368959159738546,3026368959159738546-1487098320-1487098320,3026368959159738546-1487098320-1487098320,Referral,0.058824,4.057058824,1,68.97
5919562379041618004,5919562379041618004-1482033113-1482033113,5919562379041618004-1475587269-1475587269,Direct,0.250000,7.495,0,0
5919562379041618004,5919562379041618004-1482033113-1482033113,5919562379041618004-1475520293-1475520293,Direct,0.250000,7.495,0,0
5919562379041618004,5919562379041618004-1482033113-1482033113,5919562379041618004-1482033113-1482033113,Referral,0.250000,7.495,1,29.98
5919562379041618004,5919562379041618004-1482033113-1482033113,5919562379041618004-1481578001-1481578001,Direct,0.250000,7.495,0,0
7316352846759466679,7316352846759466679-1490660174-1490660174,7316352846759466679-1490195074-1490195074,Organic Search,0.333333,2.33,0,0
7316352846759466679,7316352846759466679-1490660174-1490660174,7316352846759466679-1490236668-1490236668,Paid Search,0.333333,2.33,0,0
7316352846759466679,7316352846759466679-1490660174-1490660174,7316352846759466679-1490660174-1490660174,Organic Search,0.333333,2.33,1,6.99
217550297208282577,217550297208282577-1480988061-1480988061,217550297208282577-1480592903-1480592903,Organic Search,0.250000,4.9975,0,0
217550297208282577,217550297208282577-1480988061-1480988061,217550297208282577-1480265064-1480265064,Paid Search,0.250000,4.9975,0,0
217550297208282577,217550297208282577-1480988061-1480988061,217550297208282577-1480985839-1480985839,Organic Search,0.250000,4.9975,0,0
217550297208282577,217550297208282577-1480988061-1480988061,217550297208282577-1480988061-1480988061,Referral,0.250000,4.9975,1,19.99
5427859943259762848,5427859943259762848-1479836741-1479836741,5427859943259762848-1479836741-1479836741,Referral,0.333333,8.923333333,1,26.77
5427859943259762848,5427859943259762848-1479836741-1479836741,5427859943259762848-1479830341-1479830341,Direct,0.333333,8.923333333,0,0
5427859943259762848,5427859943259762848-1479836741-1479836741,5427859943259762848-1479830475-1479830475,Referral,0.333333,8.923333333,0,0
403789659645595849,403789659645595849-1498688885-1498688885,403789659645595849-1497908572-1497908572,Direct,0.250000,10.495,0,0
403789659645595849,403789659645595849-1498688885-1498688885,403789659645595849-1497901437-1497901437,Direct,0.250000,10.495,0,0
403789659645595849,403789659645595849-1498688885-1498688885,403789659645595849-1498688885-1498688885,Organic Search,0.250000,10.495,1,41.98
403789659645595849,403789659645595849-1498688885-1498688885,403789659645595849-1498677309-1498677309,Organic Search,0.250000,10.495,0,0
0925133855991558023,0925133855991558023-1470736423-1470736423,0925133855991558023-1470617566-1470617566,Paid Search,0.200000,5.012,0,0
0925133855991558023,0925133855991558023-1470736423-1470736423,0925133855991558023-1470680932-1470680932,Paid Search,0.200000,5.012,0,0
0925133855991558023,0925133855991558023-1470736423-1470736423,0925133855991558023-1470734760-1470734760,Paid Search,0.200000,5.012,0,0
0925133855991558023,0925133855991558023-1470736423-1470736423,0925133855991558023-1470736423-1470736423,Referral,0.200000,5.012,1,25.06
0925133855991558023,0925133855991558023-1470736423-1470736423,0925133855991558023-1470690045-1470690045,Paid Search,0.200000,5.012,0,0
1386841622492700501,1386841622492700501-1471556285-1471556285,1386841622492700501-1471555271-1471555271,Direct,0.500000,684.73,0,0
1386841622492700501,1386841622492700501-1471556285-1471556285,1386841622492700501-1471556285-1471556285,Referral,0.500000,684.73,1,1369.46
2449425615576273633,2449425615576273633-1480095749-1480095749,2449425615576273633-1480095749-1480095749,Organic Search,0.333333,6.333333333,1,19
2449425615576273633,2449425615576273633-1480095749-1480095749,2449425615576273633-1479490471-1479490471,Paid Search,0.333333,6.333333333,0,0
2449425615576273633,2449425615576273633-1480095749-1480095749,2449425615576273633-1479491151-1479491151,Paid Search,0.333333,6.333333333,0,0
5430879576678891336,5430879576678891336-1479318612-1479318612,5430879576678891336-1477670820-1477670820,Direct,0.500000,96.86,0,0
5430879576678891336,5430879576678891336-1479318612-1479318612,5430879576678891336-1479318612-1479318612,Referral,0.500000,96.86,1,193.72
772031545895684188,772031545895684188-1476612086-1476612086,772031545895684188-1476171850-1476171850,Organic Search,0.333333,27.396666667,0,0
772031545895684188,772031545895684188-1476612086-1476612086,772031545895684188-1476171875-1476171875,Referral,0.333333,27.396666667,0,0
772031545895684188,772031545895684188-1476612086-1476612086,772031545895684188-1476612086-1476612086,Referral,0.333333,27.396666667,1,82.19
2071600581309850742,2071600581309850742-1473716403-1473716403,2071600581309850742-1473373731-1473373731,Direct,0.333333,367.313333333,0,0
2071600581309850742,2071600581309850742-1473716403-1473716403,2071600581309850742-1473716403-1473716403,Referral,0.333333,367.313333333,1,1101.94
2071600581309850742,2071600581309850742-1473716403-1473716403,2071600581309850742-1473373818-1473373818,Referral,0.333333,367.313333333,0,0
9961396584113412108,9961396584113412108-1475116697-1475116697,9961396584113412108-1474919072-1474919072,Referral,0.200000,6.116,0,0
9961396584113412108,9961396584113412108-1475116697-1475116697,9961396584113412108-1475116697-1475116697,Referral,0.200000,6.116,1,30.58
9961396584113412108,9961396584113412108-1475116697-1475116697,9961396584113412108-1471297987-1471298007,Direct,0.200000,6.116,0,0
9961396584113412108,9961396584113412108-1475116697-1475116697,9961396584113412108-1474914296-1474914296,Referral,0.200000,6.116,0,0
9961396584113412108,9961396584113412108-1475116697-1475116697,9961396584113412108-1475082961-1475082961,Referral,0.200000,6.116,0,0
9412874126037419152,9412874126037419152-1492133565-1492133565,9412874126037419152-1492133477-1492133477,Direct,0.500000,8.785,0,0
9412874126037419152,9412874126037419152-1492133565-1492133565,9412874126037419152-1492133565-1492133565,Organic Search,0.500000,8.785,1,17.57
570123615296033261,570123615296033261-1496340660-1496340660,570123615296033261-1496340643-1496340643,Direct,0.500000,62.19,0,0
570123615296033261,570123615296033261-1496340660-1496340660,570123615296033261-1496340660-1496340660,Referral,0.500000,62.19,1,124.38
2887608315113818426,2887608315113818426-1472070260-1472070260,2887608315113818426-1472070260-1472070260,Referral,0.500000,46.745,1,93.49
2887608315113818426,2887608315113818426-1472070260-1472070260,2887608315113818426-1472070240-1472070240,Display,0.500000,46.745,0,0
2708901230247086106,2708901230247086106-1482006985-1482006985,2708901230247086106-1482006438-1482006438,Direct,0.500000,30.495,0,0
2708901230247086106,2708901230247086106-1482006985-1482006985,2708901230247086106-1482006985-1482006985,Referral,0.500000,30.495,1,60.99
9524665728498622443,9524665728498622443-1494383570-1494383570,9524665728498622443-1494383044-1494383044,Organic Search,0.500000,62.985,0,0
9524665728498622443,9524665728498622443-1494383570-1494383570,9524665728498622443-1494383570-1494383570,Referral,0.500000,62.985,1,125.97
2384690472453465720,2384690472453465720-1473214674-1473214674,2384690472453465720-1473214239-1473214239,Organic Search,0.500000,84.01,0,0
2384690472453465720,2384690472453465720-1473214674-1473214674,2384690472453465720-1473214674-1473214674,Referral,0.500000,84.01,1,168.02
1460451526173244694,1460451526173244694-1494531549-1494531549,1460451526173244694-1494531549-1494531549,Referral,0.500000,16.175,1,32.35
1460451526173244694,1460451526173244694-1494531549-1494531549,1460451526173244694-1493661912-1493661912,Direct,0.500000,16.175,0,0
5250995229512019408,5250995229512019408-1478879560-1478879560,5250995229512019408-1476649495-1476649495,Direct,0.500000,14.49,0,0
5250995229512019408,5250995229512019408-1478879560-1478879560,5250995229512019408-1478879560-1478879560,Referral,0.500000,14.49,1,28.98
7402906360219067209,7402906360219067209-1498456137-1498456137,7402906360219067209-1495322936-1495322936,Direct,0.500000,7.485,0,0
7402906360219067209,7402906360219067209-1498456137-1498456137,7402906360219067209-1498456137-1498456137,Referral,0.500000,7.485,1,14.97
4904345009175675441,4904345009175675441-1471646820-1471646820,4904345009175675441-1471646820-1471646820,Referral,0.500000,24.745,1,49.49
4904345009175675441,4904345009175675441-1471646820-1471646820,4904345009175675441-1471367431-1471367431,Organic Search,0.500000,24.745,0,0
666582393118140484,666582393118140484-1474054832-1474054832,666582393118140484-1474025858-1474025858,Direct,0.333333,124.186666667,0,0
666582393118140484,666582393118140484-1474054832-1474054832,666582393118140484-1473993296-1473993296,Direct,0.333333,124.186666667,0,0
666582393118140484,666582393118140484-1474054832-1474054832,666582393118140484-1474054832-1474054832,Referral,0.333333,124.186666667,1,372.56
7232250219554218806,7232250219554218806-1481160278-1481160278,7232250219554218806-1481160278-1481160278,Referral,0.500000,29.69,1,59.38
7232250219554218806,7232250219554218806-1481160278-1481160278,7232250219554218806-1481158930-1481158930,Organic Search,0.500000,29.69,0,0
1634397925109674668,1634397925109674668-1474496355-1474496355,1634397925109674668-1473969437-1473969437,Organic Search,0.500000,39.475,0,0
1634397925109674668,1634397925109674668-1474496355-1474496355,1634397925109674668-1474496355-1474496355,Paid Search,0.500000,39.475,1,78.95
0861119374856945605,0861119374856945605-1494465151-1494465151,0861119374856945605-1494465151-1494465151,Referral,0.500000,38.705,1,77.41
0861119374856945605,0861119374856945605-1494465151-1494465151,0861119374856945605-1494464589-1494464589,Organic Search,0.500000,38.705,0,0
3108986775464139138,3108986775464139138-1488231325-1488231325,3108986775464139138-1488231252-1488231252,Organic Search,0.333333,100.616666667,0,0
3108986775464139138,3108986775464139138-1488231325-1488231325,3108986775464139138-1488231325-1488231325,Referral,0.333333,100.616666667,1,301.85
3108986775464139138,3108986775464139138-1488231325-1488231325,3108986775464139138-1488226822-1488226822,Organic Search,0.333333,100.616666667,0,0
4248528208628232884,4248528208628232884-1470496778-1470496778,4248528208628232884-1470496668-1470496668,Organic Search,0.500000,53.15,0,0
4248528208628232884,4248528208628232884-1470496778-1470496778,4248528208628232884-1470496778-1470496778,Referral,0.500000,53.15,1,106.3
2303199190024622321,2303199190024622321-1493140374-1493140374,2303199190024622321-1493140374-1493140374,Referral,0.500000,28.985,1,57.97
2303199190024622321,2303199190024622321-1493140374-1493140374,2303199190024622321-1493133418-1493133418,Organic Search,0.500000,28.985,0,0
9894955795481014038,9894955795481014038-1471809158-1471809158,9894955795481014038-1471801706-1471801706,Direct,1.000000,107.93,0,0
9894955795481014038,9894955795481014038-1471809158-1471809158,9894955795481014038-1471809158-1471809158,Organic Search,1.000000,107.93,2,215.86
1941279334540452285,1941279334540452285-1485271156-1485271156,1941279334540452285-1485270573-1485270573,Direct,0.500000,58.97,0,0
1941279334540452285,1941279334540452285-1485271156-1485271156,1941279334540452285-1485271156-1485271156,Referral,0.500000,58.97,1,117.94
1111470101899387454,1111470101899387454-1497220493-1497220493,1111470101899387454-1479991179-1479991179,Paid Search,0.333333,10.986666667,0,0
1111470101899387454,1111470101899387454-1497220493-1497220493,1111470101899387454-1497220493-1497220493,Organic Search,0.333333,10.986666667,1,32.96
1111470101899387454,1111470101899387454-1497220493-1497220493,1111470101899387454-1479897941-1479897941,Paid Search,0.333333,10.986666667,0,0
4625952167494304032,4625952167494304032-1493419483-1493419483,4625952167494304032-1493419446-1493419446,Referral,0.250000,10.3975,0,0
4625952167494304032,4625952167494304032-1493419483-1493419483,4625952167494304032-1491421474-1491421474,Referral,0.250000,10.3975,0,0
4625952167494304032,4625952167494304032-1493419483-1493419483,4625952167494304032-1491421452-1491421452,Organic Search,0.250000,10.3975,0,0
4625952167494304032,4625952167494304032-1493419483-1493419483,4625952167494304032-1493419483-1493419483,Social,0.250000,10.3975,1,41.59
3028560396160352119,3028560396160352119-1500440588-1500440588,3028560396160352119-1500440588-1500440588,Organic Search,0.500000,43.84,1,87.68
3028560396160352119,3028560396160352119-1500440588-1500440588,3028560396160352119-1500440584-1500440584,Paid Search,0.500000,43.84,0,0
0662931673462260601,0662931673462260601-1495734671-1495734671,0662931673462260601-1488485496-1488485496,Referral,0.500000,17.18,0,0
0662931673462260601,0662931673462260601-1495734671-1495734671,0662931673462260601-1495734671-1495734671,Direct,0.500000,17.18,1,34.36
3905085469709197947,3905085469709197947-1498420951-1498420951,3905085469709197947-1498420894-1498420894,Organic Search,0.500000,15.69,0,0
3905085469709197947,3905085469709197947-1498420951-1498420951,3905085469709197947-1498420951-1498420951,Referral,0.500000,15.69,1,31.38
2404730522088263435,2404730522088263435-1494209353-1494209353,2404730522088263435-1494115563-1494115563,Referral,0.333333,163.2,0,0
2404730522088263435,2404730522088263435-1494209353-1494209353,2404730522088263435-1494115318-1494115318,Direct,0.333333,163.2,0,0
2404730522088263435,2404730522088263435-1494209353-1494209353,2404730522088263435-1494209353-1494209353,Referral,0.333333,163.2,1,489.6
400913504715815672,400913504715815672-1478311915-1478311915,400913504715815672-1477020736-1477020736,Paid Search,0.333333,18.656666667,0,0
400913504715815672,400913504715815672-1478311915-1478311915,400913504715815672-1478311915-1478311915,Organic Search,0.333333,18.656666667,1,55.97
400913504715815672,400913504715815672-1478311915-1478311915,400913504715815672-1478290899-1478290899,Organic Search,0.333333,18.656666667,0,0
9263921253881961615,9263921253881961615-1486225887-1486225887,9263921253881961615-1484680942-1484680942,Referral,0.333333,4.463333333,0,0
9263921253881961615,9263921253881961615-1486225887-1486225887,9263921253881961615-1486225887-1486225887,Referral,0.333333,4.463333333,1,13.39
9263921253881961615,9263921253881961615-1486225887-1486225887,9263921253881961615-1486225664-1486225664,Display,0.333333,4.463333333,0,0
2120280500988585465,2120280500988585465-1479614357-1479614357,2120280500988585465-1478576153-1478576153,Organic Search,0.142857,5.284285714,0,0
2120280500988585465,2120280500988585465-1479614357-1479614357,2120280500988585465-1479058135-1479058135,Display,0.142857,5.284285714,0,0
2120280500988585465,2120280500988585465-1479614357-1479614357,2120280500988585465-1478315946-1478315946,Organic Search,0.142857,5.284285714,0,0
2120280500988585465,2120280500988585465-1479614357-1479614357,2120280500988585465-1478231933-1478231933,Paid Search,0.142857,5.284285714,0,0
2120280500988585465,2120280500988585465-1479614357-1479614357,2120280500988585465-1478231960-1478231960,Organic Search,0.142857,5.284285714,0,0
2120280500988585465,2120280500988585465-1479614357-1479614357,2120280500988585465-1479614357-1479614357,Display,0.142857,5.284285714,1,36.99
2120280500988585465,2120280500988585465-1479614357-1479614357,2120280500988585465-1479012648-1479012648,Display,0.142857,5.284285714,0,0
3737631371999319949,3737631371999319949-1471192745-1471192745,3737631371999319949-1470410270-1470410270,Direct,0.500000,43.115,0,0
3737631371999319949,3737631371999319949-1471192745-1471192745,3737631371999319949-1471192745-1471192745,Referral,0.500000,43.115,1,86.23
4752567709813602757,4752567709813602757-1471458275-1471458275,4752567709813602757-1471458215-1471458215,Direct,0.333333,96.446666667,0,0
4752567709813602757,4752567709813602757-1471458275-1471458275,4752567709813602757-1470258425-1470258425,Direct,0.333333,96.446666667,0,0
4752567709813602757,4752567709813602757-1471458275-1471458275,4752567709813602757-1471458275-1471458275,Referral,0.333333,96.446666667,1,289.34
5041710037464068064,5041710037464068064-1497924345-1497924345,5041710037464068064-1497774598-1497774598,Paid Search,0.500000,10.995,0,0
5041710037464068064,5041710037464068064-1497924345-1497924345,5041710037464068064-1497924345-1497924345,Organic Search,0.500000,10.995,1,21.99
2512708881002227681,2512708881002227681-1488226088-1488226088,2512708881002227681-1488226088-1488226088,Organic Search,0.500000,153.465,1,306.93
2512708881002227681,2512708881002227681-1488226088-1488226088,2512708881002227681-1488224392-1488224392,Referral,0.500000,153.465,0,0
3219030339075413961,3219030339075413961-1478484248-1478484248,3219030339075413961-1478484248-1478484248,Referral,0.500000,16.995,1,33.99
3219030339075413961,3219030339075413961-1478484248-1478484248,3219030339075413961-1477253948-1477253948,Organic Search,0.500000,16.995,0,0
6006657047016577071,6006657047016577071-1489160281-1489160281,6006657047016577071-1487604298-1487604298,Organic Search,0.500000,49.07,0,0
6006657047016577071,6006657047016577071-1489160281-1489160281,6006657047016577071-1489160281-1489160281,Referral,0.500000,49.07,1,98.14
562303340035925415,562303340035925415-1470692231-1470692231,562303340035925415-1470692231-1470692231,Referral,0.250000,9.7275,1,38.91
562303340035925415,562303340035925415-1470692231-1470692231,562303340035925415-1470688025-1470688025,Organic Search,0.250000,9.7275,0,0
562303340035925415,562303340035925415-1470692231-1470692231,562303340035925415-1470687820-1470687820,Referral,0.250000,9.7275,0,0
562303340035925415,562303340035925415-1470692231-1470692231,562303340035925415-1470692140-1470692140,Organic Search,0.250000,9.7275,0,0
983622469844382741,983622469844382741-1499785534-1499785534,983622469844382741-1499785534-1499785534,Referral,0.500000,32.945,1,65.89
983622469844382741,983622469844382741-1499785534-1499785534,983622469844382741-1499785378-1499785378,Organic Search,0.500000,32.945,0,0
9004668593024428031,9004668593024428031-1485984935-1485984935,9004668593024428031-1485917287-1485917287,Referral,0.125000,150.73125,0,0
9004668593024428031,9004668593024428031-1485984935-1485984935,9004668593024428031-1485916962-1485916962,Organic Search,0.125000,150.73125,0,0
9004668593024428031,9004668593024428031-1485984935-1485984935,9004668593024428031-1485899862-1485899862,Referral,0.125000,150.73125,0,0
9004668593024428031,9004668593024428031-1485984935-1485984935,9004668593024428031-1485897821-1485897821,Direct,0.125000,150.73125,0,0
9004668593024428031,9004668593024428031-1485984935-1485984935,9004668593024428031-1485984935-1485984935,Referral,0.125000,150.73125,1,1205.85
9004668593024428031,9004668593024428031-1485984935-1485984935,9004668593024428031-1485968950-1485968950,Referral,0.125000,150.73125,0,0
9004668593024428031,9004668593024428031-1485984935-1485984935,9004668593024428031-1485962521-1485962521,Referral,0.125000,150.73125,0,0
9004668593024428031,9004668593024428031-1485984935-1485984935,9004668593024428031-1485900073-1485900073,Organic Search,0.125000,150.73125,0,0
9002364108822836989,9002364108822836989-1495565336-1495565336,9002364108822836989-1495147364-1495147364,Paid Search,0.250000,19.5825,0,0
9002364108822836989,9002364108822836989-1495565336-1495565336,9002364108822836989-1495565336-1495565336,Paid Search,0.250000,19.5825,1,78.33
9002364108822836989,9002364108822836989-1495565336-1495565336,9002364108822836989-1494267931-1494267931,Organic Search,0.250000,19.5825,0,0
9002364108822836989,9002364108822836989-1495565336-1495565336,9002364108822836989-1495144961-1495144961,Organic Search,0.250000,19.5825,0,0
7549308697995967647,7549308697995967647-1477271532-1477271532,7549308697995967647-1477271532-1477271532,Referral,0.500000,142.265,1,284.53
7549308697995967647,7549308697995967647-1477271532-1477271532,7549308697995967647-1477267860-1477267860,Organic Search,0.500000,142.265,0,0
7131571032267158042,7131571032267158042-1489557262-1489557262,7131571032267158042-1488693331-1488693331,Direct,0.500000,60.95,0,0
7131571032267158042,7131571032267158042-1489557262-1489557262,7131571032267158042-1489557262-1489557262,Organic Search,0.500000,60.95,1,121.9
6154712788683409378,6154712788683409378-1477169011-1477169011,6154712788683409378-1477169003-1477169003,Paid Search,0.500000,11.99,0,0
6154712788683409378,6154712788683409378-1477169011-1477169011,6154712788683409378-1477169011-1477169011,Organic Search,0.500000,11.99,1,23.98
6151192297026203838,6151192297026203838-1496942662-1496942662,6151192297026203838-1496707515-1496707515,Direct,0.500000,231.05,0,0
6151192297026203838,6151192297026203838-1496942662-1496942662,6151192297026203838-1496942662-1496942662,Referral,0.500000,231.05,1,462.1
8525552808729629890,8525552808729629890-1499293365-1499293365,8525552808729629890-1495727697-1495727697,Direct,0.333333,8.33,0,0
8525552808729629890,8525552808729629890-1499293365-1499293365,8525552808729629890-1499293365-1499293365,Referral,0.333333,8.33,1,24.99
8525552808729629890,8525552808729629890-1499293365-1499293365,8525552808729629890-1498173380-1498173380,Referral,0.333333,8.33,0,0
4742933285600029816,4742933285600029816-1479593100-1479593100,4742933285600029816-1478192520-1478192520,Direct,0.500000,7.99,0,0
4742933285600029816,4742933285600029816-1479593100-1479593100,4742933285600029816-1479593100-1479593100,Paid Search,0.500000,7.99,1,15.98
2297135054731105073,2297135054731105073-1481127843-1481127843,2297135054731105073-1481068376-1481068376,Direct,0.333333,547.27,0,0
2297135054731105073,2297135054731105073-1481127843-1481127843,2297135054731105073-1481127843-1481127843,Referral,0.333333,547.27,1,1641.81
2297135054731105073,2297135054731105073-1481127843-1481127843,2297135054731105073-1481057973-1481057973,Direct,0.333333,547.27,0,0
357636120727052842,357636120727052842-1493986143-1493986143,357636120727052842-1493399231-1493399231,Organic Search,0.200000,28.008,0,0
357636120727052842,357636120727052842-1493986143-1493986143,357636120727052842-1493661522-1493661522,Referral,0.200000,28.008,0,0
357636120727052842,357636120727052842-1493986143-1493986143,357636120727052842-1493409865-1493409865,Referral,0.200000,28.008,0,0
357636120727052842,357636120727052842-1493986143-1493986143,357636120727052842-1493973170-1493973170,Referral,0.200000,28.008,0,0
357636120727052842,357636120727052842-1493986143-1493986143,357636120727052842-1493986143-1493986143,Referral,0.200000,28.008,1,140.04
5308677468260522097,5308677468260522097-1476104328-1476104328,5308677468260522097-1475851728-1475851728,Organic Search,0.333333,84.533333333,0,0
5308677468260522097,5308677468260522097-1476104328-1476104328,5308677468260522097-1476104328-1476104328,Referral,0.333333,84.533333333,1,253.6
5308677468260522097,5308677468260522097-1476104328-1476104328,5308677468260522097-1475852010-1475852010,Referral,0.333333,84.533333333,0,0
2586051974603380942,2586051974603380942-1481305095-1481305095,2586051974603380942-1481305095-1481305095,Referral,0.333333,13.086666667,1,39.26
2586051974603380942,2586051974603380942-1481305095-1481305095,2586051974603380942-1481302453-1481302453,Organic Search,0.333333,13.086666667,0,0
2586051974603380942,2586051974603380942-1481305095-1481305095,2586051974603380942-1481304917-1481304917,Organic Search,0.333333,13.086666667,0,0
7567817112637547239,7567817112637547239-1500033101-1500033101,7567817112637547239-1499962101-1499962101,Organic Search,0.666667,35.733333333,0,0
7567817112637547239,7567817112637547239-1500033101-1500033101,7567817112637547239-1500033101-1500033101,Organic Search,0.666667,35.733333333,2,107.2
7567817112637547239,7567817112637547239-1500033101-1500033101,7567817112637547239-1499926881-1499929235,Paid Search,0.666667,35.733333333,0,0
1444097777351910879,1444097777351910879-1485701876-1485701876,1444097777351910879-1485701876-1485701876,Organic Search,0.500000,14.99,1,29.98
1444097777351910879,1444097777351910879-1485701876-1485701876,1444097777351910879-1479570125-1479570125,Social,0.500000,14.99,0,0
4185017938606532693,4185017938606532693-1494346325-1494346325,4185017938606532693-1494346325-1494346325,Referral,0.500000,10.45,1,20.9
4185017938606532693,4185017938606532693-1494346325-1494346325,4185017938606532693-1494346250-1494346250,Direct,0.500000,10.45,0,0
2936976853577355487,2936976853577355487-1490310829-1490310829,2936976853577355487-1490310721-1490310721,Organic Search,0.500000,42.595,0,0
2936976853577355487,2936976853577355487-1490310829-1490310829,2936976853577355487-1490310829-1490310829,Referral,0.500000,42.595,1,85.19
8304708431281283442,8304708431281283442-1481649814-1481649814,8304708431281283442-1481594694-1481594694,Paid Search,0.333333,8.663333333,0,0
8304708431281283442,8304708431281283442-1481649814-1481649814,8304708431281283442-1481649778-1481649778,Paid Search,0.333333,8.663333333,0,0
8304708431281283442,8304708431281283442-1481649814-1481649814,8304708431281283442-1481649814-1481649814,Organic Search,0.333333,8.663333333,1,25.99
8361920675798597013,8361920675798597013-1491620046-1491620046,8361920675798597013-1487288458-1487288458,Direct,0.200000,10.544,0,0
8361920675798597013,8361920675798597013-1491620046-1491620046,8361920675798597013-1489010102-1489010102,Organic Search,0.200000,10.544,0,0
8361920675798597013,8361920675798597013-1491620046-1491620046,8361920675798597013-1489695616-1489695616,Organic Search,0.200000,10.544,0,0
8361920675798597013,8361920675798597013-1491620046-1491620046,8361920675798597013-1491620046-1491620046,Organic Search,0.200000,10.544,1,52.72
8361920675798597013,8361920675798597013-1491620046-1491620046,8361920675798597013-1490727633-1490727633,Organic Search,0.200000,10.544,0,0
5031234556107572838,5031234556107572838-1473645171-1473645171,5031234556107572838-1473366382-1473366382,Display,0.083333,12.025,0,0
5031234556107572838,5031234556107572838-1473645171-1473645171,5031234556107572838-1473216005-1473216005,Referral,0.083333,12.025,0,0
5031234556107572838,5031234556107572838-1473645171-1473645171,5031234556107572838-1473645171-1473645171,Display,0.083333,12.025,1,144.3
5031234556107572838,5031234556107572838-1473645171-1473645171,5031234556107572838-1473355844-1473355844,Display,0.083333,12.025,0,0
5031234556107572838,5031234556107572838-1473645171-1473645171,5031234556107572838-1473443345-1473443345,Display,0.083333,12.025,0,0
5031234556107572838,5031234556107572838-1473645171-1473645171,5031234556107572838-1473445844-1473445844,Display,0.083333,12.025,0,0
5031234556107572838,5031234556107572838-1473645171-1473645171,5031234556107572838-1473216480-1473216480,Display,0.083333,12.025,0,0
5031234556107572838,5031234556107572838-1473645171-1473645171,5031234556107572838-1473380138-1473380138,Display,0.083333,12.025,0,0
5031234556107572838,5031234556107572838-1473645171-1473645171,5031234556107572838-1473378122-1473378122,Display,0.083333,12.025,0,0
5031234556107572838,5031234556107572838-1473645171-1473645171,5031234556107572838-1473437844-1473437844,Display,0.083333,12.025,0,0
5031234556107572838,5031234556107572838-1473645171-1473645171,5031234556107572838-1473279791-1473279791,Display,0.083333,12.025,0,0
5031234556107572838,5031234556107572838-1473645171-1473645171,5031234556107572838-1473454096-1473454096,Display,0.083333,12.025,0,0
6085954146475273490,6085954146475273490-1495569689-1495569689,6085954146475273490-1494611213-1494611213,Referral,0.250000,8.095,0,0
6085954146475273490,6085954146475273490-1495569689-1495569689,6085954146475273490-1494883938-1494883938,Organic Search,0.250000,8.095,0,0
6085954146475273490,6085954146475273490-1495569689-1495569689,6085954146475273490-1495569689-1495569689,Referral,0.250000,8.095,1,32.38
6085954146475273490,6085954146475273490-1495569689-1495569689,6085954146475273490-1494620892-1494620892,Referral,0.250000,8.095,0,0
0377374830135310453,0377374830135310453-1489197879-1489197879,0377374830135310453-1489197871-1489197871,Paid Search,0.500000,15.495,0,0
0377374830135310453,0377374830135310453-1489197879-1489197879,0377374830135310453-1489197879-1489197879,Organic Search,0.500000,15.495,1,30.99
8493357153364319748,8493357153364319748-1491973375-1491973375,8493357153364319748-1491973375-1491973375,Organic Search,0.333333,48.77,1,146.31
8493357153364319748,8493357153364319748-1491973375-1491973375,8493357153364319748-1489438109-1489438109,Referral,0.333333,48.77,0,0
8493357153364319748,8493357153364319748-1491973375-1491973375,8493357153364319748-1491972104-1491972104,Referral,0.333333,48.77,0,0
9233239597587770346,9233239597587770346-1479398267-1479398267,9233239597587770346-1477587489-1477587489,Direct,0.333333,105.466666667,0,0
9233239597587770346,9233239597587770346-1479398267-1479398267,9233239597587770346-1479321772-1479321772,Referral,0.333333,105.466666667,0,0
9233239597587770346,9233239597587770346-1479398267-1479398267,9233239597587770346-1479398267-1479398267,Referral,0.333333,105.466666667,1,316.4
6256172095558869721,6256172095558869721-1471027087-1471027087,6256172095558869721-1470938268-1470938268,Organic Search,0.166667,9.106666667,0,0
6256172095558869721,6256172095558869721-1471027087-1471027087,6256172095558869721-1471027087-1471027087,Referral,0.166667,9.106666667,1,54.64
6256172095558869721,6256172095558869721-1471027087-1471027087,6256172095558869721-1471026761-1471026761,Display,0.166667,9.106666667,0,0
6256172095558869721,6256172095558869721-1471027087-1471027087,6256172095558869721-1470936987-1470936987,Direct,0.166667,9.106666667,0,0
6256172095558869721,6256172095558869721-1471027087-1471027087,6256172095558869721-1470942516-1470942516,Display,0.166667,9.106666667,0,0
6256172095558869721,6256172095558869721-1471027087-1471027087,6256172095558869721-1470938262-1470938262,Display,0.166667,9.106666667,0,0
2230990908213053321,2230990908213053321-1494965483-1494965483,2230990908213053321-1494965483-1494965483,Organic Search,0.250000,116.775,1,467.1
2230990908213053321,2230990908213053321-1494965483-1494965483,2230990908213053321-1494901493-1494901493,Paid Search,0.250000,116.775,0,0
2230990908213053321,2230990908213053321-1494965483-1494965483,2230990908213053321-1494905960-1494905960,Paid Search,0.250000,116.775,0,0
2230990908213053321,2230990908213053321-1494965483-1494965483,2230990908213053321-1494893441-1494893441,Paid Search,0.250000,116.775,0,0
3636762408690332457,3636762408690332457-1489296576-1489296576,3636762408690332457-1489296568-1489296568,Paid Search,0.500000,13.49,0,0
3636762408690332457,3636762408690332457-1489296576-1489296576,3636762408690332457-1489296576-1489296576,Organic Search,0.500000,13.49,1,26.98
6990629568536689161,6990629568536689161-1482729424-1482729424,6990629568536689161-1482729409-1482729409,Paid Search,0.500000,89.955,0,0
6990629568536689161,6990629568536689161-1482729424-1482729424,6990629568536689161-1482729424-1482729424,Organic Search,0.500000,89.955,1,179.91
2966611128426241872,2966611128426241872-1501182187-1501182187,2966611128426241872-1501182187-1501182187,Referral,0.500000,25.275,1,50.55
2966611128426241872,2966611128426241872-1501182187-1501182187,2966611128426241872-1494976466-1494976466,Direct,0.500000,25.275,0,0
950676259034422019,950676259034422019-1500070057-1500070057,950676259034422019-1499386598-1499386598,Organic Search,0.250000,105.94,0,0
950676259034422019,950676259034422019-1500070057-1500070057,950676259034422019-1500070057-1500070057,Organic Search,0.250000,105.94,1,423.76
950676259034422019,950676259034422019-1500070057-1500070057,950676259034422019-1492817230-1492817230,Organic Search,0.250000,105.94,0,0
950676259034422019,950676259034422019-1500070057-1500070057,950676259034422019-1486603645-1486603655,Direct,0.250000,105.94,0,0
4026449406503874324,4026449406503874324-1500411871-1500411871,4026449406503874324-1500411050-1500411050,Paid Search,0.500000,9.05,0,0
4026449406503874324,4026449406503874324-1500411871-1500411871,4026449406503874324-1500411871-1500411871,Organic Search,0.500000,9.05,1,18.1
377447207002641791,377447207002641791-1498657633-1498657633,377447207002641791-1498657633-1498657633,Organic Search,0.500000,16.495,1,32.99
377447207002641791,377447207002641791-1498657633-1498657633,377447207002641791-1498333219-1498333219,Direct,0.500000,16.495,0,0
235594707904808624,235594707904808624-1494204341-1494204341,235594707904808624-1491594753-1491594753,Paid Search,0.200000,7.996,0,0
235594707904808624,235594707904808624-1494204341-1494204341,235594707904808624-1490983443-1490983443,Direct,0.200000,7.996,0,0
235594707904808624,235594707904808624-1494204341-1494204341,235594707904808624-1494204044-1494204044,Paid Search,0.200000,7.996,0,0
235594707904808624,235594707904808624-1494204341-1494204341,235594707904808624-1494204341-1494204341,Paid Search,0.200000,7.996,1,39.98
235594707904808624,235594707904808624-1494204341-1494204341,235594707904808624-1490984345-1490984345,Paid Search,0.200000,7.996,0,0
4578640586284138624,4578640586284138624-1478901647-1478901647,4578640586284138624-1478825068-1478825068,Direct,0.090909,2.29,0,0
4578640586284138624,4578640586284138624-1478901647-1478901647,4578640586284138624-1477964092-1477964092,Direct,0.090909,2.29,0,0
4578640586284138624,4578640586284138624-1478901647-1478901647,4578640586284138624-1477501678-1477501678,Direct,0.090909,2.29,0,0
4578640586284138624,4578640586284138624-1478901647-1478901647,4578640586284138624-1478901647-1478901647,Direct,0.090909,2.29,1,25.19
4578640586284138624,4578640586284138624-1478901647-1478901647,4578640586284138624-1478796583-1478796583,Direct,0.090909,2.29,0,0
4578640586284138624,4578640586284138624-1478901647-1478901647,4578640586284138624-1478206446-1478206446,Direct,0.090909,2.29,0,0
4578640586284138624,4578640586284138624-1478901647-1478901647,4578640586284138624-1477691595-1477691595,Direct,0.090909,2.29,0,0
4578640586284138624,4578640586284138624-1478901647-1478901647,4578640586284138624-1478216844-1478216844,Direct,0.090909,2.29,0,0
4578640586284138624,4578640586284138624-1478901647-1478901647,4578640586284138624-1477354475-1477354475,Organic Search,0.090909,2.29,0,0
4578640586284138624,4578640586284138624-1478901647-1478901647,4578640586284138624-1476744689-1476744689,Organic Search,0.090909,2.29,0,0
4578640586284138624,4578640586284138624-1478901647-1478901647,4578640586284138624-1478562102-1478562102,Direct,0.090909,2.29,0,0
2775394985633648624,2775394985633648624-1480969447-1480969447,2775394985633648624-1480969447-1480969447,Organic Search,0.500000,12.49,1,24.98
2775394985633648624,2775394985633648624-1480969447-1480969447,2775394985633648624-1480631128-1480631128,Paid Search,0.500000,12.49,0,0
0182664823417063218,0182664823417063218-1471475749-1471475749,0182664823417063218-1471475245-1471475245,Direct,0.250000,11.9075,0,0
0182664823417063218,0182664823417063218-1471475749-1471475749,0182664823417063218-1471475749-1471475749,Referral,0.250000,11.9075,1,47.63
0182664823417063218,0182664823417063218-1471475749-1471475749,0182664823417063218-1471469899-1471469899,Direct,0.250000,11.9075,0,0
0182664823417063218,0182664823417063218-1471475749-1471475749,0182664823417063218-1471466399-1471466399,Direct,0.250000,11.9075,0,0
4735021838862063499,4735021838862063499-1500319524-1500319524,4735021838862063499-1500319524-1500319524,Referral,0.500000,8.3,1,16.6
4735021838862063499,4735021838862063499-1500319524-1500319524,4735021838862063499-1500318607-1500318607,Direct,0.500000,8.3,0,0
8661687930742624021,8661687930742624021-1475701422-1475701422,8661687930742624021-1475614776-1475614776,Direct,0.500000,11.995,0,0
8661687930742624021,8661687930742624021-1475701422-1475701422,8661687930742624021-1475701422-1475701422,Referral,0.500000,11.995,1,23.99
8362006336780022993,8362006336780022993-1492483278-1492483278,8362006336780022993-1492482209-1492482209,Organic Search,0.500000,25.395,0,0
8362006336780022993,8362006336780022993-1492483278-1492483278,8362006336780022993-1492483278-1492483278,Referral,0.500000,25.395,1,50.79
2425521720354546737,2425521720354546737-1472105984-1472108405,2425521720354546737-1471680113-1471680113,Organic Search,0.166667,60.465,0,0
2425521720354546737,2425521720354546737-1472105984-1472108405,2425521720354546737-1471124511-1471124511,Paid Search,0.166667,60.465,0,0
2425521720354546737,2425521720354546737-1472105984-1472108405,2425521720354546737-1472105984-1472108405,Organic Search,0.166667,60.465,1,362.79
2425521720354546737,2425521720354546737-1472105984-1472108405,2425521720354546737-1471889131-1471889131,Organic Search,0.166667,60.465,0,0
2425521720354546737,2425521720354546737-1472105984-1472108405,2425521720354546737-1471884742-1471884742,Organic Search,0.166667,60.465,0,0
2425521720354546737,2425521720354546737-1472105984-1472108405,2425521720354546737-1472105984-1472105984,Organic Search,0.166667,60.465,0,0
2889102511410073224,2889102511410073224-1479242260-1479242260,2889102511410073224-1479242161-1479242161,Direct,0.500000,11.595,0,0
2889102511410073224,2889102511410073224-1479242260-1479242260,2889102511410073224-1479242260-1479242260,Referral,0.500000,11.595,1,23.19
2175891853149827407,2175891853149827407-1488588918-1488588918,2175891853149827407-1487376672-1487376672,Direct,0.500000,14.8925,0,0
2175891853149827407,2175891853149827407-1488588918-1488588918,2175891853149827407-1488426911-1488426911,Referral,0.500000,14.8925,0,0
2175891853149827407,2175891853149827407-1488588918-1488588918,2175891853149827407-1488418136-1488418136,Referral,0.500000,14.8925,0,0
2175891853149827407,2175891853149827407-1488588918-1488588918,2175891853149827407-1488588918-1488588918,Referral,0.500000,14.8925,2,59.57
1375499184080589570,1375499184080589570-1471295144-1471295144,1375499184080589570-1471295126-1471295126,Organic Search,0.333333,9.826666667,0,0
1375499184080589570,1375499184080589570-1471295144-1471295144,1375499184080589570-1471295132-1471295132,Paid Search,0.333333,9.826666667,0,0
1375499184080589570,1375499184080589570-1471295144-1471295144,1375499184080589570-1471295144-1471295144,Organic Search,0.333333,9.826666667,1,29.48
6548626246130862757,6548626246130862757-1478982439-1478982439,6548626246130862757-1475024985-1475024985,Organic Search,0.500000,38.785,0,0
6548626246130862757,6548626246130862757-1478982439-1478982439,6548626246130862757-1478982439-1478982439,Referral,0.500000,38.785,1,77.57
8369998346550362748,8369998346550362748-1471452938-1471452938,8369998346550362748-1471452938-1471452938,Referral,0.166667,16.248333333,1,97.49
8369998346550362748,8369998346550362748-1471452938-1471452938,8369998346550362748-1470432729-1470432729,Organic Search,0.166667,16.248333333,0,0
8369998346550362748,8369998346550362748-1471452938-1471452938,8369998346550362748-1470870165-1470870165,Organic Search,0.166667,16.248333333,0,0
8369998346550362748,8369998346550362748-1471452938-1471452938,8369998346550362748-1471452845-1471452845,Organic Search,0.166667,16.248333333,0,0
8369998346550362748,8369998346550362748-1471452938-1471452938,8369998346550362748-1471383890-1471383890,Organic Search,0.166667,16.248333333,0,0
8369998346550362748,8369998346550362748-1471452938-1471452938,8369998346550362748-1470701360-1470701360,Organic Search,0.166667,16.248333333,0,0
738451259641127092,738451259641127092-1485213821-1485213821,738451259641127092-1485213582-1485213582,Direct,0.500000,18.89,0,0
738451259641127092,738451259641127092-1485213821-1485213821,738451259641127092-1485213821-1485213821,Referral,0.500000,18.89,1,37.78
4375149336105085675,4375149336105085675-1496796221-1496796221,4375149336105085675-1496796221-1496796221,Referral,0.500000,12.995,1,25.99
4375149336105085675,4375149336105085675-1496796221-1496796221,4375149336105085675-1496796204-1496796204,Direct,0.500000,12.995,0,0
4284747478619287722,4284747478619287722-1501214230-1501214230,4284747478619287722-1498665409-1498665409,Referral,0.285714,20.631428571,0,0
4284747478619287722,4284747478619287722-1501214230-1501214230,4284747478619287722-1498621905-1498621905,Referral,0.285714,20.631428571,0,0
4284747478619287722,4284747478619287722-1501214230-1501214230,4284747478619287722-1498677181-1498677181,Referral,0.285714,20.631428571,0,0
4284747478619287722,4284747478619287722-1501214230-1501214230,4284747478619287722-1498609100-1498609100,Referral,0.285714,20.631428571,0,0
4284747478619287722,4284747478619287722-1501214230-1501214230,4284747478619287722-1501214230-1501214230,Organic Search,0.285714,20.631428571,2,144.42
4284747478619287722,4284747478619287722-1501214230-1501214230,4284747478619287722-1498673245-1498673245,Referral,0.285714,20.631428571,0,0
4284747478619287722,4284747478619287722-1501214230-1501214230,4284747478619287722-1498515155-1498515155,Referral,0.285714,20.631428571,0,0
7256432076983849562,7256432076983849562-1478590990-1478592008,7256432076983849562-1478590990-1478590990,Referral,0.125000,54.73875,0,0
7256432076983849562,7256432076983849562-1478590990-1478592008,7256432076983849562-1478590990-1478592008,Referral,0.125000,54.73875,1,437.91
7256432076983849562,7256432076983849562-1478590990-1478592008,7256432076983849562-1477367509-1477367509,Organic Search,0.125000,54.73875,0,0
7256432076983849562,7256432076983849562-1478590990-1478592008,7256432076983849562-1477482123-1477482123,Referral,0.125000,54.73875,0,0
7256432076983849562,7256432076983849562-1478590990-1478592008,7256432076983849562-1478513178-1478513178,Referral,0.125000,54.73875,0,0
7256432076983849562,7256432076983849562-1478590990-1478592008,7256432076983849562-1477557881-1477557881,Referral,0.125000,54.73875,0,0
7256432076983849562,7256432076983849562-1478590990-1478592008,7256432076983849562-1477474406-1477474406,Referral,0.125000,54.73875,0,0
7256432076983849562,7256432076983849562-1478590990-1478592008,7256432076983849562-1477474206-1477474206,Direct,0.125000,54.73875,0,0
1973770164859106217,1973770164859106217-1499279973-1499279973,1973770164859106217-1499279973-1499279973,Organic Search,0.500000,42.495,1,84.99
1973770164859106217,1973770164859106217-1499279973-1499279973,1973770164859106217-1499278837-1499278837,Referral,0.500000,42.495,0,0
8434622228747679141,8434622228747679141-1487288239-1487288239,8434622228747679141-1487287988-1487287988,Referral,1.000000,29.585,0,0
8434622228747679141,8434622228747679141-1487288239-1487288239,8434622228747679141-1487288239-1487288239,Organic Search,1.000000,29.585,2,59.17
980432803323288584,980432803323288584-1497303437-1497303437,980432803323288584-1497169837-1497169837,Direct,0.500000,518.345,0,0
980432803323288584,980432803323288584-1497303437-1497303437,980432803323288584-1497303437-1497303437,Organic Search,0.500000,518.345,1,1036.69
7789668913244553459,7789668913244553459-1479225576-1479225576,7789668913244553459-1479163287-1479163287,Referral,0.125000,4.6225,0,0
7789668913244553459,7789668913244553459-1479225576-1479225576,7789668913244553459-1479148742-1479148742,Referral,0.125000,4.6225,0,0
7789668913244553459,7789668913244553459-1479225576-1479225576,7789668913244553459-1479180133-1479180133,Referral,0.125000,4.6225,0,0
7789668913244553459,7789668913244553459-1479225576-1479225576,7789668913244553459-1479148737-1479148737,Referral,0.125000,4.6225,0,0
7789668913244553459,7789668913244553459-1479225576-1479225576,7789668913244553459-1479225576-1479225576,Referral,0.125000,4.6225,1,36.98
7789668913244553459,7789668913244553459-1479225576-1479225576,7789668913244553459-1479147594-1479147594,Social,0.125000,4.6225,0,0
7789668913244553459,7789668913244553459-1479225576-1479225576,7789668913244553459-1479183000-1479183000,Referral,0.125000,4.6225,0,0
7789668913244553459,7789668913244553459-1479225576-1479225576,7789668913244553459-1479145425-1479145425,Social,0.125000,4.6225,0,0
1599852514978862986,1599852514978862986-1481075689-1481075689,1599852514978862986-1481075689-1481075689,Paid Search,0.166667,2.246666667,1,13.48
1599852514978862986,1599852514978862986-1481075689-1481075689,1599852514978862986-1479146353-1479146353,Organic Search,0.166667,2.246666667,0,0
1599852514978862986,1599852514978862986-1481075689-1481075689,1599852514978862986-1479221395-1479221395,Organic Search,0.166667,2.246666667,0,0
1599852514978862986,1599852514978862986-1481075689-1481075689,1599852514978862986-1477238543-1477238543,Organic Search,0.166667,2.246666667,0,0
1599852514978862986,1599852514978862986-1481075689-1481075689,1599852514978862986-1479911300-1479911300,Paid Search,0.166667,2.246666667,0,0
1599852514978862986,1599852514978862986-1481075689-1481075689,1599852514978862986-1481050049-1481050049,Paid Search,0.166667,2.246666667,0,0
6388824250276633832,6388824250276633832-1490941073-1490941073,6388824250276633832-1490809604-1490809604,Paid Search,0.166667,6.561666667,0,0
6388824250276633832,6388824250276633832-1490941073-1490941073,6388824250276633832-1490900547-1490900547,Paid Search,0.166667,6.561666667,0,0
6388824250276633832,6388824250276633832-1490941073-1490941073,6388824250276633832-1490941073-1490941073,Paid Search,0.166667,6.561666667,1,39.37
6388824250276633832,6388824250276633832-1490941073-1490941073,6388824250276633832-1487718675-1487718675,Organic Search,0.166667,6.561666667,0,0
6388824250276633832,6388824250276633832-1490941073-1490941073,6388824250276633832-1490739088-1490739088,Paid Search,0.166667,6.561666667,0,0
6388824250276633832,6388824250276633832-1490941073-1490941073,6388824250276633832-1485474460-1485474460,Organic Search,0.166667,6.561666667,0,0
1464880667814734999,1464880667814734999-1473353635-1473353635,1464880667814734999-1472759149-1472759149,Referral,0.250000,5.145,0,0
1464880667814734999,1464880667814734999-1473353635-1473353635,1464880667814734999-1473353635-1473353635,Referral,0.250000,5.145,1,20.58
1464880667814734999,1464880667814734999-1473353635-1473353635,1464880667814734999-1472754384-1472754384,Direct,0.250000,5.145,0,0
1464880667814734999,1464880667814734999-1473353635-1473353635,1464880667814734999-1473303973-1473303973,Referral,0.250000,5.145,0,0
8130587090166604598,8130587090166604598-1483672878-1483672878,8130587090166604598-1481642309-1481642309,Referral,0.100000,4.659,0,0
8130587090166604598,8130587090166604598-1483672878-1483672878,8130587090166604598-1479786297-1479786297,Referral,0.100000,4.659,0,0
8130587090166604598,8130587090166604598-1483672878-1483672878,8130587090166604598-1481072967-1481072967,Organic Search,0.100000,4.659,0,0
8130587090166604598,8130587090166604598-1483672878-1483672878,8130587090166604598-1480528249-1480528249,Organic Search,0.100000,4.659,0,0
8130587090166604598,8130587090166604598-1483672878-1483672878,8130587090166604598-1480528299-1480528299,Referral,0.100000,4.659,0,0
8130587090166604598,8130587090166604598-1483672878-1483672878,8130587090166604598-1481048469-1481048469,Organic Search,0.100000,4.659,0,0
8130587090166604598,8130587090166604598-1483672878-1483672878,8130587090166604598-1480605966-1480605966,Referral,0.100000,4.659,0,0
8130587090166604598,8130587090166604598-1483672878-1483672878,8130587090166604598-1483672878-1483672878,Referral,0.100000,4.659,1,46.59
8130587090166604598,8130587090166604598-1483672878-1483672878,8130587090166604598-1480124139-1480124139,Organic Search,0.100000,4.659,0,0
8130587090166604598,8130587090166604598-1483672878-1483672878,8130587090166604598-1481772312-1481772312,Organic Search,0.100000,4.659,0,0
5617770153245303309,5617770153245303309-1479910891-1479910891,5617770153245303309-1476902140-1476902140,Referral,0.285714,379.571428571,0,0
5617770153245303309,5617770153245303309-1479910891-1479910891,5617770153245303309-1479910891-1479910891,Referral,0.285714,379.571428571,2,2657
5617770153245303309,5617770153245303309-1479910891-1479910891,5617770153245303309-1478049359-1478049359,Referral,0.285714,379.571428571,0,0
5617770153245303309,5617770153245303309-1479910891-1479910891,5617770153245303309-1473870301-1473870301,Direct,0.285714,379.571428571,0,0
5617770153245303309,5617770153245303309-1479910891-1479910891,5617770153245303309-1476147888-1476147888,Referral,0.285714,379.571428571,0,0
5617770153245303309,5617770153245303309-1479910891-1479910891,5617770153245303309-1478632886-1478632886,Referral,0.285714,379.571428571,0,0
5617770153245303309,5617770153245303309-1479910891-1479910891,5617770153245303309-1476907903-1476907903,Referral,0.285714,379.571428571,0,0
3743323902703489418,3743323902703489418-1481160155-1481160155,3743323902703489418-1481160155-1481160155,Referral,0.200000,25.196,1,125.98
3743323902703489418,3743323902703489418-1481160155-1481160155,3743323902703489418-1475634113-1475634113,Referral,0.200000,25.196,0,0
3743323902703489418,3743323902703489418-1481160155-1481160155,3743323902703489418-1481097119-1481097119,Referral,0.200000,25.196,0,0
3743323902703489418,3743323902703489418-1481160155-1481160155,3743323902703489418-1480527594-1480527594,Referral,0.200000,25.196,0,0
3743323902703489418,3743323902703489418-1481160155-1481160155,3743323902703489418-1477671742-1477671742,Display,0.200000,25.196,0,0
8220211701749350854,8220211701749350854-1499314894-1499314894,8220211701749350854-1495687284-1495687284,Referral,0.333333,3.463333333,0,0
8220211701749350854,8220211701749350854-1499314894-1499314894,8220211701749350854-1499314894-1499314894,Paid Search,0.333333,3.463333333,1,10.39
8220211701749350854,8220211701749350854-1499314894-1499314894,8220211701749350854-1499311677-1499311677,Paid Search,0.333333,3.463333333,0,0
6008504658996410850,6008504658996410850-1478550655-1478550655,6008504658996410850-1472782772-1472782772,Direct,0.200000,10.758,0,0
6008504658996410850,6008504658996410850-1478550655-1478550655,6008504658996410850-1478550655-1478550655,Referral,0.200000,10.758,1,53.79
6008504658996410850,6008504658996410850-1478550655-1478550655,6008504658996410850-1475635953-1475635953,Referral,0.200000,10.758,0,0
6008504658996410850,6008504658996410850-1478550655-1478550655,6008504658996410850-1476884660-1476884660,Referral,0.200000,10.758,0,0
6008504658996410850,6008504658996410850-1478550655-1478550655,6008504658996410850-1475010671-1475010671,Referral,0.200000,10.758,0,0
8171725495673246334,8171725495673246334-1472781952-1472781952,8171725495673246334-1471630264-1471630264,Direct,0.333333,2.61,0,0
8171725495673246334,8171725495673246334-1472781952-1472781952,8171725495673246334-1471016143-1471016143,Direct,0.333333,2.61,0,0
8171725495673246334,8171725495673246334-1472781952-1472781952,8171725495673246334-1472781952-1472781952,Referral,0.333333,2.61,1,7.83
9141220446851563090,9141220446851563090-1492329373-1492329373,9141220446851563090-1473890571-1473890571,Direct,0.222222,8.892222222,0,0
9141220446851563090,9141220446851563090-1492329373-1492329373,9141220446851563090-1482377839-1482377839,Direct,0.222222,8.892222222,0,0
9141220446851563090,9141220446851563090-1492329373-1492329373,9141220446851563090-1484892745-1484892745,Direct,0.222222,8.892222222,0,0
9141220446851563090,9141220446851563090-1492329373-1492329373,9141220446851563090-1490832492-1490832492,Referral,0.222222,8.892222222,0,0
9141220446851563090,9141220446851563090-1492329373-1492329373,9141220446851563090-1485297626-1485297626,Referral,0.222222,8.892222222,0,0
9141220446851563090,9141220446851563090-1492329373-1492329373,9141220446851563090-1487538884-1487538884,Referral,0.222222,8.892222222,0,0
9141220446851563090,9141220446851563090-1492329373-1492329373,9141220446851563090-1487554275-1487554275,Referral,0.222222,8.892222222,0,0
9141220446851563090,9141220446851563090-1492329373-1492329373,9141220446851563090-1492329373-1492329373,Referral,0.222222,8.892222222,2,80.03
9141220446851563090,9141220446851563090-1492329373-1492329373,9141220446851563090-1479240017-1479240017,Direct,0.222222,8.892222222,0,0
1563165194353120614,1563165194353120614-1481044746-1481044746,1563165194353120614-1480954135-1480954135,Direct,0.142857,130.607142857,0,0
1563165194353120614,1563165194353120614-1481044746-1481044746,1563165194353120614-1475762973-1475762973,Referral,0.142857,130.607142857,0,0
1563165194353120614,1563165194353120614-1481044746-1481044746,1563165194353120614-1479505477-1479505477,Direct,0.142857,130.607142857,0,0
1563165194353120614,1563165194353120614-1481044746-1481044746,1563165194353120614-1475718365-1475718365,Referral,0.142857,130.607142857,0,0
1563165194353120614,1563165194353120614-1481044746-1481044746,1563165194353120614-1478115686-1478115686,Referral,0.142857,130.607142857,0,0
1563165194353120614,1563165194353120614-1481044746-1481044746,1563165194353120614-1475856685-1475856685,Referral,0.142857,130.607142857,0,0
1563165194353120614,1563165194353120614-1481044746-1481044746,1563165194353120614-1481044746-1481044746,Direct,0.142857,130.607142857,1,914.25
2864376493455301677,2864376493455301677-1491672847-1491672847,2864376493455301677-1491274187-1491274187,Direct,0.142857,14.321428571,0,0
2864376493455301677,2864376493455301677-1491672847-1491672847,2864376493455301677-1491672847-1491672847,Organic Search,0.142857,14.321428571,1,100.25
2864376493455301677,2864376493455301677-1491672847-1491672847,2864376493455301677-1491317144-1491317144,Organic Search,0.142857,14.321428571,0,0
2864376493455301677,2864376493455301677-1491672847-1491672847,2864376493455301677-1482901808-1482901808,Direct,0.142857,14.321428571,0,0
2864376493455301677,2864376493455301677-1491672847-1491672847,2864376493455301677-1478300770-1478300770,Direct,0.142857,14.321428571,0,0
2864376493455301677,2864376493455301677-1491672847-1491672847,2864376493455301677-1491409172-1491409172,Organic Search,0.142857,14.321428571,0,0
2864376493455301677,2864376493455301677-1491672847-1491672847,2864376493455301677-1491274571-1491274571,Organic Search,0.142857,14.321428571,0,0
7308095176976751222,7308095176976751222-1498071710-1498071710,7308095176976751222-1490726768-1490726768,Organic Search,0.200000,75.28,0,0
7308095176976751222,7308095176976751222-1498071710-1498071710,7308095176976751222-1493657390-1493657390,Referral,0.200000,75.28,0,0
7308095176976751222,7308095176976751222-1498071710-1498071710,7308095176976751222-1498071710-1498071710,Referral,0.200000,75.28,1,376.4
7308095176976751222,7308095176976751222-1498071710-1498071710,7308095176976751222-1496802072-1496802072,Organic Search,0.200000,75.28,0,0
7308095176976751222,7308095176976751222-1498071710-1498071710,7308095176976751222-1492003185-1492003185,Referral,0.200000,75.28,0,0
9162599630650052136,9162599630650052136-1496758843-1496758843,9162599630650052136-1496732585-1496732585,Paid Search,0.250000,7.6075,0,0
9162599630650052136,9162599630650052136-1496758843-1496758843,9162599630650052136-1496730725-1496730725,Paid Search,0.250000,7.6075,0,0
9162599630650052136,9162599630650052136-1496758843-1496758843,9162599630650052136-1496758843-1496758843,Paid Search,0.250000,7.6075,1,30.43
9162599630650052136,9162599630650052136-1496758843-1496758843,9162599630650052136-1496655553-1496655553,Organic Search,0.250000,7.6075,0,0
9377429831454005466,9377429831454005466-1490813366-1490813366,9377429831454005466-1482945016-1482945016,Organic Search,0.250000,17.62,0,0
9377429831454005466,9377429831454005466-1490813366-1490813366,9377429831454005466-1484243953-1484243953,Organic Search,0.250000,17.62,0,0
9377429831454005466,9377429831454005466-1490813366-1490813366,9377429831454005466-1478200442-1478200442,Organic Search,0.250000,17.62,0,0
9377429831454005466,9377429831454005466-1490813366-1490813366,9377429831454005466-1490813366-1490813366,Direct,0.250000,17.62,1,70.48
8721719977116949998,8721719977116949998-1491707815-1491707815,8721719977116949998-1491707815-1491707815,Organic Search,0.500000,40.98,1,81.96
8721719977116949998,8721719977116949998-1491707815-1491707815,8721719977116949998-1491707804-1491707804,Paid Search,0.500000,40.98,0,0
5508164318239659326,5508164318239659326-1500227828-1500227828,5508164318239659326-1500227828-1500227828,Organic Search,0.500000,16.14,1,32.28
5508164318239659326,5508164318239659326-1500227828-1500227828,5508164318239659326-1500227809-1500227809,Paid Search,0.500000,16.14,0,0
2446685875964479851,2446685875964479851-1476759208-1476759208,2446685875964479851-1476758992-1476758992,Paid Search,0.333333,141.366666667,0,0
2446685875964479851,2446685875964479851-1476759208-1476759208,2446685875964479851-1475712902-1475712902,Organic Search,0.333333,141.366666667,0,0
2446685875964479851,2446685875964479851-1476759208-1476759208,2446685875964479851-1476759208-1476759208,Organic Search,0.333333,141.366666667,1,424.1
8197879643797712877,8197879643797712877-1494522440-1494522440,8197879643797712877-1494294030-1494294030,Direct,0.333333,155.556666667,0,0
8197879643797712877,8197879643797712877-1494522440-1494522440,8197879643797712877-1493234356-1493234356,Organic Search,0.333333,155.556666667,0,0
8197879643797712877,8197879643797712877-1494522440-1494522440,8197879643797712877-1494522440-1494522440,Direct,0.333333,155.556666667,1,466.67
9020183156357919977,9020183156357919977-1473441095-1473441095,9020183156357919977-1473440740-1473440740,Referral,0.333333,129.583333333,0,0
9020183156357919977,9020183156357919977-1473441095-1473441095,9020183156357919977-1473431460-1473431460,Direct,0.333333,129.583333333,0,0
9020183156357919977,9020183156357919977-1473441095-1473441095,9020183156357919977-1473441095-1473441095,Organic Search,0.333333,129.583333333,1,388.75
1860143669054960648,1860143669054960648-1474901416-1474901416,1860143669054960648-1473971983-1473971983,Organic Search,0.500000,12.495,0,0
1860143669054960648,1860143669054960648-1474901416-1474901416,1860143669054960648-1474901416-1474901416,Referral,0.500000,12.495,1,24.99
8526450853963599523,8526450853963599523-1491414467-1491414467,8526450853963599523-1491414381-1491414381,Organic Search,0.333333,17.523333333,0,0
8526450853963599523,8526450853963599523-1491414467-1491414467,8526450853963599523-1491414467-1491414467,Referral,0.333333,17.523333333,1,52.57
8526450853963599523,8526450853963599523-1491414467-1491414467,8526450853963599523-1490113503-1490113503,Organic Search,0.333333,17.523333333,0,0
6944407004438928008,6944407004438928008-1480935985-1480935985,6944407004438928008-1480935985-1480935985,Referral,0.333333,12.526666667,1,37.58
6944407004438928008,6944407004438928008-1480935985-1480935985,6944407004438928008-1479690392-1479690392,Referral,0.333333,12.526666667,0,0
6944407004438928008,6944407004438928008-1480935985-1480935985,6944407004438928008-1478704136-1478704136,Organic Search,0.333333,12.526666667,0,0
8669188840409334896,8669188840409334896-1501361621-1501361621,8669188840409334896-1496625236-1496625236,Paid Search,0.333333,3.663333333,0,0
8669188840409334896,8669188840409334896-1501361621-1501361621,8669188840409334896-1501360188-1501360188,Paid Search,0.333333,3.663333333,0,0
8669188840409334896,8669188840409334896-1501361621-1501361621,8669188840409334896-1501361621-1501361621,Organic Search,0.333333,3.663333333,1,10.99
2294757944914427558,2294757944914427558-1481657324-1481657324,2294757944914427558-1478727531-1478727531,Referral,0.083333,43.003333333,0,0
2294757944914427558,2294757944914427558-1481657324-1481657324,2294757944914427558-1472751102-1472751102,Referral,0.083333,43.003333333,0,0
2294757944914427558,2294757944914427558-1481657324-1481657324,2294757944914427558-1478717765-1478717765,Referral,0.083333,43.003333333,0,0
2294757944914427558,2294757944914427558-1481657324-1481657324,2294757944914427558-1481657324-1481657324,Referral,0.083333,43.003333333,1,516.04
2294757944914427558,2294757944914427558-1481657324-1481657324,2294757944914427558-1477500637-1477500637,Referral,0.083333,43.003333333,0,0
2294757944914427558,2294757944914427558-1481657324-1481657324,2294757944914427558-1480999843-1480999843,Direct,0.083333,43.003333333,0,0
2294757944914427558,2294757944914427558-1481657324-1481657324,2294757944914427558-1480999879-1480999879,Referral,0.083333,43.003333333,0,0
2294757944914427558,2294757944914427558-1481657324-1481657324,2294757944914427558-1473442367-1473442367,Referral,0.083333,43.003333333,0,0
2294757944914427558,2294757944914427558-1481657324-1481657324,2294757944914427558-1477076669-1477076669,Referral,0.083333,43.003333333,0,0
2294757944914427558,2294757944914427558-1481657324-1481657324,2294757944914427558-1472677977-1472677977,Referral,0.083333,43.003333333,0,0
2294757944914427558,2294757944914427558-1481657324-1481657324,2294757944914427558-1475784366-1475784366,Referral,0.083333,43.003333333,0,0
2294757944914427558,2294757944914427558-1481657324-1481657324,2294757944914427558-1471312343-1471312343,Referral,0.083333,43.003333333,0,0
5789628268074280391,5789628268074280391-1482525013-1482525013,5789628268074280391-1477526257-1477526257,Direct,0.200000,10.358,0,0
5789628268074280391,5789628268074280391-1482525013-1482525013,5789628268074280391-1475982067-1475982067,Referral,0.200000,10.358,0,0
5789628268074280391,5789628268074280391-1482525013-1482525013,5789628268074280391-1482525013-1482525013,Referral,0.200000,10.358,1,51.79
5789628268074280391,5789628268074280391-1482525013-1482525013,5789628268074280391-1477000037-1477000037,Referral,0.200000,10.358,0,0
5789628268074280391,5789628268074280391-1482525013-1482525013,5789628268074280391-1477866452-1477866452,Referral,0.200000,10.358,0,0
987691770768938785,987691770768938785-1481235321-1481235321,987691770768938785-1481068162-1481068162,Referral,0.200000,163.22,0,0
987691770768938785,987691770768938785-1481235321-1481235321,987691770768938785-1481064205-1481064205,Referral,0.200000,163.22,0,0
987691770768938785,987691770768938785-1481235321-1481235321,987691770768938785-1481145390-1481145390,Display,0.200000,163.22,0,0
987691770768938785,987691770768938785-1481235321-1481235321,987691770768938785-1478113682-1478113682,Referral,0.200000,163.22,0,0
987691770768938785,987691770768938785-1481235321-1481235321,987691770768938785-1481235321-1481235321,Display,0.200000,163.22,1,816.1
7999024439305263613,7999024439305263613-1474318339-1474318339,7999024439305263613-1471910423-1471910423,Referral,0.100000,2.919,0,0
7999024439305263613,7999024439305263613-1474318339-1474318339,7999024439305263613-1470936980-1470936980,Referral,0.100000,2.919,0,0
7999024439305263613,7999024439305263613-1474318339-1474318339,7999024439305263613-1474318339-1474318339,Referral,0.100000,2.919,1,29.19
7999024439305263613,7999024439305263613-1474318339-1474318339,7999024439305263613-1471996990-1471996990,Referral,0.100000,2.919,0,0
7999024439305263613,7999024439305263613-1474318339-1474318339,7999024439305263613-1472850534-1472850534,Referral,0.100000,2.919,0,0
7999024439305263613,7999024439305263613-1474318339-1474318339,7999024439305263613-1472686555-1472686555,Organic Search,0.100000,2.919,0,0
7999024439305263613,7999024439305263613-1474318339-1474318339,7999024439305263613-1470695512-1470695512,Referral,0.100000,2.919,0,0
7999024439305263613,7999024439305263613-1474318339-1474318339,7999024439305263613-1474311004-1474311004,Referral,0.100000,2.919,0,0
7999024439305263613,7999024439305263613-1474318339-1474318339,7999024439305263613-1471907943-1471907943,Referral,0.100000,2.919,0,0
7999024439305263613,7999024439305263613-1474318339-1474318339,7999024439305263613-1471993322-1471993322,Referral,0.100000,2.919,0,0
3656215501791704148,3656215501791704148-1472061530-1472061530,3656215501791704148-1471381123-1471381123,Organic Search,0.142857,4.428571429,0,0
3656215501791704148,3656215501791704148-1472061530-1472061530,3656215501791704148-1472061530-1472061530,Organic Search,0.142857,4.428571429,1,31
3656215501791704148,3656215501791704148-1472061530-1472061530,3656215501791704148-1471304292-1471304292,Organic Search,0.142857,4.428571429,0,0
3656215501791704148,3656215501791704148-1472061530-1472061530,3656215501791704148-1470857801-1470857801,Organic Search,0.142857,4.428571429,0,0
3656215501791704148,3656215501791704148-1472061530-1472061530,3656215501791704148-1471299880-1471299880,Organic Search,0.142857,4.428571429,0,0
3656215501791704148,3656215501791704148-1472061530-1472061530,3656215501791704148-1472051304-1472051304,Organic Search,0.142857,4.428571429,0,0
3656215501791704148,3656215501791704148-1472061530-1472061530,3656215501791704148-1471365039-1471365039,Paid Search,0.142857,4.428571429,0,0
7023410125494623482,7023410125494623482-1490108481-1490108481,7023410125494623482-1473957914-1473957914,Referral,0.066667,8.729333333,0,0
7023410125494623482,7023410125494623482-1490108481-1490108481,7023410125494623482-1489426430-1489426430,Referral,0.066667,8.729333333,0,0
7023410125494623482,7023410125494623482-1490108481-1490108481,7023410125494623482-1470079181-1470079181,Referral,0.066667,8.729333333,0,0
7023410125494623482,7023410125494623482-1490108481-1490108481,7023410125494623482-1490020847-1490020847,Referral,0.066667,8.729333333,0,0
7023410125494623482,7023410125494623482-1490108481-1490108481,7023410125494623482-1470324815-1470324815,Referral,0.066667,8.729333333,0,0
7023410125494623482,7023410125494623482-1490108481-1490108481,7023410125494623482-1472672117-1472672117,Referral,0.066667,8.729333333,0,0
7023410125494623482,7023410125494623482-1490108481-1490108481,7023410125494623482-1488570625-1488570625,Referral,0.066667,8.729333333,0,0
7023410125494623482,7023410125494623482-1490108481-1490108481,7023410125494623482-1474472981-1474472981,Referral,0.066667,8.729333333,0,0
7023410125494623482,7023410125494623482-1490108481-1490108481,7023410125494623482-1490108481-1490108481,Referral,0.066667,8.729333333,1,130.94
7023410125494623482,7023410125494623482-1490108481-1490108481,7023410125494623482-1482337156-1482337156,Referral,0.066667,8.729333333,0,0
7023410125494623482,7023410125494623482-1490108481-1490108481,7023410125494623482-1489784022-1489784022,Organic Search,0.066667,8.729333333,0,0
7023410125494623482,7023410125494623482-1490108481-1490108481,7023410125494623482-1485278022-1485278022,Referral,0.066667,8.729333333,0,0
7023410125494623482,7023410125494623482-1490108481-1490108481,7023410125494623482-1481650011-1481650011,Referral,0.066667,8.729333333,0,0
7023410125494623482,7023410125494623482-1490108481-1490108481,7023410125494623482-1478279999-1478279999,Referral,0.066667,8.729333333,0,0
7023410125494623482,7023410125494623482-1490108481-1490108481,7023410125494623482-1489783614-1489783614,Referral,0.066667,8.729333333,0,0
856273082667959194,856273082667959194-1501270824-1501270824,856273082667959194-1500567790-1500567790,Referral,0.090909,3.496363636,0,0
856273082667959194,856273082667959194-1501270824-1501270824,856273082667959194-1499819340-1499819340,Referral,0.090909,3.496363636,0,0
856273082667959194,856273082667959194-1501270824-1501270824,856273082667959194-1501106417-1501106417,Referral,0.090909,3.496363636,0,0
856273082667959194,856273082667959194-1501270824-1501270824,856273082667959194-1500931750-1500931750,Referral,0.090909,3.496363636,0,0
856273082667959194,856273082667959194-1501270824-1501270824,856273082667959194-1501270824-1501270824,Referral,0.090909,3.496363636,1,38.46
856273082667959194,856273082667959194-1501270824-1501270824,856273082667959194-1499459410-1499459410,Organic Search,0.090909,3.496363636,0,0
856273082667959194,856273082667959194-1501270824-1501270824,856273082667959194-1500331302-1500331302,Referral,0.090909,3.496363636,0,0
856273082667959194,856273082667959194-1501270824-1501270824,856273082667959194-1500481746-1500481746,Referral,0.090909,3.496363636,0,0
856273082667959194,856273082667959194-1501270824-1501270824,856273082667959194-1500309285-1500309285,Referral,0.090909,3.496363636,0,0
856273082667959194,856273082667959194-1501270824-1501270824,856273082667959194-1499788753-1499788753,Referral,0.090909,3.496363636,0,0
856273082667959194,856273082667959194-1501270824-1501270824,856273082667959194-1500670195-1500670195,Referral,0.090909,3.496363636,0,0
8959460688137585797,8959460688137585797-1475690105-1475690105,8959460688137585797-1475681333-1475681333,Direct,0.333333,16.33,0,0
8959460688137585797,8959460688137585797-1475690105-1475690105,8959460688137585797-1475690105-1475690105,Organic Search,0.333333,16.33,1,48.99
8959460688137585797,8959460688137585797-1475690105-1475690105,8959460688137585797-1475450371-1475450371,Direct,0.333333,16.33,0,0
627911872499384695,627911872499384695-1497895393-1497895393,627911872499384695-1497495496-1497495496,Organic Search,0.166667,21.955,0,0
627911872499384695,627911872499384695-1497895393-1497895393,627911872499384695-1497495425-1497495425,Referral,0.166667,21.955,0,0
627911872499384695,627911872499384695-1497895393-1497895393,627911872499384695-1497385259-1497385259,Referral,0.166667,21.955,0,0
627911872499384695,627911872499384695-1497895393-1497895393,627911872499384695-1497893473-1497893473,Organic Search,0.166667,21.955,0,0
627911872499384695,627911872499384695-1497895393-1497895393,627911872499384695-1497895393-1497895393,Organic Search,0.166667,21.955,1,131.73
627911872499384695,627911872499384695-1497895393-1497895393,627911872499384695-1497636858-1497636858,Organic Search,0.166667,21.955,0,0
9826816980924031810,9826816980924031810-1490368156-1490368156,9826816980924031810-1488215863-1488215863,Referral,0.250000,10.545,0,0
9826816980924031810,9826816980924031810-1490368156-1490368156,9826816980924031810-1490304686-1490304686,Referral,0.250000,10.545,0,0
9826816980924031810,9826816980924031810-1490368156-1490368156,9826816980924031810-1490368156-1490368156,Referral,0.250000,10.545,1,42.18
9826816980924031810,9826816980924031810-1490368156-1490368156,9826816980924031810-1476390732-1476390732,Organic Search,0.250000,10.545,0,0
4560598885300753163,4560598885300753163-1493765325-1493765325,4560598885300753163-1493765325-1493765325,Social,0.333333,11.53,1,34.59
4560598885300753163,4560598885300753163-1493765325-1493765325,4560598885300753163-1493420717-1493420717,Referral,0.333333,11.53,0,0
4560598885300753163,4560598885300753163-1493765325-1493765325,4560598885300753163-1493420787-1493420787,Social,0.333333,11.53,0,0
8844888920708607331,8844888920708607331-1494514560-1494514560,8844888920708607331-1494272341-1494272341,Direct,0.500000,64.49,0,0
8844888920708607331,8844888920708607331-1494514560-1494514560,8844888920708607331-1494514560-1494514560,Referral,0.500000,64.49,1,128.98
4119448635627172848,4119448635627172848-1500066098-1500066098,4119448635627172848-1500065879-1500065879,Organic Search,0.500000,32.49,0,0
4119448635627172848,4119448635627172848-1500066098-1500066098,4119448635627172848-1500066098-1500066098,Referral,0.500000,32.49,1,64.98
7303461177926085857,7303461177926085857-1500826999-1500826999,7303461177926085857-1496065189-1496065189,Direct,0.333333,35.65,0,0
7303461177926085857,7303461177926085857-1500826999-1500826999,7303461177926085857-1495912432-1495912432,Direct,0.333333,35.65,0,0
7303461177926085857,7303461177926085857-1500826999-1500826999,7303461177926085857-1500826999-1500826999,Organic Search,0.333333,35.65,1,106.95
7290041530133609917,7290041530133609917-1492033861-1492033861,7290041530133609917-1491014831-1491014831,Referral,0.250000,17.9875,0,0
7290041530133609917,7290041530133609917-1492033861-1492033861,7290041530133609917-1490927043-1490927043,Referral,0.250000,17.9875,0,0
7290041530133609917,7290041530133609917-1492033861-1492033861,7290041530133609917-1492033861-1492033861,Paid Search,0.250000,17.9875,1,71.95
7290041530133609917,7290041530133609917-1492033861-1492033861,7290041530133609917-1491009669-1491009669,Referral,0.250000,17.9875,0,0
7282705298132684237,7282705298132684237-1487463809-1487463809,7282705298132684237-1487463654-1487463654,Organic Search,0.500000,26.555,0,0
7282705298132684237,7282705298132684237-1487463809-1487463809,7282705298132684237-1487463809-1487463809,Referral,0.500000,26.555,1,53.11
3408469727987156299,3408469727987156299-1480610159-1480610159,3408469727987156299-1480439682-1480439682,Direct,0.200000,29.786,0,0
3408469727987156299,3408469727987156299-1480610159-1480610159,3408469727987156299-1480610159-1480610159,Referral,0.200000,29.786,1,148.93
3408469727987156299,3408469727987156299-1480610159-1480610159,3408469727987156299-1480603396-1480603396,Referral,0.200000,29.786,0,0
3408469727987156299,3408469727987156299-1480610159-1480610159,3408469727987156299-1480441089-1480441089,Referral,0.200000,29.786,0,0
3408469727987156299,3408469727987156299-1480610159-1480610159,3408469727987156299-1480450216-1480450216,Referral,0.200000,29.786,0,0
4305270415377533885,4305270415377533885-1485499587-1485499587,4305270415377533885-1479232407-1479232407,Referral,0.200000,16.352,0,0
4305270415377533885,4305270415377533885-1485499587-1485499587,4305270415377533885-1479152604-1479152604,Direct,0.200000,16.352,0,0
4305270415377533885,4305270415377533885-1485499587-1485499587,4305270415377533885-1485499587-1485499587,Referral,0.200000,16.352,1,81.76
4305270415377533885,4305270415377533885-1485499587-1485499587,4305270415377533885-1479842273-1479842273,Referral,0.200000,16.352,0,0
4305270415377533885,4305270415377533885-1485499587-1485499587,4305270415377533885-1479754960-1479754960,Referral,0.200000,16.352,0,0
2158257269735455737,2158257269735455737-1499593880-1499593880,2158257269735455737-1499587741-1499587741,Paid Search,0.333333,5.83,0,0
2158257269735455737,2158257269735455737-1499593880-1499593880,2158257269735455737-1499543041-1499543041,Organic Search,0.333333,5.83,0,0
2158257269735455737,2158257269735455737-1499593880-1499593880,2158257269735455737-1499593880-1499593880,Organic Search,0.333333,5.83,1,17.49
0481361866832333678,0481361866832333678-1470585595-1470585595,0481361866832333678-1470141203-1470141203,Direct,0.500000,34.84,0,0
0481361866832333678,0481361866832333678-1470585595-1470585595,0481361866832333678-1470585595-1470585595,Organic Search,0.500000,34.84,1,69.68
9048067102444753039,9048067102444753039-1476717807-1476717807,9048067102444753039-1476373313-1476373313,Referral,0.111111,8.702222222,0,0
9048067102444753039,9048067102444753039-1476717807-1476717807,9048067102444753039-1472908741-1472908741,Direct,0.111111,8.702222222,0,0
9048067102444753039,9048067102444753039-1476717807-1476717807,9048067102444753039-1476230037-1476230037,Referral,0.111111,8.702222222,0,0
9048067102444753039,9048067102444753039-1476717807-1476717807,9048067102444753039-1470065045-1470065045,Direct,0.111111,8.702222222,0,0
9048067102444753039,9048067102444753039-1476717807-1476717807,9048067102444753039-1470659899-1470659899,Direct,0.111111,8.702222222,0,0
9048067102444753039,9048067102444753039-1476717807-1476717807,9048067102444753039-1475781980-1475781980,Referral,0.111111,8.702222222,0,0
9048067102444753039,9048067102444753039-1476717807-1476717807,9048067102444753039-1476062756-1476062756,Referral,0.111111,8.702222222,0,0
9048067102444753039,9048067102444753039-1476717807-1476717807,9048067102444753039-1472908801-1472908801,Referral,0.111111,8.702222222,0,0
9048067102444753039,9048067102444753039-1476717807-1476717807,9048067102444753039-1476717807-1476717807,Referral,0.111111,8.702222222,1,78.32
157019484210987302,157019484210987302-1500734220-1500734228,157019484210987302-1498443841-1498443885,Direct,0.125000,38.42625,0,0
157019484210987302,157019484210987302-1500734220-1500734228,157019484210987302-1494211816-1494211823,Direct,0.125000,38.42625,0,0
157019484210987302,157019484210987302-1500734220-1500734228,157019484210987302-1499079894-1499079894,Display,0.125000,38.42625,0,0
157019484210987302,157019484210987302-1500734220-1500734228,157019484210987302-1497153220-1497153223,Direct,0.125000,38.42625,0,0
157019484210987302,157019484210987302-1500734220-1500734228,157019484210987302-1500734220-1500734228,Display,0.125000,38.42625,1,307.41
157019484210987302,157019484210987302-1500734220-1500734228,157019484210987302-1494098097-1494098102,Direct,0.125000,38.42625,0,0
157019484210987302,157019484210987302-1500734220-1500734228,157019484210987302-1496855870-1496855870,Direct,0.125000,38.42625,0,0
157019484210987302,157019484210987302-1500734220-1500734228,157019484210987302-1497360352-1497360355,Direct,0.125000,38.42625,0,0
4518084412353571470,4518084412353571470-1495418986-1495418986,4518084412353571470-1494617538-1494617538,Direct,0.058824,3.936470588,0,0
4518084412353571470,4518084412353571470-1495418986-1495418986,4518084412353571470-1493909206-1493909206,Direct,0.058824,3.936470588,0,0
4518084412353571470,4518084412353571470-1495418986-1495418986,4518084412353571470-1493995528-1493995528,Direct,0.058824,3.936470588,0,0
4518084412353571470,4518084412353571470-1495418986-1495418986,4518084412353571470-1493929078-1493929078,Direct,0.058824,3.936470588,0,0
4518084412353571470,4518084412353571470-1495418986-1495418986,4518084412353571470-1494363769-1494363769,Direct,0.058824,3.936470588,0,0
4518084412353571470,4518084412353571470-1495418986-1495418986,4518084412353571470-1494899746-1494899746,Organic Search,0.058824,3.936470588,0,0
4518084412353571470,4518084412353571470-1495418986-1495418986,4518084412353571470-1495418986-1495418986,Organic Search,0.058824,3.936470588,1,66.92
4518084412353571470,4518084412353571470-1495418986-1495418986,4518084412353571470-1494549446-1494549446,Direct,0.058824,3.936470588,0,0
4518084412353571470,4518084412353571470-1495418986-1495418986,4518084412353571470-1494615598-1494615598,Direct,0.058824,3.936470588,0,0
4518084412353571470,4518084412353571470-1495418986-1495418986,4518084412353571470-1494898563-1494898563,Direct,0.058824,3.936470588,0,0
4518084412353571470,4518084412353571470-1495418986-1495418986,4518084412353571470-1494012844-1494012844,Direct,0.058824,3.936470588,0,0
4518084412353571470,4518084412353571470-1495418986-1495418986,4518084412353571470-1494526343-1494526343,Direct,0.058824,3.936470588,0,0
4518084412353571470,4518084412353571470-1495418986-1495418986,4518084412353571470-1494628583-1494628583,Direct,0.058824,3.936470588,0,0
4518084412353571470,4518084412353571470-1495418986-1495418986,4518084412353571470-1493745144-1493745144,Direct,0.058824,3.936470588,0,0
4518084412353571470,4518084412353571470-1495418986-1495418986,4518084412353571470-1493869377-1493869377,Direct,0.058824,3.936470588,0,0
4518084412353571470,4518084412353571470-1495418986-1495418986,4518084412353571470-1494000232-1494000232,Direct,0.058824,3.936470588,0,0
4518084412353571470,4518084412353571470-1495418986-1495418986,4518084412353571470-1493915631-1493915631,Direct,0.058824,3.936470588,0,0
6315186081993676897,6315186081993676897-1498155403-1498155403,6315186081993676897-1498155403-1498155403,Organic Search,0.250000,8.995,1,35.98
6315186081993676897,6315186081993676897-1498155403-1498155403,6315186081993676897-1495151095-1495151095,Direct,0.250000,8.995,0,0
6315186081993676897,6315186081993676897-1498155403-1498155403,6315186081993676897-1495168771-1495168771,Organic Search,0.250000,8.995,0,0
6315186081993676897,6315186081993676897-1498155403-1498155403,6315186081993676897-1495151208-1495151208,Organic Search,0.250000,8.995,0,0
187116230369481128,187116230369481128-1497294154-1497294154,187116230369481128-1494257762-1494257762,Direct,0.200000,4.828,0,0
187116230369481128,187116230369481128-1497294154-1497294154,187116230369481128-1497283760-1497283760,Referral,0.200000,4.828,0,0
187116230369481128,187116230369481128-1497294154-1497294154,187116230369481128-1494002517-1494002517,Direct,0.200000,4.828,0,0
187116230369481128,187116230369481128-1497294154-1497294154,187116230369481128-1497207875-1497207875,Referral,0.200000,4.828,0,0
187116230369481128,187116230369481128-1497294154-1497294154,187116230369481128-1497294154-1497294154,Referral,0.200000,4.828,1,24.14
902509741321071642,902509741321071642-1492527179-1492527179,902509741321071642-1492464181-1492464181,Direct,0.166667,91.363333333,0,0
902509741321071642,902509741321071642-1492527179-1492527179,902509741321071642-1492468854-1492468854,Referral,0.166667,91.363333333,0,0
902509741321071642,902509741321071642-1492527179-1492527179,902509741321071642-1492468227-1492468227,Direct,0.166667,91.363333333,0,0
902509741321071642,902509741321071642-1492527179-1492527179,902509741321071642-1492471662-1492471662,Referral,0.166667,91.363333333,0,0
902509741321071642,902509741321071642-1492527179-1492527179,902509741321071642-1492527179-1492527179,Referral,0.166667,91.363333333,1,548.18
902509741321071642,902509741321071642-1492527179-1492527179,902509741321071642-1492438800-1492438800,Direct,0.166667,91.363333333,0,0
9641579430088545210,9641579430088545210-1474950484-1474950484,9641579430088545210-1474950481-1474950481,Referral,0.333333,30.316666667,0,0
9641579430088545210,9641579430088545210-1474950484-1474950484,9641579430088545210-1474950484-1474950484,Referral,0.333333,30.316666667,1,90.95
9641579430088545210,9641579430088545210-1474950484-1474950484,9641579430088545210-1474950242-1474950242,Organic Search,0.333333,30.316666667,0,0
2623654307647595583,2623654307647595583-1476142276-1476142276,2623654307647595583-1476142276-1476142276,Organic Search,0.333333,7.33,1,21.99
2623654307647595583,2623654307647595583-1476142276-1476142276,2623654307647595583-1476134005-1476134005,Paid Search,0.333333,7.33,0,0
2623654307647595583,2623654307647595583-1476142276-1476142276,2623654307647595583-1476134093-1476134093,Organic Search,0.333333,7.33,0,0
8482358096465271237,8482358096465271237-1493307603-1493307603,8482358096465271237-1493133709-1493133709,Organic Search,0.200000,86.322,0,0
8482358096465271237,8482358096465271237-1493307603-1493307603,8482358096465271237-1493304384-1493304384,Organic Search,0.200000,86.322,0,0
8482358096465271237,8482358096465271237-1493307603-1493307603,8482358096465271237-1489678872-1489678872,Referral,0.200000,86.322,0,0
8482358096465271237,8482358096465271237-1493307603-1493307603,8482358096465271237-1493307603-1493307603,Organic Search,0.200000,86.322,1,431.61
8482358096465271237,8482358096465271237-1493307603-1493307603,8482358096465271237-1490902908-1490902908,Referral,0.200000,86.322,0,0
8100631432407926233,8100631432407926233-1490583261-1490583261,8100631432407926233-1484591198-1484591198,Organic Search,0.111111,24.672222222,0,0
8100631432407926233,8100631432407926233-1490583261-1490583261,8100631432407926233-1484321300-1484321300,Organic Search,0.111111,24.672222222,0,0
8100631432407926233,8100631432407926233-1490583261-1490583261,8100631432407926233-1484418768-1484418768,Organic Search,0.111111,24.672222222,0,0
8100631432407926233,8100631432407926233-1490583261-1490583261,8100631432407926233-1483984488-1483984488,Organic Search,0.111111,24.672222222,0,0
8100631432407926233,8100631432407926233-1490583261-1490583261,8100631432407926233-1490583261-1490583261,Direct,0.111111,24.672222222,1,222.05
8100631432407926233,8100631432407926233-1490583261-1490583261,8100631432407926233-1483807160-1483807160,Organic Search,0.111111,24.672222222,0,0
8100631432407926233,8100631432407926233-1490583261-1490583261,8100631432407926233-1484173086-1484173086,Organic Search,0.111111,24.672222222,0,0
8100631432407926233,8100631432407926233-1490583261-1490583261,8100631432407926233-1489196075-1489196075,Direct,0.111111,24.672222222,0,0
8100631432407926233,8100631432407926233-1490583261-1490583261,8100631432407926233-1483646449-1483646449,Organic Search,0.111111,24.672222222,0,0
287904279013543394,287904279013543394-1492546038-1492546038,287904279013543394-1485455103-1485455103,Referral,0.125000,7.50875,0,0
287904279013543394,287904279013543394-1492546038-1492546038,287904279013543394-1490022073-1490022073,Referral,0.125000,7.50875,0,0
287904279013543394,287904279013543394-1492546038-1492546038,287904279013543394-1492471635-1492471635,Referral,0.125000,7.50875,0,0
287904279013543394,287904279013543394-1492546038-1492546038,287904279013543394-1492530675-1492530675,Referral,0.125000,7.50875,0,0
287904279013543394,287904279013543394-1492546038-1492546038,287904279013543394-1492466809-1492466809,Referral,0.125000,7.50875,0,0
287904279013543394,287904279013543394-1492546038-1492546038,287904279013543394-1492467228-1492467228,Organic Search,0.125000,7.50875,0,0
287904279013543394,287904279013543394-1492546038-1492546038,287904279013543394-1492546038-1492546038,Referral,0.125000,7.50875,1,60.07
287904279013543394,287904279013543394-1492546038-1492546038,287904279013543394-1486961369-1486961369,Referral,0.125000,7.50875,0,0
2255733734516957926,2255733734516957926-1473468703-1473468703,2255733734516957926-1473261223-1473261223,Paid Search,0.200000,64.498,0,0
2255733734516957926,2255733734516957926-1473468703-1473468703,2255733734516957926-1473468703-1473468703,Referral,0.200000,64.498,1,322.49
2255733734516957926,2255733734516957926-1473468703-1473468703,2255733734516957926-1473263919-1473263919,Paid Search,0.200000,64.498,0,0
2255733734516957926,2255733734516957926-1473468703-1473468703,2255733734516957926-1473468076-1473468076,Paid Search,0.200000,64.498,0,0
2255733734516957926,2255733734516957926-1473468703-1473468703,2255733734516957926-1471576868-1471576868,Paid Search,0.200000,64.498,0,0
6392220370835728704,6392220370835728704-1494280012-1494280012,6392220370835728704-1491950556-1491950556,Direct,0.250000,26.4975,0,0
6392220370835728704,6392220370835728704-1494280012-1494280012,6392220370835728704-1490744495-1490744495,Direct,0.250000,26.4975,0,0
6392220370835728704,6392220370835728704-1494280012-1494280012,6392220370835728704-1490732182-1490732182,Direct,0.250000,26.4975,0,0
6392220370835728704,6392220370835728704-1494280012-1494280012,6392220370835728704-1494280012-1494280012,Organic Search,0.250000,26.4975,1,105.99
9476348446859765776,9476348446859765776-1489589608-1489589608,9476348446859765776-1487275440-1487275440,Referral,0.166667,5.155,0,0
9476348446859765776,9476348446859765776-1489589608-1489589608,9476348446859765776-1489178222-1489178222,Display,0.166667,5.155,0,0
9476348446859765776,9476348446859765776-1489589608-1489589608,9476348446859765776-1489589411-1489589411,Display,0.166667,5.155,0,0
9476348446859765776,9476348446859765776-1489589608-1489589608,9476348446859765776-1489589608-1489589608,Referral,0.166667,5.155,1,30.93
9476348446859765776,9476348446859765776-1489589608-1489589608,9476348446859765776-1487274886-1487274886,Organic Search,0.166667,5.155,0,0
9476348446859765776,9476348446859765776-1489589608-1489589608,9476348446859765776-1487283315-1487283315,Referral,0.166667,5.155,0,0
0183218035021860438,0183218035021860438-1497902162-1497902162,0183218035021860438-1496249629-1496249629,Display,0.250000,21.195,0,0
0183218035021860438,0183218035021860438-1497902162-1497902162,0183218035021860438-1496350308-1496350308,Organic Search,0.250000,21.195,0,0
0183218035021860438,0183218035021860438-1497902162-1497902162,0183218035021860438-1497902162-1497902162,Organic Search,0.250000,21.195,1,84.78
0183218035021860438,0183218035021860438-1497902162-1497902162,0183218035021860438-1496186114-1496186114,Display,0.250000,21.195,0,0
1196381528907199220,1196381528907199220-1487025142-1487025142,1196381528907199220-1485294346-1485294346,Direct,0.250000,19.425,0,0
1196381528907199220,1196381528907199220-1487025142-1487025142,1196381528907199220-1487025142-1487025142,Referral,0.250000,19.425,1,77.7
1196381528907199220,1196381528907199220-1487025142-1487025142,1196381528907199220-1485356395-1485356395,Direct,0.250000,19.425,0,0
1196381528907199220,1196381528907199220-1487025142-1487025142,1196381528907199220-1486605780-1486605780,Direct,0.250000,19.425,0,0
5237766343939358794,5237766343939358794-1480879976-1480879976,5237766343939358794-1480796063-1480796063,Direct,0.250000,7.245,0,0
5237766343939358794,5237766343939358794-1480879976-1480879976,5237766343939358794-1480879521-1480879521,Direct,0.250000,7.245,0,0
5237766343939358794,5237766343939358794-1480879976-1480879976,5237766343939358794-1480787903-1480787903,Direct,0.250000,7.245,0,0
5237766343939358794,5237766343939358794-1480879976-1480879976,5237766343939358794-1480879976-1480879976,Organic Search,0.250000,7.245,1,28.98
7520548445569838487,7520548445569838487-1477318056-1477318056,7520548445569838487-1477315468-1477315468,Paid Search,0.333333,89.716666667,0,0
7520548445569838487,7520548445569838487-1477318056-1477318056,7520548445569838487-1477318056-1477318056,Paid Search,0.333333,89.716666667,1,269.15
7520548445569838487,7520548445569838487-1477318056-1477318056,7520548445569838487-1477315160-1477315160,Direct,0.333333,89.716666667,0,0
773808986747306437,773808986747306437-1489182816-1489182816,773808986747306437-1488484203-1488484203,Organic Search,0.100000,3.098,0,0
773808986747306437,773808986747306437-1489182816-1489182816,773808986747306437-1488814221-1488814221,Organic Search,0.100000,3.098,0,0
773808986747306437,773808986747306437-1489182816-1489182816,773808986747306437-1488632983-1488632983,Paid Search,0.100000,3.098,0,0
773808986747306437,773808986747306437-1489182816-1489182816,773808986747306437-1489182816-1489182816,Organic Search,0.100000,3.098,1,30.98
773808986747306437,773808986747306437-1489182816-1489182816,773808986747306437-1488741936-1488741936,Paid Search,0.100000,3.098,0,0
773808986747306437,773808986747306437-1489182816-1489182816,773808986747306437-1488640722-1488640722,Paid Search,0.100000,3.098,0,0
773808986747306437,773808986747306437-1489182816-1489182816,773808986747306437-1488574461-1488574461,Organic Search,0.100000,3.098,0,0
773808986747306437,773808986747306437-1489182816-1489182816,773808986747306437-1489175023-1489175023,Organic Search,0.100000,3.098,0,0
773808986747306437,773808986747306437-1489182816-1489182816,773808986747306437-1488632795-1488632795,Organic Search,0.100000,3.098,0,0
773808986747306437,773808986747306437-1489182816-1489182816,773808986747306437-1488823874-1488823874,Organic Search,0.100000,3.098,0,0
0357440337109667396,0357440337109667396-1487468113-1487468113,0357440337109667396-1482187541-1482187541,Direct,0.125000,5.875,0,0
0357440337109667396,0357440337109667396-1487468113-1487468113,0357440337109667396-1487468113-1487468113,Paid Search,0.125000,5.875,1,47
0357440337109667396,0357440337109667396-1487468113-1487468113,0357440337109667396-1481918994-1481918994,Direct,0.125000,5.875,0,0
0357440337109667396,0357440337109667396-1487468113-1487468113,0357440337109667396-1484154369-1484154369,Direct,0.125000,5.875,0,0
0357440337109667396,0357440337109667396-1487468113-1487468113,0357440337109667396-1480211960-1480211960,Direct,0.125000,5.875,0,0
0357440337109667396,0357440337109667396-1487468113-1487468113,0357440337109667396-1481286565-1481286565,Direct,0.125000,5.875,0,0
0357440337109667396,0357440337109667396-1487468113-1487468113,0357440337109667396-1485237814-1485237814,Paid Search,0.125000,5.875,0,0
0357440337109667396,0357440337109667396-1487468113-1487468113,0357440337109667396-1484158906-1484158906,Paid Search,0.125000,5.875,0,0
4423806705087796169,4423806705087796169-1483056852-1483056852,4423806705087796169-1482976442-1482976442,Direct,0.200000,1.596,0,0
4423806705087796169,4423806705087796169-1483056852-1483056852,4423806705087796169-1483056852-1483056852,Organic Search,0.200000,1.596,1,7.98
4423806705087796169,4423806705087796169-1483056852-1483056852,4423806705087796169-1482954661-1482954661,Direct,0.200000,1.596,0,0
4423806705087796169,4423806705087796169-1483056852-1483056852,4423806705087796169-1483044829-1483044829,Organic Search,0.200000,1.596,0,0
4423806705087796169,4423806705087796169-1483056852-1483056852,4423806705087796169-1482977738-1482977738,Organic Search,0.200000,1.596,0,0
0280589015308186459,0280589015308186459-1501529668-1501529668,0280589015308186459-1498841830-1498841830,Direct,0.333333,21.293333333,0,0
0280589015308186459,0280589015308186459-1501529668-1501529668,0280589015308186459-1499956839-1499956839,Direct,0.333333,21.293333333,0,0
0280589015308186459,0280589015308186459-1501529668-1501529668,0280589015308186459-1501529668-1501529668,Referral,0.333333,21.293333333,1,63.88
9104901150360487546,9104901150360487546-1500043639-1500043639,9104901150360487546-1500043639-1500043639,Paid Search,0.200000,22.198,1,110.99
9104901150360487546,9104901150360487546-1500043639-1500043639,9104901150360487546-1498789776-1498789776,Organic Search,0.200000,22.198,0,0
9104901150360487546,9104901150360487546-1500043639-1500043639,9104901150360487546-1498715336-1498715336,Organic Search,0.200000,22.198,0,0
9104901150360487546,9104901150360487546-1500043639-1500043639,9104901150360487546-1498619804-1498619804,Organic Search,0.200000,22.198,0,0
9104901150360487546,9104901150360487546-1500043639-1500043639,9104901150360487546-1498537678-1498537678,Organic Search,0.200000,22.198,0,0
2686617890416738717,2686617890416738717-1478546490-1478546490,2686617890416738717-1476722190-1476722190,Referral,0.250000,8.52125,0,0
2686617890416738717,2686617890416738717-1478546490-1478546490,2686617890416738717-1472665642-1472665642,Referral,0.250000,8.52125,0,0
2686617890416738717,2686617890416738717-1478546490-1478546490,2686617890416738717-1472579233-1472579233,Organic Search,0.250000,8.52125,0,0
2686617890416738717,2686617890416738717-1478546490-1478546490,2686617890416738717-1472579270-1472579270,Referral,0.250000,8.52125,0,0
2686617890416738717,2686617890416738717-1478546490-1478546490,2686617890416738717-1476811984-1476811984,Organic Search,0.250000,8.52125,0,0
2686617890416738717,2686617890416738717-1478546490-1478546490,2686617890416738717-1476105815-1476105815,Referral,0.250000,8.52125,0,0
2686617890416738717,2686617890416738717-1478546490-1478546490,2686617890416738717-1476105492-1476105492,Referral,0.250000,8.52125,0,0
2686617890416738717,2686617890416738717-1478546490-1478546490,2686617890416738717-1478546490-1478546490,Referral,0.250000,8.52125,2,68.17
2523857652235025784,2523857652235025784-1489706090-1489706090,2523857652235025784-1489706005-1489706005,Paid Search,0.333333,7.063333333,0,0
2523857652235025784,2523857652235025784-1489706090-1489706090,2523857652235025784-1482250079-1482250079,Referral,0.333333,7.063333333,0,0
2523857652235025784,2523857652235025784-1489706090-1489706090,2523857652235025784-1489706090-1489706090,Referral,0.333333,7.063333333,1,21.19
4332670999936880007,4332670999936880007-1472652183-1472652183,4332670999936880007-1471872673-1471872673,Direct,0.333333,41.216666667,0,0
4332670999936880007,4332670999936880007-1472652183-1472652183,4332670999936880007-1472053361-1472053361,Organic Search,0.333333,41.216666667,0,0
4332670999936880007,4332670999936880007-1472652183-1472652183,4332670999936880007-1472652183-1472652183,Organic Search,0.333333,41.216666667,1,123.65
3123912150867532904,3123912150867532904-1500872304-1500872304,3123912150867532904-1494361314-1494361314,Direct,0.142857,5.285714286,0,0
3123912150867532904,3123912150867532904-1500872304-1500872304,3123912150867532904-1500872304-1500872304,Organic Search,0.142857,5.285714286,1,37
3123912150867532904,3123912150867532904-1500872304-1500872304,3123912150867532904-1498577359-1498577359,Direct,0.142857,5.285714286,0,0
3123912150867532904,3123912150867532904-1500872304-1500872304,3123912150867532904-1494909212-1494909212,Direct,0.142857,5.285714286,0,0
3123912150867532904,3123912150867532904-1500872304-1500872304,3123912150867532904-1494560610-1494560610,Direct,0.142857,5.285714286,0,0
3123912150867532904,3123912150867532904-1500872304-1500872304,3123912150867532904-1500081264-1500081264,Organic Search,0.142857,5.285714286,0,0
3123912150867532904,3123912150867532904-1500872304-1500872304,3123912150867532904-1496635364-1496635364,Direct,0.142857,5.285714286,0,0
2187177207543456316,2187177207543456316-1482089993-1482089993,2187177207543456316-1482089993-1482089993,Referral,0.333333,59.916666667,1,179.75
2187177207543456316,2187177207543456316-1482089993-1482089993,2187177207543456316-1482079802-1482079802,Direct,0.333333,59.916666667,0,0
2187177207543456316,2187177207543456316-1482089993-1482089993,2187177207543456316-1482089299-1482089299,Direct,0.333333,59.916666667,0,0
850560433361022079,850560433361022079-1497382779-1497382779,850560433361022079-1497382779-1497382779,Referral,0.333333,6.33,1,18.99
850560433361022079,850560433361022079-1497382779-1497382779,850560433361022079-1496673105-1496673105,Display,0.333333,6.33,0,0
850560433361022079,850560433361022079-1497382779-1497382779,850560433361022079-1495591100-1495591100,Referral,0.333333,6.33,0,0
5174823732437422013,5174823732437422013-1481770246-1481770246,5174823732437422013-1476762123-1476762123,Referral,0.333333,11.126666667,0,0
5174823732437422013,5174823732437422013-1481770246-1481770246,5174823732437422013-1471717625-1471717625,Direct,0.333333,11.126666667,0,0
5174823732437422013,5174823732437422013-1481770246-1481770246,5174823732437422013-1481770246-1481770246,Referral,0.333333,11.126666667,1,33.38
0200858359127299953,0200858359127299953-1480642110-1480642110,0200858359127299953-1475896020-1475896020,Organic Search,0.333333,29.063333333,0,0
0200858359127299953,0200858359127299953-1480642110-1480642110,0200858359127299953-1480642110-1480642110,Referral,0.333333,29.063333333,1,87.19
0200858359127299953,0200858359127299953-1480642110-1480642110,0200858359127299953-1479346269-1479346269,Referral,0.333333,29.063333333,0,0
345388872996692187,345388872996692187-1490814151-1490814151,345388872996692187-1490631307-1490631307,Referral,0.333333,14.46,0,0
345388872996692187,345388872996692187-1490814151-1490814151,345388872996692187-1490631157-1490631157,Organic Search,0.333333,14.46,0,0
345388872996692187,345388872996692187-1490814151-1490814151,345388872996692187-1490814151-1490814151,Referral,0.333333,14.46,1,43.38
4624790961997446284,4624790961997446284-1501363092-1501363098,4624790961997446284-1501347708-1501347708,Organic Search,0.166667,3.398333333,0,0
4624790961997446284,4624790961997446284-1501363092-1501363098,4624790961997446284-1501363092-1501363098,Organic Search,0.166667,3.398333333,1,20.39
4624790961997446284,4624790961997446284-1501363092-1501363098,4624790961997446284-1495150373-1495150373,Paid Search,0.166667,3.398333333,0,0
4624790961997446284,4624790961997446284-1501363092-1501363098,4624790961997446284-1496711185-1496711191,Paid Search,0.166667,3.398333333,0,0
4624790961997446284,4624790961997446284-1501363092-1501363098,4624790961997446284-1494707570-1494707570,Paid Search,0.166667,3.398333333,0,0
4624790961997446284,4624790961997446284-1501363092-1501363098,4624790961997446284-1495148208-1495148208,Paid Search,0.166667,3.398333333,0,0
94024465151480107,94024465151480107-1486870160-1486870160,94024465151480107-1486089766-1486089766,Paid Search,0.166667,6.663333333,0,0
94024465151480107,94024465151480107-1486870160-1486870160,94024465151480107-1486831149-1486831149,Organic Search,0.166667,6.663333333,0,0
94024465151480107,94024465151480107-1486870160-1486870160,94024465151480107-1486870160-1486870160,Organic Search,0.166667,6.663333333,1,39.98
94024465151480107,94024465151480107-1486870160-1486870160,94024465151480107-1486227911-1486227911,Organic Search,0.166667,6.663333333,0,0
94024465151480107,94024465151480107-1486870160-1486870160,94024465151480107-1486241162-1486241162,Organic Search,0.166667,6.663333333,0,0
94024465151480107,94024465151480107-1486870160-1486870160,94024465151480107-1486512636-1486512636,Organic Search,0.166667,6.663333333,0,0
9890182105631590481,9890182105631590481-1493418844-1493418844,9890182105631590481-1492142708-1492142708,Direct,0.666667,23.393333333,0,0
9890182105631590481,9890182105631590481-1493418844-1493418844,9890182105631590481-1493003209-1493003209,Referral,0.666667,23.393333333,0,0
9890182105631590481,9890182105631590481-1493418844-1493418844,9890182105631590481-1493418844-1493418844,Referral,0.666667,23.393333333,2,70.18
3602581120186705822,3602581120186705822-1497967229-1497967229,3602581120186705822-1497967229-1497967229,Organic Search,0.333333,18.413333333,1,55.24
3602581120186705822,3602581120186705822-1497967229-1497967229,3602581120186705822-1497905874-1497905874,Organic Search,0.333333,18.413333333,0,0
3602581120186705822,3602581120186705822-1497967229-1497967229,3602581120186705822-1496345862-1496345862,Direct,0.333333,18.413333333,0,0
3798576854040953242,3798576854040953242-1486150295-1486150295,3798576854040953242-1484782894-1484782894,Referral,0.166667,31.328333333,0,0
3798576854040953242,3798576854040953242-1486150295-1486150295,3798576854040953242-1484790532-1484790532,Referral,0.166667,31.328333333,0,0
3798576854040953242,3798576854040953242-1486150295-1486150295,3798576854040953242-1486089541-1486089541,Organic Search,0.166667,31.328333333,0,0
3798576854040953242,3798576854040953242-1486150295-1486150295,3798576854040953242-1486150295-1486150295,Organic Search,0.166667,31.328333333,1,187.97
3798576854040953242,3798576854040953242-1486150295-1486150295,3798576854040953242-1484785936-1484785936,Referral,0.166667,31.328333333,0,0
3798576854040953242,3798576854040953242-1486150295-1486150295,3798576854040953242-1485190264-1485190264,Organic Search,0.166667,31.328333333,0,0
3831723766212483216,3831723766212483216-1486163738-1486163738,3831723766212483216-1484871984-1484871984,Organic Search,0.333333,21.996666667,0,0
3831723766212483216,3831723766212483216-1486163738-1486163738,3831723766212483216-1486163482-1486163482,Organic Search,0.333333,21.996666667,0,0
3831723766212483216,3831723766212483216-1486163738-1486163738,3831723766212483216-1486163738-1486163738,Referral,0.333333,21.996666667,1,65.99
294715325435275737,294715325435275737-1480522256-1480522256,294715325435275737-1473275770-1473275770,Organic Search,0.250000,94.9625,0,0
294715325435275737,294715325435275737-1480522256-1480522256,294715325435275737-1477492351-1477492351,Direct,0.250000,94.9625,0,0
294715325435275737,294715325435275737-1480522256-1480522256,294715325435275737-1480522256-1480522256,Direct,0.250000,94.9625,1,379.85
294715325435275737,294715325435275737-1480522256-1480522256,294715325435275737-1477355276-1477355276,Organic Search,0.250000,94.9625,0,0
1177326592591599469,1177326592591599469-1474244480-1474244480,1177326592591599469-1472853884-1472853884,Organic Search,0.125000,6.87125,0,0
1177326592591599469,1177326592591599469-1474244480-1474244480,1177326592591599469-1474244480-1474244480,Referral,0.125000,6.87125,1,54.97
1177326592591599469,1177326592591599469-1474244480-1474244480,1177326592591599469-1474240910-1474240910,Referral,0.125000,6.87125,0,0
1177326592591599469,1177326592591599469-1474244480-1474244480,1177326592591599469-1473560788-1473560788,Referral,0.125000,6.87125,0,0
1177326592591599469,1177326592591599469-1474244480-1474244480,1177326592591599469-1473896718-1473896718,Referral,0.125000,6.87125,0,0
1177326592591599469,1177326592591599469-1474244480-1474244480,1177326592591599469-1474117686-1474117686,Referral,0.125000,6.87125,0,0
1177326592591599469,1177326592591599469-1474244480-1474244480,1177326592591599469-1470265903-1470265903,Organic Search,0.125000,6.87125,0,0
1177326592591599469,1177326592591599469-1474244480-1474244480,1177326592591599469-1472854678-1472854678,Referral,0.125000,6.87125,0,0
1144912080450618887,1144912080450618887-1470954680-1470954680,1144912080450618887-1470169596-1470169596,Direct,0.333333,399.183333333,0,0
1144912080450618887,1144912080450618887-1470954680-1470954680,1144912080450618887-1470264948-1470264948,Referral,0.333333,399.183333333,0,0
1144912080450618887,1144912080450618887-1470954680-1470954680,1144912080450618887-1470954680-1470954680,Referral,0.333333,399.183333333,1,1197.55
214415686397071336,214415686397071336-1495755875-1495755875,214415686397071336-1495755875-1495755875,Referral,0.333333,13.403333333,1,40.21
214415686397071336,214415686397071336-1495755875-1495755875,214415686397071336-1494016760-1494016760,Direct,0.333333,13.403333333,0,0
214415686397071336,214415686397071336-1495755875-1495755875,214415686397071336-1494014299-1494014299,Direct,0.333333,13.403333333,0,0
341126939247417424,341126939247417424-1497893440-1497893440,341126939247417424-1494544396-1494544396,Referral,0.250000,8.4925,0,0
341126939247417424,341126939247417424-1497893440-1497893440,341126939247417424-1496946210-1496946210,Referral,0.250000,8.4925,0,0
341126939247417424,341126939247417424-1497893440-1497893440,341126939247417424-1493924275-1493924275,Direct,0.250000,8.4925,0,0
341126939247417424,341126939247417424-1497893440-1497893440,341126939247417424-1497893440-1497893440,Referral,0.250000,8.4925,1,33.97
36617629525523089,36617629525523089-1480894612-1480894612,36617629525523089-1480894612-1480894612,Referral,0.333333,9.83,1,29.49
36617629525523089,36617629525523089-1480894612-1480894612,36617629525523089-1480893943-1480893943,Organic Search,0.333333,9.83,0,0
36617629525523089,36617629525523089-1480894612-1480894612,36617629525523089-1480894356-1480894356,Referral,0.333333,9.83,0,0
8733093827821835870,8733093827821835870-1474110388-1474110388,8733093827821835870-1473892583-1473892583,Organic Search,0.250000,1.9975,0,0
8733093827821835870,8733093827821835870-1474110388-1474110388,8733093827821835870-1473814222-1473814222,Organic Search,0.250000,1.9975,0,0
8733093827821835870,8733093827821835870-1474110388-1474110388,8733093827821835870-1473731809-1473731809,Paid Search,0.250000,1.9975,0,0
8733093827821835870,8733093827821835870-1474110388-1474110388,8733093827821835870-1474110388-1474110388,Organic Search,0.250000,1.9975,1,7.99
1401438949602297317,1401438949602297317-1497726713-1497726713,1401438949602297317-1497726199-1497726199,Organic Search,0.333333,24.316666667,0,0
1401438949602297317,1401438949602297317-1497726713-1497726713,1401438949602297317-1497726713-1497726713,Referral,0.333333,24.316666667,1,72.95
1401438949602297317,1401438949602297317-1497726713-1497726713,1401438949602297317-1497658438-1497658438,Organic Search,0.333333,24.316666667,0,0
7043818383887881308,7043818383887881308-1492034035-1492034035,7043818383887881308-1492022359-1492022359,Direct,0.333333,2.993333333,0,0
7043818383887881308,7043818383887881308-1492034035-1492034035,7043818383887881308-1492034035-1492034035,Organic Search,0.333333,2.993333333,1,8.98
7043818383887881308,7043818383887881308-1492034035-1492034035,7043818383887881308-1492029128-1492029128,Organic Search,0.333333,2.993333333,0,0
0047509547902079820,0047509547902079820-1485544215-1485544215,0047509547902079820-1485544215-1485544215,Referral,0.333333,9.853333333,1,29.56
0047509547902079820,0047509547902079820-1485544215-1485544215,0047509547902079820-1481143305-1481143305,Direct,0.333333,9.853333333,0,0
0047509547902079820,0047509547902079820-1485544215-1485544215,0047509547902079820-1481310471-1481310471,Direct,0.333333,9.853333333,0,0
024507252193437459,024507252193437459-1501595478-1501595478,024507252193437459-1501595478-1501595478,Referral,0.333333,5.986666667,1,17.96
024507252193437459,024507252193437459-1501595478-1501595478,024507252193437459-1501594747-1501594747,Direct,0.333333,5.986666667,0,0
024507252193437459,024507252193437459-1501595478-1501595478,024507252193437459-1501250419-1501250419,Direct,0.333333,5.986666667,0,0
3243512505311500350,3243512505311500350-1483546378-1483546378,3243512505311500350-1483515727-1483516827,Paid Search,0.200000,17.396,0,0
3243512505311500350,3243512505311500350-1483546378-1483546378,3243512505311500350-1483515727-1483515727,Paid Search,0.200000,17.396,0,0
3243512505311500350,3243512505311500350-1483546378-1483546378,3243512505311500350-1483543154-1483543154,Organic Search,0.200000,17.396,0,0
3243512505311500350,3243512505311500350-1483546378-1483546378,3243512505311500350-1483515177-1483515177,Paid Search,0.200000,17.396,0,0
3243512505311500350,3243512505311500350-1483546378-1483546378,3243512505311500350-1483546378-1483546378,Organic Search,0.200000,17.396,1,86.98
41938820295489339,41938820295489339-1494440337-1494440337,41938820295489339-1492729533-1492729533,Paid Search,0.142857,35.565714286,0,0
41938820295489339,41938820295489339-1494440337-1494440337,41938820295489339-1494440337-1494440337,Organic Search,0.142857,35.565714286,1,248.96
41938820295489339,41938820295489339-1494440337-1494440337,41938820295489339-1493123981-1493123981,Paid Search,0.142857,35.565714286,0,0
41938820295489339,41938820295489339-1494440337-1494440337,41938820295489339-1494423370-1494423370,Organic Search,0.142857,35.565714286,0,0
41938820295489339,41938820295489339-1494440337-1494440337,41938820295489339-1486739049-1486739049,Organic Search,0.142857,35.565714286,0,0
41938820295489339,41938820295489339-1494440337-1494440337,41938820295489339-1493391179-1493391179,Paid Search,0.142857,35.565714286,0,0
41938820295489339,41938820295489339-1494440337-1494440337,41938820295489339-1492719196-1492719196,Paid Search,0.142857,35.565714286,0,0
3891255667600812168,3891255667600812168-1490910426-1490910426,3891255667600812168-1490910426-1490910426,Organic Search,0.333333,25.23,1,75.69
3891255667600812168,3891255667600812168-1490910426-1490910426,3891255667600812168-1488567557-1488567557,Display,0.333333,25.23,0,0
3891255667600812168,3891255667600812168-1490910426-1490910426,3891255667600812168-1490115035-1490115035,Display,0.333333,25.23,0,0
1037900960653835938,1037900960653835938-1476737633-1476737633,1037900960653835938-1476306393-1476306393,Display,0.333333,30.663333333,0,0
1037900960653835938,1037900960653835938-1476737633-1476737633,1037900960653835938-1476737633-1476737633,Referral,0.333333,30.663333333,1,91.99
1037900960653835938,1037900960653835938-1476737633-1476737633,1037900960653835938-1476659482-1476659482,Referral,0.333333,30.663333333,0,0
6145717965471437632,6145717965471437632-1479361097-1479361097,6145717965471437632-1477503521-1477503521,Organic Search,0.333333,17.656666667,0,0
6145717965471437632,6145717965471437632-1479361097-1479361097,6145717965471437632-1477694822-1477694822,Referral,0.333333,17.656666667,0,0
6145717965471437632,6145717965471437632-1479361097-1479361097,6145717965471437632-1479361097-1479361097,Organic Search,0.333333,17.656666667,1,52.97
